"simulation","year","age","value"
1,1964,3,0.63041368210633
1,1965,3,0.63041368210633
1,1966,3,0.695776434839876
1,1967,3,0.772834403831933
1,1968,3,0.730993841421937
1,1969,3,0.694803191120267
1,1970,3,0.753537650348442
1,1971,3,0.837477570409804
1,1972,3,0.819697391220251
1,1973,3,0.81178871948137
1,1974,3,0.902983043339264
1,1975,3,1.02877370298666
1,1976,3,1.1768791547475
1,1977,3,0.8872003130737
1,1978,3,0.680450134389677
1,1979,3,0.581062338248028
1,1980,3,0.308209938748912
1,1981,3,0.229231137894173
1,1982,3,0.20036637356889
1,1983,3,0.219173499496586
1,1984,3,0.227158765876516
1,1985,3,0.240084242646531
1,1986,3,0.221716785462073
1,1987,3,0.250461399120451
1,1988,3,0.265043087851062
1,1989,3,0.199478415350987
1,1990,3,0.145970070784253
1,1991,3,0.116787937322869
1,1992,3,0.140074772326534
1,1993,3,0.143235134127639
1,1994,3,0.0686890376844405
1,1995,3,0.0636749184798225
1,1996,3,0.0568308280615267
1,1997,3,0.0796174190588028
1,1998,3,0.0993436500358313
1,1999,3,0.21965487946189
1,2000,3,0.151197456727636
1,2001,3,0.113869390491115
1,2002,3,0.119767428004585
1,2003,3,0.177251469405793
1,2004,3,0.111915440038404
1,2005,3,0.0960032699786851
1,2006,3,0.171916214945896
1,2007,3,0.18977713909995
1,2008,3,0.0954687586012637
1,2009,3,0.0910637832561413
1,2010,3,0.0676261347920099
1,2011,3,0.0424878442334991
1,2012,3,0.0598786003614934
1,2013,3,0.0690506768171618
1,2014,3,0.0772667270564023
1,2015,3,0.193224595270712
1,2016,3,0.0486419377990494
1,2017,3,0.0364037379447125
1,2018,3,0.034501373161545
1,2019,3,0.0572962512374652
1,2020,3,0.150314158274263
1,2021,3,0.284032271677277
1,2022,3,0.277071075962267
1,2023,3,0.251536074069852
1,2024,3,0.247104376655915
1,1964,4,1.7143501311829
1,1965,4,1.7143501311829
1,1966,4,1.82869253536705
1,1967,4,2.01830045885356
1,1968,4,1.98259907544296
1,1969,4,1.71838704872928
1,1970,4,1.3135913791145
1,1971,4,1.03929662949026
1,1972,4,1.12774872032224
1,1973,4,1.16404696137275
1,1974,4,1.11420208253172
1,1975,4,1.10234207492258
1,1976,4,0.904157103277829
1,1977,4,0.825073079779634
1,1978,4,0.736466993923379
1,1979,4,0.645268398324863
1,1980,4,0.541479523915121
1,1981,4,0.532540252470288
1,1982,4,0.467586486985477
1,1983,4,0.620262793247482
1,1984,4,0.602393301907215
1,1985,4,0.568386029162469
1,1986,4,0.554827959362609
1,1987,4,0.612783010267633
1,1988,4,0.708113480475522
1,1989,4,0.684071303125407
1,1990,4,0.57281878255045
1,1991,4,0.430485490920085
1,1992,4,0.286940874977375
1,1993,4,0.588909318397483
1,1994,4,0.380312572093807
1,1995,4,0.198885081351757
1,1996,4,0.0934166517180568
1,1997,4,0.16830556628398
1,1998,4,0.257635623193691
1,1999,4,0.361610772234676
1,2000,4,0.478110896233936
1,2001,4,0.395486944243335
1,2002,4,0.323489725944818
1,2003,4,0.397114242463265
1,2004,4,0.781648043323121
1,2005,4,0.512741294882408
1,2006,4,0.514065054076124
1,2007,4,0.46729044353557
1,2008,4,0.390662970987893
1,2009,4,0.402219819967134
1,2010,4,0.568389400176848
1,2011,4,0.196087545848617
1,2012,4,0.351451080976002
1,2013,4,0.338311401056791
1,2014,4,0.295205723190057
1,2015,4,0.365374285651333
1,2016,4,0.872420292256711
1,2017,4,0.281784809135463
1,2018,4,0.175273154340611
1,2019,4,0.185393103782417
1,2020,4,0.272445276628255
1,2021,4,0.342267275075201
1,2022,4,0.566915969110179
1,2023,4,0.619742262232008
1,2024,4,0.645080906885349
1,1964,5,2.86588167363435
1,1965,5,2.86588167363435
1,1966,5,2.82908990018347
1,1967,5,2.37285058649961
1,1968,5,1.88238508893721
1,1969,5,1.69597586025656
1,1970,5,1.50077760945001
1,1971,5,1.49557542309302
1,1972,5,1.55153721047851
1,1973,5,1.5386087941888
1,1974,5,1.31661058586117
1,1975,5,1.22267360386029
1,1976,5,1.15763688654438
1,1977,5,1.20069680480815
1,1978,5,0.965105270020972
1,1979,5,1.05211312109994
1,1980,5,1.41439988133575
1,1981,5,1.36051784725968
1,1982,5,1.30129711964307
1,1983,5,1.12054507828012
1,1984,5,1.04061462954395
1,1985,5,0.808087737855211
1,1986,5,0.840795211911336
1,1987,5,0.737665931055398
1,1988,5,0.687209990194541
1,1989,5,0.674892924037522
1,1990,5,0.765715525486563
1,1991,5,0.619786292417827
1,1992,5,0.692656290054309
1,1993,5,0.594789443756615
1,1994,5,1.4547167676568
1,1995,5,0.743396449126887
1,1996,5,0.574148350876229
1,1997,5,0.444589324666633
1,1998,5,0.662952367303532
1,1999,5,0.579699200846624
1,2000,5,0.838941879808143
1,2001,5,1.09205208809896
1,2002,5,0.923083539580945
1,2003,5,0.872728177872414
1,2004,5,0.916174078164291
1,2005,5,1.22421113612038
1,2006,5,1.0614702552597
1,2007,5,0.929866525168097
1,2008,5,0.795953584793933
1,2009,5,1.01806988646544
1,2010,5,0.812785843557274
1,2011,5,1.00276194283039
1,2012,5,0.537832393151908
1,2013,5,0.661863802099593
1,2014,5,0.619399258697204
1,2015,5,0.541267925162301
1,2016,5,0.630139419609539
1,2017,5,1.03789073949765
1,2018,5,1.19118659317145
1,2019,5,0.335431272024553
1,2020,5,0.556334500837125
1,2021,5,0.55750970462959
1,2022,5,0.783867766480251
1,2023,5,1.12843155884583
1,2024,5,1.30219125038367
1,1964,6,1.03815276708855
1,1965,6,1.03815276708855
1,1966,6,1.00384972887218
1,1967,6,0.990507670744343
1,1968,6,1.00330776088575
1,1969,6,1.0223213459791
1,1970,6,1.06393069628407
1,1971,6,1.0621175607783
1,1972,6,1.13163599753209
1,1973,6,1.19076894868878
1,1974,6,1.12146773561526
1,1975,6,1.02432815880029
1,1976,6,0.979638928295147
1,1977,6,1.06348192438762
1,1978,6,1.13220361072614
1,1979,6,1.27140289851445
1,1980,6,1.25267570307542
1,1981,6,1.3592531486067
1,1982,6,1.24035254267882
1,1983,6,1.02537828312219
1,1984,6,1.15243577983306
1,1985,6,1.1708402116335
1,1986,6,1.1935980910794
1,1987,6,1.20841947116246
1,1988,6,1.42768757227358
1,1989,6,1.82298317491232
1,1990,6,1.31645790620155
1,1991,6,0.833109408531752
1,1992,6,1.02939516920715
1,1993,6,1.26908385905644
1,1994,6,1.25751464174468
1,1995,6,1.5667351963327
1,1996,6,1.03733957439742
1,1997,6,1.07004964194361
1,1998,6,1.23151235069502
1,1999,6,1.18288533984645
1,2000,6,1.2748518485831
1,2001,6,1.55914818935442
1,2002,6,1.67057566846052
1,2003,6,1.62695323055052
1,2004,6,1.65133950698863
1,2005,6,1.82947023925061
1,2006,6,1.69632905610555
1,2007,6,1.57669370504809
1,2008,6,1.46316487435227
1,2009,6,1.61858038200731
1,2010,6,1.30367948871751
1,2011,6,1.43326434778249
1,2012,6,1.28897651938142
1,2013,6,0.800627820214248
1,2014,6,1.02184353858402
1,2015,6,0.905084167122524
1,2016,6,0.945859987926591
1,2017,6,1.02468083110267
1,2018,6,1.2891289908694
1,2019,6,1.87463662864914
1,2020,6,1.29936492296304
1,2021,6,1.1415103295837
1,2022,6,1.36273498027384
1,2023,6,1.18188135388924
1,2024,6,1.05417078310332
1,1964,7,1.04257560908033
1,1965,7,1.04257560908033
1,1966,7,0.98360141007869
1,1967,7,0.988481293880035
1,1968,7,1.01943317105617
1,1969,7,1.05306850587334
1,1970,7,1.11925715804249
1,1971,7,1.09572400846304
1,1972,7,1.11000436073748
1,1973,7,1.18103098101821
1,1974,7,1.14138016323706
1,1975,7,1.09168858368078
1,1976,7,1.0518052290341
1,1977,7,1.10454463375647
1,1978,7,1.2879970640195
1,1979,7,1.31314816659276
1,1980,7,1.34946374585852
1,1981,7,1.22758971109334
1,1982,7,1.24388338419831
1,1983,7,1.18988437124192
1,1984,7,1.09260374037141
1,1985,7,1.11742144169506
1,1986,7,1.29443600783982
1,1987,7,1.00591499013797
1,1988,7,1.25233198135946
1,1989,7,1.41791699483335
1,1990,7,1.52159385214437
1,1991,7,1.47863928239453
1,1992,7,1.28439077462488
1,1993,7,1.55468139873169
1,1994,7,1.32079678621172
1,1995,7,1.3546273939956
1,1996,7,1.67046189074878
1,1997,7,1.59409756672595
1,1998,7,1.36192161556625
1,1999,7,1.41683162825132
1,2000,7,1.77401820241158
1,2001,7,1.68744683379678
1,2002,7,1.60984488776726
1,2003,7,1.65894557713431
1,2004,7,1.61171110999905
1,2005,7,1.71899402337938
1,2006,7,1.55245241958966
1,2007,7,1.54478057017075
1,2008,7,1.46685920114233
1,2009,7,1.49518247417608
1,2010,7,1.54412909511114
1,2011,7,1.45883833009324
1,2012,7,1.28231582266403
1,2013,7,1.21140473258025
1,2014,7,1.19901696877158
1,2015,7,1.11468252003095
1,2016,7,0.848098769385422
1,2017,7,1.10940393743563
1,2018,7,1.22057360931932
1,2019,7,2.14100155971544
1,2020,7,1.8300523245086
1,2021,7,1.70545738719732
1,2022,7,1.41983083955049
1,2023,7,1.29525161089557
1,2024,7,1.13249477544564
1,1964,8,0.974049877601227
1,1965,8,0.974049877601227
1,1966,8,0.958027513573675
1,1967,8,1.01225439632944
1,1968,8,1.0378490923845
1,1969,8,1.06628721535511
1,1970,8,1.10949975328839
1,1971,8,1.12291099041856
1,1972,8,1.12703852125247
1,1973,8,1.17020374850749
1,1974,8,1.15790800098309
1,1975,8,1.1449380681161
1,1976,8,1.15501373005467
1,1977,8,1.20820383401911
1,1978,8,1.43861759755685
1,1979,8,1.37375648948654
1,1980,8,1.41223089548216
1,1981,8,1.31570208218138
1,1982,8,1.31155608308321
1,1983,8,1.31548682470569
1,1984,8,1.21868759992394
1,1985,8,1.27029030921614
1,1986,8,1.22293006357797
1,1987,8,1.25317438282347
1,1988,8,1.11964220694837
1,1989,8,1.07150236983247
1,1990,8,1.11926787809485
1,1991,8,1.11202714701997
1,1992,8,1.22074714803529
1,1993,8,1.38567815609606
1,1994,8,1.42264582993881
1,1995,8,1.65230425110721
1,1996,8,2.27775448775482
1,1997,8,1.48242450085838
1,1998,8,1.6153946757679
1,1999,8,1.51615793352992
1,2000,8,2.04983941454137
1,2001,8,1.82569877253455
1,2002,8,1.65430490392764
1,2003,8,1.78511379696368
1,2004,8,1.84169754765558
1,2005,8,1.73857007324785
1,2006,8,1.62710653114488
1,2007,8,1.40034066700529
1,2008,8,1.42936761779884
1,2009,8,1.36802582010918
1,2010,8,1.61026011897619
1,2011,8,1.57844647032524
1,2012,8,1.60677917840157
1,2013,8,1.67844650603172
1,2014,8,1.37554749982916
1,2015,8,1.39579753883822
1,2016,8,1.30754999251274
1,2017,8,1.10741262888399
1,2018,8,1.48329006858569
1,2019,8,2.26412210066537
1,2020,8,1.80602307394923
1,2021,8,2.22144249008206
1,2022,8,2.03366821157927
1,2023,8,1.58202971666323
1,2024,8,1.26212146030247
2,1964,3,0.472056576921747
2,1965,3,0.472056576921747
2,1966,3,0.438668487390229
2,1967,3,0.539855035743802
2,1968,3,0.490252273303328
2,1969,3,0.581754890873367
2,1970,3,0.609989641702235
2,1971,3,0.852094602581937
2,1972,3,0.960739499281919
2,1973,3,0.812713701280955
2,1974,3,0.847336395618609
2,1975,3,1.06670351657298
2,1976,3,0.924949586707408
2,1977,3,0.658977561338258
2,1978,3,0.44245241976087
2,1979,3,0.497779437981864
2,1980,3,0.459792111094834
2,1981,3,0.262664977631311
2,1982,3,0.20090517800114
2,1983,3,0.19562357367451
2,1984,3,0.213758391451714
2,1985,3,0.209367640987373
2,1986,3,0.221085570705344
2,1987,3,0.247545369943539
2,1988,3,0.302642366889103
2,1989,3,0.261656096483736
2,1990,3,0.16667692480556
2,1991,3,0.120855432678796
2,1992,3,0.14241152493149
2,1993,3,0.137058429335022
2,1994,3,0.0807897494110602
2,1995,3,0.0580778091895098
2,1996,3,0.0776320300337977
2,1997,3,0.0882577395150765
2,1998,3,0.124443125653467
2,1999,3,0.247898480861689
2,2000,3,0.157325620079744
2,2001,3,0.113174463888647
2,2002,3,0.100255936837353
2,2003,3,0.199515252695211
2,2004,3,0.103444295812694
2,2005,3,0.117807396985058
2,2006,3,0.176917860014667
2,2007,3,0.164696980743318
2,2008,3,0.0962288724750864
2,2009,3,0.0957070321386653
2,2010,3,0.0543973025588316
2,2011,3,0.0594320106263236
2,2012,3,0.0598267261901296
2,2013,3,0.0680735917040172
2,2014,3,0.0820441696549326
2,2015,3,0.188862778588697
2,2016,3,0.0568184713843477
2,2017,3,0.0436627569164884
2,2018,3,0.041545448294222
2,2019,3,0.035041351488375
2,2020,3,0.115096679998946
2,2021,3,0.268322968748631
2,2022,3,0.219752925944784
2,2023,3,0.160922521783577
2,2024,3,0.150437814501496
2,1964,4,2.32062484547414
2,1965,4,2.32062484547414
2,1966,4,2.17647881949845
2,1967,4,1.90523612277905
2,1968,4,1.51380429944927
2,1969,4,1.05291626621357
2,1970,4,0.836515106056355
2,1971,4,0.818082858898407
2,1972,4,0.908804058895697
2,1973,4,0.951588857204307
2,1974,4,0.743297487750988
2,1975,4,0.746180832243046
2,1976,4,0.908469588036758
2,1977,4,0.915737421038687
2,1978,4,0.708930740941149
2,1979,4,0.712755374457327
2,1980,4,0.65083548306114
2,1981,4,0.633552505407392
2,1982,4,0.702803384747941
2,1983,4,0.488232227475471
2,1984,4,0.407787972881482
2,1985,4,0.362142893868092
2,1986,4,0.558141849998173
2,1987,4,0.463581453754164
2,1988,4,0.456175133013155
2,1989,4,0.570812794123699
2,1990,4,0.45749662373617
2,1991,4,0.275255183380594
2,1992,4,0.357223335962509
2,1993,4,0.602593895111733
2,1994,4,0.410456950311268
2,1995,4,0.217186495336909
2,1996,4,0.114236718727273
2,1997,4,0.216613081787483
2,1998,4,0.267952137105097
2,1999,4,0.350129390969715
2,2000,4,0.428560267829603
2,2001,4,0.347538795250938
2,2002,4,0.366703843859005
2,2003,4,0.475431313956962
2,2004,4,0.704434372833807
2,2005,4,0.533917587571759
2,2006,4,0.536377520942277
2,2007,4,0.511931672871208
2,2008,4,0.436793174942256
2,2009,4,0.429979019659019
2,2010,4,0.535040756466888
2,2011,4,0.21604019246877
2,2012,4,0.325015944142597
2,2013,4,0.3301406985581
2,2014,4,0.325932723578477
2,2015,4,0.32126457201669
2,2016,4,1.05293413197256
2,2017,4,0.36112445870388
2,2018,4,0.211751630413045
2,2019,4,0.10956909429957
2,2020,4,0.214566727544024
2,2021,4,0.242342740737396
2,2022,4,0.46768114450094
2,2023,4,0.720904678158349
2,2024,4,0.634948909804853
2,1964,5,2.34800768663778
2,1965,5,2.34800768663778
2,1966,5,2.18647246578801
2,1967,5,1.73452718275457
2,1968,5,1.4945867956085
2,1969,5,1.14069075386236
2,1970,5,0.990679560049302
2,1971,5,0.996637197611914
2,1972,5,1.07172644877611
2,1973,5,1.12499571558697
2,1974,5,0.9302956190756
2,1975,5,0.89341164375328
2,1976,5,0.858003611205477
2,1977,5,0.986016175017589
2,1978,5,0.931156401733897
2,1979,5,0.904566285138183
2,1980,5,1.01354528211691
2,1981,5,1.28592458182683
2,1982,5,1.20005444758565
2,1983,5,1.06525191790037
2,1984,5,1.16114509017459
2,1985,5,1.26957049572454
2,1986,5,1.35064054235559
2,1987,5,1.15320092342348
2,1988,5,1.31142653582864
2,1989,5,0.845505814624178
2,1990,5,1.2154033147666
2,1991,5,0.868092586531325
2,1992,5,0.581090287075743
2,1993,5,0.465703448010956
2,1994,5,1.24860744179121
2,1995,5,0.773295065997097
2,1996,5,0.374063159773728
2,1997,5,0.379330770753413
2,1998,5,0.474179006268434
2,1999,5,0.636613553906032
2,2000,5,0.877799145549751
2,2001,5,1.1193351320461
2,2002,5,0.939591287529609
2,2003,5,0.991700690155771
2,2004,5,1.0923979060147
2,2005,5,1.66259143528332
2,2006,5,1.21012765270903
2,2007,5,1.02975156401172
2,2008,5,0.884504102829886
2,2009,5,1.01371547219623
2,2010,5,0.719808529265863
2,2011,5,1.04318796103435
2,2012,5,0.473956825239512
2,2013,5,0.692126459380387
2,2014,5,0.668291743426709
2,2015,5,0.55777038222072
2,2016,5,0.679785906392375
2,2017,5,1.32268247897294
2,2018,5,1.41510260148844
2,2019,5,0.411578095509323
2,2020,5,0.517827337320115
2,2021,5,0.488442868110486
2,2022,5,0.804833832176367
2,2023,5,1.0922257026495
2,2024,5,1.03473812720276
2,1964,6,1.10673397491002
2,1965,6,1.10673397491002
2,1966,6,1.07233582530256
2,1967,6,1.09484081975572
2,1968,6,1.11907415532201
2,1969,6,1.20564719557324
2,1970,6,1.13908986049453
2,1971,6,1.17517770887935
2,1972,6,1.27065131406905
2,1973,6,1.24561459255455
2,1974,6,1.19599228983621
2,1975,6,1.29581671543967
2,1976,6,1.18287126580321
2,1977,6,1.19203170367962
2,1978,6,1.43319244853634
2,1979,6,1.43647467657623
2,1980,6,1.34863971026419
2,1981,6,1.34437198638418
2,1982,6,1.42027249219125
2,1983,6,1.59167224619896
2,1984,6,1.3316896196667
2,1985,6,1.17177995228474
2,1986,6,1.06750226412914
2,1987,6,1.29762432986306
2,1988,6,1.26646983212596
2,1989,6,1.29928052141654
2,1990,6,1.16562098140042
2,1991,6,1.12371021445501
2,1992,6,1.08606127214981
2,1993,6,1.24452535305445
2,1994,6,1.03373077607186
2,1995,6,1.58210029237782
2,1996,6,1.16740869078576
2,1997,6,0.843484014514038
2,1998,6,1.05405132445266
2,1999,6,0.877334463677408
2,2000,6,1.25595944589913
2,2001,6,1.68247706685192
2,2002,6,1.97687381145072
2,2003,6,1.54975579017571
2,2004,6,1.50881674145212
2,2005,6,1.61315335209861
2,2006,6,1.65906028038626
2,2007,6,1.63184295712293
2,2008,6,1.4110633889811
2,2009,6,1.32833412207499
2,2010,6,1.12589586881978
2,2011,6,1.35469686786685
2,2012,6,1.25466241349916
2,2013,6,0.711671048897952
2,2014,6,1.08471146355309
2,2015,6,0.953453979008327
2,2016,6,0.916142295523417
2,2017,6,1.25975935237623
2,2018,6,1.58642696150202
2,2019,6,1.73738758999318
2,2020,6,1.42635294963078
2,2021,6,1.12768061680819
2,2022,6,1.04503722856707
2,2023,6,1.08260890302228
2,2024,6,1.06473560220752
2,1964,7,1.03097989770491
2,1965,7,1.03097989770491
2,1966,7,1.05269499290312
2,1967,7,1.09223580068538
2,1968,7,1.12754667417284
2,1969,7,1.17942015168
2,1970,7,1.19893673971041
2,1971,7,1.25433589943118
2,1972,7,1.26209770716275
2,1973,7,1.28569136067982
2,1974,7,1.22948377054199
2,1975,7,1.21267184917776
2,1976,7,1.22333930028685
2,1977,7,1.24453323293575
2,1978,7,1.4220014069188
2,1979,7,1.3965879804861
2,1980,7,1.42062767326237
2,1981,7,1.31095881765917
2,1982,7,1.30790484692428
2,1983,7,1.29666433823245
2,1984,7,1.31259327467961
2,1985,7,1.30771306242978
2,1986,7,1.00692175584405
2,1987,7,1.13408932601728
2,1988,7,1.2314281996881
2,1989,7,1.42806563800802
2,1990,7,1.3228732898356
2,1991,7,1.35084451253594
2,1992,7,1.43344141821386
2,1993,7,1.15219583818518
2,1994,7,1.3550928203405
2,1995,7,1.55523048330667
2,1996,7,1.87565668562787
2,1997,7,1.44408821425028
2,1998,7,1.08699065006428
2,1999,7,1.26355087403142
2,2000,7,1.61917809659334
2,2001,7,1.8299783755292
2,2002,7,1.80298781608926
2,2003,7,2.05679372509046
2,2004,7,1.74784349776999
2,2005,7,1.44783611688202
2,2006,7,1.40392205444761
2,2007,7,1.47416271381321
2,2008,7,1.56409175046515
2,2009,7,1.32593994519161
2,2010,7,1.41936516945223
2,2011,7,1.26606212401579
2,2012,7,1.47569118481843
2,2013,7,1.00785697906523
2,2014,7,1.36856529408492
2,2015,7,1.21346861318852
2,2016,7,1.06981455502485
2,2017,7,1.41222591518427
2,2018,7,1.2918378733474
2,2019,7,2.1165225113614
2,2020,7,1.60614756664144
2,2021,7,1.39678507120325
2,2022,7,1.50106379698421
2,2023,7,1.25163704330666
2,2024,7,1.11416497961337
2,1964,8,1.00138870974217
2,1965,8,1.00138870974217
2,1966,8,1.05839684870859
2,1967,8,1.0937971292176
2,1968,8,1.14279420143025
2,1969,8,1.20458918013533
2,1970,8,1.26688452358943
2,1971,8,1.24521402328759
2,1972,8,1.23302183700919
2,1973,8,1.24405085787879
2,1974,8,1.22953503801297
2,1975,8,1.19107434702763
2,1976,8,1.21663940799676
2,1977,8,1.29157297722177
2,1978,8,1.39641125703019
2,1979,8,1.37964836274245
2,1980,8,1.34992455454464
2,1981,8,1.29991158309472
2,1982,8,1.24749126553561
2,1983,8,1.24377426676517
2,1984,8,1.22703862674504
2,1985,8,1.22964092541606
2,1986,8,1.06490533068934
2,1987,8,1.12559658491364
2,1988,8,1.12081866097928
2,1989,8,1.22858387530119
2,1990,8,1.36449282165129
2,1991,8,1.40181667774508
2,1992,8,1.33914458379349
2,1993,8,1.45159697979358
2,1994,8,1.34719966349948
2,1995,8,1.41585071260051
2,1996,8,1.50353428675134
2,1997,8,1.29456664993777
2,1998,8,1.23846623845575
2,1999,8,1.36718685377843
2,2000,8,1.79556446469534
2,2001,8,1.89124586345534
2,2002,8,2.21893880001212
2,2003,8,2.07019643179011
2,2004,8,2.07799567840149
2,2005,8,1.56455153046782
2,2006,8,1.76204208546609
2,2007,8,1.45862840871434
2,2008,8,1.39480874716426
2,2009,8,1.11014820815806
2,2010,8,1.54976040352769
2,2011,8,1.24932813426624
2,2012,8,1.60962926085758
2,2013,8,1.54419096239654
2,2014,8,1.27779200788596
2,2015,8,1.41325755564128
2,2016,8,1.25700744561563
2,2017,8,1.34710984148664
2,2018,8,1.4472152069857
2,2019,8,1.73843058907772
2,2020,8,1.4531608332745
2,2021,8,1.91331156482755
2,2022,8,1.65136072637024
2,2023,8,1.49472744410061
2,2024,8,1.20352116943547
3,1964,3,0.512553683962693
3,1965,3,0.512553683962693
3,1966,3,0.433429239477712
3,1967,3,0.409999701092614
3,1968,3,0.421166545892387
3,1969,3,0.464604947993635
3,1970,3,0.591627181283535
3,1971,3,0.697299978990976
3,1972,3,0.721945168488412
3,1973,3,0.701079408026935
3,1974,3,0.812578281447577
3,1975,3,0.736675313654596
3,1976,3,0.724294963303334
3,1977,3,0.673399761176335
3,1978,3,0.673346798331651
3,1979,3,0.669616200635266
3,1980,3,0.414204492525936
3,1981,3,0.28488044694897
3,1982,3,0.184496097649817
3,1983,3,0.157962628031749
3,1984,3,0.176487669482037
3,1985,3,0.228596978354626
3,1986,3,0.281511572087173
3,1987,3,0.379793707200477
3,1988,3,0.376643218409836
3,1989,3,0.240939053633718
3,1990,3,0.185885868581416
3,1991,3,0.139214885578574
3,1992,3,0.168958294030245
3,1993,3,0.144490071612603
3,1994,3,0.0844641700676332
3,1995,3,0.061026941220801
3,1996,3,0.0643811371335635
3,1997,3,0.092110393179106
3,1998,3,0.101504348435869
3,1999,3,0.218383392172995
3,2000,3,0.108222868771527
3,2001,3,0.0737477672616582
3,2002,3,0.120043551602892
3,2003,3,0.186861221865533
3,2004,3,0.122433327721131
3,2005,3,0.107732932852348
3,2006,3,0.149539315368403
3,2007,3,0.133219617497824
3,2008,3,0.0875755989503306
3,2009,3,0.0951930514666216
3,2010,3,0.0626053142422988
3,2011,3,0.0533473201374467
3,2012,3,0.0609530385077002
3,2013,3,0.0501665880738541
3,2014,3,0.0649961682012952
3,2015,3,0.170620107524829
3,2016,3,0.0598270024527948
3,2017,3,0.041628241400164
3,2018,3,0.0378766249659193
3,2019,3,0.0359621892143508
3,2020,3,0.107505363763427
3,2021,3,0.304993664263154
3,2022,3,0.22994037405395
3,2023,3,0.229471146054658
3,2024,3,0.22470997976905
3,1964,4,1.26073619848067
3,1965,4,1.26073619848067
3,1966,4,1.49257907850249
3,1967,4,1.20523781264562
3,1968,4,1.01812391497721
3,1969,4,1.01890148784494
3,1970,4,0.89033407743466
3,1971,4,0.969572231860951
3,1972,4,1.09047315761482
3,1973,4,0.922343494067931
3,1974,4,1.09269869138497
3,1975,4,1.23328641320849
3,1976,4,1.44360245489677
3,1977,4,1.22219224250422
3,1978,4,1.02397147771593
3,1979,4,0.84344475412371
3,1980,4,0.671041120694895
3,1981,4,0.613731656118843
3,1982,4,0.607640806636836
3,1983,4,0.621925009927216
3,1984,4,0.516652733706098
3,1985,4,0.518738168145743
3,1986,4,0.482366742663287
3,1987,4,0.476937275261436
3,1988,4,0.474514319685644
3,1989,4,0.510983260720835
3,1990,4,0.515921024984019
3,1991,4,0.504271830949002
3,1992,4,0.404629769038033
3,1993,4,0.569813257016893
3,1994,4,0.352970005159585
3,1995,4,0.180401028864017
3,1996,4,0.108458991958103
3,1997,4,0.120045466895835
3,1998,4,0.17814286839059
3,1999,4,0.383971556319622
3,2000,4,0.490640301750327
3,2001,4,0.382231539714422
3,2002,4,0.377766979350959
3,2003,4,0.382451505853589
3,2004,4,0.666495674532857
3,2005,4,0.402183237091798
3,2006,4,0.590071557654384
3,2007,4,0.56602954345601
3,2008,4,0.393257800405933
3,2009,4,0.427730664122611
3,2010,4,0.474187608264703
3,2011,4,0.222167678549346
3,2012,4,0.277243451186437
3,2013,4,0.293896732805814
3,2014,4,0.274503975565995
3,2015,4,0.338382941642562
3,2016,4,0.89784290806092
3,2017,4,0.313351513796783
3,2018,4,0.181544621017198
3,2019,4,0.0969706361817557
3,2020,4,0.219417681921249
3,2021,4,0.316498396450105
3,2022,4,0.456281943445522
3,2023,4,0.527942547950936
3,2024,4,0.516093335738346
3,1964,5,1.18817654257614
3,1965,5,1.18817654257614
3,1966,5,1.33414806884779
3,1967,5,1.17235529689796
3,1968,5,1.30098739597821
3,1969,5,1.25256946248651
3,1970,5,0.98030023694022
3,1971,5,1.02972275723953
3,1972,5,1.10938956762909
3,1973,5,1.44260232048801
3,1974,5,1.87630681150778
3,1975,5,1.85493718936966
3,1976,5,1.50547559339923
3,1977,5,1.35073568387432
3,1978,5,1.10523337439535
3,1979,5,1.18923261269082
3,1980,5,1.59427803231095
3,1981,5,1.51849517202784
3,1982,5,1.5008390107302
3,1983,5,1.03455492236331
3,1984,5,0.982364228974396
3,1985,5,0.819036428704419
3,1986,5,0.820753791240649
3,1987,5,0.622618717455018
3,1988,5,0.543271477131524
3,1989,5,0.579009231855273
3,1990,5,0.70537355549396
3,1991,5,0.680852864479853
3,1992,5,0.529648885068292
3,1993,5,0.491275645691744
3,1994,5,0.910297959747101
3,1995,5,0.828749748795199
3,1996,5,0.462734237522371
3,1997,5,0.480642800558263
3,1998,5,0.617468396076429
3,1999,5,0.648023575727382
3,2000,5,0.83032545611901
3,2001,5,1.07382160026308
3,2002,5,0.791713981899233
3,2003,5,0.973930629887214
3,2004,5,1.02781731454098
3,2005,5,1.1760942914092
3,2006,5,1.1834850919236
3,2007,5,1.07537359818788
3,2008,5,0.892362619149956
3,2009,5,0.741568802819813
3,2010,5,0.718442680834749
3,2011,5,1.02755091336971
3,2012,5,0.498030844368651
3,2013,5,0.583442888744561
3,2014,5,0.607152179059168
3,2015,5,0.472621861684148
3,2016,5,0.806572211614557
3,2017,5,1.10765001158181
3,2018,5,1.23282847440078
3,2019,5,0.373866777953791
3,2020,5,0.532677699641146
3,2021,5,0.463318738624964
3,2022,5,0.753352237529928
3,2023,5,1.01386362616105
3,2024,5,0.842159224534806
3,1964,6,1.24322807570293
3,1965,6,1.24322807570293
3,1966,6,1.18192993615548
3,1967,6,1.18118067857918
3,1968,6,1.19187036115359
3,1969,6,1.25260692816862
3,1970,6,1.27193241041745
3,1971,6,1.20534603623929
3,1972,6,1.22634804817229
3,1973,6,1.21056854513895
3,1974,6,1.17957342194095
3,1975,6,1.12358104195344
3,1976,6,1.21393520322952
3,1977,6,1.37266534601516
3,1978,6,1.45901897975118
3,1979,6,1.35699079149546
3,1980,6,1.32869390958939
3,1981,6,1.32942776871154
3,1982,6,1.2661262927462
3,1983,6,1.29288099655127
3,1984,6,1.28367121671959
3,1985,6,1.47530075645897
3,1986,6,1.48985475199832
3,1987,6,1.40550410767005
3,1988,6,1.52494747619348
3,1989,6,1.67350379553869
3,1990,6,1.50701661438607
3,1991,6,1.15914895456895
3,1992,6,1.3543874599541
3,1993,6,1.40335287970631
3,1994,6,1.24870856333069
3,1995,6,1.49825316682504
3,1996,6,1.25169064542875
3,1997,6,0.955451043720368
3,1998,6,1.04316460314267
3,1999,6,0.937537119220832
3,2000,6,1.17980278785695
3,2001,6,1.43624217827902
3,2002,6,1.55038560251
3,2003,6,1.5793899860292
3,2004,6,1.45882064142602
3,2005,6,1.62270641695426
3,2006,6,1.70564499107808
3,2007,6,1.55936423813325
3,2008,6,1.3787462452268
3,2009,6,1.36910670005086
3,2010,6,1.21317895434083
3,2011,6,1.25358881258972
3,2012,6,1.14177020919854
3,2013,6,0.736356173293141
3,2014,6,1.02155866062433
3,2015,6,0.831810891077435
3,2016,6,0.914104575530457
3,2017,6,1.20678115792204
3,2018,6,1.3678319163031
3,2019,6,1.36660521374463
3,2020,6,1.20475297196921
3,2021,6,0.943358518296059
3,2022,6,1.02079824983937
3,2023,6,1.00857120689224
3,2024,6,1.17093101858083
3,1964,7,1.28584649025812
3,1965,7,1.28584649025812
3,1966,7,1.20732079766461
3,1967,7,1.24384866592948
3,1968,7,1.24784808938408
3,1969,7,1.19999753035385
3,1970,7,1.20829167378593
3,1971,7,1.22506674239603
3,1972,7,1.25570010459077
3,1973,7,1.23075463324181
3,1974,7,1.13921023737664
3,1975,7,1.13862975091552
3,1976,7,1.15654323572514
3,1977,7,1.25183177451684
3,1978,7,1.3102896857403
3,1979,7,1.31821629641665
3,1980,7,1.35010087058215
3,1981,7,1.40371815955535
3,1982,7,1.35663805100818
3,1983,7,1.49945930633143
3,1984,7,1.38193485804119
3,1985,7,1.3410871102806
3,1986,7,1.33119780193027
3,1987,7,1.37630633363578
3,1988,7,1.66211683119746
3,1989,7,1.81460128457603
3,1990,7,1.65159635820357
3,1991,7,1.3760036764022
3,1992,7,1.62396747734175
3,1993,7,1.85205361970517
3,1994,7,1.42720384990144
3,1995,7,1.65847331813165
3,1996,7,1.85206199176498
3,1997,7,1.41386320279309
3,1998,7,1.08502022731536
3,1999,7,1.27146897881731
3,2000,7,1.27083497227645
3,2001,7,1.6945485744907
3,2002,7,1.90602445000271
3,2003,7,1.82507606911906
3,2004,7,1.60935088732586
3,2005,7,1.75890172030027
3,2006,7,2.07841023224804
3,2007,7,1.38535423703849
3,2008,7,1.42113805430714
3,2009,7,1.30415354831023
3,2010,7,1.1380401827467
3,2011,7,1.21603298437751
3,2012,7,1.23279984108847
3,2013,7,1.04626208599445
3,2014,7,1.12348410847488
3,2015,7,0.930513495865786
3,2016,7,1.12676902224464
3,2017,7,1.45292387134071
3,2018,7,1.53485153528095
3,2019,7,2.43803258551259
3,2020,7,1.79676443345106
3,2021,7,1.61233591084168
3,2022,7,1.49804191776711
3,2023,7,1.29873807650845
3,2024,7,1.26307206719718
3,1964,8,1.20817668579885
3,1965,8,1.20817668579885
3,1966,8,1.18714001584532
3,1967,8,1.21535297450011
3,1968,8,1.2014972476625
3,1969,8,1.18970873432603
3,1970,8,1.18958004630961
3,1971,8,1.22183932342231
3,1972,8,1.21345592426683
3,1973,8,1.19472456781604
3,1974,8,1.14430406702486
3,1975,8,1.16549144725143
3,1976,8,1.15159493577798
3,1977,8,1.16683720826228
3,1978,8,1.22779116401205
3,1979,8,1.27070780685206
3,1980,8,1.3030274023347
3,1981,8,1.37168802755713
3,1982,8,1.39051843831224
3,1983,8,1.40017205077553
3,1984,8,1.43266933410092
3,1985,8,1.25556149685456
3,1986,8,1.19360207135407
3,1987,8,1.4443495508407
3,1988,8,1.43021122553714
3,1989,8,1.58128109943667
3,1990,8,1.6085125643552
3,1991,8,1.35693734829601
3,1992,8,1.35096295862032
3,1993,8,1.59412979311498
3,1994,8,1.57016822006249
3,1995,8,1.71838038410741
3,1996,8,1.88735656884263
3,1997,8,1.53021185323894
3,1998,8,1.48132696695262
3,1999,8,1.49702145763129
3,2000,8,1.63604060956114
3,2001,8,1.5201489177793
3,2002,8,1.54953326396489
3,2003,8,1.78028574888667
3,2004,8,2.08155139554495
3,2005,8,1.62408524528844
3,2006,8,1.36514467154046
3,2007,8,1.34732346548268
3,2008,8,1.23897071431335
3,2009,8,1.15705905373928
3,2010,8,1.43031889797661
3,2011,8,1.492244591328
3,2012,8,1.26689567430753
3,2013,8,1.56597577571337
3,2014,8,1.32763573885882
3,2015,8,1.49124774623986
3,2016,8,1.23757208468962
3,2017,8,1.37777991525625
3,2018,8,1.73779228483222
3,2019,8,2.16513991031621
3,2020,8,1.18612640471126
3,2021,8,1.96643205879934
3,2022,8,1.76335192743718
3,2023,8,1.80290849068712
3,2024,8,1.34761279158005
4,1964,3,0.471040235217207
4,1965,3,0.471040235217207
4,1966,3,0.527041186040965
4,1967,3,0.704724703332304
4,1968,3,0.596466316761254
4,1969,3,0.634928230374178
4,1970,3,0.524980671198821
4,1971,3,0.591785405634131
4,1972,3,0.623201853804564
4,1973,3,0.682305782084705
4,1974,3,0.870241327584519
4,1975,3,0.975927870376687
4,1976,3,0.988663427810246
4,1977,3,0.984112293169662
4,1978,3,0.971684319965478
4,1979,3,0.705057515510741
4,1980,3,0.464571756802046
4,1981,3,0.299226144399143
4,1982,3,0.251137047330513
4,1983,3,0.226599516520888
4,1984,3,0.236241776554396
4,1985,3,0.172068560804804
4,1986,3,0.214189381979643
4,1987,3,0.230824560929774
4,1988,3,0.203100080698434
4,1989,3,0.174123891979425
4,1990,3,0.1469519295367
4,1991,3,0.137873426106553
4,1992,3,0.17623096821849
4,1993,3,0.160670122844765
4,1994,3,0.0891312073193886
4,1995,3,0.0714109028180966
4,1996,3,0.0757030968581356
4,1997,3,0.0832301933315844
4,1998,3,0.105179731433704
4,1999,3,0.210402221777339
4,2000,3,0.172748681554068
4,2001,3,0.138823804126161
4,2002,3,0.118644933146237
4,2003,3,0.189918330332984
4,2004,3,0.0998232583482088
4,2005,3,0.0855415328777139
4,2006,3,0.11265832426093
4,2007,3,0.140350901575464
4,2008,3,0.100060608826901
4,2009,3,0.0845386689218495
4,2010,3,0.0601427377758416
4,2011,3,0.0694951892145738
4,2012,3,0.0633721523187323
4,2013,3,0.0758454022986401
4,2014,3,0.0785277847959887
4,2015,3,0.16984051882526
4,2016,3,0.0461802539727844
4,2017,3,0.0296363233262868
4,2018,3,0.0311081371269991
4,2019,3,0.0409392788898286
4,2020,3,0.11430093499691
4,2021,3,0.34022471454338
4,2022,3,0.26542553445858
4,2023,3,0.292849748523829
4,2024,3,0.312431869563491
4,1964,4,3.55343624697563
4,1965,4,3.55343624697563
4,1966,4,3.44680917629174
4,1967,4,2.85553817732456
4,1968,4,2.30679650010126
4,1969,4,1.63152843049564
4,1970,4,1.07216453349752
4,1971,4,0.929881702013872
4,1972,4,0.949409512902515
4,1973,4,1.11363778242488
4,1974,4,1.29665361029249
4,1975,4,1.1661975957153
4,1976,4,0.99849519290683
4,1977,4,1.12439841511449
4,1978,4,1.05650576801616
4,1979,4,0.732102362891275
4,1980,4,0.718215840598695
4,1981,4,0.753200294184372
4,1982,4,0.655262033230933
4,1983,4,0.766227237376827
4,1984,4,0.563647219834647
4,1985,4,0.483813681209394
4,1986,4,0.380680344909205
4,1987,4,0.362138363684317
4,1988,4,0.368684864426152
4,1989,4,0.320361111777628
4,1990,4,0.34551579150849
4,1991,4,0.4000024155302
4,1992,4,0.297706352425757
4,1993,4,0.658523088082528
4,1994,4,0.467196213882167
4,1995,4,0.207252828810672
4,1996,4,0.109364522059422
4,1997,4,0.158364885443623
4,1998,4,0.230692662969828
4,1999,4,0.522642561589124
4,2000,4,0.530146301772435
4,2001,4,0.407522360247249
4,2002,4,0.436265682273642
4,2003,4,0.433450582615619
4,2004,4,0.728219156816853
4,2005,4,0.457976413076181
4,2006,4,0.576965110748471
4,2007,4,0.597850704979799
4,2008,4,0.509090859838572
4,2009,4,0.462883654848708
4,2010,4,0.589701189806623
4,2011,4,0.23612447057511
4,2012,4,0.395416374656334
4,2013,4,0.31181673371668
4,2014,4,0.299529977932449
4,2015,4,0.346647604123958
4,2016,4,0.982441952736077
4,2017,4,0.295681728853165
4,2018,4,0.206095272975547
4,2019,4,0.112260600023829
4,2020,4,0.240318923547878
4,2021,4,0.231382931300718
4,2022,4,0.573623324224705
4,2023,4,0.533618223079509
4,2024,4,0.514826559081723
4,1964,5,2.15398148604658
4,1965,5,2.15398148604658
4,1966,5,2.00815212366297
4,1967,5,1.91158270422588
4,1968,5,1.89505217083164
4,1969,5,1.86903779844263
4,1970,5,2.39784592215187
4,1971,5,2.37257501491859
4,1972,5,2.13092676378077
4,1973,5,2.01246742992344
4,1974,5,1.84165271681056
4,1975,5,1.76166598333812
4,1976,5,1.73116203545525
4,1977,5,1.32327845570318
4,1978,5,1.04631694292737
4,1979,5,0.99771948277388
4,1980,5,1.13547710645613
4,1981,5,1.23650719287259
4,1982,5,1.44612625146917
4,1983,5,1.06211248726437
4,1984,5,0.825573390633983
4,1985,5,0.640106681925874
4,1986,5,0.614208201429728
4,1987,5,0.711814646944678
4,1988,5,0.889035163461853
4,1989,5,0.906565464858156
4,1990,5,1.12084239531519
4,1991,5,0.755950796663085
4,1992,5,0.483117426073341
4,1993,5,0.513780697176004
4,1994,5,1.17204437586369
4,1995,5,0.64218787090347
4,1996,5,0.425117243998736
4,1997,5,0.405658025437287
4,1998,5,0.439406344650706
4,1999,5,0.603837072498643
4,2000,5,0.911351776744282
4,2001,5,1.21046107265795
4,2002,5,0.859276465525659
4,2003,5,0.986116084920664
4,2004,5,1.19090494242612
4,2005,5,1.47432765249824
4,2006,5,1.08714434749525
4,2007,5,1.09260533717766
4,2008,5,0.806207712939223
4,2009,5,0.563549755824579
4,2010,5,0.71957013998912
4,2011,5,1.17214262058792
4,2012,5,0.537915799694977
4,2013,5,0.753683428925893
4,2014,5,0.632434875067657
4,2015,5,0.446739237318569
4,2016,5,0.578551338825494
4,2017,5,1.25521732094988
4,2018,5,1.25269480732821
4,2019,5,0.391734465217073
4,2020,5,0.702047950584711
4,2021,5,0.764554749969998
4,2022,5,0.810910869580435
4,2023,5,1.16464160387951
4,2024,5,1.47758420213692
4,1964,6,0.803015183970071
4,1965,6,0.803015183970071
4,1966,6,0.85514697551066
4,1967,6,0.910510690815111
4,1968,6,0.968186167962624
4,1969,6,1.04435445710424
4,1970,6,1.10613696735544
4,1971,6,1.10390737722833
4,1972,6,1.10634274455468
4,1973,6,1.16224790810738
4,1974,6,1.18739152886782
4,1975,6,1.1651853934961
4,1976,6,1.18798965031073
4,1977,6,1.21074659458667
4,1978,6,1.16456166884626
4,1979,6,1.51584882008636
4,1980,6,1.62918270239012
4,1981,6,1.64624199705718
4,1982,6,1.35621037709444
4,1983,6,1.23669681681922
4,1984,6,1.1678243571989
4,1985,6,1.6583050660875
4,1986,6,1.33083613046046
4,1987,6,1.23580658628796
4,1988,6,1.28793191855142
4,1989,6,1.34268220617541
4,1990,6,1.315705757945
4,1991,6,1.30309614672918
4,1992,6,1.54185668154106
4,1993,6,1.24087493686573
4,1994,6,1.23095591699021
4,1995,6,1.69041314145572
4,1996,6,1.28420524004554
4,1997,6,0.880266651483791
4,1998,6,1.08518419523929
4,1999,6,0.999084319838545
4,2000,6,1.05288093212337
4,2001,6,1.59556487853115
4,2002,6,1.83323425699082
4,2003,6,1.79109576124698
4,2004,6,1.59960285692403
4,2005,6,1.6450835852716
4,2006,6,1.72062469103289
4,2007,6,1.64006354900628
4,2008,6,1.47753336190344
4,2009,6,1.44657425840297
4,2010,6,1.05276634573372
4,2011,6,1.57334532046465
4,2012,6,1.54051906608685
4,2013,6,1.00245265173899
4,2014,6,0.982087067973926
4,2015,6,0.98013972544103
4,2016,6,0.90861499121516
4,2017,6,1.31554331388816
4,2018,6,1.57303729023351
4,2019,6,1.8265161287206
4,2020,6,1.50885665853464
4,2021,6,1.22545402045874
4,2022,6,1.18986303307067
4,2023,6,1.57889812157289
4,2024,6,1.16423671272581
4,1964,7,0.852114416433979
4,1965,7,0.852114416433979
4,1966,7,0.881088125333785
4,1967,7,0.938929606818908
4,1968,7,1.02124506873839
4,1969,7,1.04699439481804
4,1970,7,1.07958209302026
4,1971,7,1.09184065496168
4,1972,7,1.101505674142
4,1973,7,1.09636735780323
4,1974,7,1.10173396454786
4,1975,7,1.12926857198878
4,1976,7,1.19046909179076
4,1977,7,1.21643580777359
4,1978,7,1.28151226440482
4,1979,7,1.55011983014498
4,1980,7,1.4260677978282
4,1981,7,1.37101229812702
4,1982,7,1.30586112655599
4,1983,7,1.26920140710453
4,1984,7,1.33658008706241
4,1985,7,1.51064770463724
4,1986,7,1.62905725824156
4,1987,7,1.28144769924325
4,1988,7,1.32856055397049
4,1989,7,1.3390191111306
4,1990,7,1.25507985482142
4,1991,7,1.3633419128317
4,1992,7,1.22150008875298
4,1993,7,1.16803452419983
4,1994,7,1.1803631023782
4,1995,7,1.37854983405253
4,1996,7,1.82150747826639
4,1997,7,1.15401685513572
4,1998,7,1.05979491917018
4,1999,7,1.55819342186703
4,2000,7,1.13133767264425
4,2001,7,1.18772947848748
4,2002,7,1.4246418237031
4,2003,7,1.82261292502572
4,2004,7,1.96754761613172
4,2005,7,1.78291943656618
4,2006,7,1.44773864330538
4,2007,7,1.47155113748076
4,2008,7,1.72865778768391
4,2009,7,1.66913691882631
4,2010,7,1.11593749149856
4,2011,7,1.3686447230909
4,2012,7,1.53409402593162
4,2013,7,1.27795199025227
4,2014,7,1.08844037687073
4,2015,7,1.02540550446374
4,2016,7,1.06815656791134
4,2017,7,1.29040664682421
4,2018,7,1.54618047196058
4,2019,7,2.47535992593062
4,2020,7,1.59298771371056
4,2021,7,1.45002783687192
4,2022,7,1.1844922136877
4,2023,7,1.10483288216282
4,2024,7,1.22234881561692
4,1964,8,0.901381693443913
4,1965,8,0.901381693443913
4,1966,8,0.925740782321505
4,1967,8,0.952191208748992
4,1968,8,1.01063568004558
4,1969,8,1.06562278131101
4,1970,8,1.10884541640352
4,1971,8,1.09592785521974
4,1972,8,1.10084117680991
4,1973,8,1.08753247797957
4,1974,8,1.06505255515357
4,1975,8,1.084889149932
4,1976,8,1.12607335785934
4,1977,8,1.17605090821507
4,1978,8,1.24043285293099
4,1979,8,1.31014936324149
4,1980,8,1.31014178741748
4,1981,8,1.26728883603025
4,1982,8,1.27749171033712
4,1983,8,1.32150037319131
4,1984,8,1.42130847578926
4,1985,8,1.2772631812044
4,1986,8,1.27946734581645
4,1987,8,1.3657606667792
4,1988,8,1.28039495545673
4,1989,8,1.48413883150324
4,1990,8,1.43069631090233
4,1991,8,1.42692671075727
4,1992,8,1.228202081565
4,1993,8,1.41659026916976
4,1994,8,1.31598338830503
4,1995,8,1.51107316410592
4,1996,8,1.75458412459276
4,1997,8,1.41867532326595
4,1998,8,1.56279540935578
4,1999,8,1.15254278327431
4,2000,8,1.57043274399522
4,2001,8,1.35445380593798
4,2002,8,1.70074135964013
4,2003,8,1.95233057341152
4,2004,8,1.90304799559151
4,2005,8,1.76284924553102
4,2006,8,1.58540298314752
4,2007,8,1.36477353265509
4,2008,8,1.24364079712869
4,2009,8,1.49453769517061
4,2010,8,1.39992550384285
4,2011,8,1.50799143069402
4,2012,8,1.56585535811682
4,2013,8,1.38924258888111
4,2014,8,1.33218606731232
4,2015,8,1.54911148834398
4,2016,8,1.29653903438979
4,2017,8,1.15642710429434
4,2018,8,1.6351893927712
4,2019,8,1.5267366651411
4,2020,8,1.3838733639125
4,2021,8,1.88277719327307
4,2022,8,1.70748693593604
4,2023,8,1.5185317559924
4,2024,8,1.31463476172097
5,1964,3,0.844321593357362
5,1965,3,0.844321593357362
5,1966,3,0.758942822865085
5,1967,3,0.640112712003315
5,1968,3,0.719654445497813
5,1969,3,0.731351236631145
5,1970,3,0.736712286275012
5,1971,3,0.833614792585944
5,1972,3,0.722483493257281
5,1973,3,0.866112898027582
5,1974,3,1.01670952531157
5,1975,3,0.845815899238826
5,1976,3,0.783385021680944
5,1977,3,0.713312469531564
5,1978,3,0.898825362317492
5,1979,3,0.800673874782901
5,1980,3,0.603154399637761
5,1981,3,0.304024189013069
5,1982,3,0.255121897440333
5,1983,3,0.205102573475757
5,1984,3,0.200654180277074
5,1985,3,0.185861203072724
5,1986,3,0.187865776058705
5,1987,3,0.227101831007804
5,1988,3,0.174517090216974
5,1989,3,0.16818105743569
5,1990,3,0.154201666985028
5,1991,3,0.138165052010461
5,1992,3,0.164114303038238
5,1993,3,0.141308681685178
5,1994,3,0.0611314482956547
5,1995,3,0.0645390001144254
5,1996,3,0.086219930572323
5,1997,3,0.121861233359808
5,1998,3,0.14411014063147
5,1999,3,0.189063427989653
5,2000,3,0.132445938969014
5,2001,3,0.0970591690464731
5,2002,3,0.121842932988255
5,2003,3,0.234741362728028
5,2004,3,0.0913000677360249
5,2005,3,0.0945012953603416
5,2006,3,0.153489830042849
5,2007,3,0.140010369244034
5,2008,3,0.0891502154038534
5,2009,3,0.120477854210707
5,2010,3,0.0608253139531162
5,2011,3,0.0549917574975903
5,2012,3,0.0657802255696379
5,2013,3,0.0587985647862158
5,2014,3,0.0780462818135262
5,2015,3,0.168990043855545
5,2016,3,0.0538197165021921
5,2017,3,0.0465320940000575
5,2018,3,0.0551739027829326
5,2019,3,0.0591699247344397
5,2020,3,0.119268850798311
5,2021,3,0.287700929587041
5,2022,3,0.213853884068876
5,2023,3,0.171191247513516
5,2024,3,0.164374644618249
5,1964,4,1.38220656619629
5,1965,4,1.38220656619629
5,1966,4,1.20789167894122
5,1967,4,0.936390652265098
5,1968,4,0.912612144836867
5,1969,4,0.787800658761721
5,1970,4,0.747239196344958
5,1971,4,0.771347535654455
5,1972,4,0.747917267255562
5,1973,4,0.795298645735899
5,1974,4,0.708027944330252
5,1975,4,0.853402829524621
5,1976,4,0.966001630049338
5,1977,4,1.10129136797738
5,1978,4,0.954177724866191
5,1979,4,0.788627951269034
5,1980,4,0.60621577338421
5,1981,4,0.849692192342203
5,1982,4,0.813479527725732
5,1983,4,0.64308029611189
5,1984,4,0.532752831655396
5,1985,4,0.645704788046346
5,1986,4,0.599923813154439
5,1987,4,0.595758617249335
5,1988,4,0.629279546424256
5,1989,4,0.633632363900559
5,1990,4,0.596925945791823
5,1991,4,0.572120002977628
5,1992,4,0.362327568559508
5,1993,4,0.632169350825499
5,1994,4,0.441460538765327
5,1995,4,0.237771270655094
5,1996,4,0.146545526785832
5,1997,4,0.226167233950114
5,1998,4,0.336157816281266
5,1999,4,0.379706074094483
5,2000,4,0.495517885025259
5,2001,4,0.380280793489087
5,2002,4,0.341883917255157
5,2003,4,0.362988732128314
5,2004,4,0.639656858526781
5,2005,4,0.590761158512938
5,2006,4,0.443160347042452
5,2007,4,0.487103298216496
5,2008,4,0.569491871024463
5,2009,4,0.426172284803337
5,2010,4,0.558016962479144
5,2011,4,0.236123252106946
5,2012,4,0.399282586818511
5,2013,4,0.395313196974516
5,2014,4,0.320654211350215
5,2015,4,0.364501204654789
5,2016,4,1.05881288463993
5,2017,4,0.307916242584875
5,2018,4,0.248924154831985
5,2019,4,0.151180937384038
5,2020,4,0.333393778009696
5,2021,4,0.266293257832336
5,2022,4,0.469562920956288
5,2023,4,0.336851265410196
5,2024,4,0.312751182038385
5,1964,5,1.85161993862442
5,1965,5,1.85161993862442
5,1966,5,2.04700616103808
5,1967,5,2.06780579070817
5,1968,5,1.98415280857119
5,1969,5,1.85335941168531
5,1970,5,1.59003169040162
5,1971,5,1.34750439085917
5,1972,5,1.2528087038119
5,1973,5,1.13536561692372
5,1974,5,1.05096973022217
5,1975,5,1.14397441142541
5,1976,5,1.26745317013225
5,1977,5,1.37417130895014
5,1978,5,1.39661078456818
5,1979,5,1.31698775875721
5,1980,5,1.37795548317421
5,1981,5,1.15459190629332
5,1982,5,0.993594782998946
5,1983,5,0.849050782385463
5,1984,5,0.927523579628863
5,1985,5,0.743052174765352
5,1986,5,0.608413007182218
5,1987,5,0.709662240347043
5,1988,5,0.889269517345723
5,1989,5,1.08312351270886
5,1990,5,1.14712118461682
5,1991,5,0.753595283248494
5,1992,5,0.669970918203684
5,1993,5,0.663254981381766
5,1994,5,1.14971564255717
5,1995,5,0.841025202873006
5,1996,5,0.462565319229755
5,1997,5,0.453875308985293
5,1998,5,0.582721229585639
5,1999,5,0.61960296715066
5,2000,5,0.918588220299593
5,2001,5,1.13007021726217
5,2002,5,0.954781028213323
5,2003,5,0.720256834885343
5,2004,5,0.861475118699916
5,2005,5,1.27552189623408
5,2006,5,1.16170821541719
5,2007,5,0.917382919688202
5,2008,5,0.880304629847485
5,2009,5,0.999845630543933
5,2010,5,0.787528398448549
5,2011,5,1.26256232479348
5,2012,5,0.436789206510918
5,2013,5,0.648432309799603
5,2014,5,0.637248374495756
5,2015,5,0.516737783643022
5,2016,5,0.70261834504795
5,2017,5,1.17863735185378
5,2018,5,1.3671687080892
5,2019,5,0.376938047272577
5,2020,5,0.499885557528368
5,2021,5,0.714371726860105
5,2022,5,0.780239441024896
5,2023,5,1.40136473752525
5,2024,5,1.53182726676785
5,1964,6,1.22256766213221
5,1965,6,1.22256766213221
5,1966,6,1.17016694507825
5,1967,6,1.14417052166786
5,1968,6,1.13759413364953
5,1969,6,1.15597109925027
5,1970,6,1.2131120685159
5,1971,6,1.33351834630635
5,1972,6,1.35167784709738
5,1973,6,1.23314522025351
5,1974,6,1.2459717153476
5,1975,6,1.21409741139574
5,1976,6,1.32406409924747
5,1977,6,1.18162184722671
5,1978,6,1.03092015374331
5,1979,6,1.10808865405452
5,1980,6,1.11722756885462
5,1981,6,1.23394553671402
5,1982,6,1.30675478139203
5,1983,6,1.44500680865129
5,1984,6,1.19374802816469
5,1985,6,1.13685612880046
5,1986,6,1.27842610381494
5,1987,6,1.36524773912843
5,1988,6,1.40438581043694
5,1989,6,1.23357989006427
5,1990,6,1.29557995564523
5,1991,6,0.988492023002597
5,1992,6,0.953338155525034
5,1993,6,1.1632808391018
5,1994,6,1.26316222079304
5,1995,6,1.97910174196998
5,1996,6,1.30942524997505
5,1997,6,1.2170582987119
5,1998,6,1.08813940155672
5,1999,6,1.02147180412539
5,2000,6,1.12767864868861
5,2001,6,1.37080156009933
5,2002,6,1.69943762577706
5,2003,6,1.36208196636194
5,2004,6,1.36128999983242
5,2005,6,1.6940971213349
5,2006,6,1.68576802326109
5,2007,6,1.53693929809791
5,2008,6,1.60616834093748
5,2009,6,1.17923627773377
5,2010,6,1.10673643151699
5,2011,6,1.46850054397068
5,2012,6,1.30558574586704
5,2013,6,0.997340730284766
5,2014,6,1.04534993715522
5,2015,6,0.957828652491525
5,2016,6,1.0761242152904
5,2017,6,1.30706521433814
5,2018,6,1.50536682678832
5,2019,6,1.69071463952474
5,2020,6,1.2637943668298
5,2021,6,1.07119326321643
5,2022,6,0.87884853447893
5,2023,6,1.35846289755503
5,2024,6,1.18354146523494
5,1964,7,1.24000374353062
5,1965,7,1.24000374353062
5,1966,7,1.15156289512866
5,1967,7,1.13971217070337
5,1968,7,1.12689343431541
5,1969,7,1.14776962784386
5,1970,7,1.19173100968412
5,1971,7,1.23593555678682
5,1972,7,1.26536384870327
5,1973,7,1.25131520585561
5,1974,7,1.26457044460525
5,1975,7,1.24507058491114
5,1976,7,1.2486021515095
5,1977,7,1.17847038022906
5,1978,7,1.10666421187709
5,1979,7,1.09485511343797
5,1980,7,1.21974203933664
5,1981,7,1.24398183995661
5,1982,7,1.28507498531447
5,1983,7,1.32533930757393
5,1984,7,1.34968811793328
5,1985,7,1.2772196652056
5,1986,7,1.26869530772425
5,1987,7,1.21335717992663
5,1988,7,1.27957179961302
5,1989,7,1.39298434155888
5,1990,7,1.36277370352572
5,1991,7,1.53011047841059
5,1992,7,1.38407169268624
5,1993,7,1.00502631616477
5,1994,7,1.31431374394145
5,1995,7,1.54906444759385
5,1996,7,2.01509449288133
5,1997,7,1.47815921167227
5,1998,7,1.23914958333245
5,1999,7,1.26288484862753
5,2000,7,1.25261619095768
5,2001,7,1.42638959811352
5,2002,7,1.68238200561331
5,2003,7,1.47329406955567
5,2004,7,1.71253460881881
5,2005,7,1.756180431369
5,2006,7,1.60479848718406
5,2007,7,1.74050781185943
5,2008,7,1.46680747194109
5,2009,7,1.62468164988862
5,2010,7,1.46765996040587
5,2011,7,1.18237014455323
5,2012,7,1.51864090343937
5,2013,7,1.23811549543519
5,2014,7,1.65541590814618
5,2015,7,1.19275445064656
5,2016,7,1.28390486705914
5,2017,7,1.576422758803
5,2018,7,1.42450189952926
5,2019,7,2.33436792611627
5,2020,7,1.52708462975235
5,2021,7,1.38135167482662
5,2022,7,1.37196672471257
5,2023,7,1.21376786609481
5,2024,7,1.22520991038913
5,1964,8,1.11227525723732
5,1965,8,1.11227525723732
5,1966,8,1.09962500075136
5,1967,8,1.11298297854099
5,1968,8,1.11941920061352
5,1969,8,1.13779114078292
5,1970,8,1.17565658287164
5,1971,8,1.20438341805449
5,1972,8,1.25373344954606
5,1973,8,1.23719468297179
5,1974,8,1.22615367580757
5,1975,8,1.22136404500599
5,1976,8,1.19362919145615
5,1977,8,1.16299312332818
5,1978,8,1.16488836782191
5,1979,8,1.20477927144211
5,1980,8,1.29938482144045
5,1981,8,1.3594709190361
5,1982,8,1.30207249718157
5,1983,8,1.31357170004602
5,1984,8,1.29420670348799
5,1985,8,1.29918442272754
5,1986,8,1.39828442680361
5,1987,8,1.28770535774944
5,1988,8,1.25384651543324
5,1989,8,1.40688411295408
5,1990,8,1.28530942494949
5,1991,8,1.24620654724007
5,1992,8,1.54208395898013
5,1993,8,1.48834503340079
5,1994,8,1.40954646682471
5,1995,8,1.45425668026493
5,1996,8,1.5739009552887
5,1997,8,1.60792423256153
5,1998,8,1.53603095828494
5,1999,8,1.58859716042511
5,2000,8,1.81863926873581
5,2001,8,1.56733651065609
5,2002,8,1.65445926012981
5,2003,8,1.82528363245354
5,2004,8,1.78210014000481
5,2005,8,1.62244766506259
5,2006,8,1.33192941648767
5,2007,8,1.20204336091076
5,2008,8,1.21229086878416
5,2009,8,1.27051637464757
5,2010,8,1.42263998217467
5,2011,8,1.23168341885041
5,2012,8,1.50384593303043
5,2013,8,1.51464568960882
5,2014,8,1.55206880888247
5,2015,8,1.62539000808023
5,2016,8,1.57165068539355
5,2017,8,1.94002639392268
5,2018,8,1.55254301316034
5,2019,8,1.76250336012398
5,2020,8,1.09794715427173
5,2021,8,1.5638782339492
5,2022,8,1.80111284626786
5,2023,8,1.48267369798134
5,2024,8,1.27473567991979
6,1964,3,0.582339537889804
6,1965,3,0.582339537889804
6,1966,3,0.528302452905426
6,1967,3,0.566067594387825
6,1968,3,0.555910474283778
6,1969,3,0.518407622034299
6,1970,3,0.516359899003038
6,1971,3,0.593888468607909
6,1972,3,0.79789744756648
6,1973,3,0.855416950467992
6,1974,3,1.24267496171298
6,1975,3,1.15171725901109
6,1976,3,1.21165183642037
6,1977,3,0.989089303154655
6,1978,3,0.867375730835646
6,1979,3,0.633757790695032
6,1980,3,0.542661657717559
6,1981,3,0.289591117884706
6,1982,3,0.202759212951367
6,1983,3,0.193065433016874
6,1984,3,0.18250022153368
6,1985,3,0.20255164229701
6,1986,3,0.211091436413774
6,1987,3,0.230859392932198
6,1988,3,0.282698547415537
6,1989,3,0.230666997224567
6,1990,3,0.162979414174572
6,1991,3,0.126880569308993
6,1992,3,0.146213513704916
6,1993,3,0.15080332936435
6,1994,3,0.0769233815250502
6,1995,3,0.0689507565884646
6,1996,3,0.0859813724646052
6,1997,3,0.0928894563536526
6,1998,3,0.123421665074099
6,1999,3,0.195071519850877
6,2000,3,0.149162892337803
6,2001,3,0.109280104725301
6,2002,3,0.113491009097479
6,2003,3,0.212100951396273
6,2004,3,0.13907960161308
6,2005,3,0.130441631053868
6,2006,3,0.166399426097966
6,2007,3,0.196868728627971
6,2008,3,0.0798542295868533
6,2009,3,0.0726960245598986
6,2010,3,0.0376097686175203
6,2011,3,0.059133199182086
6,2012,3,0.0691053385261857
6,2013,3,0.101325157851225
6,2014,3,0.0892403708875283
6,2015,3,0.221430427293334
6,2016,3,0.0688421102571927
6,2017,3,0.0331717689105608
6,2018,3,0.029818454846152
6,2019,3,0.0515230449707911
6,2020,3,0.153945590503289
6,2021,3,0.351933171077183
6,2022,3,0.30577114977203
6,2023,3,0.224506517047516
6,2024,3,0.215180756104629
6,1964,4,1.5982068680273
6,1965,4,1.5982068680273
6,1966,4,1.68405736112021
6,1967,4,1.32605233032214
6,1968,4,1.2991643891406
6,1969,4,1.27590310227095
6,1970,4,1.33850917619661
6,1971,4,1.49785860247848
6,1972,4,1.38009250999949
6,1973,4,1.17175497044549
6,1974,4,1.0409036450265
6,1975,4,0.980605170044295
6,1976,4,0.946870198585346
6,1977,4,0.862179360203985
6,1978,4,0.682925525047964
6,1979,4,0.653100229508555
6,1980,4,0.460407268422198
6,1981,4,0.561921928655777
6,1982,4,0.533536070126104
6,1983,4,0.434883116214604
6,1984,4,0.469621329592116
6,1985,4,0.536169715486334
6,1986,4,0.608351992398393
6,1987,4,0.649967992491781
6,1988,4,0.480080686569248
6,1989,4,0.644050714774642
6,1990,4,0.508472455923371
6,1991,4,0.47203474485349
6,1992,4,0.38337697557688
6,1993,4,0.598554281480624
6,1994,4,0.462593106243855
6,1995,4,0.218685257514051
6,1996,4,0.125149294889252
6,1997,4,0.209420140013352
6,1998,4,0.260934964841104
6,1999,4,0.452111911680602
6,2000,4,0.578899158577234
6,2001,4,0.481030870880796
6,2002,4,0.378356512281787
6,2003,4,0.342046380877883
6,2004,4,0.757080969231208
6,2005,4,0.518768555147372
6,2006,4,0.539802339336627
6,2007,4,0.658126991579748
6,2008,4,0.431899578916652
6,2009,4,0.385958807228651
6,2010,4,0.476826178399413
6,2011,4,0.231336761087651
6,2012,4,0.444516177509778
6,2013,4,0.441760503314719
6,2014,4,0.324948510340198
6,2015,4,0.456324635494976
6,2016,4,0.94013499860592
6,2017,4,0.383072468945154
6,2018,4,0.216254867213343
6,2019,4,0.13679679293322
6,2020,4,0.308144227736737
6,2021,4,0.316679149919155
6,2022,4,0.581972548055697
6,2023,4,0.6519639818178
6,2024,4,0.525258984421665
6,1964,5,2.4042353858942
6,1965,5,2.4042353858942
6,1966,5,2.16578807569304
6,1967,5,2.24602832868404
6,1968,5,2.39180086031722
6,1969,5,1.85995553041009
6,1970,5,1.50583780049358
6,1971,5,1.56255053512029
6,1972,5,1.41833732997633
6,1973,5,1.50341585049122
6,1974,5,1.50076644622815
6,1975,5,1.27224516169226
6,1976,5,1.44713034161239
6,1977,5,1.30896596309067
6,1978,5,1.35291031546266
6,1979,5,1.42399306241744
6,1980,5,1.58697355565187
6,1981,5,1.67023485167547
6,1982,5,1.38881623402962
6,1983,5,1.27454921768358
6,1984,5,1.07358458820286
6,1985,5,0.978227530179118
6,1986,5,1.00744995868659
6,1987,5,0.975631151754381
6,1988,5,0.861646301533081
6,1989,5,0.848176168376488
6,1990,5,1.33377827063498
6,1991,5,0.767892633131443
6,1992,5,0.731931245933345
6,1993,5,0.552358367617703
6,1994,5,0.974949697575779
6,1995,5,0.677246405366161
6,1996,5,0.489283304124362
6,1997,5,0.363629115160158
6,1998,5,0.455121710467545
6,1999,5,0.651915323291562
6,2000,5,1.08491483661828
6,2001,5,1.02504412958547
6,2002,5,0.985561720488825
6,2003,5,0.815892555118795
6,2004,5,0.800947967629943
6,2005,5,1.27301421344528
6,2006,5,1.10255859268395
6,2007,5,1.04723715553264
6,2008,5,1.06625662204428
6,2009,5,0.827267379082583
6,2010,5,0.726593526588827
6,2011,5,1.25468732867103
6,2012,5,0.635708042732949
6,2013,5,0.778891502383397
6,2014,5,0.792699737709769
6,2015,5,0.742709659385605
6,2016,5,0.732758815776891
6,2017,5,1.39916445932658
6,2018,5,1.52647178069252
6,2019,5,0.379365098527093
6,2020,5,0.666659832764644
6,2021,5,0.730080348839839
6,2022,5,0.754588373194679
6,2023,5,1.21843092353619
6,2024,5,1.22991276021739
6,1964,6,0.978988785873836
6,1965,6,0.978988785873836
6,1966,6,1.00558612508715
6,1967,6,1.02432245928178
6,1968,6,1.06999011169731
6,1969,6,1.04901214383422
6,1970,6,1.09892713421174
6,1971,6,1.0851006776624
6,1972,6,1.09035225794004
6,1973,6,1.15931014420378
6,1974,6,1.15513856599275
6,1975,6,1.20464731964521
6,1976,6,1.10853748104544
6,1977,6,1.20738089728831
6,1978,6,1.09804786384753
6,1979,6,1.14045464786704
6,1980,6,1.27014370606514
6,1981,6,1.2796821657867
6,1982,6,1.40085247462132
6,1983,6,1.30641275580809
6,1984,6,1.23444042380305
6,1985,6,1.29029513169031
6,1986,6,1.27124640297529
6,1987,6,1.13317797765452
6,1988,6,1.22686555803333
6,1989,6,1.11932008987765
6,1990,6,1.3421569723315
6,1991,6,1.03749038439183
6,1992,6,1.08432732108681
6,1993,6,1.38329366626082
6,1994,6,1.2002673743619
6,1995,6,1.53171192139271
6,1996,6,1.4456546178282
6,1997,6,1.132136501632
6,1998,6,1.26405366208397
6,1999,6,0.972859456257878
6,2000,6,1.08593597640448
6,2001,6,1.3225875041764
6,2002,6,1.9009371441969
6,2003,6,1.54414038646139
6,2004,6,1.53848257531514
6,2005,6,1.62115021839885
6,2006,6,1.73007371857065
6,2007,6,1.5130345800938
6,2008,6,1.48181302724859
6,2009,6,1.06298812774955
6,2010,6,0.99843223162549
6,2011,6,1.47486928666072
6,2012,6,1.60734748955143
6,2013,6,1.13289303286778
6,2014,6,1.16873778898209
6,2015,6,1.31160084258713
6,2016,6,1.02750363342675
6,2017,6,1.26981336451608
6,2018,6,1.57308211049663
6,2019,6,2.16187014204185
6,2020,6,1.55702759053181
6,2021,6,1.19719081461508
6,2022,6,1.22063244012566
6,2023,6,1.44367285598273
6,2024,6,1.31537251321212
6,1964,7,1.03988703965214
6,1965,7,1.03988703965214
6,1966,7,1.02166033042061
6,1967,7,1.04096618469844
6,1968,7,1.03338688213583
6,1969,7,1.07088831411955
6,1970,7,1.07483051118409
6,1971,7,1.08326568673576
6,1972,7,1.11034689228022
6,1973,7,1.1153131063173
6,1974,7,1.12737322821394
6,1975,7,1.16770129570596
6,1976,7,1.15040152601653
6,1977,7,1.18107517491991
6,1978,7,1.20801470442663
6,1979,7,1.37541236573503
6,1980,7,1.45014277345769
6,1981,7,1.4485682840442
6,1982,7,1.40261171740317
6,1983,7,1.3622240826552
6,1984,7,1.39951604491043
6,1985,7,1.29557544430169
6,1986,7,1.17735323984914
6,1987,7,1.17124970124348
6,1988,7,1.37445309788889
6,1989,7,1.32044778020617
6,1990,7,1.19292461415616
6,1991,7,1.33368793615616
6,1992,7,1.74094050035905
6,1993,7,1.70642797247898
6,1994,7,1.40412023912548
6,1995,7,1.5329079643529
6,1996,7,1.94043247653034
6,1997,7,1.34688831393791
6,1998,7,1.32995159305651
6,1999,7,1.50976959226187
6,2000,7,1.66088712686436
6,2001,7,1.61482298217165
6,2002,7,1.85160777947886
6,2003,7,1.87879515288401
6,2004,7,1.43043164998338
6,2005,7,1.8694924556436
6,2006,7,1.54358249383638
6,2007,7,1.44684894716768
6,2008,7,1.4109049770371
6,2009,7,1.15887718843958
6,2010,7,1.22739387092182
6,2011,7,1.4123961010719
6,2012,7,1.45682215464972
6,2013,7,1.38404537285985
6,2014,7,1.46233284271062
6,2015,7,1.28731648793709
6,2016,7,1.20579572429383
6,2017,7,1.50709517116624
6,2018,7,1.58559996333448
6,2019,7,2.30205396800959
6,2020,7,1.8543698490702
6,2021,7,1.69639115669625
6,2022,7,1.4638779484994
6,2023,7,1.39195418741116
6,2024,7,1.31387859612223
6,1964,8,1.02415282752991
6,1965,8,1.02415282752991
6,1966,8,1.02467738981844
6,1967,8,1.05189714441622
6,1968,8,1.04441933443558
6,1969,8,1.12489075129971
6,1970,8,1.11480558960591
6,1971,8,1.08678029703849
6,1972,8,1.12250938706346
6,1973,8,1.15040562535046
6,1974,8,1.1069896268066
6,1975,8,1.14507772439105
6,1976,8,1.1477705034278
6,1977,8,1.19879096533828
6,1978,8,1.28161516698265
6,1979,8,1.28862261933287
6,1980,8,1.30085842498395
6,1981,8,1.32001836811564
6,1982,8,1.31556770684179
6,1983,8,1.30887002388435
6,1984,8,1.26686081281008
6,1985,8,1.17576943632682
6,1986,8,1.10465433373494
6,1987,8,1.27929751135381
6,1988,8,1.29243396329538
6,1989,8,1.24203735785973
6,1990,8,1.02146275195015
6,1991,8,1.42408365755885
6,1992,8,1.92944334066852
6,1993,8,1.69251974843365
6,1994,8,1.57908536693196
6,1995,8,1.80378693847521
6,1996,8,1.48637285575924
6,1997,8,1.47624401133068
6,1998,8,1.43384500900955
6,1999,8,1.60682801470458
6,2000,8,1.44887514195403
6,2001,8,1.54941016985078
6,2002,8,1.65597519059313
6,2003,8,1.81694373985625
6,2004,8,1.78062978578072
6,2005,8,1.39941520570548
6,2006,8,1.51920876070197
6,2007,8,1.33569770616915
6,2008,8,1.41529181742478
6,2009,8,1.28284352600649
6,2010,8,1.66079128990172
6,2011,8,1.5605956688818
6,2012,8,1.54738367689399
6,2013,8,1.49744885113161
6,2014,8,1.700060832942
6,2015,8,1.53626868650476
6,2016,8,1.44094411005445
6,2017,8,1.75546462688549
6,2018,8,1.57157370056019
6,2019,8,1.94606476360599
6,2020,8,1.65184133980128
6,2021,8,1.96244304945737
6,2022,8,2.2580483357468
6,2023,8,1.63699043872599
6,2024,8,1.3581719937982
7,1964,3,0.636612771310796
7,1965,3,0.636612771310796
7,1966,3,0.82460625383343
7,1967,3,0.907293360167054
7,1968,3,0.891384058515054
7,1969,3,0.862401005619779
7,1970,3,0.858262312077292
7,1971,3,0.786669786991326
7,1972,3,0.955048205496808
7,1973,3,1.21543269796294
7,1974,3,1.04523409311371
7,1975,3,1.10029999468161
7,1976,3,1.18960669633582
7,1977,3,0.698853057035339
7,1978,3,0.639441298258394
7,1979,3,0.641545319899023
7,1980,3,0.50879413177008
7,1981,3,0.525846817871733
7,1982,3,0.393462673616902
7,1983,3,0.298147820667912
7,1984,3,0.294940764402079
7,1985,3,0.247774829037752
7,1986,3,0.204752669741536
7,1987,3,0.174696153902121
7,1988,3,0.248478842743071
7,1989,3,0.209361570704551
7,1990,3,0.211972992272961
7,1991,3,0.153229829791004
7,1992,3,0.185349595724377
7,1993,3,0.125204682907722
7,1994,3,0.0788812834086602
7,1995,3,0.0650777155073402
7,1996,3,0.0738626023595632
7,1997,3,0.0890565776865178
7,1998,3,0.104152602564923
7,1999,3,0.264956411518651
7,2000,3,0.149502968125497
7,2001,3,0.101861639816371
7,2002,3,0.106193238094021
7,2003,3,0.1838338644806
7,2004,3,0.13162562425124
7,2005,3,0.0936300068081674
7,2006,3,0.118793950726515
7,2007,3,0.131899208660323
7,2008,3,0.0887038952666564
7,2009,3,0.0924273737487421
7,2010,3,0.0414631316778592
7,2011,3,0.0598564746197657
7,2012,3,0.0661069164650256
7,2013,3,0.0657358134288859
7,2014,3,0.0833845822035236
7,2015,3,0.194411277281789
7,2016,3,0.0621668242030094
7,2017,3,0.0319180863521262
7,2018,3,0.0254679551494372
7,2019,3,0.0353245404682805
7,2020,3,0.151214137214849
7,2021,3,0.269863951509394
7,2022,3,0.194007155892529
7,2023,3,0.187923429502746
7,2024,3,0.182179960368872
7,1964,4,2.27554435020312
7,1965,4,2.27554435020312
7,1966,4,1.94512811741352
7,1967,4,1.45034282014804
7,1968,4,1.33671288736316
7,1969,4,1.27343331009889
7,1970,4,1.23923215470598
7,1971,4,1.21073187799201
7,1972,4,1.39098048975999
7,1973,4,1.28407388778842
7,1974,4,1.37255024387233
7,1975,4,1.22434992597063
7,1976,4,1.21338740009631
7,1977,4,1.27790880812582
7,1978,4,1.16516154512469
7,1979,4,1.05644198828534
7,1980,4,1.39147829816956
7,1981,4,0.984450853785802
7,1982,4,0.994845052547273
7,1983,4,0.68491702609626
7,1984,4,0.508847616233041
7,1985,4,0.575759151313063
7,1986,4,0.47107548455062
7,1987,4,0.78184992021804
7,1988,4,0.736261496533844
7,1989,4,0.771148713054288
7,1990,4,0.86246067155603
7,1991,4,0.69856928404296
7,1992,4,0.363006358122647
7,1993,4,0.570125189432793
7,1994,4,0.392053804498846
7,1995,4,0.212933196484329
7,1996,4,0.15466403779434
7,1997,4,0.285298355157926
7,1998,4,0.279615541160469
7,1999,4,0.367516119426034
7,2000,4,0.472881872263113
7,2001,4,0.428864731841018
7,2002,4,0.46287968279724
7,2003,4,0.435498980389939
7,2004,4,0.732334554923933
7,2005,4,0.641276660931641
7,2006,4,0.574455118834175
7,2007,4,0.597131203320635
7,2008,4,0.41816338365549
7,2009,4,0.313813677996612
7,2010,4,0.479784960014191
7,2011,4,0.222706218783803
7,2012,4,0.34337536033067
7,2013,4,0.346312407489003
7,2014,4,0.324626968669472
7,2015,4,0.358258049378351
7,2016,4,1.04596015408591
7,2017,4,0.364947700016833
7,2018,4,0.131119905224627
7,2019,4,0.124266992884331
7,2020,4,0.321864468182037
7,2021,4,0.291619934788092
7,2022,4,0.506021049577328
7,2023,4,0.448782254601461
7,2024,4,0.439352667425851
7,1964,5,2.01063029772232
7,1965,5,2.01063029772232
7,1966,5,1.68766951940675
7,1967,5,1.66841932691495
7,1968,5,1.66076329275017
7,1969,5,1.57987135782547
7,1970,5,1.21586703510053
7,1971,5,1.05080244337165
7,1972,5,0.97163824879256
7,1973,5,0.851881353029906
7,1974,5,0.869712234975051
7,1975,5,0.863396789548625
7,1976,5,0.833239094997581
7,1977,5,0.82648672204999
7,1978,5,0.856931133451669
7,1979,5,1.22127998947727
7,1980,5,1.07155363220487
7,1981,5,0.919189098162911
7,1982,5,0.795439710394089
7,1983,5,1.19254834901988
7,1984,5,1.16646227677517
7,1985,5,1.01510417289305
7,1986,5,0.992769844543916
7,1987,5,0.879179632812318
7,1988,5,0.878909691770339
7,1989,5,0.937650666543036
7,1990,5,0.893920343423427
7,1991,5,0.780552717327957
7,1992,5,0.599308882054975
7,1993,5,0.56577396557961
7,1994,5,1.23233806936865
7,1995,5,0.862157602614636
7,1996,5,0.58765100647176
7,1997,5,0.442658317321836
7,1998,5,0.420766924507076
7,1999,5,0.660341742636973
7,2000,5,0.719814446355734
7,2001,5,0.973567376750195
7,2002,5,0.901228039971278
7,2003,5,1.16087978625184
7,2004,5,1.00931629610298
7,2005,5,1.62269336375134
7,2006,5,1.24312215381446
7,2007,5,1.24481371830169
7,2008,5,0.847783199960926
7,2009,5,0.723377032285219
7,2010,5,0.727214020333713
7,2011,5,1.12402001835258
7,2012,5,0.409192082994233
7,2013,5,0.684510048088192
7,2014,5,0.610435721829317
7,2015,5,0.558369184586093
7,2016,5,0.676571245766094
7,2017,5,1.22689318038855
7,2018,5,1.32853118463154
7,2019,5,0.32740656555607
7,2020,5,0.509414270978916
7,2021,5,0.61330860871884
7,2022,5,0.763348640553431
7,2023,5,1.01046414938184
7,2024,5,1.08885385032475
7,1964,6,0.965195262018989
7,1965,6,0.965195262018989
7,1966,6,0.983655772224965
7,1967,6,0.997266469347249
7,1968,6,1.05356504123686
7,1969,6,1.01817271022844
7,1970,6,0.99158512724529
7,1971,6,1.01872412033297
7,1972,6,1.05562245557778
7,1973,6,1.13582534858254
7,1974,6,1.29516387464423
7,1975,6,1.4139514452378
7,1976,6,1.40810961871704
7,1977,6,1.50114634914894
7,1978,6,1.57243559050047
7,1979,6,1.28858573881171
7,1980,6,1.16373229179416
7,1981,6,1.35084826908277
7,1982,6,1.42740122853729
7,1983,6,1.34710920485877
7,1984,6,1.39969524173511
7,1985,6,1.37357485497551
7,1986,6,1.49027082490723
7,1987,6,1.10793933754099
7,1988,6,1.11092512065816
7,1989,6,1.18911828642892
7,1990,6,1.21199260687949
7,1991,6,1.28710776870482
7,1992,6,1.19900573807149
7,1993,6,0.991410479874816
7,1994,6,1.06414168430074
7,1995,6,1.54940612137988
7,1996,6,1.3861198997839
7,1997,6,1.09894209252783
7,1998,6,1.38874151253625
7,1999,6,1.03363337848955
7,2000,6,0.959180955037187
7,2001,6,1.68631736046566
7,2002,6,1.84675849923645
7,2003,6,1.66945724723539
7,2004,6,1.2328923558158
7,2005,6,1.84398874682947
7,2006,6,1.99196689543314
7,2007,6,1.83021489970117
7,2008,6,1.32573028736762
7,2009,6,1.23430197115429
7,2010,6,1.08085943713799
7,2011,6,1.5142803789859
7,2012,6,1.32936520142415
7,2013,6,0.795498931937786
7,2014,6,1.05728551180257
7,2015,6,1.02300498202952
7,2016,6,0.933566126336976
7,2017,6,1.33187808049102
7,2018,6,1.5985275183078
7,2019,6,1.6654671829075
7,2020,6,1.43078839817419
7,2021,6,0.937187056918515
7,2022,6,0.925935917538293
7,2023,6,0.97615752492911
7,2024,6,1.04541809463736
7,1964,7,0.954261330567262
7,1965,7,0.954261330567262
7,1966,7,0.992744831149011
7,1967,7,1.01897528802867
7,1968,7,1.02195895855632
7,1969,7,1.02966978156886
7,1970,7,1.04229518630542
7,1971,7,1.0557485963917
7,1972,7,1.11302409246869
7,1973,7,1.21039868437294
7,1974,7,1.29162666838746
7,1975,7,1.29276093430585
7,1976,7,1.32035735581047
7,1977,7,1.38176932717607
7,1978,7,1.3746490707395
7,1979,7,1.22532515923372
7,1980,7,1.17110258657675
7,1981,7,1.23489709798341
7,1982,7,1.32149002486618
7,1983,7,1.28091822793403
7,1984,7,1.28892051720744
7,1985,7,1.35747715380214
7,1986,7,1.32104836227686
7,1987,7,1.18271198407778
7,1988,7,1.32894674741243
7,1989,7,1.46955884472158
7,1990,7,1.15411320229279
7,1991,7,1.17828483542315
7,1992,7,1.15156944486381
7,1993,7,1.18266897218361
7,1994,7,1.23742346326896
7,1995,7,1.38184624231971
7,1996,7,1.87982178949503
7,1997,7,1.64643878189342
7,1998,7,1.53128391290564
7,1999,7,1.46623206810724
7,2000,7,1.40830955664755
7,2001,7,1.75470223544258
7,2002,7,1.96985114705561
7,2003,7,1.99406652436176
7,2004,7,1.7885348584262
7,2005,7,1.88470777596721
7,2006,7,1.60635586211812
7,2007,7,1.63609909115733
7,2008,7,1.47252843740038
7,2009,7,1.32321837944959
7,2010,7,1.09274293577053
7,2011,7,1.32600776221053
7,2012,7,1.32774785300605
7,2013,7,1.18061037079695
7,2014,7,1.55634397134347
7,2015,7,1.27068845829456
7,2016,7,1.16124272903076
7,2017,7,1.43564484266487
7,2018,7,1.27542843488342
7,2019,7,2.1842265477598
7,2020,7,1.74301625536592
7,2021,7,1.86297712896499
7,2022,7,1.30442708073937
7,2023,7,1.01786334354229
7,2024,7,1.08472402664187
7,1964,8,0.962070033133181
7,1965,8,0.962070033133181
7,1966,8,1.01011052492196
7,1967,8,1.05510045184943
7,1968,8,1.05436213649914
7,1969,8,1.05894264565363
7,1970,8,1.10399064399579
7,1971,8,1.13875958598637
7,1972,8,1.17900847488962
7,1973,8,1.17960956193994
7,1974,8,1.20875545576737
7,1975,8,1.23736329418101
7,1976,8,1.281752233744
7,1977,8,1.27876750559613
7,1978,8,1.27882746680831
7,1979,8,1.2804693829833
7,1980,8,1.25332907495223
7,1981,8,1.2196812261641
7,1982,8,1.21946091978459
7,1983,8,1.23273045608525
7,1984,8,1.25805320835011
7,1985,8,1.29630949068348
7,1986,8,1.35351584071583
7,1987,8,1.35646701022383
7,1988,8,1.33927357102151
7,1989,8,1.20320438939051
7,1990,8,1.19805687591192
7,1991,8,1.09223829552522
7,1992,8,1.40306485914268
7,1993,8,1.41336538015729
7,1994,8,1.44819502889441
7,1995,8,1.68276785878159
7,1996,8,1.7767081501196
7,1997,8,1.68415080643682
7,1998,8,1.71502220150302
7,1999,8,1.50839351245974
7,2000,8,1.94625911490779
7,2001,8,1.67404160454534
7,2002,8,1.66821373071573
7,2003,8,1.70322348966063
7,2004,8,2.13053313078627
7,2005,8,1.7758865595987
7,2006,8,1.6862386751638
7,2007,8,1.37438035275613
7,2008,8,1.34693753968487
7,2009,8,1.20964441945622
7,2010,8,1.41684533245085
7,2011,8,1.45956089234923
7,2012,8,1.55708485175234
7,2013,8,1.56215475207376
7,2014,8,1.22172797204641
7,2015,8,1.27310972647217
7,2016,8,1.28283138165446
7,2017,8,1.35134006160452
7,2018,8,1.25466952291458
7,2019,8,1.68958888856772
7,2020,8,1.56521997602381
7,2021,8,1.82461365071342
7,2022,8,1.76549824425649
7,2023,8,1.57592499854531
7,2024,8,1.20767770697089
8,1964,3,0.704172188496721
8,1965,3,0.704172188496721
8,1966,3,0.911851076984069
8,1967,3,1.09416043282731
8,1968,3,0.848232514170555
8,1969,3,0.95522772521895
8,1970,3,0.997727820875851
8,1971,3,0.910326231870907
8,1972,3,0.909206198471758
8,1973,3,0.967179653121217
8,1974,3,0.993767585532923
8,1975,3,0.929772455367264
8,1976,3,0.650536287318274
8,1977,3,0.618604873908604
8,1978,3,0.640138324184848
8,1979,3,0.500896973344805
8,1980,3,0.311809632414337
8,1981,3,0.25860961013164
8,1982,3,0.170909362902909
8,1983,3,0.148500617920902
8,1984,3,0.138807805907581
8,1985,3,0.147573973447783
8,1986,3,0.210825212469915
8,1987,3,0.286295599812984
8,1988,3,0.300564450663411
8,1989,3,0.238933292223235
8,1990,3,0.20011487925729
8,1991,3,0.153532035353602
8,1992,3,0.172012588240099
8,1993,3,0.163196851432744
8,1994,3,0.0963639066640581
8,1995,3,0.0628410855514946
8,1996,3,0.0765018147433433
8,1997,3,0.0988969121076007
8,1998,3,0.132074013234312
8,1999,3,0.259145384286406
8,2000,3,0.207525019639548
8,2001,3,0.119751272717996
8,2002,3,0.151284956193843
8,2003,3,0.179320640042779
8,2004,3,0.0921036160194353
8,2005,3,0.112626928925844
8,2006,3,0.187183758807953
8,2007,3,0.154401799855514
8,2008,3,0.0941667854389019
8,2009,3,0.100509203316527
8,2010,3,0.0601727467690563
8,2011,3,0.0486202343765281
8,2012,3,0.0721967219494096
8,2013,3,0.0616814075798668
8,2014,3,0.0609749300636956
8,2015,3,0.161071188263927
8,2016,3,0.0501128748079391
8,2017,3,0.0374249704859883
8,2018,3,0.0348374737401202
8,2019,3,0.0502802920903036
8,2020,3,0.10039599140224
8,2021,3,0.253856814923513
8,2022,3,0.198114061706548
8,2023,3,0.143188002439103
8,2024,3,0.136593518812558
8,1964,4,2.15200045538075
8,1965,4,2.15200045538075
8,1966,4,1.88574003921908
8,1967,4,1.67309381554171
8,1968,4,1.54464663756095
8,1969,4,1.36946223458019
8,1970,4,1.37991648225234
8,1971,4,1.2620783978835
8,1972,4,1.25154515379682
8,1973,4,1.18950745962209
8,1974,4,1.50704368489656
8,1975,4,1.78327853088806
8,1976,4,1.80207201826798
8,1977,4,1.26042146891232
8,1978,4,0.934982341247688
8,1979,4,0.878745788969671
8,1980,4,0.776816056029876
8,1981,4,0.850532697248047
8,1982,4,0.793575229845045
8,1983,4,0.59341698443657
8,1984,4,0.542438946831745
8,1985,4,0.557925744484297
8,1986,4,0.560197211069375
8,1987,4,0.584989170658014
8,1988,4,0.528669834902923
8,1989,4,0.702390322667012
8,1990,4,0.634658994741459
8,1991,4,0.317601317813916
8,1992,4,0.362855209796409
8,1993,4,0.560588312583316
8,1994,4,0.474851128202128
8,1995,4,0.26403465802846
8,1996,4,0.130679102035806
8,1997,4,0.169528668353718
8,1998,4,0.213453720272983
8,1999,4,0.316351353528879
8,2000,4,0.46723495651732
8,2001,4,0.384619336958422
8,2002,4,0.365416856891243
8,2003,4,0.388852144785688
8,2004,4,0.771643454529053
8,2005,4,0.538441503503765
8,2006,4,0.531001917039987
8,2007,4,0.589560342675599
8,2008,4,0.389325512924114
8,2009,4,0.39885764747656
8,2010,4,0.597409322786268
8,2011,4,0.214242824601077
8,2012,4,0.337187275030303
8,2013,4,0.293144291356424
8,2014,4,0.265987696758392
8,2015,4,0.341952692542333
8,2016,4,0.959303148883367
8,2017,4,0.299669952000642
8,2018,4,0.163469104908289
8,2019,4,0.145483352238697
8,2020,4,0.217169265891353
8,2021,4,0.230453259285826
8,2022,4,0.481947187166995
8,2023,4,0.438939475268022
8,2024,4,0.417044870009552
8,1964,5,1.41938162022087
8,1965,5,1.41938162022087
8,1966,5,1.27003569676945
8,1967,5,1.24793560573058
8,1968,5,1.24583064668507
8,1969,5,1.39329859363462
8,1970,5,1.24097683580715
8,1971,5,1.14844505536861
8,1972,5,1.29003608605223
8,1973,5,1.25370957461159
8,1974,5,1.27016708291253
8,1975,5,1.34090939891999
8,1976,5,1.40738827946828
8,1977,5,1.4754039554142
8,1978,5,1.35841662813563
8,1979,5,1.46110749162193
8,1980,5,1.34455130196821
8,1981,5,1.25459574537755
8,1982,5,1.30539446614333
8,1983,5,1.19399801833351
8,1984,5,1.12800175265061
8,1985,5,0.925412626213341
8,1986,5,0.729432810428338
8,1987,5,0.656001105204619
8,1988,5,0.962325552446055
8,1989,5,0.897803780578415
8,1990,5,0.987262559960572
8,1991,5,0.615073655196361
8,1992,5,0.53673442191946
8,1993,5,0.609380051334602
8,1994,5,1.15645833347809
8,1995,5,0.731854517186246
8,1996,5,0.467302344817268
8,1997,5,0.499014358461368
8,1998,5,0.492013605780819
8,1999,5,0.577931532162973
8,2000,5,0.8741393383049
8,2001,5,1.08925898803014
8,2002,5,0.910595820562235
8,2003,5,0.849508361177977
8,2004,5,0.786305653503686
8,2005,5,1.44196129440028
8,2006,5,1.22259316729099
8,2007,5,1.27432575415508
8,2008,5,1.0561663374438
8,2009,5,0.760762417985535
8,2010,5,0.814553129796994
8,2011,5,1.1291525523791
8,2012,5,0.430919431450864
8,2013,5,0.641935529010151
8,2014,5,0.55683400527037
8,2015,5,0.439997912794716
8,2016,5,0.579972642619598
8,2017,5,0.966402091577197
8,2018,5,1.06742398726046
8,2019,5,0.411531964449938
8,2020,5,0.465268252889015
8,2021,5,0.519172785247178
8,2022,5,0.532616519372749
8,2023,5,1.05323976683645
8,2024,5,1.16843396219984
8,1964,6,1.14109987694908
8,1965,6,1.14109987694908
8,1966,6,1.15657555774066
8,1967,6,1.21351987149449
8,1968,6,1.11074944945745
8,1969,6,1.0437866199747
8,1970,6,1.02170997956158
8,1971,6,0.947682690677862
8,1972,6,1.03155457478268
8,1973,6,1.07580922130977
8,1974,6,1.12956083066711
8,1975,6,1.05491762447936
8,1976,6,1.10127633070594
8,1977,6,1.1960627852822
8,1978,6,1.27894913955455
8,1979,6,1.19059799313558
8,1980,6,1.48080910000898
8,1981,6,1.30023991760175
8,1982,6,1.1747605745442
8,1983,6,1.25685925176976
8,1984,6,1.16005350433377
8,1985,6,1.11758448276198
8,1986,6,1.12366439409498
8,1987,6,1.18528581289972
8,1988,6,1.45981875939488
8,1989,6,1.55749838066826
8,1990,6,1.35104086340045
8,1991,6,1.05182922575189
8,1992,6,1.02764892924002
8,1993,6,1.21239216014574
8,1994,6,1.37995013721246
8,1995,6,1.58835607440139
8,1996,6,1.40163069153014
8,1997,6,0.930983501027267
8,1998,6,1.11678095900778
8,1999,6,1.21148860950658
8,2000,6,1.15186661133133
8,2001,6,1.39030629249176
8,2002,6,1.76367688649663
8,2003,6,1.49547446813693
8,2004,6,1.48991530354732
8,2005,6,1.61229243175275
8,2006,6,1.73260512563257
8,2007,6,1.63423210115826
8,2008,6,1.52904829233183
8,2009,6,1.26003853707605
8,2010,6,0.995926319409858
8,2011,6,1.31172521085899
8,2012,6,1.13131303505963
8,2013,6,0.772219167502817
8,2014,6,1.04527954007681
8,2015,6,0.753835862697346
8,2016,6,0.807796893346618
8,2017,6,1.18501969280709
8,2018,6,1.20433703362001
8,2019,6,1.82370421260557
8,2020,6,1.33998690244332
8,2021,6,0.860437668368258
8,2022,6,0.859479849443826
8,2023,6,1.13033549062265
8,2024,6,1.14579509512113
8,1964,7,1.11679141920205
8,1965,7,1.11679141920205
8,1966,7,1.11661225580166
8,1967,7,1.10707472109194
8,1968,7,1.09156129172907
8,1969,7,1.06868106616816
8,1970,7,1.08081854491062
8,1971,7,1.02509477820511
8,1972,7,1.05938162440151
8,1973,7,1.08603235563259
8,1974,7,1.09356506991034
8,1975,7,1.07611444983031
8,1976,7,1.07466393694736
8,1977,7,1.16437618760438
8,1978,7,1.23511112384495
8,1979,7,1.29885660687651
8,1980,7,1.37245828384914
8,1981,7,1.38942235604363
8,1982,7,1.36662050213308
8,1983,7,1.31493280953855
8,1984,7,1.20827375476161
8,1985,7,1.16634007488351
8,1986,7,1.15186490745925
8,1987,7,1.30503671079009
8,1988,7,1.33104162001968
8,1989,7,1.53219452673547
8,1990,7,1.53567170750919
8,1991,7,1.2245986425876
8,1992,7,1.10419401374818
8,1993,7,1.48553230505926
8,1994,7,1.56051659372229
8,1995,7,1.72306833108722
8,1996,7,2.08153132486508
8,1997,7,1.53069491578574
8,1998,7,1.30656669123407
8,1999,7,1.39541460209247
8,2000,7,1.45187455225955
8,2001,7,1.42359724090455
8,2002,7,1.57716345958277
8,2003,7,1.99004638353272
8,2004,7,2.01902865311389
8,2005,7,1.50591330317842
8,2006,7,1.51537343039482
8,2007,7,1.91886015227756
8,2008,7,1.71695716096357
8,2009,7,1.49212638570823
8,2010,7,1.13593449583901
8,2011,7,1.1561342801794
8,2012,7,1.37892048632306
8,2013,7,1.32278745754784
8,2014,7,1.21152895720724
8,2015,7,0.870377915456365
8,2016,7,0.948376377583772
8,2017,7,1.34637484201219
8,2018,7,1.1484497328697
8,2019,7,2.37234424631312
8,2020,7,1.4976422718405
8,2021,7,1.07109911601658
8,2022,7,1.52703378856608
8,2023,7,1.29123135863928
8,2024,7,1.16462052833145
8,1964,8,1.11432083814127
8,1965,8,1.11432083814127
8,1966,8,1.08695653212857
8,1967,8,1.07472969360741
8,1968,8,1.09779026571711
8,1969,8,1.07985574760903
8,1970,8,1.09198813695088
8,1971,8,1.09816330292901
8,1972,8,1.09884787215201
8,1973,8,1.11353717095702
8,1974,8,1.09505411464867
8,1975,8,1.08366652638564
8,1976,8,1.09646561768703
8,1977,8,1.13575376206508
8,1978,8,1.22014988515508
8,1979,8,1.26994527301739
8,1980,8,1.30614765346913
8,1981,8,1.32511345993218
8,1982,8,1.3275606273633
8,1983,8,1.34044325054951
8,1984,8,1.3031517991848
8,1985,8,1.33311518778458
8,1986,8,1.28723930367438
8,1987,8,1.29411279050107
8,1988,8,1.26783082893927
8,1989,8,1.20668243411977
8,1990,8,1.12697835881274
8,1991,8,1.16503046923369
8,1992,8,1.24167345039291
8,1993,8,1.42649108719611
8,1994,8,1.56732368729853
8,1995,8,1.87651641590164
8,1996,8,1.93189394467489
8,1997,8,1.67793493754727
8,1998,8,1.51817180749715
8,1999,8,1.40712895512681
8,2000,8,1.56365999008404
8,2001,8,1.44954995118814
8,2002,8,1.65621199804061
8,2003,8,1.94285915535392
8,2004,8,1.78699385709095
8,2005,8,1.62855441031275
8,2006,8,1.24631122005951
8,2007,8,1.37468875517916
8,2008,8,1.61624880355459
8,2009,8,1.42568434663889
8,2010,8,1.36958511338121
8,2011,8,1.68843716451798
8,2012,8,1.41320539047873
8,2013,8,1.24273720842881
8,2014,8,1.26965598084607
8,2015,8,1.30069242492724
8,2016,8,1.34589727854527
8,2017,8,1.29259678863059
8,2018,8,1.43312793959006
8,2019,8,1.63242496451502
8,2020,8,1.35904494715021
8,2021,8,1.61109150032046
8,2022,8,1.92155708554493
8,2023,8,1.52109402659837
8,2024,8,1.281720961234
9,1964,3,0.63147224265268
9,1965,3,0.63147224265268
9,1966,3,0.725757711738767
9,1967,3,0.895278081229027
9,1968,3,1.11053579379728
9,1969,3,0.840564114421667
9,1970,3,0.733319236553223
9,1971,3,0.903723503997441
9,1972,3,0.896629280620106
9,1973,3,0.951268756322011
9,1974,3,0.862441912394293
9,1975,3,1.04810267824311
9,1976,3,0.852867882858213
9,1977,3,0.8148581131253
9,1978,3,0.94507835450298
9,1979,3,0.737783297763284
9,1980,3,0.502412390683094
9,1981,3,0.347286167599563
9,1982,3,0.25354140564486
9,1983,3,0.252133509488181
9,1984,3,0.183816086593476
9,1985,3,0.183359634620539
9,1986,3,0.179883484084925
9,1987,3,0.206954505171463
9,1988,3,0.244015045606682
9,1989,3,0.176108871110687
9,1990,3,0.151182287539676
9,1991,3,0.140721546256573
9,1992,3,0.154576326247133
9,1993,3,0.15678847445639
9,1994,3,0.0687880519946053
9,1995,3,0.0589855027523812
9,1996,3,0.0673796600707419
9,1997,3,0.0940603964727475
9,1998,3,0.121390520772077
9,1999,3,0.303738815103318
9,2000,3,0.170231771205916
9,2001,3,0.092363056258146
9,2002,3,0.113644411367686
9,2003,3,0.186999654255376
9,2004,3,0.12225768580676
9,2005,3,0.104547942861148
9,2006,3,0.125423195789578
9,2007,3,0.132715958137863
9,2008,3,0.107285450872378
9,2009,3,0.101049768985466
9,2010,3,0.0713051011691741
9,2011,3,0.0617653683019253
9,2012,3,0.0699802845502582
9,2013,3,0.0738805916794422
9,2014,3,0.0778730407165335
9,2015,3,0.182728929555771
9,2016,3,0.0504490326683608
9,2017,3,0.0391391792595398
9,2018,3,0.0352962765720766
9,2019,3,0.0599687959955065
9,2020,3,0.160394861770548
9,2021,3,0.357002789256591
9,2022,3,0.196545219967724
9,2023,3,0.142265179288602
9,2024,3,0.140684771946127
9,1964,4,1.08386423605379
9,1965,4,1.08386423605379
9,1966,4,1.36842697563483
9,1967,4,1.60465740206062
9,1968,4,2.02098957356662
9,1969,4,1.95238887764445
9,1970,4,1.64987018484817
9,1971,4,1.75152910208634
9,1972,4,1.56260710321765
9,1973,4,1.19372525795568
9,1974,4,1.41585298955073
9,1975,4,1.50134037118872
9,1976,4,1.47932992573365
9,1977,4,1.49187404466285
9,1978,4,1.22637403545206
9,1979,4,1.01563922295353
9,1980,4,0.766718934687747
9,1981,4,0.70768507525802
9,1982,4,0.730572024560068
9,1983,4,0.545555144272837
9,1984,4,0.491123640977965
9,1985,4,0.458313874569236
9,1986,4,0.500909640819087
9,1987,4,0.386472968851895
9,1988,4,0.357047369016397
9,1989,4,0.582570546114145
9,1990,4,0.689034026638495
9,1991,4,0.366101649369404
9,1992,4,0.292957814009255
9,1993,4,0.599809578137953
9,1994,4,0.407721582278348
9,1995,4,0.239534615691981
9,1996,4,0.138217351440961
9,1997,4,0.203166060456292
9,1998,4,0.306201467062093
9,1999,4,0.392083503987877
9,2000,4,0.505115834088879
9,2001,4,0.392780458094661
9,2002,4,0.404769406055933
9,2003,4,0.35656110290872
9,2004,4,0.722562008874528
9,2005,4,0.480282436422131
9,2006,4,0.451902795987203
9,2007,4,0.446802998214244
9,2008,4,0.561788338726587
9,2009,4,0.48025343368713
9,2010,4,0.691421002590049
9,2011,4,0.2842096838419
9,2012,4,0.411592286211442
9,2013,4,0.346532599407715
9,2014,4,0.343059019785032
9,2015,4,0.431234659039139
9,2016,4,0.992174209614781
9,2017,4,0.320722729610045
9,2018,4,0.169059678406654
9,2019,4,0.122685953912591
9,2020,4,0.340124093400633
9,2021,4,0.326154069985004
9,2022,4,0.525532033206984
9,2023,4,0.484219255810677
9,2024,4,0.498884976118992
9,1964,5,3.53589275267919
9,1965,5,3.53589275267919
9,1966,5,3.40916595495003
9,1967,5,2.48385086618218
9,1968,5,2.03347874941438
9,1969,5,1.97834786241824
9,1970,5,1.82074223803208
9,1971,5,2.09247664275521
9,1972,5,2.12315077228028
9,1973,5,1.66647137899709
9,1974,5,1.53124828071203
9,1975,5,1.4482351423905
9,1976,5,1.31876016919209
9,1977,5,1.02863144370009
9,1978,5,0.969925836706542
9,1979,5,0.830939911331052
9,1980,5,1.05759252360712
9,1981,5,1.21869600530361
9,1982,5,1.17883598523092
9,1983,5,1.07098038212619
9,1984,5,1.07215927448184
9,1985,5,0.786728396811431
9,1986,5,0.642356650330621
9,1987,5,0.660582737978586
9,1988,5,0.794843546783561
9,1989,5,0.926110085956886
9,1990,5,1.04255894317293
9,1991,5,0.970243673378548
9,1992,5,0.589373204860286
9,1993,5,0.613732341811287
9,1994,5,1.17867622406592
9,1995,5,0.644445219684898
9,1996,5,0.397205058255346
9,1997,5,0.430259692614756
9,1998,5,0.45568539272206
9,1999,5,0.55109529434925
9,2000,5,0.825762091579155
9,2001,5,1.21316448870286
9,2002,5,0.938618145124172
9,2003,5,1.03527215730096
9,2004,5,1.15056177218698
9,2005,5,1.23525227004409
9,2006,5,0.894555267150503
9,2007,5,0.943829217062932
9,2008,5,1.13680606462371
9,2009,5,1.02902867357189
9,2010,5,0.954320106033796
9,2011,5,1.31864738628407
9,2012,5,0.627174945960363
9,2013,5,0.857413454829886
9,2014,5,0.700376527277923
9,2015,5,0.547095081839883
9,2016,5,0.68385776022217
9,2017,5,1.28985606909118
9,2018,5,1.31704579332959
9,2019,5,0.412537453680469
9,2020,5,0.540962400884045
9,2021,5,0.605806008835416
9,2022,5,0.760237638563365
9,2023,5,1.40234203081417
9,2024,5,1.58760065188296
9,1964,6,1.13427721330721
9,1965,6,1.13427721330721
9,1966,6,1.05773846720159
9,1967,6,1.01627783990963
9,1968,6,0.971265646634555
9,1969,6,0.984171700953518
9,1970,6,1.00395193208673
9,1971,6,1.00289789384367
9,1972,6,0.986232810036131
9,1973,6,1.02231314493392
9,1974,6,0.988062367494493
9,1975,6,1.0125090689685
9,1976,6,1.07022118169848
9,1977,6,1.11518145441804
9,1978,6,1.11925623231366
9,1979,6,1.28416759270209
9,1980,6,1.3799821337581
9,1981,6,1.47215282240122
9,1982,6,1.30937975996997
9,1983,6,1.1534137449672
9,1984,6,1.16447049498506
9,1985,6,1.16254428028677
9,1986,6,1.25944095971545
9,1987,6,1.24640555573487
9,1988,6,1.44580752671138
9,1989,6,1.37761551529753
9,1990,6,1.42707232505726
9,1991,6,1.23513942385787
9,1992,6,1.43656465912525
9,1993,6,1.2361714719775
9,1994,6,1.09665387248796
9,1995,6,1.55245386266742
9,1996,6,1.1348876501057
9,1997,6,0.942441470531261
9,1998,6,1.3125744801614
9,1999,6,0.967168545370288
9,2000,6,0.982909913668449
9,2001,6,1.40607996553778
9,2002,6,1.99999890805621
9,2003,6,2.02476752175568
9,2004,6,1.7701117490891
9,2005,6,1.83256832702892
9,2006,6,1.40307880916795
9,2007,6,1.57122802420709
9,2008,6,1.89690015049572
9,2009,6,1.53092697219595
9,2010,6,1.20358147891154
9,2011,6,1.48297694423457
9,2012,6,1.53743843631149
9,2013,6,1.02413796475446
9,2014,6,1.13492907720192
9,2015,6,1.07775579973066
9,2016,6,0.912412907842484
9,2017,6,1.37831685494509
9,2018,6,1.62055620557763
9,2019,6,1.73982028887621
9,2020,6,1.51333835596119
9,2021,6,1.15998909315234
9,2022,6,1.23100493343885
9,2023,6,1.47798114528975
9,2024,6,1.1415130160321
9,1964,7,1.0365869172048
9,1965,7,1.0365869172048
9,1966,7,0.995188205013735
9,1967,7,1.01758265680129
9,1968,7,0.989046354921147
9,1969,7,1.03441334990643
9,1970,7,1.06982750548896
9,1971,7,1.01293026461432
9,1972,7,1.01102785197699
9,1973,7,1.07547900580163
9,1974,7,1.05261020803188
9,1975,7,1.07997582451011
9,1976,7,1.06497883173383
9,1977,7,1.11766578507175
9,1978,7,1.15616859054146
9,1979,7,1.24739380914984
9,1980,7,1.41620401579226
9,1981,7,1.30224991711074
9,1982,7,1.30238816642669
9,1983,7,1.26234245025516
9,1984,7,1.27035247670695
9,1985,7,1.41974074901226
9,1986,7,1.30192493450193
9,1987,7,1.44706607753995
9,1988,7,1.52991130873976
9,1989,7,1.43494407401552
9,1990,7,1.31924262531962
9,1991,7,1.51950846166614
9,1992,7,1.46409235472323
9,1993,7,1.36522013268537
9,1994,7,1.20476842967689
9,1995,7,1.3833721126594
9,1996,7,1.89583017631941
9,1997,7,1.27929866534883
9,1998,7,1.16734636367807
9,1999,7,1.35340193454134
9,2000,7,1.36866473277471
9,2001,7,1.45862868830362
9,2002,7,1.95602262872191
9,2003,7,1.92438224295167
9,2004,7,1.58629330746406
9,2005,7,1.49067040430329
9,2006,7,1.53584965569962
9,2007,7,1.55543725414712
9,2008,7,1.46764535951791
9,2009,7,1.40105675227439
9,2010,7,1.37965182808644
9,2011,7,1.34026377451412
9,2012,7,1.77141412421114
9,2013,7,1.55325746050882
9,2014,7,1.82795981868856
9,2015,7,1.07801365374877
9,2016,7,1.01744068500914
9,2017,7,1.42128999359543
9,2018,7,1.379190928938
9,2019,7,2.7898675039455
9,2020,7,1.56911037099054
9,2021,7,1.3702737229005
9,2022,7,1.3368334272737
9,2023,7,1.2078337060126
9,2024,7,1.17363875951408
9,1964,8,1.0342945363952
9,1965,8,1.0342945363952
9,1966,8,0.985479194152186
9,1967,8,1.00988551049399
9,1968,8,0.984575780472996
9,1969,8,1.00858924876697
9,1970,8,1.03908634800009
9,1971,8,1.00108418434917
9,1972,8,1.0131161935404
9,1973,8,1.06603336398693
9,1974,8,1.07359931233565
9,1975,8,1.07276884863901
9,1976,8,1.09025148528953
9,1977,8,1.1028947564479
9,1978,8,1.15391579038518
9,1979,8,1.23084471915864
9,1980,8,1.29549698903625
9,1981,8,1.35326885395074
9,1982,8,1.32115985727575
9,1983,8,1.32019901268542
9,1984,8,1.31068452660056
9,1985,8,1.37222542655164
9,1986,8,1.41753350498331
9,1987,8,1.47623501008176
9,1988,8,1.4283368423844
9,1989,8,1.48606938802404
9,1990,8,1.2427092957326
9,1991,8,1.32325259077029
9,1992,8,1.44224968237229
9,1993,8,1.1899620681092
9,1994,8,1.28455530544728
9,1995,8,1.48568664461689
9,1996,8,1.56080531388468
9,1997,8,1.49844256614878
9,1998,8,1.33981715328933
9,1999,8,1.48720068403768
9,2000,8,1.82963739115346
9,2001,8,1.75367719683853
9,2002,8,1.6827224568731
9,2003,8,2.05685105929183
9,2004,8,1.92117229187739
9,2005,8,1.59181349166375
9,2006,8,1.6174034502673
9,2007,8,1.58815877186224
9,2008,8,1.4162983911092
9,2009,8,1.50578617566955
9,2010,8,1.59158279178876
9,2011,8,1.49630345774785
9,2012,8,1.90848409934384
9,2013,8,1.78872102262825
9,2014,8,1.55723142473593
9,2015,8,1.45139464124219
9,2016,8,1.80701434515619
9,2017,8,1.43387355974051
9,2018,8,1.60860416186394
9,2019,8,2.07915789987557
9,2020,8,1.69606905442076
9,2021,8,1.94646756884128
9,2022,8,1.66447846253773
9,2023,8,1.49053856963423
9,2024,8,1.27490155436432
10,1964,3,0.444557272313336
10,1965,3,0.444557272313336
10,1966,3,0.382802919534626
10,1967,3,0.390152653136119
10,1968,3,0.417772216232359
10,1969,3,0.478315463651214
10,1970,3,0.647086000577884
10,1971,3,0.866225284664793
10,1972,3,0.901925330149491
10,1973,3,0.803542008673991
10,1974,3,0.877233042001614
10,1975,3,0.963389381858676
10,1976,3,0.91675249601962
10,1977,3,0.762980502912996
10,1978,3,0.61802380674497
10,1979,3,0.558798904317713
10,1980,3,0.4206933564881
10,1981,3,0.34553901548504
10,1982,3,0.249988790584448
10,1983,3,0.216010759864047
10,1984,3,0.235543445754279
10,1985,3,0.262417501970496
10,1986,3,0.285440697198092
10,1987,3,0.210199919378206
10,1988,3,0.173277072855054
10,1989,3,0.140170321984723
10,1990,3,0.128235103362741
10,1991,3,0.12977778638046
10,1992,3,0.164685626818294
10,1993,3,0.118493171364691
10,1994,3,0.0643594399578271
10,1995,3,0.0536272895249277
10,1996,3,0.0681952780856456
10,1997,3,0.0676374344243983
10,1998,3,0.0931602682655083
10,1999,3,0.221764111742284
10,2000,3,0.139792664931449
10,2001,3,0.0975113613557758
10,2002,3,0.109869482715705
10,2003,3,0.199967804241658
10,2004,3,0.117834146887046
10,2005,3,0.124953759315642
10,2006,3,0.136867219905734
10,2007,3,0.139039799773575
10,2008,3,0.0891135470628341
10,2009,3,0.0795498511858959
10,2010,3,0.0461766765688159
10,2011,3,0.0452171471830089
10,2012,3,0.0753043334851408
10,2013,3,0.0651146261731448
10,2014,3,0.0830115439436554
10,2015,3,0.190013774025456
10,2016,3,0.0620861207614823
10,2017,3,0.0389034659473797
10,2018,3,0.0412571049871033
10,2019,3,0.0544824896530661
10,2020,3,0.145017854723346
10,2021,3,0.314048817603917
10,2022,3,0.247260546093451
10,2023,3,0.210095631268964
10,2024,3,0.201569069249292
10,1964,4,1.93244920216076
10,1965,4,1.93244920216076
10,1966,4,1.65275382325246
10,1967,4,1.31376214767018
10,1968,4,1.2026380869909
10,1969,4,1.30253594449565
10,1970,4,1.2218429318317
10,1971,4,1.21031525891958
10,1972,4,1.25042219939571
10,1973,4,1.36072652173166
10,1974,4,1.43887816373196
10,1975,4,1.36675659804595
10,1976,4,1.48410503141164
10,1977,4,1.27652480916855
10,1978,4,1.18067363918181
10,1979,4,1.10117057513596
10,1980,4,0.934055060945343
10,1981,4,0.774796970241491
10,1982,4,0.584302811442199
10,1983,4,0.466549667309302
10,1984,4,0.396400259394378
10,1985,4,0.346000639693738
10,1986,4,0.334609483654825
10,1987,4,0.41081696553694
10,1988,4,0.422473268903627
10,1989,4,0.388069115666542
10,1990,4,0.353746118665554
10,1991,4,0.349369953395166
10,1992,4,0.370684061566429
10,1993,4,0.689274750662888
10,1994,4,0.342725777688634
10,1995,4,0.225862161750441
10,1996,4,0.153199872353603
10,1997,4,0.228137364517014
10,1998,4,0.274759920603525
10,1999,4,0.356959603321172
10,2000,4,0.446742436440566
10,2001,4,0.348284472713899
10,2002,4,0.344927423462982
10,2003,4,0.3879223365577
10,2004,4,0.88053820771608
10,2005,4,0.571510418987546
10,2006,4,0.603632617990794
10,2007,4,0.465519796741053
10,2008,4,0.385715784237673
10,2009,4,0.389566173644704
10,2010,4,0.547435616776484
10,2011,4,0.270448242541502
10,2012,4,0.353346087545809
10,2013,4,0.340682303343878
10,2014,4,0.343292464344982
10,2015,4,0.349768389372871
10,2016,4,1.03928095583553
10,2017,4,0.399639444043603
10,2018,4,0.209660592434673
10,2019,4,0.099382101854299
10,2020,4,0.37182040817931
10,2021,4,0.296931602857116
10,2022,4,0.45972704325561
10,2023,4,0.416348184737985
10,2024,4,0.391403467200418
10,1964,5,2.5238127383279
10,1965,5,2.5238127383279
10,1966,5,2.9820753487067
10,1967,5,2.87789344023707
10,1968,5,2.91723034075898
10,1969,5,2.81610211317111
10,1970,5,2.42885765388459
10,1971,5,1.97444698735843
10,1972,5,1.39989737097645
10,1973,5,1.2775636642767
10,1974,5,1.15362329454724
10,1975,5,1.13838866863085
10,1976,5,1.16055539124354
10,1977,5,1.33109648938277
10,1978,5,1.30700505960126
10,1979,5,0.819310398555896
10,1980,5,0.865342255785635
10,1981,5,0.893854559252293
10,1982,5,1.22004405843557
10,1983,5,1.18765258247685
10,1984,5,1.18568649940015
10,1985,5,1.01822545497654
10,1986,5,1.08226283405725
10,1987,5,0.946652266623082
10,1988,5,0.890561477126052
10,1989,5,0.957833662662348
10,1990,5,1.04324036183398
10,1991,5,0.70938638438163
10,1992,5,0.635333067620776
10,1993,5,0.532114461882771
10,1994,5,0.941903623664899
10,1995,5,0.697338888342806
10,1996,5,0.293794634245263
10,1997,5,0.38034583729496
10,1998,5,0.49549893579122
10,1999,5,0.677101752314798
10,2000,5,0.790686265721285
10,2001,5,1.02112140864741
10,2002,5,0.865675293899739
10,2003,5,0.872461819933403
10,2004,5,1.10733452430333
10,2005,5,1.50163725334897
10,2006,5,1.24638642191058
10,2007,5,1.14368484226709
10,2008,5,0.834470915636379
10,2009,5,0.809814846239136
10,2010,5,0.716967145401603
10,2011,5,1.1527301407131
10,2012,5,0.497294580034029
10,2013,5,0.663923111178878
10,2014,5,0.606193998825182
10,2015,5,0.564315944032945
10,2016,5,0.713722389088463
10,2017,5,1.28230341687727
10,2018,5,1.45533622281359
10,2019,5,0.467286580153681
10,2020,5,0.660898850156916
10,2021,5,0.517171647119818
10,2022,5,0.645451625202599
10,2023,5,1.01930023331466
10,2024,5,1.05021954290298
10,1964,6,0.993060181167129
10,1965,6,0.993060181167129
10,1966,6,0.982629193660526
10,1967,6,1.01763657943043
10,1968,6,1.03785527392636
10,1969,6,1.0530251547455
10,1970,6,1.12727797479919
10,1971,6,1.10912393495574
10,1972,6,1.19872606491952
10,1973,6,1.182224121758
10,1974,6,1.17150873675749
10,1975,6,1.21332107491967
10,1976,6,1.13192372915007
10,1977,6,1.09821974673088
10,1978,6,1.09778956885531
10,1979,6,1.3327132876385
10,1980,6,1.41775353734787
10,1981,6,1.3768364822595
10,1982,6,1.25444748275927
10,1983,6,1.13550844041189
10,1984,6,1.08553324526564
10,1985,6,1.15787126081589
10,1986,6,1.12148742451503
10,1987,6,1.14794128239502
10,1988,6,1.13285375104434
10,1989,6,1.2796680568458
10,1990,6,1.22084623910943
10,1991,6,0.997467317022182
10,1992,6,1.14945607558216
10,1993,6,1.15222630273699
10,1994,6,1.1907329901707
10,1995,6,1.41624093361377
10,1996,6,1.48692974089257
10,1997,6,0.827460599038054
10,1998,6,1.2088061420164
10,1999,6,0.778633153027997
10,2000,6,0.907849500554747
10,2001,6,1.53171328716847
10,2002,6,1.63070612243186
10,2003,6,1.43065808429322
10,2004,6,1.39705542815624
10,2005,6,1.45637451434598
10,2006,6,1.93678261283171
10,2007,6,1.76997135663096
10,2008,6,1.59462958601883
10,2009,6,1.12641155037814
10,2010,6,0.876198087104169
10,2011,6,1.10099343587612
10,2012,6,1.52229657304304
10,2013,6,0.970772893410068
10,2014,6,1.09211078858937
10,2015,6,0.978676451798469
10,2016,6,0.936573459178611
10,2017,6,1.28910237566538
10,2018,6,1.5055850074718
10,2019,6,1.79608591788582
10,2020,6,1.67641872112736
10,2021,6,1.22380456764548
10,2022,6,1.06648788897954
10,2023,6,1.17224104074212
10,2024,6,1.13061246098828
10,1964,7,1.02398804883343
10,1965,7,1.02398804883343
10,1966,7,1.00065563001376
10,1967,7,1.05702919640743
10,1968,7,1.03657456020816
10,1969,7,1.03582525495963
10,1970,7,1.07044518812624
10,1971,7,1.08529507467119
10,1972,7,1.11317882402564
10,1973,7,1.11724877956458
10,1974,7,1.11946419128419
10,1975,7,1.16559688391274
10,1976,7,1.15532647262279
10,1977,7,1.15592102224446
10,1978,7,1.22250399519606
10,1979,7,1.3936408212489
10,1980,7,1.42811393360449
10,1981,7,1.39387042157456
10,1982,7,1.2930524146715
10,1983,7,1.31113228371672
10,1984,7,1.31633570973101
10,1985,7,1.19550801362323
10,1986,7,1.26005057699444
10,1987,7,1.25700250516236
10,1988,7,1.31028410631145
10,1989,7,1.32054450802264
10,1990,7,1.29197382997535
10,1991,7,1.27734163656917
10,1992,7,1.41857401738543
10,1993,7,1.64442776105381
10,1994,7,1.67321297288686
10,1995,7,1.63131403496457
10,1996,7,1.72603929556933
10,1997,7,1.21430808841684
10,1998,7,1.15710057762056
10,1999,7,1.1839694961342
10,2000,7,1.26776402959704
10,2001,7,1.45351938012638
10,2002,7,1.74918122909537
10,2003,7,1.96618874256964
10,2004,7,1.59343963493585
10,2005,7,1.71061512303265
10,2006,7,1.8763058708958
10,2007,7,1.87363397393882
10,2008,7,1.74735983963236
10,2009,7,1.31011789323861
10,2010,7,1.19709575327795
10,2011,7,1.55449105362392
10,2012,7,1.54784250710941
10,2013,7,1.32195082176791
10,2014,7,1.18168180675629
10,2015,7,1.09318316863744
10,2016,7,1.09104620992133
10,2017,7,1.29297091813154
10,2018,7,1.30934480613654
10,2019,7,2.32139847926375
10,2020,7,2.04276681609002
10,2021,7,1.71486294359779
10,2022,7,1.31355177041408
10,2023,7,1.31353730247411
10,2024,7,1.27351662316716
10,1964,8,1.00608171224495
10,1965,8,1.00608171224495
10,1966,8,0.993795150714688
10,1967,8,1.03450716913459
10,1968,8,1.03240456917368
10,1969,8,1.02578660162151
10,1970,8,1.05008098832797
10,1971,8,1.07189178147851
10,1972,8,1.10113524536713
10,1973,8,1.09057074311914
10,1974,8,1.13721140883011
10,1975,8,1.18367042875711
10,1976,8,1.16728369657576
10,1977,8,1.19356129712342
10,1978,8,1.253653345572
10,1979,8,1.27709476752821
10,1980,8,1.31780093298279
10,1981,8,1.3583315420026
10,1982,8,1.30551924800841
10,1983,8,1.31959577623675
10,1984,8,1.30035176204489
10,1985,8,1.36087986237634
10,1986,8,1.24546803279993
10,1987,8,1.30917900762056
10,1988,8,1.23575812252421
10,1989,8,1.22477033424639
10,1990,8,1.30819259519012
10,1991,8,1.14221779081538
10,1992,8,1.30362970743125
10,1993,8,1.51233797680616
10,1994,8,1.69279372925045
10,1995,8,1.72852435384114
10,1996,8,1.7013988098408
10,1997,8,1.62763380190707
10,1998,8,1.48837089347473
10,1999,8,1.36593547527157
10,2000,8,1.83466716739635
10,2001,8,1.57929185435314
10,2002,8,1.74293938891905
10,2003,8,1.9047543708189
10,2004,8,1.80656891886775
10,2005,8,1.73035002560214
10,2006,8,1.68868213388706
10,2007,8,1.59761767826801
10,2008,8,1.72012819420652
10,2009,8,1.55994201287312
10,2010,8,1.23452202206422
10,2011,8,1.47645788599803
10,2012,8,1.56243019580719
10,2013,8,1.53497498856916
10,2014,8,1.52828964976198
10,2015,8,1.39827212301683
10,2016,8,1.36889384168828
10,2017,8,1.59699473673102
10,2018,8,1.76502418970704
10,2019,8,2.11029152391232
10,2020,8,1.69915159626977
10,2021,8,1.80061152946881
10,2022,8,1.96565897753976
10,2023,8,1.56217375155037
10,2024,8,1.35333901747653
11,1964,3,1.02706661370833
11,1965,3,1.02706661370833
11,1966,3,0.795899184456051
11,1967,3,0.78577662396446
11,1968,3,0.730521722382581
11,1969,3,0.705832493332998
11,1970,3,0.824696935301268
11,1971,3,1.00729664192803
11,1972,3,0.902577766536807
11,1973,3,0.887712713564235
11,1974,3,1.20460557083074
11,1975,3,1.35739317552809
11,1976,3,0.984390893805927
11,1977,3,0.904542355820408
11,1978,3,0.72072004249124
11,1979,3,0.578807834340015
11,1980,3,0.422510399993279
11,1981,3,0.343234956079143
11,1982,3,0.276682011565984
11,1983,3,0.21472777735419
11,1984,3,0.221177709052717
11,1985,3,0.240194959104986
11,1986,3,0.266400875292128
11,1987,3,0.297178563967443
11,1988,3,0.310917759737836
11,1989,3,0.234925888865805
11,1990,3,0.17868098428693
11,1991,3,0.130440198793752
11,1992,3,0.152308548885931
11,1993,3,0.108912243004592
11,1994,3,0.080980941545997
11,1995,3,0.0668399073117722
11,1996,3,0.0663926359996582
11,1997,3,0.0744458197160736
11,1998,3,0.107045482473609
11,1999,3,0.212371006133239
11,2000,3,0.132663872621357
11,2001,3,0.125402396306763
11,2002,3,0.127940211990303
11,2003,3,0.17990866665407
11,2004,3,0.112901334195211
11,2005,3,0.162060804118987
11,2006,3,0.191236997083438
11,2007,3,0.148166208496323
11,2008,3,0.104986569113355
11,2009,3,0.108561036183205
11,2010,3,0.0841289380161253
11,2011,3,0.0631897828556281
11,2012,3,0.0811928852918032
11,2013,3,0.0637521058048218
11,2014,3,0.0769608456876456
11,2015,3,0.199838913987879
11,2016,3,0.0521284618145046
11,2017,3,0.032895115412285
11,2018,3,0.0278007879494597
11,2019,3,0.050823660935757
11,2020,3,0.115908718247941
11,2021,3,0.303109014855613
11,2022,3,0.249802914366125
11,2023,3,0.226782993870711
11,2024,3,0.210217400431471
11,1964,4,2.49539742295097
11,1965,4,2.49539742295097
11,1966,4,2.48207965173771
11,1967,4,1.94186626581751
11,1968,4,1.77134122137873
11,1969,4,1.1075193913787
11,1970,4,1.04803712031204
11,1971,4,1.16087780593228
11,1972,4,1.3734502481339
11,1973,4,1.60072879828683
11,1974,4,2.03946314731229
11,1975,4,1.8850319360023
11,1976,4,1.57725624102142
11,1977,4,1.33522456254122
11,1978,4,1.26780274288304
11,1979,4,0.886121480653311
11,1980,4,0.697164457989826
11,1981,4,0.729709211785697
11,1982,4,0.576858140834041
11,1983,4,0.566691470724489
11,1984,4,0.421357958892378
11,1985,4,0.406928860919492
11,1986,4,0.371982053781118
11,1987,4,0.370028777507993
11,1988,4,0.506319480832113
11,1989,4,0.537781175029562
11,1990,4,0.538342833093998
11,1991,4,0.368174907784162
11,1992,4,0.328698494980789
11,1993,4,0.502479364311312
11,1994,4,0.324556999353663
11,1995,4,0.250185936434522
11,1996,4,0.156748583720426
11,1997,4,0.217071070343232
11,1998,4,0.204086931799039
11,1999,4,0.417815171775138
11,2000,4,0.636702376052073
11,2001,4,0.419258409008722
11,2002,4,0.4154573970658
11,2003,4,0.450986257533094
11,2004,4,0.715752113533059
11,2005,4,0.486165053969352
11,2006,4,0.477205308448313
11,2007,4,0.594410674587884
11,2008,4,0.457286656555136
11,2009,4,0.392123605365846
11,2010,4,0.65013586454951
11,2011,4,0.303978424189733
11,2012,4,0.429005890596199
11,2013,4,0.348460758375512
11,2014,4,0.274845656945889
11,2015,4,0.42323411486671
11,2016,4,1.05893226453134
11,2017,4,0.378835764188634
11,2018,4,0.199212552040633
11,2019,4,0.105482680295148
11,2020,4,0.289919240266862
11,2021,4,0.247191328967987
11,2022,4,0.567307317360713
11,2023,4,0.484559300862815
11,2024,4,0.463661494911479
11,1964,5,1.94454864106008
11,1965,5,1.94454864106008
11,1966,5,1.84811935419457
11,1967,5,1.81008211927296
11,1968,5,1.85660731602333
11,1969,5,1.83302014521617
11,1970,5,1.63704883219852
11,1971,5,1.51984286855215
11,1972,5,1.57699460742419
11,1973,5,1.3134433360739
11,1974,5,1.13028404751786
11,1975,5,1.14762217995623
11,1976,5,1.15337246090846
11,1977,5,1.10371990553221
11,1978,5,1.22984370092914
11,1979,5,1.32568367454533
11,1980,5,1.45879427580494
11,1981,5,1.30488769407163
11,1982,5,1.10656488717766
11,1983,5,1.10154246858737
11,1984,5,1.12145596499249
11,1985,5,0.930909776102109
11,1986,5,0.822041772031302
11,1987,5,0.568147736031913
11,1988,5,0.678659741549011
11,1989,5,0.978883303731466
11,1990,5,1.01921938542048
11,1991,5,0.613603375503643
11,1992,5,0.509568034950802
11,1993,5,0.585064025868885
11,1994,5,0.89675539127686
11,1995,5,0.680107160457992
11,1996,5,0.451173274693441
11,1997,5,0.503074420817682
11,1998,5,0.522675255199515
11,1999,5,0.519233499471844
11,2000,5,0.845392549203503
11,2001,5,1.05276777875801
11,2002,5,1.07366180104029
11,2003,5,1.16168326681215
11,2004,5,1.1452727407845
11,2005,5,1.56600067359048
11,2006,5,1.26724948217305
11,2007,5,1.14979683457112
11,2008,5,0.99735330520276
11,2009,5,0.972031912959002
11,2010,5,0.833048909208714
11,2011,5,1.30191280188286
11,2012,5,0.568434348192002
11,2013,5,0.632255117652301
11,2014,5,0.630798186034764
11,2015,5,0.606129171795499
11,2016,5,0.813668792536895
11,2017,5,1.09108151510656
11,2018,5,1.32319281100742
11,2019,5,0.397469698493254
11,2020,5,0.600969803609075
11,2021,5,0.607690362645208
11,2022,5,0.837880588052765
11,2023,5,1.58159931045252
11,2024,5,1.14806187906627
11,1964,6,0.899526151656783
11,1965,6,0.899526151656783
11,1966,6,0.93154571995975
11,1967,6,0.990787706903573
11,1968,6,1.01279096810952
11,1969,6,1.05945263480072
11,1970,6,1.07366095662922
11,1971,6,1.1026626719902
11,1972,6,1.08331934645408
11,1973,6,1.10738806474084
11,1974,6,1.09610940192996
11,1975,6,1.1405841244544
11,1976,6,1.18097786072215
11,1977,6,1.21602277043022
11,1978,6,1.20923511207363
11,1979,6,1.16025612072961
11,1980,6,1.36269145165852
11,1981,6,1.25336691359536
11,1982,6,1.24960660441755
11,1983,6,1.25796682186379
11,1984,6,1.31973598022027
11,1985,6,1.35497995722295
11,1986,6,1.52494456683051
11,1987,6,1.37527257369398
11,1988,6,1.174695742586
11,1989,6,1.27474219640746
11,1990,6,1.2907401412476
11,1991,6,0.864067699687056
11,1992,6,0.831536226917209
11,1993,6,0.847239896676854
11,1994,6,1.00571250287195
11,1995,6,1.40157502122335
11,1996,6,1.33464209319732
11,1997,6,1.14736721579117
11,1998,6,1.1328957788306
11,1999,6,1.00143924842679
11,2000,6,0.961289472139903
11,2001,6,1.62706798526619
11,2002,6,2.14000382308686
11,2003,6,1.63935918297019
11,2004,6,1.54056513920337
11,2005,6,1.88010524315851
11,2006,6,1.76893368389586
11,2007,6,1.91809602964307
11,2008,6,1.77534087593944
11,2009,6,1.67448719954837
11,2010,6,1.60527072891373
11,2011,6,1.46667044293006
11,2012,6,1.55842448951106
11,2013,6,0.901412977881202
11,2014,6,0.924783519374932
11,2015,6,1.02041860950895
11,2016,6,0.813706284742614
11,2017,6,1.11111079199893
11,2018,6,1.67371304417444
11,2019,6,1.73176284947638
11,2020,6,1.25377510658264
11,2021,6,0.971116278444249
11,2022,6,0.93060847420927
11,2023,6,1.40049261091902
11,2024,6,1.2422535296025
11,1964,7,0.947453114545887
11,1965,7,0.947453114545887
11,1966,7,0.96012990801787
11,1967,7,1.03221790723471
11,1968,7,1.02649382122317
11,1969,7,1.0707146023105
11,1970,7,1.09054883537727
11,1971,7,1.09348692723614
11,1972,7,1.09177179245367
11,1973,7,1.18602456578219
11,1974,7,1.09371516148601
11,1975,7,1.10629309646332
11,1976,7,1.14889129359192
11,1977,7,1.21328149890538
11,1978,7,1.23295783900545
11,1979,7,1.34226382651768
11,1980,7,1.29374300873254
11,1981,7,1.34377518164072
11,1982,7,1.41737224933371
11,1983,7,1.3798284254667
11,1984,7,1.21782971955888
11,1985,7,1.19518808300766
11,1986,7,1.16118092619176
11,1987,7,1.24806928101803
11,1988,7,1.37263014437631
11,1989,7,1.35719764431596
11,1990,7,1.34540492540799
11,1991,7,1.34243068365083
11,1992,7,1.307315113616
11,1993,7,1.33402375767908
11,1994,7,1.37907597878333
11,1995,7,1.36663120837266
11,1996,7,2.06283557839018
11,1997,7,1.45305959275479
11,1998,7,1.34756168107888
11,1999,7,1.48013302842023
11,2000,7,1.47433823770673
11,2001,7,1.6488712200544
11,2002,7,1.44200060731698
11,2003,7,1.67467979838681
11,2004,7,1.47136383974885
11,2005,7,1.82746681911144
11,2006,7,1.91127348260169
11,2007,7,1.80592646865221
11,2008,7,1.675511243433
11,2009,7,1.58113428709583
11,2010,7,1.47553682893977
11,2011,7,1.36273262621594
11,2012,7,1.38829437104384
11,2013,7,1.2420320774109
11,2014,7,1.37969254342847
11,2015,7,1.21786287031715
11,2016,7,1.109061947068
11,2017,7,1.26466260263347
11,2018,7,1.61061312421902
11,2019,7,2.52269373929586
11,2020,7,1.4436333259085
11,2021,7,1.32080674292282
11,2022,7,1.19455536418568
11,2023,7,1.07470009170625
11,2024,7,1.18960686980168
11,1964,8,0.943224015569251
11,1965,8,0.943224015569251
11,1966,8,0.959132926340735
11,1967,8,1.02262938146565
11,1968,8,1.03832266959097
11,1969,8,1.0909380408126
11,1970,8,1.10791086254071
11,1971,8,1.10521171789163
11,1972,8,1.11204663257639
11,1973,8,1.16254408554646
11,1974,8,1.08806508954119
11,1975,8,1.07895691323921
11,1976,8,1.15190867950604
11,1977,8,1.22755103888027
11,1978,8,1.21643535809759
11,1979,8,1.26189251808349
11,1980,8,1.25106422221814
11,1981,8,1.23743193069789
11,1982,8,1.33196488993556
11,1983,8,1.3368676950425
11,1984,8,1.31779222871192
11,1985,8,1.15810268027487
11,1986,8,1.08031737284461
11,1987,8,1.19248603427062
11,1988,8,1.2987316799886
11,1989,8,1.21480660683771
11,1990,8,1.13210901157619
11,1991,8,1.14847165024856
11,1992,8,1.45544469064881
11,1993,8,1.46272262947048
11,1994,8,1.40977953546127
11,1995,8,1.70683355939245
11,1996,8,1.73678268103594
11,1997,8,1.57322394556759
11,1998,8,1.60166500728034
11,1999,8,1.36646163599267
11,2000,8,1.6356870059386
11,2001,8,1.88262208031403
11,2002,8,1.65174488673962
11,2003,8,1.70389707937653
11,2004,8,1.95384658827001
11,2005,8,1.85162946306993
11,2006,8,1.79417472462264
11,2007,8,1.56620052325595
11,2008,8,1.69783375225359
11,2009,8,1.37136038434108
11,2010,8,1.32250214001771
11,2011,8,1.31883000796278
11,2012,8,1.36492355475048
11,2013,8,1.69980068950076
11,2014,8,1.44238868180895
11,2015,8,1.39745818303152
11,2016,8,1.49067836237486
11,2017,8,1.40948153784491
11,2018,8,1.49907793543246
11,2019,8,1.75873115985713
11,2020,8,1.26593749905138
11,2021,8,1.53277005575009
11,2022,8,2.03501168569837
11,2023,8,1.44214529780309
11,2024,8,1.29684341235109
12,1964,3,0.46249734675924
12,1965,3,0.46249734675924
12,1966,3,0.501625989292058
12,1967,3,0.45290870201047
12,1968,3,0.48280871126762
12,1969,3,0.634769663928097
12,1970,3,0.81183475443172
12,1971,3,0.788496859369165
12,1972,3,0.803494644269485
12,1973,3,0.758259867848241
12,1974,3,0.842758115369949
12,1975,3,1.01243553675308
12,1976,3,0.913660181602865
12,1977,3,0.808605680718407
12,1978,3,0.68794495395764
12,1979,3,0.577399929988006
12,1980,3,0.476158963563843
12,1981,3,0.330138138189713
12,1982,3,0.239424370416344
12,1983,3,0.188269354286953
12,1984,3,0.199155366564385
12,1985,3,0.195462408755708
12,1986,3,0.199529030783242
12,1987,3,0.205079715666914
12,1988,3,0.263261788965263
12,1989,3,0.20600201215668
12,1990,3,0.162682408317862
12,1991,3,0.126403434007337
12,1992,3,0.180477254318479
12,1993,3,0.19318905701446
12,1994,3,0.0897883524882493
12,1995,3,0.0690144507751992
12,1996,3,0.0724955918205713
12,1997,3,0.0887709388645741
12,1998,3,0.125185728318448
12,1999,3,0.202945732560346
12,2000,3,0.152549314437605
12,2001,3,0.0936595441958524
12,2002,3,0.10990435710955
12,2003,3,0.20735812857197
12,2004,3,0.106481087998779
12,2005,3,0.106844885915541
12,2006,3,0.126472284618913
12,2007,3,0.158336549794833
12,2008,3,0.102958768171158
12,2009,3,0.102619178153619
12,2010,3,0.0509888362425393
12,2011,3,0.0437146611394818
12,2012,3,0.0533394253161452
12,2013,3,0.0728811290033475
12,2014,3,0.0806012802900069
12,2015,3,0.196760299695519
12,2016,3,0.0539554022612262
12,2017,3,0.03634487143044
12,2018,3,0.0328725681795397
12,2019,3,0.0403182509505745
12,2020,3,0.111789026263165
12,2021,3,0.27201002808478
12,2022,3,0.217116522666823
12,2023,3,0.198761440039292
12,2024,3,0.210094441711978
12,1964,4,0.749044150045094
12,1965,4,0.749044150045094
12,1966,4,0.933557513643978
12,1967,4,1.03214483723494
12,1968,4,1.12115053245192
12,1969,4,0.983535542178567
12,1970,4,0.937338294761965
12,1971,4,0.885807318579255
12,1972,4,0.900481507499589
12,1973,4,0.882605342419964
12,1974,4,0.946003040161992
12,1975,4,1.08400378352178
12,1976,4,1.3643183960165
12,1977,4,1.2094483315995
12,1978,4,1.30887599537931
12,1979,4,1.14108091014255
12,1980,4,1.12437769619857
12,1981,4,0.815879751138872
12,1982,4,0.601084787459175
12,1983,4,0.634979235098082
12,1984,4,0.412253450230671
12,1985,4,0.323751989900615
12,1986,4,0.298171095854697
12,1987,4,0.274481734729018
12,1988,4,0.284540237605549
12,1989,4,0.398307773146198
12,1990,4,0.452442545414753
12,1991,4,0.391028653434215
12,1992,4,0.343465448979951
12,1993,4,0.692273078819843
12,1994,4,0.363673467278495
12,1995,4,0.213521000868117
12,1996,4,0.122491014312765
12,1997,4,0.192969679065667
12,1998,4,0.231833661299151
12,1999,4,0.41756316244781
12,2000,4,0.46693196667579
12,2001,4,0.399232302154864
12,2002,4,0.364734376208194
12,2003,4,0.436059388419664
12,2004,4,0.645326026600832
12,2005,4,0.437434155462925
12,2006,4,0.557835130936762
12,2007,4,0.445631950824148
12,2008,4,0.477709330455257
12,2009,4,0.472308855003457
12,2010,4,0.540793166256987
12,2011,4,0.222320831109705
12,2012,4,0.341458074034662
12,2013,4,0.367686385044174
12,2014,4,0.343185278132171
12,2015,4,0.378123070565803
12,2016,4,0.997213154125977
12,2017,4,0.300928845156852
12,2018,4,0.218347977120721
12,2019,4,0.110488436811968
12,2020,4,0.290280702604447
12,2021,4,0.258280807651195
12,2022,4,0.578532575901021
12,2023,4,0.37881744577298
12,2024,4,0.347375397690897
12,1964,5,2.59451710502582
12,1965,5,2.59451710502582
12,1966,5,2.57247214432052
12,1967,5,1.70332540412009
12,1968,5,1.40074241210414
12,1969,5,1.50271688615526
12,1970,5,1.58732235474166
12,1971,5,1.64412501239377
12,1972,5,1.88100293064399
12,1973,5,1.9242409227429
12,1974,5,1.84376440731411
12,1975,5,1.65501649832876
12,1976,5,1.6012408090591
12,1977,5,1.39557735468993
12,1978,5,1.393487556978
12,1979,5,1.65794125811284
12,1980,5,1.55039604306446
12,1981,5,1.30127830317226
12,1982,5,1.16871248410405
12,1983,5,0.939807539053624
12,1984,5,1.11314151784227
12,1985,5,0.878426605189016
12,1986,5,0.855045876467643
12,1987,5,0.883685147645632
12,1988,5,0.961916829954564
12,1989,5,0.927220978356134
12,1990,5,1.03937067908003
12,1991,5,0.936981377049701
12,1992,5,0.795720440721276
12,1993,5,0.595655168995697
12,1994,5,1.11909650987893
12,1995,5,0.774291565542176
12,1996,5,0.511186402944047
12,1997,5,0.427708771404022
12,1998,5,0.490282530456939
12,1999,5,0.447104943259131
12,2000,5,0.895061433803455
12,2001,5,1.18779733816015
12,2002,5,1.12927562489129
12,2003,5,0.91240523134897
12,2004,5,1.0511778828968
12,2005,5,1.60974838700758
12,2006,5,1.15518522846667
12,2007,5,1.03615606655889
12,2008,5,1.08070457444253
12,2009,5,0.852109028883387
12,2010,5,0.722302403312103
12,2011,5,1.12920764380767
12,2012,5,0.53869392300031
12,2013,5,0.682419343862328
12,2014,5,0.674075759934448
12,2015,5,0.590019741270877
12,2016,5,0.486146985494758
12,2017,5,1.14676412049804
12,2018,5,1.34831030217463
12,2019,5,0.303110774688966
12,2020,5,0.506774542710165
12,2021,5,0.569991414686193
12,2022,5,0.648531792314545
12,2023,5,1.1690392911429
12,2024,5,1.67444861383975
12,1964,6,1.30129522299326
12,1965,6,1.30129522299326
12,1966,6,1.23759671063868
12,1967,6,1.29875129258565
12,1968,6,1.41050531743021
12,1969,6,1.21917103461669
12,1970,6,1.22688422516464
12,1971,6,1.13738317728443
12,1972,6,1.10073569809666
12,1973,6,1.147652514056
12,1974,6,1.19950115178167
12,1975,6,1.25082799982552
12,1976,6,1.19052171037077
12,1977,6,1.29957585119234
12,1978,6,1.26471035312754
12,1979,6,1.23524577132553
12,1980,6,1.20282885959769
12,1981,6,1.34535737104973
12,1982,6,1.43998705137307
12,1983,6,1.41104542128902
12,1984,6,1.04360263556118
12,1985,6,1.30378537778477
12,1986,6,1.23955047731845
12,1987,6,1.25509757696513
12,1988,6,1.1407011527716
12,1989,6,1.29981432265952
12,1990,6,1.03065986243678
12,1991,6,0.996867286876172
12,1992,6,1.12941208547656
12,1993,6,0.997180421635882
12,1994,6,1.14661385338887
12,1995,6,1.58054564722535
12,1996,6,1.54511434425816
12,1997,6,1.19940536279053
12,1998,6,1.00765914289294
12,1999,6,1.05717039352402
12,2000,6,0.902783252384419
12,2001,6,1.92412817173365
12,2002,6,1.82830794922956
12,2003,6,1.82327442256264
12,2004,6,1.62071970406972
12,2005,6,1.88050974475588
12,2006,6,1.75713916849376
12,2007,6,1.3336662854781
12,2008,6,1.31429831587594
12,2009,6,1.38848695371388
12,2010,6,1.32676370292572
12,2011,6,1.29368358053115
12,2012,6,1.06826379442472
12,2013,6,0.796692214905877
12,2014,6,1.11123574794267
12,2015,6,0.970887362238838
12,2016,6,1.07236373931432
12,2017,6,1.33864180647766
12,2018,6,1.30962694742543
12,2019,6,1.3971926960387
12,2020,6,1.14146898053651
12,2021,6,0.882936419989114
12,2022,6,0.912091671953364
12,2023,6,1.02550316448821
12,2024,6,0.9510903374468
12,1964,7,1.29624017753142
12,1965,7,1.29624017753142
12,1966,7,1.20507750990999
12,1967,7,1.24990421976389
12,1968,7,1.23886256936224
12,1969,7,1.19074962216
12,1970,7,1.15717485910336
12,1971,7,1.14643067701631
12,1972,7,1.11738138705651
12,1973,7,1.17122704360192
12,1974,7,1.1788673488273
12,1975,7,1.19163572267031
12,1976,7,1.19440941132103
12,1977,7,1.25930180235044
12,1978,7,1.21649903437103
12,1979,7,1.23484648756208
12,1980,7,1.16369378409791
12,1981,7,1.28426105391556
12,1982,7,1.2605306257634
12,1983,7,1.19490934226951
12,1984,7,1.06432922667002
12,1985,7,1.11159537718386
12,1986,7,1.15193733981033
12,1987,7,1.07853755561317
12,1988,7,1.0823385048281
12,1989,7,1.09576588519367
12,1990,7,1.17472030119251
12,1991,7,1.23266354038165
12,1992,7,1.35542552313352
12,1993,7,1.36949880969541
12,1994,7,1.31902073586698
12,1995,7,1.55706334411969
12,1996,7,1.7099183317813
12,1997,7,1.55766835329264
12,1998,7,1.44837205255117
12,1999,7,1.66382194579699
12,2000,7,1.30806453543767
12,2001,7,1.61443335375129
12,2002,7,1.98964055141043
12,2003,7,1.95076002374788
12,2004,7,1.71006586280199
12,2005,7,1.66685865866876
12,2006,7,1.76162184382137
12,2007,7,1.51897075665603
12,2008,7,1.60322618321727
12,2009,7,1.35893903322958
12,2010,7,1.31595559893213
12,2011,7,1.13870548729472
12,2012,7,0.925766638525861
12,2013,7,1.12791546683106
12,2014,7,1.28132621291644
12,2015,7,1.10724490042118
12,2016,7,1.02226054224511
12,2017,7,1.18278237902239
12,2018,7,1.42896130993237
12,2019,7,1.66659253897769
12,2020,7,1.38378309250097
12,2021,7,1.35443181402711
12,2022,7,1.16181353113514
12,2023,7,0.909640509666118
12,2024,7,0.94731492116048
12,1964,8,1.18749030308545
12,1965,8,1.18749030308545
12,1966,8,1.15036198322668
12,1967,8,1.2033188603698
12,1968,8,1.19272435964037
12,1969,8,1.16987942465284
12,1970,8,1.15758808162417
12,1971,8,1.18682234473963
12,1972,8,1.13816457862973
12,1973,8,1.12934408310512
12,1974,8,1.15380690936741
12,1975,8,1.15424982830016
12,1976,8,1.15849684496476
12,1977,8,1.20520456176041
12,1978,8,1.22190829094476
12,1979,8,1.17913072238703
12,1980,8,1.20520105583337
12,1981,8,1.3082407850098
12,1982,8,1.24982430666906
12,1983,8,1.21381365665646
12,1984,8,1.20972481310369
12,1985,8,1.21602664571538
12,1986,8,1.18875445310806
12,1987,8,1.21482407855975
12,1988,8,1.0968949631794
12,1989,8,1.25019178361828
12,1990,8,1.41341683010453
12,1991,8,1.48383222294901
12,1992,8,1.69893743008256
12,1993,8,1.62631020321701
12,1994,8,1.45320664646341
12,1995,8,1.53555718365886
12,1996,8,1.8790497805931
12,1997,8,1.80042299800442
12,1998,8,1.99989409988248
12,1999,8,1.61844555076858
12,2000,8,1.78232943339373
12,2001,8,1.55369973040253
12,2002,8,1.54440358258083
12,2003,8,1.86855721922105
12,2004,8,1.97632039232287
12,2005,8,1.49821672774151
12,2006,8,1.62323791645159
12,2007,8,1.4954715206209
12,2008,8,1.56697491557417
12,2009,8,1.26029173442509
12,2010,8,1.20817069887154
12,2011,8,1.34198185193562
12,2012,8,1.33676279898024
12,2013,8,1.561309990322
12,2014,8,1.30256465529986
12,2015,8,1.34581182351053
12,2016,8,1.42093600063529
12,2017,8,1.31745769899821
12,2018,8,1.47555132672755
12,2019,8,1.61960358260182
12,2020,8,1.26902581157591
12,2021,8,1.50245668974252
12,2022,8,1.16970215461478
12,2023,8,1.08880117025163
12,2024,8,1.06124215549706
13,1964,3,0.486678362620847
13,1965,3,0.486678362620847
13,1966,3,0.441021025487914
13,1967,3,0.434517305229738
13,1968,3,0.40521206812672
13,1969,3,0.495701271742952
13,1970,3,0.57505117065878
13,1971,3,0.657276687339001
13,1972,3,0.618607562188336
13,1973,3,0.863736246336564
13,1974,3,1.09772364515913
13,1975,3,1.13905873635809
13,1976,3,1.02979727382933
13,1977,3,0.774385582613958
13,1978,3,0.749320147307645
13,1979,3,0.614208782114042
13,1980,3,0.42618711684915
13,1981,3,0.324817609958426
13,1982,3,0.239184065981074
13,1983,3,0.171086018387156
13,1984,3,0.174957525418989
13,1985,3,0.169285420950281
13,1986,3,0.210571814975943
13,1987,3,0.252311218654984
13,1988,3,0.255974003558301
13,1989,3,0.225089636542685
13,1990,3,0.174128765400251
13,1991,3,0.152415477740352
13,1992,3,0.188826516890828
13,1993,3,0.143408980447654
13,1994,3,0.0838813014330098
13,1995,3,0.061147245665962
13,1996,3,0.0554971199456337
13,1997,3,0.078187925213407
13,1998,3,0.114690480629385
13,1999,3,0.193638530637555
13,2000,3,0.11400148369618
13,2001,3,0.0864060916035417
13,2002,3,0.117270607147855
13,2003,3,0.190146992282088
13,2004,3,0.172872502003383
13,2005,3,0.15669824029159
13,2006,3,0.202092160956871
13,2007,3,0.184443216491217
13,2008,3,0.100662394808795
13,2009,3,0.099636438723847
13,2010,3,0.0652851995591203
13,2011,3,0.0491415835896181
13,2012,3,0.0558596278224163
13,2013,3,0.0643326010289876
13,2014,3,0.0860650131373999
13,2015,3,0.199550268642429
13,2016,3,0.0587682114488217
13,2017,3,0.0343131517060411
13,2018,3,0.0428286358380496
13,2019,3,0.0672483206105013
13,2020,3,0.145212117020468
13,2021,3,0.342168570160204
13,2022,3,0.23160787301842
13,2023,3,0.185573785702991
13,2024,3,0.173926457741598
13,1964,4,1.78440579252589
13,1965,4,1.78440579252589
13,1966,4,1.58716260868309
13,1967,4,1.41558324373681
13,1968,4,1.173185729217
13,1969,4,0.970073311274223
13,1970,4,0.895814847793343
13,1971,4,0.779319820381447
13,1972,4,0.824258866610036
13,1973,4,1.06143050028116
13,1974,4,1.02494300135829
13,1975,4,1.12405974289197
13,1976,4,1.07301048987807
13,1977,4,1.174108579123
13,1978,4,1.02221217383534
13,1979,4,1.06754649326406
13,1980,4,0.954858530496581
13,1981,4,0.812679233764396
13,1982,4,0.726078127221255
13,1983,4,0.795980508570362
13,1984,4,0.593320243977788
13,1985,4,0.54878680621264
13,1986,4,0.408387781539748
13,1987,4,0.403143794918879
13,1988,4,0.512281785110884
13,1989,4,0.558419243893355
13,1990,4,0.482427627787002
13,1991,4,0.36862411303368
13,1992,4,0.305995685120971
13,1993,4,0.58015694055345
13,1994,4,0.417987672015871
13,1995,4,0.209759726480373
13,1996,4,0.141865435717417
13,1997,4,0.232324278971515
13,1998,4,0.286901259257218
13,1999,4,0.406991067294662
13,2000,4,0.468662566489839
13,2001,4,0.427376071052078
13,2002,4,0.407108012459185
13,2003,4,0.429392889797563
13,2004,4,0.627892151356337
13,2005,4,0.631703766532231
13,2006,4,0.553938931465149
13,2007,4,0.641976363261232
13,2008,4,0.461744007111495
13,2009,4,0.453063792221166
13,2010,4,0.489204035052604
13,2011,4,0.213122887414595
13,2012,4,0.387010425529535
13,2013,4,0.365821432664921
13,2014,4,0.276107757454073
13,2015,4,0.408723428144613
13,2016,4,1.10677238474478
13,2017,4,0.316122596965549
13,2018,4,0.249808648267901
13,2019,4,0.163410935084449
13,2020,4,0.340163505373229
13,2021,4,0.3482111511296
13,2022,4,0.568653082744919
13,2023,4,0.588439821544572
13,2024,4,0.579293332735176
13,1964,5,0.874135319901372
13,1965,5,0.874135319901372
13,1966,5,0.892473590426957
13,1967,5,0.942672278728055
13,1968,5,0.939097519527563
13,1969,5,1.00288259240055
13,1970,5,0.970427215514302
13,1971,5,0.736333491873948
13,1972,5,0.8416629578677
13,1973,5,0.833568370524084
13,1974,5,0.716691371626548
13,1975,5,0.709864511203602
13,1976,5,0.783306321107087
13,1977,5,0.819687974552834
13,1978,5,0.884282471960042
13,1979,5,0.913003864871798
13,1980,5,0.968570563541453
13,1981,5,1.13066763807349
13,1982,5,1.46892440084726
13,1983,5,1.35667040410425
13,1984,5,1.24205058283806
13,1985,5,0.810469419563933
13,1986,5,0.946267812306866
13,1987,5,0.749190950401453
13,1988,5,0.819779812534419
13,1989,5,0.955265702686556
13,1990,5,0.701115120031034
13,1991,5,0.525534931051227
13,1992,5,0.453932225496838
13,1993,5,0.460775387974857
13,1994,5,1.23658776177148
13,1995,5,0.767500295305634
13,1996,5,0.504598051524896
13,1997,5,0.434728992412322
13,1998,5,0.503117132740274
13,1999,5,0.565596575427325
13,2000,5,0.893246095097202
13,2001,5,1.05056184893076
13,2002,5,0.929620370554393
13,2003,5,1.02310753582467
13,2004,5,1.17470610038811
13,2005,5,1.65284481703155
13,2006,5,1.13198147210359
13,2007,5,0.948067937766665
13,2008,5,0.958187665943496
13,2009,5,0.686159676600043
13,2010,5,0.82036369879735
13,2011,5,1.22725862782147
13,2012,5,0.481253914797449
13,2013,5,0.721030726139271
13,2014,5,0.716727103591861
13,2015,5,0.6034293953772
13,2016,5,0.590715421007842
13,2017,5,1.12190548865869
13,2018,5,1.58388136892443
13,2019,5,0.347080748685603
13,2020,5,0.700461993630999
13,2021,5,0.739682494518904
13,2022,5,0.801752042915108
13,2023,5,1.21017740151574
13,2024,5,1.18133774339409
13,1964,6,1.38264668034927
13,1965,6,1.38264668034927
13,1966,6,1.43852398621672
13,1967,6,1.36438967169791
13,1968,6,1.37565703192127
13,1969,6,1.34899058666506
13,1970,6,1.39112414248766
13,1971,6,1.179063920625
13,1972,6,1.1491985232619
13,1973,6,1.13063236940161
13,1974,6,1.22206864496006
13,1975,6,1.31155953278142
13,1976,6,1.45093693281371
13,1977,6,1.40126158554917
13,1978,6,1.3704392926853
13,1979,6,1.26651711042903
13,1980,6,1.37017866808878
13,1981,6,1.26785215655363
13,1982,6,1.12424087057884
13,1983,6,1.18126620562552
13,1984,6,1.09616431683266
13,1985,6,1.6187900796161
13,1986,6,1.29864302782597
13,1987,6,1.18326195962874
13,1988,6,1.22044258393415
13,1989,6,1.21530135998382
13,1990,6,1.4025374018006
13,1991,6,1.24887155490781
13,1992,6,1.29622828173159
13,1993,6,1.08168601223009
13,1994,6,1.17473150783992
13,1995,6,1.53140845745427
13,1996,6,1.30970068224058
13,1997,6,1.17877071951068
13,1998,6,1.25237653120028
13,1999,6,1.11994711498003
13,2000,6,0.875657348288143
13,2001,6,1.64603149050856
13,2002,6,1.77012601039472
13,2003,6,1.46019123896432
13,2004,6,1.70701659580182
13,2005,6,1.95574689296463
13,2006,6,1.6791394694264
13,2007,6,1.65325994906966
13,2008,6,1.52534793220603
13,2009,6,1.50585443919999
13,2010,6,1.05248769664431
13,2011,6,1.34165340696126
13,2012,6,1.52710841822136
13,2013,6,1.04654059200912
13,2014,6,1.11283343457715
13,2015,6,1.04449515867468
13,2016,6,0.876722583629813
13,2017,6,1.14527669715529
13,2018,6,1.40860519645062
13,2019,6,1.57487968632785
13,2020,6,1.56565582804767
13,2021,6,1.14724492388975
13,2022,6,1.35061341702949
13,2023,6,1.4240855148856
13,2024,6,1.17195481778323
13,1964,7,1.32905418848487
13,1965,7,1.32905418848487
13,1966,7,1.310906772676
13,1967,7,1.30887646151937
13,1968,7,1.33400172473664
13,1969,7,1.30326209672693
13,1970,7,1.26922973618042
13,1971,7,1.19048784453263
13,1972,7,1.13844144411155
13,1973,7,1.14087407420095
13,1974,7,1.26536538208794
13,1975,7,1.28004954352101
13,1976,7,1.30265095827888
13,1977,7,1.33455481348065
13,1978,7,1.34611949507472
13,1979,7,1.41911680179162
13,1980,7,1.47758714768908
13,1981,7,1.29859610238471
13,1982,7,1.23917592057864
13,1983,7,1.17301215099358
13,1984,7,1.28848690150072
13,1985,7,1.35570038697145
13,1986,7,1.37797696564876
13,1987,7,1.25257815095026
13,1988,7,1.34489935003569
13,1989,7,1.23627654482844
13,1990,7,1.31482352193342
13,1991,7,1.36812108748474
13,1992,7,1.23156557370993
13,1993,7,1.21597677806033
13,1994,7,1.29364275910009
13,1995,7,1.59814405095807
13,1996,7,1.77667054216198
13,1997,7,1.48511953007664
13,1998,7,1.47105833371444
13,1999,7,1.4516653257445
13,2000,7,1.42738492154186
13,2001,7,1.34092170511801
13,2002,7,1.53263525298955
13,2003,7,1.9701826203815
13,2004,7,2.01591944604813
13,2005,7,1.63112969172405
13,2006,7,1.55574084873343
13,2007,7,1.47843943259134
13,2008,7,1.34741486322121
13,2009,7,1.5475448049516
13,2010,7,1.45010064188324
13,2011,7,1.49281554261703
13,2012,7,1.51549323467716
13,2013,7,1.49084479154783
13,2014,7,1.34658963607916
13,2015,7,1.10076770993336
13,2016,7,0.995055443812318
13,2017,7,1.6103330452488
13,2018,7,2.0064872695817
13,2019,7,2.05267027917704
13,2020,7,1.87449887816405
13,2021,7,1.49145182814839
13,2022,7,1.61150154600159
13,2023,7,1.23373599893098
13,2024,7,1.20284626130215
13,1964,8,1.23367789011952
13,1965,8,1.23367789011952
13,1966,8,1.23487735583478
13,1967,8,1.25068868874193
13,1968,8,1.26501093992881
13,1969,8,1.26078699598367
13,1970,8,1.23770828039481
13,1971,8,1.23554846039987
13,1972,8,1.21319435877119
13,1973,8,1.25745233340052
13,1974,8,1.3118681913899
13,1975,8,1.25627234609458
13,1976,8,1.24997265793352
13,1977,8,1.25500277091788
13,1978,8,1.29474213812045
13,1979,8,1.32879379473906
13,1980,8,1.34208943847257
13,1981,8,1.32605907546785
13,1982,8,1.2603620697734
13,1983,8,1.24827885289167
13,1984,8,1.31462282850729
13,1985,8,1.27174386454891
13,1986,8,1.25129018175867
13,1987,8,1.2981838232584
13,1988,8,1.19292677543823
13,1989,8,1.30234145186159
13,1990,8,1.3539659365162
13,1991,8,1.13378239264332
13,1992,8,1.14239018204779
13,1993,8,1.26118551260595
13,1994,8,1.38363544414726
13,1995,8,1.55878039292017
13,1996,8,1.77515718538882
13,1997,8,1.62155274939568
13,1998,8,1.8532519095354
13,1999,8,1.87387398981734
13,2000,8,1.75282889378927
13,2001,8,1.74278999751025
13,2002,8,1.60737687717306
13,2003,8,1.99036503238448
13,2004,8,1.79040178491801
13,2005,8,1.54334942985805
13,2006,8,1.67069255381894
13,2007,8,1.20890904982282
13,2008,8,1.32603638794466
13,2009,8,1.36902814799638
13,2010,8,1.38500086727325
13,2011,8,1.40833620280792
13,2012,8,1.55079006562172
13,2013,8,1.55283780232383
13,2014,8,1.67144078058305
13,2015,8,0.997621190129553
13,2016,8,1.46743773863874
13,2017,8,1.31543957667835
13,2018,8,1.46917115720991
13,2019,8,1.89782893896023
13,2020,8,1.56518490816247
13,2021,8,1.90289166497109
13,2022,8,1.60137213387549
13,2023,8,1.35897531613474
13,2024,8,1.27004995813132
14,1964,3,0.625408991289918
14,1965,3,0.625408991289918
14,1966,3,0.669686633714464
14,1967,3,0.852773225013813
14,1968,3,0.877423236946655
14,1969,3,0.970381777905457
14,1970,3,1.07888213588546
14,1971,3,1.04729106158815
14,1972,3,1.2225932065292
14,1973,3,1.13468613065536
14,1974,3,1.44907080704296
14,1975,3,1.41922017092514
14,1976,3,0.911238971158397
14,1977,3,0.761445301082267
14,1978,3,0.656588748043407
14,1979,3,0.566635912187755
14,1980,3,0.381707353612833
14,1981,3,0.259431823034066
14,1982,3,0.225719951399981
14,1983,3,0.159775440633712
14,1984,3,0.176267652983457
14,1985,3,0.164204422625883
14,1986,3,0.184836246745419
14,1987,3,0.209913542854884
14,1988,3,0.215982688293196
14,1989,3,0.185538958040329
14,1990,3,0.159084980503251
14,1991,3,0.15274506111596
14,1992,3,0.178677519896828
14,1993,3,0.153738591579533
14,1994,3,0.0761405658467047
14,1995,3,0.0601856086656942
14,1996,3,0.0608303801147278
14,1997,3,0.122594926343916
14,1998,3,0.160007651409938
14,1999,3,0.280105838214216
14,2000,3,0.158116513003859
14,2001,3,0.0904518358290861
14,2002,3,0.0986220147001325
14,2003,3,0.156931467859052
14,2004,3,0.140769638896524
14,2005,3,0.132398292786725
14,2006,3,0.147446798949048
14,2007,3,0.161915654925091
14,2008,3,0.0831924509644917
14,2009,3,0.0996077524987181
14,2010,3,0.0581149699584957
14,2011,3,0.0471194777416724
14,2012,3,0.057835691569741
14,2013,3,0.0690648757476191
14,2014,3,0.0760021493069664
14,2015,3,0.166037289850117
14,2016,3,0.0487915894481632
14,2017,3,0.033964888626007
14,2018,3,0.0292395763285052
14,2019,3,0.0356198335551759
14,2020,3,0.151765588812411
14,2021,3,0.355285083845116
14,2022,3,0.309704110305837
14,2023,3,0.203218118067466
14,2024,3,0.189543405143626
14,1964,4,3.82918878767935
14,1965,4,3.82918878767935
14,1966,4,2.77270221656157
14,1967,4,2.44962193286877
14,1968,4,1.95146947648293
14,1969,4,1.6870767791896
14,1970,4,1.19948350286505
14,1971,4,0.979732551240704
14,1972,4,1.01273267150999
14,1973,4,1.10576467042671
14,1974,4,1.36326832737989
14,1975,4,1.32803755315697
14,1976,4,1.61611463683968
14,1977,4,1.59162188778067
14,1978,4,1.23322786402905
14,1979,4,1.0777589107999
14,1980,4,0.960168341026282
14,1981,4,0.903258292031963
14,1982,4,0.665971360758597
14,1983,4,0.531388608903607
14,1984,4,0.506109651645436
14,1985,4,0.476651768211894
14,1986,4,0.489850665088035
14,1987,4,0.494949633907152
14,1988,4,0.657621600397531
14,1989,4,0.708683824505798
14,1990,4,0.533795765574327
14,1991,4,0.440248027764236
14,1992,4,0.387804395195189
14,1993,4,0.566016062555249
14,1994,4,0.337920752805204
14,1995,4,0.230343521278739
14,1996,4,0.120927539017449
14,1997,4,0.20427415166997
14,1998,4,0.330290669947699
14,1999,4,0.432330951524597
14,2000,4,0.570506179153053
14,2001,4,0.369249702771994
14,2002,4,0.350959987061218
14,2003,4,0.428926542996893
14,2004,4,0.784895222338165
14,2005,4,0.609848967199531
14,2006,4,0.580095224976877
14,2007,4,0.425686530761052
14,2008,4,0.50977082148179
14,2009,4,0.361960355081203
14,2010,4,0.552771435869776
14,2011,4,0.245315548010653
14,2012,4,0.322716594923858
14,2013,4,0.334341969335123
14,2014,4,0.293344254763605
14,2015,4,0.372870317028034
14,2016,4,0.774184181186244
14,2017,4,0.376492253025102
14,2018,4,0.219562607328597
14,2019,4,0.0907808044380903
14,2020,4,0.322149407705569
14,2021,4,0.303851940953521
14,2022,4,0.667203851244455
14,2023,4,0.575174779179165
14,2024,4,0.55161941003602
14,1964,5,1.52262761875597
14,1965,5,1.52262761875597
14,1966,5,1.68409305842065
14,1967,5,1.75359921096438
14,1968,5,1.61718705908719
14,1969,5,1.59660739082032
14,1970,5,1.36110706795521
14,1971,5,1.23902480457013
14,1972,5,0.969422905658307
14,1973,5,0.935374166110735
14,1974,5,0.887357719236427
14,1975,5,0.843674532060952
14,1976,5,0.867686915693573
14,1977,5,0.981167581066428
14,1978,5,1.1628155664138
14,1979,5,1.25360722197656
14,1980,5,1.55255634586128
14,1981,5,1.35775398532643
14,1982,5,1.47883288927563
14,1983,5,1.25520535479353
14,1984,5,1.11949415464655
14,1985,5,1.01510519276948
14,1986,5,0.807007361831773
14,1987,5,0.920365898314773
14,1988,5,0.974440064117261
14,1989,5,0.892844787582724
14,1990,5,0.750559663940976
14,1991,5,0.731867796754926
14,1992,5,0.624486623721156
14,1993,5,0.532728689125649
14,1994,5,0.926923185354043
14,1995,5,0.83858283556035
14,1996,5,0.523916882831264
14,1997,5,0.508669352752784
14,1998,5,0.709016068868488
14,1999,5,0.599666220252473
14,2000,5,0.806477485195892
14,2001,5,0.936633297608874
14,2002,5,0.874467748899222
14,2003,5,0.908984397514448
14,2004,5,1.05946437045474
14,2005,5,1.30396583706241
14,2006,5,1.13863564372608
14,2007,5,0.994618372626214
14,2008,5,0.806467864611034
14,2009,5,0.720240640208302
14,2010,5,0.860235509749863
14,2011,5,1.19868456342545
14,2012,5,0.546506209924205
14,2013,5,0.737614463020079
14,2014,5,0.493269172233525
14,2015,5,0.523918990492276
14,2016,5,0.634228169546281
14,2017,5,1.21607313213053
14,2018,5,1.31155183383928
14,2019,5,0.457493134510366
14,2020,5,0.700693917642308
14,2021,5,0.695106664990253
14,2022,5,0.640861557302284
14,2023,5,1.4113474586206
14,2024,5,1.18186133626498
14,1964,6,0.801069231989345
14,1965,6,0.801069231989345
14,1966,6,0.905183277409297
14,1967,6,0.946184482805363
14,1968,6,1.0241324385732
14,1969,6,1.01383788470665
14,1970,6,1.04344509597909
14,1971,6,1.07329483681014
14,1972,6,1.09408753254214
14,1973,6,1.07603610011864
14,1974,6,1.16604748538143
14,1975,6,1.12257209967048
14,1976,6,1.16483220899727
14,1977,6,1.29424258397479
14,1978,6,1.4619371615275
14,1979,6,1.44522886569331
14,1980,6,1.4017949647653
14,1981,6,1.39766521444858
14,1982,6,1.27383641240506
14,1983,6,1.48742723275202
14,1984,6,1.42714628451174
14,1985,6,1.48608364481194
14,1986,6,1.55157886796881
14,1987,6,1.21789378488048
14,1988,6,1.23040809093068
14,1989,6,1.21416988775628
14,1990,6,1.0424574228783
14,1991,6,0.826309507821521
14,1992,6,0.88816506772584
14,1993,6,0.832957879600756
14,1994,6,1.24156768405729
14,1995,6,1.94308045338121
14,1996,6,1.66663146778541
14,1997,6,1.30832008933659
14,1998,6,1.47858164127817
14,1999,6,1.16403988411819
14,2000,6,1.16898132368541
14,2001,6,1.47653367698837
14,2002,6,1.4699182135129
14,2003,6,1.60282913135136
14,2004,6,1.37195940124685
14,2005,6,1.75633787981398
14,2006,6,1.56329825925701
14,2007,6,1.59849769271173
14,2008,6,1.30477692808581
14,2009,6,1.38957382628679
14,2010,6,1.25688144753295
14,2011,6,1.39306798165674
14,2012,6,1.35788695019898
14,2013,6,0.849998933457701
14,2014,6,0.976752136238341
14,2015,6,0.802892863802233
14,2016,6,0.958928900933294
14,2017,6,1.24096702931704
14,2018,6,1.67402744543283
14,2019,6,1.72138287428164
14,2020,6,1.36810472322881
14,2021,6,1.09130920067062
14,2022,6,0.897605638169962
14,2023,6,1.1850021024821
14,2024,6,1.11816330681837
14,1964,7,0.828858931397009
14,1965,7,0.828858931397009
14,1966,7,0.922882685887656
14,1967,7,0.942810552824246
14,1968,7,0.990440554498224
14,1969,7,1.01046619371115
14,1970,7,1.05588335125534
14,1971,7,1.08334050438607
14,1972,7,1.09063458172081
14,1973,7,1.06513332601426
14,1974,7,1.08527616013465
14,1975,7,1.12879156237963
14,1976,7,1.21527375022791
14,1977,7,1.21952814526177
14,1978,7,1.29324677878587
14,1979,7,1.29212523512851
14,1980,7,1.30383566460792
14,1981,7,1.40467065085081
14,1982,7,1.32578079116856
14,1983,7,1.32575074330404
14,1984,7,1.30148932036181
14,1985,7,1.41359967034225
14,1986,7,1.29067507952775
14,1987,7,1.1852705710661
14,1988,7,1.2079763986156
14,1989,7,1.29401268175669
14,1990,7,1.36421553533759
14,1991,7,1.19499494895793
14,1992,7,1.03663549133828
14,1993,7,1.13406181343877
14,1994,7,1.31819996650379
14,1995,7,1.3094909728164
14,1996,7,1.83952251835702
14,1997,7,1.71634426955147
14,1998,7,1.33523365176856
14,1999,7,1.62553782667398
14,2000,7,1.49173976568437
14,2001,7,1.34229455668162
14,2002,7,1.34325603614231
14,2003,7,2.147691552179
14,2004,7,1.90118675434832
14,2005,7,1.62895957711954
14,2006,7,1.66772492237536
14,2007,7,1.53552933747789
14,2008,7,1.42179890065131
14,2009,7,1.23236695070846
14,2010,7,1.14722848617543
14,2011,7,1.06088257563142
14,2012,7,1.14900032069598
14,2013,7,1.16065683369804
14,2014,7,1.35282931696758
14,2015,7,1.16848758622899
14,2016,7,1.1944810924662
14,2017,7,1.36194213474083
14,2018,7,1.54794173405745
14,2019,7,2.28972974934959
14,2020,7,1.84656562835848
14,2021,7,1.36153218309171
14,2022,7,1.56147025173601
14,2023,7,1.19500821564317
14,2024,7,1.13791604423999
14,1964,8,0.852470364061249
14,1965,8,0.852470364061249
14,1966,8,0.951471130944157
14,1967,8,0.95144702855266
14,1968,8,0.995383522691684
14,1969,8,1.02292067647907
14,1970,8,1.07551174343377
14,1971,8,1.10774735725583
14,1972,8,1.11897388781618
14,1973,8,1.13310152515358
14,1974,8,1.15129173738861
14,1975,8,1.16699606762226
14,1976,8,1.17967902640936
14,1977,8,1.20175522970378
14,1978,8,1.24025007511804
14,1979,8,1.2745483027931
14,1980,8,1.24786131872452
14,1981,8,1.27537416169969
14,1982,8,1.28386892904218
14,1983,8,1.28366080471854
14,1984,8,1.26152358622753
14,1985,8,1.18474169203599
14,1986,8,1.15073582021756
14,1987,8,1.25135682091716
14,1988,8,1.19570820228853
14,1989,8,1.37037475179249
14,1990,8,1.47631149617377
14,1991,8,1.19156964837888
14,1992,8,1.26192383854609
14,1993,8,1.49577497145257
14,1994,8,1.36670922810904
14,1995,8,1.57886717132256
14,1996,8,1.72282302913175
14,1997,8,1.71752608212708
14,1998,8,1.56762773628541
14,1999,8,1.65708985859939
14,2000,8,1.86154429394598
14,2001,8,1.72787012149891
14,2002,8,1.71529939750518
14,2003,8,1.62694669597082
14,2004,8,1.88398161498831
14,2005,8,1.55326275865084
14,2006,8,1.51777620090025
14,2007,8,1.4873008555933
14,2008,8,1.33389602418721
14,2009,8,1.02226163067478
14,2010,8,1.35601934749517
14,2011,8,1.2067043906143
14,2012,8,1.2483288997246
14,2013,8,1.58456650116718
14,2014,8,1.76444043256647
14,2015,8,1.45712273136309
14,2016,8,1.4951323738753
14,2017,8,1.27023788991874
14,2018,8,1.60391453236684
14,2019,8,1.8510158214383
14,2020,8,1.33909450084096
14,2021,8,1.70543440981231
14,2022,8,1.81541576368077
14,2023,8,1.59919235042221
14,2024,8,1.28305338796801
15,1964,3,0.420288123765198
15,1965,3,0.420288123765198
15,1966,3,0.473949023555752
15,1967,3,0.592527038148763
15,1968,3,0.573519968784736
15,1969,3,0.720907271245956
15,1970,3,0.788169912745069
15,1971,3,0.837747014298512
15,1972,3,0.94577853887956
15,1973,3,1.16970465346238
15,1974,3,1.35761237288481
15,1975,3,1.28713348320899
15,1976,3,1.37457129751547
15,1977,3,1.0585304181212
15,1978,3,1.0163525266996
15,1979,3,0.773892849503591
15,1980,3,0.516854638282337
15,1981,3,0.401234377529643
15,1982,3,0.352827035115443
15,1983,3,0.240593954803891
15,1984,3,0.231060602352016
15,1985,3,0.254518794787945
15,1986,3,0.288379392189189
15,1987,3,0.320761390954833
15,1988,3,0.295524856638899
15,1989,3,0.241560110176522
15,1990,3,0.197758261530545
15,1991,3,0.156958306448275
15,1992,3,0.168155267892681
15,1993,3,0.161564126420187
15,1994,3,0.107222128482036
15,1995,3,0.0820212507368058
15,1996,3,0.0839007055542753
15,1997,3,0.105787413280779
15,1998,3,0.139726102263343
15,1999,3,0.239550603854792
15,2000,3,0.140509520316417
15,2001,3,0.11893438134487
15,2002,3,0.113906573305042
15,2003,3,0.171582970154819
15,2004,3,0.110599445425003
15,2005,3,0.12820046870676
15,2006,3,0.196506524107181
15,2007,3,0.16237480550751
15,2008,3,0.119694819653347
15,2009,3,0.0893866469378441
15,2010,3,0.0493814272155677
15,2011,3,0.0428987197622667
15,2012,3,0.0567726459106181
15,2013,3,0.0615982391435835
15,2014,3,0.0593782894237168
15,2015,3,0.180807003467743
15,2016,3,0.0459035022494072
15,2017,3,0.0464340458392279
15,2018,3,0.0342192876956704
15,2019,3,0.0494473615712556
15,2020,3,0.147483282625121
15,2021,3,0.292551018795368
15,2022,3,0.238541315436312
15,2023,3,0.205273987687696
15,2024,3,0.211940441367987
15,1964,4,1.37515922626746
15,1965,4,1.37515922626746
15,1966,4,1.39340761728612
15,1967,4,1.38649619270774
15,1968,4,1.43676677405383
15,1969,4,1.91105063409157
15,1970,4,1.68306003076116
15,1971,4,1.24541639922165
15,1972,4,1.08953728646142
15,1973,4,1.12987352594462
15,1974,4,1.24332445657027
15,1975,4,1.50390216957818
15,1976,4,1.352467841412
15,1977,4,1.29361590538668
15,1978,4,1.00232693485943
15,1979,4,0.887314162031146
15,1980,4,0.984749555761164
15,1981,4,0.754606034109833
15,1982,4,0.712264436052411
15,1983,4,0.711962371333005
15,1984,4,0.642973289090373
15,1985,4,0.648641274895174
15,1986,4,0.587204320985184
15,1987,4,0.608095333752708
15,1988,4,0.704783060168048
15,1989,4,0.70939015071274
15,1990,4,0.60541972361046
15,1991,4,0.444760461489599
15,1992,4,0.357318812270467
15,1993,4,0.561500931890257
15,1994,4,0.499218219206221
15,1995,4,0.244925772798117
15,1996,4,0.119736702385036
15,1997,4,0.233120298303173
15,1998,4,0.246185842420795
15,1999,4,0.324758352906002
15,2000,4,0.527040264801345
15,2001,4,0.428515335174852
15,2002,4,0.347271860905026
15,2003,4,0.482869455146063
15,2004,4,0.686237970381652
15,2005,4,0.550136039846359
15,2006,4,0.498108494398562
15,2007,4,0.5329246244586
15,2008,4,0.354323342341584
15,2009,4,0.452126014771231
15,2010,4,0.623825998856696
15,2011,4,0.264945081297863
15,2012,4,0.367580587416747
15,2013,4,0.346095604811666
15,2014,4,0.291358051418357
15,2015,4,0.368539103451722
15,2016,4,1.07615119072215
15,2017,4,0.370111235632296
15,2018,4,0.222703818623243
15,2019,4,0.110639138034482
15,2020,4,0.297785716084901
15,2021,4,0.268308533189767
15,2022,4,0.562439561947535
15,2023,4,0.536800873924847
15,2024,4,0.53628450789562
15,1964,5,1.74356943987768
15,1965,5,1.74356943987768
15,1966,5,1.83914401962417
15,1967,5,1.78730348587446
15,1968,5,1.46614559523618
15,1969,5,1.26900743257405
15,1970,5,1.16816776507944
15,1971,5,1.23679050819688
15,1972,5,1.34037327375751
15,1973,5,1.27111300316868
15,1974,5,1.35433080128948
15,1975,5,1.25154549856783
15,1976,5,1.21360968286411
15,1977,5,1.13557399845307
15,1978,5,1.14234594036877
15,1979,5,1.29451858169367
15,1980,5,1.50081562494539
15,1981,5,1.54719257662822
15,1982,5,1.45648920247967
15,1983,5,1.30926492550877
15,1984,5,0.88103003375965
15,1985,5,0.682395495517352
15,1986,5,0.757522722104426
15,1987,5,1.03574316046262
15,1988,5,1.25739855735337
15,1989,5,1.12493148334569
15,1990,5,0.763856006576994
15,1991,5,0.540281677738537
15,1992,5,0.403846473884023
15,1993,5,0.459488794210363
15,1994,5,1.0186496208886
15,1995,5,0.711509033440336
15,1996,5,0.569591068224001
15,1997,5,0.327578462054728
15,1998,5,0.416940169371671
15,1999,5,0.480379866373971
15,2000,5,0.883378652251779
15,2001,5,1.07760815533753
15,2002,5,0.867570545359889
15,2003,5,0.864450251873812
15,2004,5,0.953403448081796
15,2005,5,1.54030053127762
15,2006,5,1.0379367604403
15,2007,5,1.09468280046459
15,2008,5,0.963354036533256
15,2009,5,0.930535376579906
15,2010,5,0.881415014329636
15,2011,5,1.23134188810805
15,2012,5,0.503464338710397
15,2013,5,0.631612223608068
15,2014,5,0.612111584327972
15,2015,5,0.5200780611061
15,2016,5,0.634641449434283
15,2017,5,1.25563547454732
15,2018,5,1.3090237243915
15,2019,5,0.275122778031863
15,2020,5,0.568074066385564
15,2021,5,0.534658500732836
15,2022,5,0.673403312513972
15,2023,5,1.17046924013666
15,2024,5,1.22828621022393
15,1964,6,1.23622216122781
15,1965,6,1.23622216122781
15,1966,6,1.23001723578657
15,1967,6,1.13070331632797
15,1968,6,1.15386952205939
15,1969,6,1.08823883417266
15,1970,6,1.07830147515386
15,1971,6,1.02310515695433
15,1972,6,0.979184794323721
15,1973,6,0.965896825812893
15,1974,6,0.93243940961141
15,1975,6,0.982773499790251
15,1976,6,1.02585581828493
15,1977,6,1.11590422228826
15,1978,6,1.16081177103928
15,1979,6,1.25004442327724
15,1980,6,1.32566569213722
15,1981,6,1.34350371960918
15,1982,6,1.30282540917042
15,1983,6,1.26513271864696
15,1984,6,1.64594648845878
15,1985,6,1.62083573497529
15,1986,6,1.62375236143196
15,1987,6,1.19192314046972
15,1988,6,0.949110636527753
15,1989,6,1.27258539173263
15,1990,6,1.27703815810843
15,1991,6,1.12158688228684
15,1992,6,1.04448243291101
15,1993,6,1.10453664407378
15,1994,6,1.31210547934595
15,1995,6,1.73213969928589
15,1996,6,1.43159139855883
15,1997,6,0.917448686001385
15,1998,6,0.996316044509601
15,1999,6,0.967256497429828
15,2000,6,0.959769444390906
15,2001,6,1.39632020774318
15,2002,6,1.61752331190852
15,2003,6,1.5221497307272
15,2004,6,1.50343838051229
15,2005,6,1.80758937055721
15,2006,6,1.57588549735606
15,2007,6,1.69943701792331
15,2008,6,1.43058113869817
15,2009,6,1.46440728293944
15,2010,6,1.29726438475231
15,2011,6,1.26507791223277
15,2012,6,1.30922148363396
15,2013,6,0.779960283076873
15,2014,6,0.867113997742614
15,2015,6,0.836889949398
15,2016,6,0.779449187083542
15,2017,6,1.18173838454054
15,2018,6,1.43485184818685
15,2019,6,1.78762278794925
15,2020,6,1.36045639246448
15,2021,6,0.941791657707189
15,2022,6,1.08598836280203
15,2023,6,1.13028333791308
15,2024,6,1.20397101081218
15,1964,7,1.2807040643288
15,1965,7,1.2807040643288
15,1966,7,1.20074992548468
15,1967,7,1.15034451945266
15,1968,7,1.16672052841438
15,1969,7,1.08144431585714
15,1970,7,1.05285559356984
15,1971,7,0.999140916481426
15,1972,7,0.975392065302316
15,1973,7,0.983934249941394
15,1974,7,0.974275202125961
15,1975,7,0.976466942622727
15,1976,7,1.02413348052162
15,1977,7,1.09897049372944
15,1978,7,1.17934688845361
15,1979,7,1.30425959302595
15,1980,7,1.30356133672897
15,1981,7,1.33810055356845
15,1982,7,1.38735864258648
15,1983,7,1.46478391421345
15,1984,7,1.45278641551613
15,1985,7,1.50002921901067
15,1986,7,1.41679416751842
15,1987,7,1.24455867751696
15,1988,7,1.25035759080487
15,1989,7,1.33677957769801
15,1990,7,1.42562361527587
15,1991,7,1.5231314291677
15,1992,7,1.3730860692446
15,1993,7,1.27793789287299
15,1994,7,1.48236711164189
15,1995,7,1.40364954223822
15,1996,7,1.62605242810793
15,1997,7,1.39980037302694
15,1998,7,1.18131977154261
15,1999,7,1.18102942323303
15,2000,7,1.38228313433488
15,2001,7,1.39028567437653
15,2002,7,1.59094631125243
15,2003,7,1.93071647728869
15,2004,7,1.60979366959827
15,2005,7,1.76261427560135
15,2006,7,1.6638779752822
15,2007,7,1.86845853646955
15,2008,7,1.57089021859706
15,2009,7,1.32264788319334
15,2010,7,1.29514177285376
15,2011,7,1.49772909857406
15,2012,7,1.42153349580141
15,2013,7,1.04303090501065
15,2014,7,1.29353117816262
15,2015,7,1.04629989385348
15,2016,7,1.05432905254549
15,2017,7,1.18338655689213
15,2018,7,1.37772990681796
15,2019,7,2.38619000737937
15,2020,7,1.74379575120859
15,2021,7,1.28659183465728
15,2022,7,1.14763650734098
15,2023,7,1.06757250429811
15,2024,7,1.19725866906456
15,1964,8,1.21635927987357
15,1965,8,1.21635927987357
15,1966,8,1.19821055319347
15,1967,8,1.14164406139486
15,1968,8,1.1322826408312
15,1969,8,1.07320426497001
15,1970,8,1.05775325438064
15,1971,8,1.04897131811593
15,1972,8,1.0161704983931
15,1973,8,1.01856164849174
15,1974,8,1.02237071122979
15,1975,8,1.02043682293999
15,1976,8,1.03013437756655
15,1977,8,1.10122639664735
15,1978,8,1.19297509217724
15,1979,8,1.22180134762823
15,1980,8,1.2140397544963
15,1981,8,1.29394373736796
15,1982,8,1.30216957020571
15,1983,8,1.33488734018077
15,1984,8,1.31918145023744
15,1985,8,1.36069530065944
15,1986,8,1.19944405672438
15,1987,8,1.28153391106322
15,1988,8,1.30737124196653
15,1989,8,1.26250354450143
15,1990,8,1.46449989804823
15,1991,8,1.30916632425475
15,1992,8,1.45333129767917
15,1993,8,1.66019172342862
15,1994,8,1.66862982003016
15,1995,8,1.51804534692708
15,1996,8,1.7527235386434
15,1997,8,1.62362828075616
15,1998,8,1.40105573202555
15,1999,8,1.34421352090779
15,2000,8,1.66736319841215
15,2001,8,1.4887198158122
15,2002,8,1.51853263729983
15,2003,8,1.85481139724377
15,2004,8,2.00880935902214
15,2005,8,1.58958450253546
15,2006,8,1.77988538475799
15,2007,8,1.28942873164204
15,2008,8,1.2801739983221
15,2009,8,1.43885626534916
15,2010,8,1.50227203907703
15,2011,8,1.4326061486037
15,2012,8,1.42537871990481
15,2013,8,1.25931914985677
15,2014,8,1.11191028927405
15,2015,8,1.20458399680963
15,2016,8,1.16690694688204
15,2017,8,1.18803166181528
15,2018,8,1.34618955841815
15,2019,8,1.80241272354651
15,2020,8,1.20808366033487
15,2021,8,1.68621438349022
15,2022,8,1.60437489180638
15,2023,8,1.40138464561908
15,2024,8,1.23882820097343
16,1964,3,0.437355251027059
16,1965,3,0.437355251027059
16,1966,3,0.56588439997107
16,1967,3,0.758129467545139
16,1968,3,0.992011834764949
16,1969,3,0.947809550793869
16,1970,3,1.09441895158693
16,1971,3,1.17125610759038
16,1972,3,1.47575942092228
16,1973,3,1.28163355335533
16,1974,3,1.21976830451696
16,1975,3,1.2675393817293
16,1976,3,1.38499122187896
16,1977,3,1.05230091749711
16,1978,3,0.641846860437865
16,1979,3,0.538063565275779
16,1980,3,0.465417447681942
16,1981,3,0.30842966523085
16,1982,3,0.296075913436166
16,1983,3,0.212871064293986
16,1984,3,0.21084085316744
16,1985,3,0.165595546771794
16,1986,3,0.163241562985471
16,1987,3,0.207855930137439
16,1988,3,0.272774731439762
16,1989,3,0.266622484490676
16,1990,3,0.227353581729491
16,1991,3,0.159459552364603
16,1992,3,0.155087729891215
16,1993,3,0.11598459682464
16,1994,3,0.0723119716233039
16,1995,3,0.0729022591649881
16,1996,3,0.0856118079749589
16,1997,3,0.116106680448526
16,1998,3,0.15019745798738
16,1999,3,0.263523862145908
16,2000,3,0.123341415802648
16,2001,3,0.103343748075247
16,2002,3,0.113508783372923
16,2003,3,0.179968082820111
16,2004,3,0.107190791557463
16,2005,3,0.12605277985022
16,2006,3,0.122924924894911
16,2007,3,0.122428094470068
16,2008,3,0.104030265788294
16,2009,3,0.0902661610571436
16,2010,3,0.0676616076026538
16,2011,3,0.0560297598849078
16,2012,3,0.0557425443149897
16,2013,3,0.0618150386077327
16,2014,3,0.0680275036929233
16,2015,3,0.165899353459385
16,2016,3,0.0436688933528083
16,2017,3,0.0326883256772348
16,2018,3,0.0304127823189051
16,2019,3,0.0484823383597758
16,2020,3,0.125222827268761
16,2021,3,0.366831916083096
16,2022,3,0.28465805531611
16,2023,3,0.183721214974292
16,2024,3,0.182919598485973
16,1964,4,1.37051769635037
16,1965,4,1.37051769635037
16,1966,4,1.67247293940855
16,1967,4,1.56915308993161
16,1968,4,1.4321540518888
16,1969,4,1.25030753645683
16,1970,4,1.15085812675071
16,1971,4,1.39546325787005
16,1972,4,1.35218389857138
16,1973,4,1.22028710649855
16,1974,4,0.936700422396939
16,1975,4,0.84633851289728
16,1976,4,0.687936992566386
16,1977,4,0.737946960219975
16,1978,4,0.728827977493859
16,1979,4,0.742960445036336
16,1980,4,0.648390360916921
16,1981,4,0.703011754468139
16,1982,4,0.661679347713748
16,1983,4,0.500545762517631
16,1984,4,0.466356663455352
16,1985,4,0.497975220901615
16,1986,4,0.491079088217016
16,1987,4,0.499382272729256
16,1988,4,0.52809733000537
16,1989,4,0.574475875336923
16,1990,4,0.536298587080246
16,1991,4,0.462542045168935
16,1992,4,0.372961118445221
16,1993,4,0.613612732765841
16,1994,4,0.384044952967195
16,1995,4,0.180844024221989
16,1996,4,0.121386185798482
16,1997,4,0.21583239908151
16,1998,4,0.314660118321664
16,1999,4,0.515071884017768
16,2000,4,0.585577599412646
16,2001,4,0.396988526421475
16,2002,4,0.512248290143507
16,2003,4,0.44853573886932
16,2004,4,0.688446896226382
16,2005,4,0.506754244558046
16,2006,4,0.525109560019268
16,2007,4,0.533750940559151
16,2008,4,0.369567869076001
16,2009,4,0.424476984003193
16,2010,4,0.574014277292336
16,2011,4,0.235068699974172
16,2012,4,0.340310101356843
16,2013,4,0.368517967336596
16,2014,4,0.250764226336105
16,2015,4,0.292883741339594
16,2016,4,0.886269485813906
16,2017,4,0.303240359522765
16,2018,4,0.172068912928288
16,2019,4,0.0883678778469316
16,2020,4,0.276116743746864
16,2021,4,0.393855395383243
16,2022,4,0.580775357762915
16,2023,4,0.531528098063117
16,2024,4,0.650330776053176
16,1964,5,2.73413682322376
16,1965,5,2.73413682322376
16,1966,5,2.27207037852567
16,1967,5,2.15260393114
16,1968,5,1.72696128711834
16,1969,5,1.51058985123416
16,1970,5,1.46144779605218
16,1971,5,1.45329522033301
16,1972,5,1.17882426861979
16,1973,5,0.954389848842147
16,1974,5,0.905936065496333
16,1975,5,0.905996574848491
16,1976,5,0.848207724058077
16,1977,5,0.830737629319332
16,1978,5,0.888687338770356
16,1979,5,0.915586698224908
16,1980,5,0.903590464335792
16,1981,5,1.03512894688017
16,1982,5,0.926773986513797
16,1983,5,1.01519748679585
16,1984,5,0.86283032447912
16,1985,5,0.908188455987068
16,1986,5,0.857990203052529
16,1987,5,0.787158152223234
16,1988,5,0.942971940881091
16,1989,5,0.792874654709651
16,1990,5,0.812764342086629
16,1991,5,0.804925015640546
16,1992,5,0.554218493397989
16,1993,5,0.472548448290273
16,1994,5,0.906108255982459
16,1995,5,0.875023608505548
16,1996,5,0.532076251174395
16,1997,5,0.519223089481786
16,1998,5,0.644213005815162
16,1999,5,0.657889712629419
16,2000,5,1.02241843890099
16,2001,5,1.19566030172418
16,2002,5,0.955267172368431
16,2003,5,0.983409461190276
16,2004,5,0.906173296875279
16,2005,5,1.45062361246035
16,2006,5,1.18096471979927
16,2007,5,1.00539493941157
16,2008,5,0.753953771089843
16,2009,5,0.67573266204609
16,2010,5,0.870104989616865
16,2011,5,1.16242251161117
16,2012,5,0.39993294550481
16,2013,5,0.711175589969083
16,2014,5,0.561286051692374
16,2015,5,0.465804471227423
16,2016,5,0.637353133710536
16,2017,5,1.27169894140033
16,2018,5,1.2278244837662
16,2019,5,0.287228913436997
16,2020,5,0.418275854014604
16,2021,5,0.603420371743258
16,2022,5,0.883577716933223
16,2023,5,1.02825230681277
16,2024,5,0.816510062685638
16,1964,6,1.10684401848769
16,1965,6,1.10684401848769
16,1966,6,1.13668882945892
16,1967,6,1.2059150759062
16,1968,6,1.11847676477947
16,1969,6,1.10109504211569
16,1970,6,1.11698646586327
16,1971,6,1.07389833172134
16,1972,6,1.09783885558481
16,1973,6,1.04540978799003
16,1974,6,1.02292108088064
16,1975,6,1.11854630773388
16,1976,6,1.25724940423742
16,1977,6,1.31929547317026
16,1978,6,1.48497724936837
16,1979,6,1.48414570144612
16,1980,6,1.40193409324419
16,1981,6,1.49503619843258
16,1982,6,1.41829082133432
16,1983,6,1.42109907982832
16,1984,6,1.36101497670576
16,1985,6,1.18466273085274
16,1986,6,1.29519664469472
16,1987,6,1.03838491461287
16,1988,6,0.875780806871262
16,1989,6,0.965011919010749
16,1990,6,1.01388741886335
16,1991,6,1.00382677515178
16,1992,6,0.852195886380586
16,1993,6,0.978607949198598
16,1994,6,1.30547498795076
16,1995,6,1.88514260727377
16,1996,6,1.69544847108997
16,1997,6,1.19102607675423
16,1998,6,1.27718176269605
16,1999,6,1.21203484161354
16,2000,6,1.24856661223474
16,2001,6,1.74090903831508
16,2002,6,1.8160226758388
16,2003,6,1.82299283331967
16,2004,6,1.53759500877034
16,2005,6,1.83739778711966
16,2006,6,1.73481118883031
16,2007,6,1.64086432367474
16,2008,6,1.47945623718229
16,2009,6,1.32758268657953
16,2010,6,1.16174667221956
16,2011,6,1.13279024067373
16,2012,6,1.09590770072247
16,2013,6,0.803032113655221
16,2014,6,0.838837266492237
16,2015,6,0.778801494860269
16,2016,6,0.804375047458467
16,2017,6,1.18745724715502
16,2018,6,1.2155823811641
16,2019,6,1.40637002962618
16,2020,6,1.52176117605798
16,2021,6,0.996225377818675
16,2022,6,0.890037299282686
16,2023,6,1.08263715147888
16,2024,6,1.15375831257177
16,1964,7,1.11763177653364
16,1965,7,1.11763177653364
16,1966,7,1.0994804919447
16,1967,7,1.08305921048966
16,1968,7,1.07920106432009
16,1969,7,1.08142455090202
16,1970,7,1.08093672861312
16,1971,7,1.04044172256534
16,1972,7,1.05501254613446
16,1973,7,1.07296712932454
16,1974,7,1.10675183391521
16,1975,7,1.16413537930568
16,1976,7,1.2082637392756
16,1977,7,1.27525874338747
16,1978,7,1.30310538979995
16,1979,7,1.30563161704911
16,1980,7,1.37192591730522
16,1981,7,1.37373284609488
16,1982,7,1.35684094945796
16,1983,7,1.36967664208794
16,1984,7,1.30781417249225
16,1985,7,1.2110871838641
16,1986,7,1.090245369757
16,1987,7,1.11413865810108
16,1988,7,1.09964675282291
16,1989,7,1.31882604200445
16,1990,7,1.46139876652522
16,1991,7,1.2639490946703
16,1992,7,1.40502402487268
16,1993,7,1.29470288127039
16,1994,7,1.46544586877002
16,1995,7,1.68259067042127
16,1996,7,2.33244957753708
16,1997,7,1.5496226706592
16,1998,7,1.47403841566788
16,1999,7,1.63556789829727
16,2000,7,1.52916083996471
16,2001,7,1.9000310668527
16,2002,7,1.7071932365072
16,2003,7,1.68227246266671
16,2004,7,1.77104201274015
16,2005,7,1.62599984249567
16,2006,7,1.55091071099485
16,2007,7,1.61551261027777
16,2008,7,1.48946056268726
16,2009,7,1.22822148710158
16,2010,7,1.1382565261637
16,2011,7,1.2497350563393
16,2012,7,1.24808003353628
16,2013,7,1.19408835789521
16,2014,7,1.28097050737745
16,2015,7,1.01762335684107
16,2016,7,1.03417961784358
16,2017,7,1.20457940227276
16,2018,7,1.41177096355661
16,2019,7,1.97227324361715
16,2020,7,1.56777938757756
16,2021,7,1.81600388353157
16,2022,7,1.48252934598705
16,2023,7,1.26518370660887
16,2024,7,1.26753948113175
16,1964,8,1.02879030940276
16,1965,8,1.02879030940276
16,1966,8,1.04436835070783
16,1967,8,1.02942734573844
16,1968,8,1.0571779400745
16,1969,8,1.0729007492046
16,1970,8,1.07456246591059
16,1971,8,1.05204459902304
16,1972,8,1.04562458879395
16,1973,8,1.10359781441773
16,1974,8,1.14774433004356
16,1975,8,1.18171856697463
16,1976,8,1.23332360074258
16,1977,8,1.23650961493932
16,1978,8,1.27153152172452
16,1979,8,1.32175634635151
16,1980,8,1.3565103865043
16,1981,8,1.33821662482595
16,1982,8,1.37646862031739
16,1983,8,1.37114332338517
16,1984,8,1.29057701395263
16,1985,8,1.27336562935229
16,1986,8,1.22819523766923
16,1987,8,1.22045981639478
16,1988,8,1.15835164442747
16,1989,8,1.34317675657647
16,1990,8,1.53547478872391
16,1991,8,1.37473792954745
16,1992,8,1.44026935605751
16,1993,8,1.43098050552574
16,1994,8,1.46208970980019
16,1995,8,1.53984096619837
16,1996,8,1.7320152617113
16,1997,8,2.12123905710501
16,1998,8,1.96036953323767
16,1999,8,1.88308889971745
16,2000,8,2.26074494633843
16,2001,8,1.62491771386015
16,2002,8,1.96468844375293
16,2003,8,2.01196274125541
16,2004,8,2.04414742273657
16,2005,8,1.50882586720453
16,2006,8,1.60104688479405
16,2007,8,1.26219952867853
16,2008,8,1.45509506238021
16,2009,8,1.30788074537127
16,2010,8,1.39220805117296
16,2011,8,1.25664863416678
16,2012,8,1.44676002827078
16,2013,8,1.23386902308871
16,2014,8,1.69579056170216
16,2015,8,1.48921230358886
16,2016,8,1.31407954193796
16,2017,8,1.25114061138183
16,2018,8,1.5014942400566
16,2019,8,1.81720099652347
16,2020,8,1.45480311174439
16,2021,8,1.6609817623494
16,2022,8,1.56364165122019
16,2023,8,1.21266909091692
16,2024,8,1.31034466022317
17,1964,3,0.351803755072386
17,1965,3,0.351803755072386
17,1966,3,0.337671994689563
17,1967,3,0.373130618751969
17,1968,3,0.504442754253114
17,1969,3,0.649768410111745
17,1970,3,0.737376518349207
17,1971,3,0.791584898525946
17,1972,3,0.813759335495984
17,1973,3,0.802576143322557
17,1974,3,0.887973614401824
17,1975,3,1.05131541153221
17,1976,3,0.957343871957199
17,1977,3,0.77741607435986
17,1978,3,0.754809928207818
17,1979,3,0.628214294195366
17,1980,3,0.430141101315287
17,1981,3,0.284052826255832
17,1982,3,0.208266598521371
17,1983,3,0.204788420178617
17,1984,3,0.178780305974547
17,1985,3,0.201334902638039
17,1986,3,0.210844301374559
17,1987,3,0.205934877074508
17,1988,3,0.228839931118676
17,1989,3,0.187457761216128
17,1990,3,0.153068012501408
17,1991,3,0.140467277787627
17,1992,3,0.212457194220544
17,1993,3,0.207824433564405
17,1994,3,0.122585401225862
17,1995,3,0.0761477811337266
17,1996,3,0.0688546898834128
17,1997,3,0.098190875861621
17,1998,3,0.111214551453446
17,1999,3,0.185896485998057
17,2000,3,0.137923807576823
17,2001,3,0.0852402402232416
17,2002,3,0.0990773009398693
17,2003,3,0.160149222714749
17,2004,3,0.109541778274425
17,2005,3,0.118690974702757
17,2006,3,0.174963647809795
17,2007,3,0.168310138185795
17,2008,3,0.101946395667098
17,2009,3,0.100248589819253
17,2010,3,0.0551679552812669
17,2011,3,0.0548337986331245
17,2012,3,0.0628081630848111
17,2013,3,0.0663828935175863
17,2014,3,0.0826743227690141
17,2015,3,0.189309548029133
17,2016,3,0.0538807765107951
17,2017,3,0.0464315724388009
17,2018,3,0.0459811555315647
17,2019,3,0.0552925659435629
17,2020,3,0.119882756021317
17,2021,3,0.297414839491195
17,2022,3,0.190657601788708
17,2023,3,0.191173779512922
17,2024,3,0.191656641416684
17,1964,4,1.82911205072308
17,1965,4,1.82911205072308
17,1966,4,1.92876244499354
17,1967,4,2.1035282469691
17,1968,4,1.97296008925833
17,1969,4,1.56731821909893
17,1970,4,1.50006641122496
17,1971,4,1.35935061223114
17,1972,4,1.54915050056611
17,1973,4,1.43857501144868
17,1974,4,1.37294872849152
17,1975,4,1.46256466790668
17,1976,4,1.16959454537162
17,1977,4,1.20304513888626
17,1978,4,1.14591783949518
17,1979,4,1.00950112706179
17,1980,4,0.869466980187711
17,1981,4,0.734952623942733
17,1982,4,0.635429282546174
17,1983,4,0.472236420959928
17,1984,4,0.450275942092015
17,1985,4,0.350796211973793
17,1986,4,0.340773205312649
17,1987,4,0.329875291314951
17,1988,4,0.334491950424072
17,1989,4,0.43158250645365
17,1990,4,0.479145666657169
17,1991,4,0.411837874209827
17,1992,4,0.346472759141461
17,1993,4,0.627474759297328
17,1994,4,0.547302931221122
17,1995,4,0.197220456526756
17,1996,4,0.129998518765822
17,1997,4,0.243426880629589
17,1998,4,0.29876995797274
17,1999,4,0.41861983932522
17,2000,4,0.4930522713534
17,2001,4,0.371395163090574
17,2002,4,0.340560985559178
17,2003,4,0.360632232404878
17,2004,4,0.743839956561766
17,2005,4,0.510883487970003
17,2006,4,0.569440809992464
17,2007,4,0.523968062727756
17,2008,4,0.460708033476986
17,2009,4,0.405848340559647
17,2010,4,0.577126765380704
17,2011,4,0.222243552282892
17,2012,4,0.42322719763283
17,2013,4,0.347598169554861
17,2014,4,0.313445035641768
17,2015,4,0.378655168464592
17,2016,4,1.00079994358428
17,2017,4,0.36643427237325
17,2018,4,0.220600315622213
17,2019,4,0.108995658243656
17,2020,4,0.317906054809507
17,2021,4,0.271815889400488
17,2022,4,0.510938357396357
17,2023,4,0.443495460111952
17,2024,4,0.54048179459378
17,1964,5,2.76672438909264
17,1965,5,2.76672438909264
17,1966,5,2.59344799034805
17,1967,5,2.12465895554888
17,1968,5,1.88345523854512
17,1969,5,1.81291111352185
17,1970,5,1.90460741960514
17,1971,5,1.84373162988512
17,1972,5,2.03414988425219
17,1973,5,1.9593563103256
17,1974,5,1.92605697746744
17,1975,5,1.73030483485525
17,1976,5,1.82752141064582
17,1977,5,1.67200220964404
17,1978,5,1.41394539105323
17,1979,5,1.7035587757731
17,1980,5,1.26767173429062
17,1981,5,1.40227772669156
17,1982,5,1.46599923988667
17,1983,5,1.41627510753664
17,1984,5,1.20930629867472
17,1985,5,1.06180537537125
17,1986,5,1.13227602736714
17,1987,5,1.0088783977639
17,1988,5,1.27315451679766
17,1989,5,1.38526676826867
17,1990,5,1.2900412059357
17,1991,5,0.866744232205197
17,1992,5,0.61885445537284
17,1993,5,0.575157100189542
17,1994,5,1.43599455251514
17,1995,5,1.00318848484603
17,1996,5,0.545252670180765
17,1997,5,0.441122859040958
17,1998,5,0.499864884396893
17,1999,5,0.598621745527169
17,2000,5,0.755040568873253
17,2001,5,1.08986887679459
17,2002,5,0.899255761657134
17,2003,5,0.994992579987974
17,2004,5,0.937342756772073
17,2005,5,1.43987596741719
17,2006,5,1.03221331019559
17,2007,5,0.933589381819465
17,2008,5,0.840758637700665
17,2009,5,0.823807725204262
17,2010,5,0.904751431972752
17,2011,5,1.04643920926585
17,2012,5,0.467879509105264
17,2013,5,0.738086199823066
17,2014,5,0.703766638423428
17,2015,5,0.561122178418453
17,2016,5,0.639745744584695
17,2017,5,1.31348349325356
17,2018,5,1.28268236509798
17,2019,5,0.342500469603033
17,2020,5,0.697197754755789
17,2021,5,0.552872857262642
17,2022,5,0.665112273457909
17,2023,5,1.0481540055216
17,2024,5,0.948257233317529
17,1964,6,0.911984662792073
17,1965,6,0.911984662792073
17,1966,6,0.932994183254396
17,1967,6,0.941225327541849
17,1968,6,1.00083264062185
17,1969,6,1.07151670983381
17,1970,6,1.07772007206979
17,1971,6,1.01897217657314
17,1972,6,0.98768331100739
17,1973,6,1.03765628354875
17,1974,6,1.05893636932436
17,1975,6,1.07177716067395
17,1976,6,1.07753115135781
17,1977,6,1.14221747561126
17,1978,6,1.15222816881071
17,1979,6,1.10616718142258
17,1980,6,1.35566356855325
17,1981,6,1.37950351196799
17,1982,6,1.24834034197431
17,1983,6,1.23279119011301
17,1984,6,1.16157172603888
17,1985,6,1.14097699924765
17,1986,6,1.25623705316619
17,1987,6,1.47066181631296
17,1988,6,1.27988574783696
17,1989,6,1.29891933581058
17,1990,6,1.04915322817196
17,1991,6,1.11907705559094
17,1992,6,1.36972896915353
17,1993,6,1.34644366773797
17,1994,6,1.31017969028927
17,1995,6,2.04048429007736
17,1996,6,1.35779060062592
17,1997,6,1.11546556084728
17,1998,6,1.08664335235559
17,1999,6,0.972671533429043
17,2000,6,0.929996753072979
17,2001,6,1.50172509976834
17,2002,6,1.66641951411242
17,2003,6,1.69390062706552
17,2004,6,1.48516046720223
17,2005,6,1.76528817701355
17,2006,6,1.71927635241095
17,2007,6,1.5694652187041
17,2008,6,1.6221783589856
17,2009,6,1.50901607648671
17,2010,6,1.19636805343327
17,2011,6,1.28826412570943
17,2012,6,1.32425043308756
17,2013,6,0.794509035296044
17,2014,6,0.909051970527153
17,2015,6,1.07249474287689
17,2016,6,0.894714307625572
17,2017,6,1.27900656907505
17,2018,6,1.46638386764407
17,2019,6,1.49720862999477
17,2020,6,1.55892941396393
17,2021,6,1.33511713207491
17,2022,6,1.23815468603145
17,2023,6,1.16231795504648
17,2024,6,1.24815832715918
17,1964,7,0.906744046723833
17,1965,7,0.906744046723833
17,1966,7,0.949043834063048
17,1967,7,0.989659903198881
17,1968,7,1.02429561939166
17,1969,7,1.10442214895201
17,1970,7,1.07287997387808
17,1971,7,1.07412260176088
17,1972,7,1.01722050898172
17,1973,7,1.07132297183849
17,1974,7,1.0648036722429
17,1975,7,1.07121655720352
17,1976,7,1.10221277742065
17,1977,7,1.15892425716546
17,1978,7,1.16245006369308
17,1979,7,1.16676268136573
17,1980,7,1.40307037599593
17,1981,7,1.3645047695407
17,1982,7,1.39614464156883
17,1983,7,1.24211899874001
17,1984,7,1.21463686064758
17,1985,7,1.21857285465267
17,1986,7,1.19265124412668
17,1987,7,1.07141876032955
17,1988,7,1.43791214082369
17,1989,7,1.48906462432506
17,1990,7,1.4575486076732
17,1991,7,1.23681989525456
17,1992,7,1.19935496992242
17,1993,7,1.41223440305539
17,1994,7,1.4512139880408
17,1995,7,1.9846610406526
17,1996,7,2.09334412526135
17,1997,7,1.51010303334078
17,1998,7,1.2321343430424
17,1999,7,1.68156552031663
17,2000,7,1.7872276940249
17,2001,7,1.68087634558997
17,2002,7,1.89687161372258
17,2003,7,1.82608066541284
17,2004,7,1.76817688916802
17,2005,7,1.68032496581993
17,2006,7,1.66519707617328
17,2007,7,1.90216571850144
17,2008,7,1.5500811432057
17,2009,7,1.46091063261934
17,2010,7,1.35993519204659
17,2011,7,1.13470244192919
17,2012,7,1.32691037845844
17,2013,7,1.03184965668712
17,2014,7,1.20552821012424
17,2015,7,1.08137490857479
17,2016,7,1.16515352706534
17,2017,7,1.34122006661109
17,2018,7,1.72578267982274
17,2019,7,2.11556404500513
17,2020,7,1.85559853625238
17,2021,7,1.72628138865623
17,2022,7,1.38310932225954
17,2023,7,1.16355674107106
17,2024,7,1.28384503790592
17,1964,8,0.995479776703457
17,1965,8,0.995479776703457
17,1966,8,1.02607158777745
17,1967,8,1.06685608426984
17,1968,8,1.05941438579304
17,1969,8,1.07716814916271
17,1970,8,1.06530734075502
17,1971,8,1.07607782896968
17,1972,8,1.04877516290432
17,1973,8,1.08802991838419
17,1974,8,1.05937679829618
17,1975,8,1.06210391745828
17,1976,8,1.09682728636419
17,1977,8,1.12966462092744
17,1978,8,1.15548439296487
17,1979,8,1.19954530247075
17,1980,8,1.33530086842247
17,1981,8,1.28877874860565
17,1982,8,1.29450896198398
17,1983,8,1.25500375753628
17,1984,8,1.24507883274847
17,1985,8,1.25050050325625
17,1986,8,1.1130028832486
17,1987,8,1.24227921441198
17,1988,8,1.20247484734024
17,1989,8,1.22391353050549
17,1990,8,1.33315182877154
17,1991,8,1.25361997204481
17,1992,8,1.67165597269516
17,1993,8,1.58253204957046
17,1994,8,1.40672268630023
17,1995,8,1.69946884250893
17,1996,8,1.99321848615406
17,1997,8,1.8872485143459
17,1998,8,1.64965594980974
17,1999,8,1.49205014555374
17,2000,8,1.70555837323032
17,2001,8,1.5473654712668
17,2002,8,1.80654036022768
17,2003,8,1.90855998391198
17,2004,8,1.84802949857564
17,2005,8,1.77111647611418
17,2006,8,1.84468792168056
17,2007,8,1.47250228645741
17,2008,8,1.25378502692855
17,2009,8,1.32212792263094
17,2010,8,1.42697978312662
17,2011,8,1.32660912865118
17,2012,8,1.48705182697656
17,2013,8,1.45158006517869
17,2014,8,1.3249295094843
17,2015,8,1.15074575383665
17,2016,8,1.37752714356865
17,2017,8,1.40719819254971
17,2018,8,1.88592434442299
17,2019,8,1.77794478118869
17,2020,8,1.33716778943415
17,2021,8,1.71018955364484
17,2022,8,1.48577124829101
17,2023,8,1.49579466048549
17,2024,8,1.3670916048155
18,1964,3,0.692078949812755
18,1965,3,0.692078949812755
18,1966,3,0.738256776283395
18,1967,3,0.731991295530409
18,1968,3,0.739735148779588
18,1969,3,0.823775124166126
18,1970,3,1.13992922601416
18,1971,3,1.38886386484303
18,1972,3,1.13202620884785
18,1973,3,1.51251605552311
18,1974,3,1.36559980933027
18,1975,3,1.30234903509846
18,1976,3,1.15560111702164
18,1977,3,1.04094483692153
18,1978,3,0.880481959005253
18,1979,3,0.557756387135615
18,1980,3,0.405483015154674
18,1981,3,0.311894924766958
18,1982,3,0.205584395950886
18,1983,3,0.174537077638827
18,1984,3,0.220353563973454
18,1985,3,0.219388508722918
18,1986,3,0.223708735386026
18,1987,3,0.277528573798636
18,1988,3,0.220907866577459
18,1989,3,0.202217899100979
18,1990,3,0.210440907375321
18,1991,3,0.149045248624004
18,1992,3,0.168781209628236
18,1993,3,0.14805723743083
18,1994,3,0.0793515604782294
18,1995,3,0.065433327726121
18,1996,3,0.097882408908671
18,1997,3,0.114529112602224
18,1998,3,0.134141390784435
18,1999,3,0.264158017109561
18,2000,3,0.132570284927507
18,2001,3,0.0909731566743319
18,2002,3,0.106392908739969
18,2003,3,0.219944424169866
18,2004,3,0.124194890060161
18,2005,3,0.106530873335531
18,2006,3,0.164155627079561
18,2007,3,0.186947529181032
18,2008,3,0.101320410594852
18,2009,3,0.093637964139361
18,2010,3,0.0626528904588988
18,2011,3,0.0562584250131641
18,2012,3,0.063047786790187
18,2013,3,0.0801121396734602
18,2014,3,0.0687059941546325
18,2015,3,0.18908126365617
18,2016,3,0.0515616157344794
18,2017,3,0.0370550064168534
18,2018,3,0.0310858334547474
18,2019,3,0.0557877784548232
18,2020,3,0.157976617002422
18,2021,3,0.268209902796789
18,2022,3,0.243995147117596
18,2023,3,0.235516391527077
18,2024,3,0.224062984990133
18,1964,4,2.61276128676034
18,1965,4,2.61276128676034
18,1966,4,2.25841607911019
18,1967,4,2.22725199098265
18,1968,4,2.11842899687549
18,1969,4,2.21593217822411
18,1970,4,1.94978342915167
18,1971,4,1.63534391098739
18,1972,4,1.63090419470184
18,1973,4,1.73685271515817
18,1974,4,1.49355223406535
18,1975,4,1.37603866591242
18,1976,4,1.24428775799755
18,1977,4,1.23306514223822
18,1978,4,1.00704187476128
18,1979,4,1.17737575542896
18,1980,4,1.07611899412517
18,1981,4,1.01684785425764
18,1982,4,0.788115129684891
18,1983,4,0.692608084203068
18,1984,4,0.462386772942365
18,1985,4,0.465841623302725
18,1986,4,0.515621808219386
18,1987,4,0.56175715309157
18,1988,4,0.556396363117373
18,1989,4,0.714827629471562
18,1990,4,0.701891889058795
18,1991,4,0.425022214931873
18,1992,4,0.330372277113764
18,1993,4,0.618095721722705
18,1994,4,0.35680482662711
18,1995,4,0.228934737281935
18,1996,4,0.149103020246381
18,1997,4,0.226922909647241
18,1998,4,0.288276747210153
18,1999,4,0.368396362479635
18,2000,4,0.553336528250548
18,2001,4,0.368699119993912
18,2002,4,0.371999042611466
18,2003,4,0.404381042960986
18,2004,4,0.6526972152316
18,2005,4,0.476657844332483
18,2006,4,0.512736291380626
18,2007,4,0.31765042534541
18,2008,4,0.32383648790485
18,2009,4,0.342994805990596
18,2010,4,0.50109730716645
18,2011,4,0.251586072529976
18,2012,4,0.356902754663645
18,2013,4,0.344349378004362
18,2014,4,0.322631678253108
18,2015,4,0.389091915489627
18,2016,4,0.969185382499396
18,2017,4,0.302547339294556
18,2018,4,0.217076708014626
18,2019,4,0.168084884041708
18,2020,4,0.43467565412945
18,2021,4,0.28610910149596
18,2022,4,0.467599603641107
18,2023,4,0.477083566042323
18,2024,4,0.562262318055594
18,1964,5,2.36324597618626
18,1965,5,2.36324597618626
18,1966,5,2.52406943918073
18,1967,5,2.66096707100916
18,1968,5,2.37480561205178
18,1969,5,2.2937764827787
18,1970,5,1.84546502707825
18,1971,5,1.75331341461311
18,1972,5,1.84451238702705
18,1973,5,1.6784667691712
18,1974,5,1.55986415766939
18,1975,5,1.32954374192373
18,1976,5,1.23155308402694
18,1977,5,1.23813203743643
18,1978,5,1.71987823093899
18,1979,5,1.97060309538598
18,1980,5,2.03265266338701
18,1981,5,1.4390760238305
18,1982,5,1.41862943330938
18,1983,5,1.15982442582136
18,1984,5,1.12737036971839
18,1985,5,1.01727869306943
18,1986,5,1.01238089036098
18,1987,5,0.919456647720713
18,1988,5,1.07067340846282
18,1989,5,0.9554358140553
18,1990,5,0.776398224405776
18,1991,5,0.695623495844352
18,1992,5,0.606779005102377
18,1993,5,0.459423837583798
18,1994,5,1.1936392248088
18,1995,5,1.02781104315775
18,1996,5,0.49707243501713
18,1997,5,0.503223842038344
18,1998,5,0.476207468699654
18,1999,5,0.557363634028914
18,2000,5,0.824962133004468
18,2001,5,1.02044830034461
18,2002,5,0.917276224356546
18,2003,5,0.742426886002232
18,2004,5,0.966631199385895
18,2005,5,1.22847648182752
18,2006,5,0.979726525256269
18,2007,5,0.872544398620632
18,2008,5,0.851418243277712
18,2009,5,0.691815428100323
18,2010,5,0.666829784287308
18,2011,5,1.28681353971413
18,2012,5,0.493085105385087
18,2013,5,0.651583118689916
18,2014,5,0.672701864165217
18,2015,5,0.531338963864641
18,2016,5,0.697283247448939
18,2017,5,1.10119016821275
18,2018,5,1.2859430323494
18,2019,5,0.439756401789902
18,2020,5,0.598057147945346
18,2021,5,0.514390919282877
18,2022,5,0.622204232078397
18,2023,5,1.1839764058675
18,2024,5,1.00929780388269
18,1964,6,1.06168295837899
18,1965,6,1.06168295837899
18,1966,6,1.03802955408828
18,1967,6,0.956056234490528
18,1968,6,0.941053210507959
18,1969,6,0.920292931267158
18,1970,6,0.935869197921205
18,1971,6,0.942121829212263
18,1972,6,0.970092144526222
18,1973,6,0.965074329904708
18,1974,6,0.998808373106732
18,1975,6,1.05554617634342
18,1976,6,1.08922060339409
18,1977,6,1.13610484442178
18,1978,6,1.18958662907374
18,1979,6,1.11649791938125
18,1980,6,1.1230331145102
18,1981,6,1.40555315712912
18,1982,6,1.54321706681149
18,1983,6,1.26086049014269
18,1984,6,1.28265089703428
18,1985,6,1.26549108009516
18,1986,6,1.29240933386897
18,1987,6,1.33568844275551
18,1988,6,1.62830819969526
18,1989,6,1.61988118411446
18,1990,6,1.65925640913973
18,1991,6,1.23093834834413
18,1992,6,1.13722628617992
18,1993,6,1.26129947724926
18,1994,6,1.41001001760009
18,1995,6,1.65979911327625
18,1996,6,1.35968585463558
18,1997,6,1.19124508169434
18,1998,6,1.32866575466003
18,1999,6,1.02819093679538
18,2000,6,0.957150529223105
18,2001,6,1.29969891322313
18,2002,6,1.71726366371032
18,2003,6,1.60779894387127
18,2004,6,1.3487093067827
18,2005,6,1.53330717361034
18,2006,6,1.68024785739195
18,2007,6,1.64178279623561
18,2008,6,1.43088276478123
18,2009,6,1.10178882829755
18,2010,6,1.03619167089312
18,2011,6,1.35495942372638
18,2012,6,1.26715347387159
18,2013,6,0.771373748728371
18,2014,6,0.967021191484478
18,2015,6,1.04876244020412
18,2016,6,0.989446053843877
18,2017,6,1.22809179100764
18,2018,6,1.50859022526245
18,2019,6,1.85794716849109
18,2020,6,1.363069394383
18,2021,6,1.25965773071484
18,2022,6,0.921295542492216
18,2023,6,1.25448492854616
18,2024,6,1.19409777722549
18,1964,7,0.954407988824232
18,1965,7,0.954407988824232
18,1966,7,0.968326315574199
18,1967,7,0.931992965337766
18,1968,7,0.937930297321265
18,1969,7,0.92141795469228
18,1970,7,0.948758410727778
18,1971,7,0.957621908120595
18,1972,7,0.960216381157917
18,1973,7,0.9667405540192
18,1974,7,1.02485361131441
18,1975,7,1.06248998216274
18,1976,7,1.11968055987283
18,1977,7,1.1878390799205
18,1978,7,1.18804946122395
18,1979,7,1.03683168113147
18,1980,7,1.14009868209823
18,1981,7,1.2811218052283
18,1982,7,1.34902992397284
18,1983,7,1.36150370002152
18,1984,7,1.34019467693119
18,1985,7,1.45619683445664
18,1986,7,1.52162369539693
18,1987,7,1.43042971679411
18,1988,7,1.38240509976616
18,1989,7,1.58755894863027
18,1990,7,1.4402677326775
18,1991,7,1.34066170214452
18,1992,7,1.28401885523093
18,1993,7,1.31936992720489
18,1994,7,1.3555728466166
18,1995,7,1.63877329857846
18,1996,7,2.18943092960485
18,1997,7,1.80094334841174
18,1998,7,1.59989177119362
18,1999,7,1.1690358370283
18,2000,7,1.27276900537315
18,2001,7,1.60220465889149
18,2002,7,1.78064644206762
18,2003,7,1.68319541499
18,2004,7,1.37874246153308
18,2005,7,1.16504274984673
18,2006,7,1.3706580956487
18,2007,7,1.42592002926336
18,2008,7,1.28741911695179
18,2009,7,1.07628214765224
18,2010,7,1.02744081933538
18,2011,7,1.17808152905536
18,2012,7,1.22747256226539
18,2013,7,1.20352084123898
18,2014,7,1.43250744322623
18,2015,7,1.22814163220181
18,2016,7,1.04644820326856
18,2017,7,1.30801521713503
18,2018,7,1.35958919720212
18,2019,7,2.29300811344668
18,2020,7,1.39305012918228
18,2021,7,1.67870867525239
18,2022,7,1.36458110710526
18,2023,7,1.39134938543118
18,2024,7,1.19593698196151
18,1964,8,0.927701844931526
18,1965,8,0.927701844931526
18,1966,8,0.949467201369681
18,1967,8,0.922133079998102
18,1968,8,0.941611235387659
18,1969,8,0.931908504726608
18,1970,8,0.966119985661676
18,1971,8,0.981138726867573
18,1972,8,1.00185240131821
18,1973,8,1.02377100814979
18,1974,8,1.07509023598484
18,1975,8,1.08467431203355
18,1976,8,1.11094049354156
18,1977,8,1.13703247801824
18,1978,8,1.11359209298506
18,1979,8,1.08653368010089
18,1980,8,1.102309392689
18,1981,8,1.18071167334494
18,1982,8,1.22451528614457
18,1983,8,1.32583586744658
18,1984,8,1.36756449528813
18,1985,8,1.39879891167689
18,1986,8,1.27554301616553
18,1987,8,1.21963778672678
18,1988,8,1.36769717331106
18,1989,8,1.36144344763319
18,1990,8,1.38368196969507
18,1991,8,1.58213056618612
18,1992,8,1.47998342670509
18,1993,8,1.63269556683968
18,1994,8,1.77071988181897
18,1995,8,1.58022918572392
18,1996,8,2.13169729262232
18,1997,8,1.78433344731709
18,1998,8,1.55007749532527
18,1999,8,1.56223305627665
18,2000,8,1.92914449756253
18,2001,8,1.71881734426429
18,2002,8,1.86909579256536
18,2003,8,1.51723330536087
18,2004,8,1.58922726941017
18,2005,8,1.69403697952452
18,2006,8,1.43233647959047
18,2007,8,1.24952837100908
18,2008,8,1.41959353170986
18,2009,8,1.19210476003588
18,2010,8,1.28215632648516
18,2011,8,1.19775264143388
18,2012,8,1.26832377402987
18,2013,8,1.40188585688493
18,2014,8,1.18027877432485
18,2015,8,1.35898544762291
18,2016,8,1.53691124980246
18,2017,8,1.46880960696334
18,2018,8,1.2594739142967
18,2019,8,1.96925295185966
18,2020,8,1.45461317488046
18,2021,8,1.64179586346134
18,2022,8,1.91937439676437
18,2023,8,1.3799032402735
18,2024,8,1.27167920918804
19,1964,3,0.452426281639845
19,1965,3,0.452426281639845
19,1966,3,0.49841023990384
19,1967,3,0.710308281564962
19,1968,3,0.987114022285684
19,1969,3,1.13825097112591
19,1970,3,1.04556829392474
19,1971,3,1.13594279535333
19,1972,3,0.965592220829484
19,1973,3,0.874489397924987
19,1974,3,0.910435157523746
19,1975,3,1.20169127308902
19,1976,3,0.745312815347999
19,1977,3,0.579156035416638
19,1978,3,0.474005132985513
19,1979,3,0.472461178496103
19,1980,3,0.444674999719022
19,1981,3,0.286993289878626
19,1982,3,0.208905335430513
19,1983,3,0.17900114874892
19,1984,3,0.182490567656478
19,1985,3,0.209249294662663
19,1986,3,0.228770823814993
19,1987,3,0.269493626740546
19,1988,3,0.319712442563298
19,1989,3,0.270623969527499
19,1990,3,0.209406253664498
19,1991,3,0.136979105202588
19,1992,3,0.173669706485742
19,1993,3,0.131873769010485
19,1994,3,0.0758222175814904
19,1995,3,0.0599487525380947
19,1996,3,0.0751325515482003
19,1997,3,0.0912959363851059
19,1998,3,0.0993372389910885
19,1999,3,0.220141644717452
19,2000,3,0.157198906417611
19,2001,3,0.0955927690361612
19,2002,3,0.0942479150537779
19,2003,3,0.204865803778346
19,2004,3,0.133484042358776
19,2005,3,0.118749628141253
19,2006,3,0.155083326610136
19,2007,3,0.122909134931955
19,2008,3,0.0664638836083701
19,2009,3,0.102780026527053
19,2010,3,0.0626789033124844
19,2011,3,0.0514871543077367
19,2012,3,0.0724823265878683
19,2013,3,0.0758539238106047
19,2014,3,0.0935292168827854
19,2015,3,0.186130396073148
19,2016,3,0.0421877637432439
19,2017,3,0.0284699703871948
19,2018,3,0.0256565270070547
19,2019,3,0.041937046274644
19,2020,3,0.111726110215899
19,2021,3,0.287906459450824
19,2022,3,0.247081724818325
19,2023,3,0.242940560186506
19,2024,3,0.226550433785628
19,1964,4,1.25103413514418
19,1965,4,1.25103413514418
19,1966,4,1.31900319076403
19,1967,4,1.10886976329944
19,1968,4,1.05788254317857
19,1969,4,0.941215334984506
19,1970,4,0.99295148389486
19,1971,4,1.1362801222293
19,1972,4,1.11485150618109
19,1973,4,1.30007020922212
19,1974,4,1.41945692955504
19,1975,4,1.30792534766076
19,1976,4,1.44726734602778
19,1977,4,1.50482315418151
19,1978,4,1.1247395046999
19,1979,4,0.924507936252066
19,1980,4,0.901295597837569
19,1981,4,0.853154103804022
19,1982,4,0.816896954188478
19,1983,4,0.759432710621658
19,1984,4,0.608963164456598
19,1985,4,0.563539741204895
19,1986,4,0.440660358483372
19,1987,4,0.454532132592919
19,1988,4,0.550534729229545
19,1989,4,0.708837814700903
19,1990,4,0.679468468268145
19,1991,4,0.560648452213926
19,1992,4,0.351315905349726
19,1993,4,0.615895275068592
19,1994,4,0.516741694357555
19,1995,4,0.220439110576782
19,1996,4,0.152930103713221
19,1997,4,0.225207685500138
19,1998,4,0.271508741259927
19,1999,4,0.448818062845525
19,2000,4,0.54511693373705
19,2001,4,0.465372839011815
19,2002,4,0.356055383741496
19,2003,4,0.419607650222127
19,2004,4,0.88873923565315
19,2005,4,0.676354941480268
19,2006,4,0.581804846481349
19,2007,4,0.498902431696381
19,2008,4,0.391040571759781
19,2009,4,0.392113028778621
19,2010,4,0.689958513986082
19,2011,4,0.233495739280035
19,2012,4,0.388663681925577
19,2013,4,0.3660332444592
19,2014,4,0.308991089941963
19,2015,4,0.332315419695169
19,2016,4,0.973389263678179
19,2017,4,0.326042639486408
19,2018,4,0.234760109595989
19,2019,4,0.16540710655236
19,2020,4,0.284583953526448
19,2021,4,0.33846535468901
19,2022,4,0.497272262424761
19,2023,4,0.722962318869558
19,2024,4,0.764322225464525
19,1964,5,1.25302484569303
19,1965,5,1.25302484569303
19,1966,5,1.23061247117235
19,1967,5,1.39130372785111
19,1968,5,1.26137234413796
19,1969,5,1.25769624096185
19,1970,5,1.35055456355676
19,1971,5,1.42720771983619
19,1972,5,1.42140092689113
19,1973,5,1.62145043757918
19,1974,5,1.48040971826516
19,1975,5,1.26188568733146
19,1976,5,1.11989687313939
19,1977,5,1.15746417702646
19,1978,5,1.09565646317114
19,1979,5,1.11430920978342
19,1980,5,0.959532382082076
19,1981,5,0.858760797488615
19,1982,5,0.844515527230225
19,1983,5,0.920651093252961
19,1984,5,0.752665978424158
19,1985,5,0.660732169121821
19,1986,5,0.714429335973679
19,1987,5,0.956682049434285
19,1988,5,0.994543621456688
19,1989,5,0.980764607540898
19,1990,5,1.14796283167253
19,1991,5,0.922620531676429
19,1992,5,0.697393708499573
19,1993,5,0.673074387951768
19,1994,5,0.987418734999207
19,1995,5,0.80948924256575
19,1996,5,0.530035236462067
19,1997,5,0.428123987913361
19,1998,5,0.464646191752537
19,1999,5,0.694196587364444
19,2000,5,0.899235981269167
19,2001,5,1.15460373548838
19,2002,5,0.983289984060801
19,2003,5,0.85426617605929
19,2004,5,1.07726588941376
19,2005,5,1.6429378596012
19,2006,5,1.07577043423974
19,2007,5,1.14586545976907
19,2008,5,1.0183564281151
19,2009,5,0.602175143439281
19,2010,5,0.75504183567936
19,2011,5,1.16547722719909
19,2012,5,0.510302498974134
19,2013,5,0.730958505142617
19,2014,5,0.680231404744609
19,2015,5,0.530544963553785
19,2016,5,0.592346091784247
19,2017,5,1.08169485201185
19,2018,5,1.14128082177898
19,2019,5,0.415347975395112
19,2020,5,0.767704427191465
19,2021,5,0.803036671406904
19,2022,5,0.79013358373467
19,2023,5,1.37941248979451
19,2024,5,1.18119688562011
19,1964,6,1.23454430071668
19,1965,6,1.23454430071668
19,1966,6,1.30029544900409
19,1967,6,1.28260096148503
19,1968,6,1.1997255376174
19,1969,6,1.12049952367142
19,1970,6,1.07082476755267
19,1971,6,1.08977428447953
19,1972,6,1.10607395407238
19,1973,6,1.0960493585209
19,1974,6,1.07786988958396
19,1975,6,1.07060974958192
19,1976,6,1.0867026303608
19,1977,6,1.10401923017972
19,1978,6,1.28135615059624
19,1979,6,1.49253821032404
19,1980,6,1.5222222221392
19,1981,6,1.58834592948271
19,1982,6,1.46158741556025
19,1983,6,1.26346472134359
19,1984,6,1.17506003619199
19,1985,6,1.23916902330393
19,1986,6,1.08564301554133
19,1987,6,0.897769479110386
19,1988,6,0.938698301373197
19,1989,6,1.06434595812973
19,1990,6,1.11629800854337
19,1991,6,1.14201870101296
19,1992,6,1.07748203548518
19,1993,6,1.15094129179525
19,1994,6,1.12103682866799
19,1995,6,1.42289379892858
19,1996,6,1.23312995821873
19,1997,6,0.953244741695899
19,1998,6,1.15424455788052
19,1999,6,1.0649263704542
19,2000,6,1.20937417907471
19,2001,6,1.72451560249981
19,2002,6,1.73229856975963
19,2003,6,1.63602825865881
19,2004,6,1.42200979670402
19,2005,6,1.82232238190501
19,2006,6,1.75762130758712
19,2007,6,1.63386695385436
19,2008,6,1.48947143708019
19,2009,6,1.45668451418086
19,2010,6,1.34335581987714
19,2011,6,1.44844385592233
19,2012,6,1.44987164707191
19,2013,6,0.997098287248271
19,2014,6,1.16739155799969
19,2015,6,1.1057195111467
19,2016,6,0.90186085171683
19,2017,6,1.12494716497844
19,2018,6,1.21469604126339
19,2019,6,1.68617287217357
19,2020,6,1.45990742033654
19,2021,6,1.03828331005347
19,2022,6,1.27378853808429
19,2023,6,1.39004983873243
19,2024,6,1.21064460978025
19,1964,7,1.2463506834372
19,1965,7,1.2463506834372
19,1966,7,1.29467570211536
19,1967,7,1.2517416350894
19,1968,7,1.2378862148875
19,1969,7,1.16664457814145
19,1970,7,1.16848992754446
19,1971,7,1.12915387013431
19,1972,7,1.13706098685361
19,1973,7,1.09757201248403
19,1974,7,1.07175278936969
19,1975,7,1.10045015830338
19,1976,7,1.11609586011798
19,1977,7,1.14351802986514
19,1978,7,1.23109305942123
19,1979,7,1.26345930040803
19,1980,7,1.34702152941996
19,1981,7,1.41323847168847
19,1982,7,1.32722667177084
19,1983,7,1.28496459449202
19,1984,7,1.34418747825237
19,1985,7,1.15704587633671
19,1986,7,1.17277124811344
19,1987,7,1.08226394645602
19,1988,7,1.04329867258927
19,1989,7,1.42688749700995
19,1990,7,1.2511123707361
19,1991,7,1.46601281730557
19,1992,7,1.70321424751367
19,1993,7,1.25928300627633
19,1994,7,1.27265176219869
19,1995,7,1.46444369552332
19,1996,7,1.70597025361755
19,1997,7,1.50321729833552
19,1998,7,1.15420889307693
19,1999,7,1.63481580099633
19,2000,7,1.61668524428938
19,2001,7,1.62110183675904
19,2002,7,1.92205550952491
19,2003,7,2.0084065905515
19,2004,7,1.85867096772906
19,2005,7,1.47887516867836
19,2006,7,1.52190848407005
19,2007,7,1.66626116215514
19,2008,7,1.51635466152741
19,2009,7,1.37028075779553
19,2010,7,1.41600864836972
19,2011,7,1.56068779427109
19,2012,7,1.59278439021874
19,2013,7,1.33508454436677
19,2014,7,1.42030264307152
19,2015,7,1.23062788405211
19,2016,7,1.11889905675797
19,2017,7,1.13787283145422
19,2018,7,1.03853177621953
19,2019,7,1.90917897318906
19,2020,7,1.82916097959512
19,2021,7,1.69891853266304
19,2022,7,1.70131285828579
19,2023,7,1.38840337884105
19,2024,7,1.23268005907653
19,1964,8,1.22646947693338
19,1965,8,1.22646947693338
19,1966,8,1.25880041647795
19,1967,8,1.21318283938897
19,1968,8,1.18957298252114
19,1969,8,1.16735460973181
19,1970,8,1.16056459968698
19,1971,8,1.14687177246349
19,1972,8,1.21309502752512
19,1973,8,1.12670194606634
19,1974,8,1.11694982529599
19,1975,8,1.15728972460267
19,1976,8,1.16925833813126
19,1977,8,1.1821833498957
19,1978,8,1.29233815797597
19,1979,8,1.3423519102018
19,1980,8,1.32101243113621
19,1981,8,1.29844009723652
19,1982,8,1.28201460371673
19,1983,8,1.26750165155221
19,1984,8,1.30759240010397
19,1985,8,1.27374081311037
19,1986,8,1.29823098002036
19,1987,8,1.36777614078683
19,1988,8,1.35103870476416
19,1989,8,1.2458632648909
19,1990,8,1.41991189191814
19,1991,8,1.79293342347818
19,1992,8,1.88020870617525
19,1993,8,1.52674346430297
19,1994,8,1.42621634300725
19,1995,8,1.57300433553465
19,1996,8,1.60250456167558
19,1997,8,1.40357297166312
19,1998,8,1.83199451464869
19,1999,8,1.72994028066557
19,2000,8,2.06532651666899
19,2001,8,1.99522632994436
19,2002,8,1.9633861511356
19,2003,8,1.90208068960386
19,2004,8,1.85200016625322
19,2005,8,1.49765732127447
19,2006,8,1.68175010561495
19,2007,8,1.26756320768197
19,2008,8,1.36853656696726
19,2009,8,1.36074385093922
19,2010,8,1.4839638574731
19,2011,8,1.56223478232425
19,2012,8,1.67117474912412
19,2013,8,1.59218342756532
19,2014,8,1.2965774741467
19,2015,8,1.53362239722858
19,2016,8,1.31162578078238
19,2017,8,1.18296325251857
19,2018,8,1.28206585252883
19,2019,8,1.44974227698186
19,2020,8,1.61217631198345
19,2021,8,1.92078960058008
19,2022,8,1.87981229153135
19,2023,8,1.32762126410356
19,2024,8,1.26116830200513
20,1964,3,0.696369896639353
20,1965,3,0.696369896639353
20,1966,3,0.647574781907371
20,1967,3,0.600699722530199
20,1968,3,0.697388291189102
20,1969,3,0.802389639788893
20,1970,3,0.851107297609678
20,1971,3,0.753114682078666
20,1972,3,0.676032291880647
20,1973,3,0.98004103450572
20,1974,3,1.28862758575091
20,1975,3,1.07628123081717
20,1976,3,1.02048880031349
20,1977,3,0.921477556020217
20,1978,3,0.85326210177708
20,1979,3,0.547892617315369
20,1980,3,0.456014536781832
20,1981,3,0.251815747401627
20,1982,3,0.190081713241244
20,1983,3,0.159729237265471
20,1984,3,0.172149208027303
20,1985,3,0.195378093161017
20,1986,3,0.179445339247079
20,1987,3,0.209350538673238
20,1988,3,0.254157560474811
20,1989,3,0.241264213733614
20,1990,3,0.184411419677316
20,1991,3,0.12290154163584
20,1992,3,0.172483403119956
20,1993,3,0.119594062382674
20,1994,3,0.0730472300318028
20,1995,3,0.0457696324460992
20,1996,3,0.0658495068844916
20,1997,3,0.0855386225044925
20,1998,3,0.119445000113877
20,1999,3,0.231254904612651
20,2000,3,0.156956355257362
20,2001,3,0.10791483082062
20,2002,3,0.115053507608393
20,2003,3,0.197224272387337
20,2004,3,0.149795740350984
20,2005,3,0.145672143029321
20,2006,3,0.209654010362997
20,2007,3,0.189781229742147
20,2008,3,0.101161247166139
20,2009,3,0.108654206313024
20,2010,3,0.053520403489349
20,2011,3,0.0535238603453571
20,2012,3,0.0699369292668989
20,2013,3,0.0683659735447422
20,2014,3,0.0712796741518117
20,2015,3,0.180994995014753
20,2016,3,0.0796289957586606
20,2017,3,0.0487084722785874
20,2018,3,0.0463904832075217
20,2019,3,0.0476949690736198
20,2020,3,0.115417187176816
20,2021,3,0.307441450598822
20,2022,3,0.199293138172382
20,2023,3,0.173505784180209
20,2024,3,0.170654661117781
20,1964,4,0.941713369275415
20,1965,4,0.941713369275415
20,1966,4,1.01345974355187
20,1967,4,0.967269366774226
20,1968,4,1.2753812976078
20,1969,4,1.21414970306684
20,1970,4,1.11445488702827
20,1971,4,1.22949032073049
20,1972,4,1.31873017014199
20,1973,4,1.20996719114006
20,1974,4,1.23613532727532
20,1975,4,1.04299200246972
20,1976,4,1.07970463347425
20,1977,4,1.20801764823917
20,1978,4,1.13757460505541
20,1979,4,0.839746690704738
20,1980,4,0.552552293782972
20,1981,4,0.544666231438744
20,1982,4,0.640536360787085
20,1983,4,0.46656691120161
20,1984,4,0.328983275813093
20,1985,4,0.283488564048784
20,1986,4,0.317099944463542
20,1987,4,0.294907957035589
20,1988,4,0.405022146562578
20,1989,4,0.44485077437598
20,1990,4,0.437310249852944
20,1991,4,0.421175104869966
20,1992,4,0.293162286968295
20,1993,4,0.514820730033229
20,1994,4,0.386768125614871
20,1995,4,0.193153792602584
20,1996,4,0.116942242547878
20,1997,4,0.230848960130966
20,1998,4,0.288927219991391
20,1999,4,0.432548045288562
20,2000,4,0.645437930671848
20,2001,4,0.463231568808002
20,2002,4,0.417153904030242
20,2003,4,0.42909668091368
20,2004,4,0.77428910700808
20,2005,4,0.678980903205335
20,2006,4,0.502338607835475
20,2007,4,0.545532799715371
20,2008,4,0.400095211084862
20,2009,4,0.464969428617148
20,2010,4,0.500877166132678
20,2011,4,0.215050159069664
20,2012,4,0.36625769091448
20,2013,4,0.387476550376184
20,2014,4,0.295779253705812
20,2015,4,0.421476454400819
20,2016,4,1.11303296201006
20,2017,4,0.284797000358004
20,2018,4,0.147492674471969
20,2019,4,0.118186669371202
20,2020,4,0.204527836486779
20,2021,4,0.27886435736385
20,2022,4,0.507584701531011
20,2023,4,0.4727661441768
20,2024,4,0.467112307311089
20,1964,5,3.24939833441502
20,1965,5,3.24939833441502
20,1966,5,2.455439305168
20,1967,5,2.45929662644664
20,1968,5,2.28197395511329
20,1969,5,1.88881968389038
20,1970,5,1.71826503395476
20,1971,5,1.71500577626301
20,1972,5,1.50096472633559
20,1973,5,1.35492997746842
20,1974,5,1.52444565663213
20,1975,5,1.34887242818111
20,1976,5,1.39401339497318
20,1977,5,1.29210475983874
20,1978,5,1.2886656624226
20,1979,5,1.31226608093138
20,1980,5,1.04661161147936
20,1981,5,1.15413436133918
20,1982,5,0.993502590516851
20,1983,5,1.0964601172539
20,1984,5,0.891350937094616
20,1985,5,0.705223111658643
20,1986,5,0.789848303090907
20,1987,5,0.863408300003221
20,1988,5,0.608080692742214
20,1989,5,0.510553109417188
20,1990,5,0.566482515902311
20,1991,5,0.501078646483468
20,1992,5,0.411641893696822
20,1993,5,0.527084389140189
20,1994,5,1.09301639996229
20,1995,5,0.690445354753897
20,1996,5,0.348948310731979
20,1997,5,0.439590346964196
20,1998,5,0.43166757253191
20,1999,5,0.535931129565325
20,2000,5,1.07144340740552
20,2001,5,1.00255014345638
20,2002,5,0.828426373658966
20,2003,5,0.888157778041154
20,2004,5,1.14631362900892
20,2005,5,1.59783058049134
20,2006,5,1.05855579523316
20,2007,5,0.999723443579391
20,2008,5,0.825232674718885
20,2009,5,0.672347807530172
20,2010,5,0.769461151510786
20,2011,5,1.0784251726196
20,2012,5,0.447530647066496
20,2013,5,0.762590568511917
20,2014,5,0.611814740355899
20,2015,5,0.60050356764437
20,2016,5,0.662705717773925
20,2017,5,1.10205148527246
20,2018,5,1.08606568122352
20,2019,5,0.318640979859574
20,2020,5,0.608440412977597
20,2021,5,0.551660204662051
20,2022,5,0.761858012425964
20,2023,5,1.38594879261906
20,2024,5,1.34784327523197
20,1964,6,1.00171783213003
20,1965,6,1.00171783213003
20,1966,6,0.99656751737733
20,1967,6,0.95784901478409
20,1968,6,1.00064464202851
20,1969,6,1.03469974230156
20,1970,6,1.059528948884
20,1971,6,1.04610716700842
20,1972,6,1.0279265732216
20,1973,6,1.09956757840525
20,1974,6,1.11310384626871
20,1975,6,1.01922573048093
20,1976,6,1.05344661086929
20,1977,6,1.0605822910127
20,1978,6,1.04190113306203
20,1979,6,1.14232149004696
20,1980,6,1.32477120583867
20,1981,6,1.30561726674759
20,1982,6,1.25606303496479
20,1983,6,1.17533189868645
20,1984,6,1.39588835681367
20,1985,6,1.38732751357648
20,1986,6,1.17052743297326
20,1987,6,1.32152210700976
20,1988,6,1.15036903606592
20,1989,6,1.21786924903836
20,1990,6,1.09824218102383
20,1991,6,1.0369483987894
20,1992,6,0.846156981217281
20,1993,6,0.980883189541165
20,1994,6,1.26326880091779
20,1995,6,1.67799631888944
20,1996,6,1.09845013707985
20,1997,6,1.31550924025711
20,1998,6,1.18012108397368
20,1999,6,1.1548591953871
20,2000,6,1.25513740502634
20,2001,6,1.4827644267842
20,2002,6,1.7217568821731
20,2003,6,1.41377380086045
20,2004,6,1.44250180903721
20,2005,6,1.77727640635421
20,2006,6,1.61286254098634
20,2007,6,1.41634452073993
20,2008,6,1.27838599802759
20,2009,6,1.26367488398816
20,2010,6,1.09738224929006
20,2011,6,1.32224897421754
20,2012,6,1.2684902878723
20,2013,6,0.808580009921614
20,2014,6,0.93256946376126
20,2015,6,1.00528966173918
20,2016,6,1.07163198343863
20,2017,6,1.20817118375052
20,2018,6,1.08605147580851
20,2019,6,1.4409038672526
20,2020,6,1.60311012400748
20,2021,6,0.95661400866009
20,2022,6,1.02454565527255
20,2023,6,1.38214555818128
20,2024,6,1.25111143491667
20,1964,7,0.976751537163384
20,1965,7,0.976751537163384
20,1966,7,1.03049405933057
20,1967,7,1.02511179564098
20,1968,7,1.06932106129103
20,1969,7,1.10909917397237
20,1970,7,1.06820541329177
20,1971,7,1.05354678256166
20,1972,7,1.05483976084648
20,1973,7,1.05358429473515
20,1974,7,1.06602941622663
20,1975,7,1.08024883397708
20,1976,7,1.10990341518845
20,1977,7,1.08870234571923
20,1978,7,1.09705244932378
20,1979,7,1.20648777089597
20,1980,7,1.45802298182066
20,1981,7,1.37873195033191
20,1982,7,1.27952130149666
20,1983,7,1.13658756689756
20,1984,7,1.18724267809121
20,1985,7,1.43874706081014
20,1986,7,1.41867463930712
20,1987,7,1.23201878229993
20,1988,7,1.28905158985232
20,1989,7,1.31485684526064
20,1990,7,1.32468627987172
20,1991,7,1.20585715609207
20,1992,7,1.30710444836792
20,1993,7,1.18734695181526
20,1994,7,1.09445131729094
20,1995,7,1.26042955590629
20,1996,7,1.64631285304532
20,1997,7,1.34978656139265
20,1998,7,1.53889280773217
20,1999,7,1.4496350126682
20,2000,7,1.34260457900493
20,2001,7,1.6119186843174
20,2002,7,1.77293435339933
20,2003,7,1.81071673508003
20,2004,7,1.93099265959172
20,2005,7,1.65658171975214
20,2006,7,1.80796146689142
20,2007,7,1.43989355218563
20,2008,7,1.36174881531697
20,2009,7,1.22831562223195
20,2010,7,1.38497690919434
20,2011,7,1.44645606678014
20,2012,7,1.26113619548705
20,2013,7,1.23391059212622
20,2014,7,1.67909419695773
20,2015,7,1.25572931159838
20,2016,7,0.921337144630272
20,2017,7,1.27145010121483
20,2018,7,1.54290061634342
20,2019,7,2.27136533899506
20,2020,7,1.71161362150593
20,2021,7,1.47909665452596
20,2022,7,1.62174585720371
20,2023,7,1.77951064473957
20,2024,7,1.3626525633524
20,1964,8,0.979836604731689
20,1965,8,0.979836604731689
20,1966,8,1.05335524405707
20,1967,8,1.0722800257793
20,1968,8,1.07227942430724
20,1969,8,1.13389809873021
20,1970,8,1.11510117620203
20,1971,8,1.12022754046411
20,1972,8,1.076948886365
20,1973,8,1.08713500634587
20,1974,8,1.05169559975565
20,1975,8,1.11426830166626
20,1976,8,1.12198710401204
20,1977,8,1.11702183494099
20,1978,8,1.1347772274802
20,1979,8,1.23023272620613
20,1980,8,1.39736497584023
20,1981,8,1.41738688547854
20,1982,8,1.31612175116372
20,1983,8,1.2487897147262
20,1984,8,1.2186315641832
20,1985,8,1.16297933436776
20,1986,8,1.18919509427288
20,1987,8,1.15912658800751
20,1988,8,1.22543987454591
20,1989,8,1.25568219092584
20,1990,8,1.27309113085619
20,1991,8,1.03918090048134
20,1992,8,1.59666715159544
20,1993,8,1.47317952743402
20,1994,8,1.26884014695064
20,1995,8,1.52024457048331
20,1996,8,1.87682296027512
20,1997,8,1.57603314074977
20,1998,8,1.64927313296488
20,1999,8,1.5712339694051
20,2000,8,2.07214138841771
20,2001,8,1.94206361217008
20,2002,8,1.88279940177652
20,2003,8,1.95202868351081
20,2004,8,1.69322088876497
20,2005,8,1.57693664761441
20,2006,8,1.5373827189407
20,2007,8,1.16572297077287
20,2008,8,1.58866049958825
20,2009,8,1.18402755617148
20,2010,8,1.28237476310284
20,2011,8,1.42793563606678
20,2012,8,1.58768769899743
20,2013,8,1.65063329909289
20,2014,8,1.94533971991534
20,2015,8,1.39971999599997
20,2016,8,1.47479133488224
20,2017,8,1.44645313308289
20,2018,8,1.93203179799727
20,2019,8,2.00390547054236
20,2020,8,1.63920263861355
20,2021,8,1.90780406884069
20,2022,8,1.76850779306273
20,2023,8,1.32487619413299
20,2024,8,1.31492401424954
21,1964,3,0.622318054780586
21,1965,3,0.622318054780586
21,1966,3,0.59636607426855
21,1967,3,0.654484428711723
21,1968,3,0.780053951033697
21,1969,3,0.866215937889577
21,1970,3,0.908040741018213
21,1971,3,0.96046873557797
21,1972,3,1.02166481254104
21,1973,3,1.03844188814024
21,1974,3,1.06852010067956
21,1975,3,1.09954075739959
21,1976,3,1.01642870891801
21,1977,3,0.893163685777982
21,1978,3,0.731167926637009
21,1979,3,0.547587740880605
21,1980,3,0.336124836894739
21,1981,3,0.216145304974081
21,1982,3,0.176400100656815
21,1983,3,0.14150271479961
21,1984,3,0.138843280980457
21,1985,3,0.167529950752416
21,1986,3,0.186824036205284
21,1987,3,0.198304825468638
21,1988,3,0.192656887869623
21,1989,3,0.177811335416581
21,1990,3,0.158511371160609
21,1991,3,0.120309890307874
21,1992,3,0.136659150858726
21,1993,3,0.130576672447604
21,1994,3,0.0841776801416738
21,1995,3,0.0665045803718082
21,1996,3,0.0692816632112196
21,1997,3,0.0640470868966034
21,1998,3,0.0972753363438449
21,1999,3,0.154602274697413
21,2000,3,0.13089904561905
21,2001,3,0.113146787130207
21,2002,3,0.118924978903074
21,2003,3,0.169113830293026
21,2004,3,0.102443174506673
21,2005,3,0.0935560577082227
21,2006,3,0.11657821632701
21,2007,3,0.094795079746251
21,2008,3,0.0748136167314604
21,2009,3,0.086566063755819
21,2010,3,0.0609048574264864
21,2011,3,0.0474247471355671
21,2012,3,0.0408913211521078
21,2013,3,0.0528331904547824
21,2014,3,0.0634524752588
21,2015,3,0.154040634579333
21,2016,3,0.0466140122712454
21,2017,3,0.0409324341495783
21,2018,3,0.055176318398851
21,2019,3,0.0532820330631999
21,2020,3,0.17807943808601
21,2021,3,0.371069408151752
21,2022,3,0.259790023198537
21,2023,3,0.232568850308182
21,2024,3,0.227329689016614
21,1964,4,2.84890439227959
21,1965,4,2.84890439227959
21,1966,4,2.2642154919319
21,1967,4,1.59370026629268
21,1968,4,1.48697121072114
21,1969,4,1.48495024845168
21,1970,4,1.33287324283029
21,1971,4,1.21459171505293
21,1972,4,1.23224567841055
21,1973,4,1.42332984465398
21,1974,4,1.42298615657219
21,1975,4,1.50091956655871
21,1976,4,1.61590473446709
21,1977,4,1.07919427541972
21,1978,4,0.826294412303695
21,1979,4,0.849650981236839
21,1980,4,0.861509844713276
21,1981,4,0.618025700569711
21,1982,4,0.471422188520819
21,1983,4,0.403029160423227
21,1984,4,0.460679602701574
21,1985,4,0.63295479495182
21,1986,4,0.815305917140557
21,1987,4,0.753653244895278
21,1988,4,0.495978823853333
21,1989,4,0.490785869606735
21,1990,4,0.43045310229262
21,1991,4,0.346755596788437
21,1992,4,0.319308141282909
21,1993,4,0.545707937554227
21,1994,4,0.395524588311788
21,1995,4,0.20367711581646
21,1996,4,0.116909578582424
21,1997,4,0.152810630045645
21,1998,4,0.275372859790993
21,1999,4,0.336480310675999
21,2000,4,0.467328759897372
21,2001,4,0.525191229480246
21,2002,4,0.382780101243834
21,2003,4,0.395788886258301
21,2004,4,0.70570526657697
21,2005,4,0.52116950024488
21,2006,4,0.472210640000517
21,2007,4,0.618903806603366
21,2008,4,0.440997417031961
21,2009,4,0.39350775261092
21,2010,4,0.567609490531369
21,2011,4,0.241413194267726
21,2012,4,0.372173311008481
21,2013,4,0.358333238767412
21,2014,4,0.281565240541221
21,2015,4,0.415462149407339
21,2016,4,0.855136169181452
21,2017,4,0.28528076180392
21,2018,4,0.173275526049092
21,2019,4,0.186333883013953
21,2020,4,0.416025279073297
21,2021,4,0.407857306167048
21,2022,4,0.546717717859
21,2023,4,0.416434816956998
21,2024,4,0.402544066862562
21,1964,5,1.54168245313257
21,1965,5,1.54168245313257
21,1966,5,1.72345608570167
21,1967,5,2.05465668000373
21,1968,5,2.21942455828516
21,1969,5,1.79457463904765
21,1970,5,1.48567302435894
21,1971,5,1.45932646355337
21,1972,5,1.39857983202627
21,1973,5,1.49589068175887
21,1974,5,1.54396153713191
21,1975,5,1.53213714231238
21,1976,5,1.48158433881537
21,1977,5,1.80130510545327
21,1978,5,1.37384154715348
21,1979,5,1.22307985398949
21,1980,5,1.06567885720055
21,1981,5,1.0628773740121
21,1982,5,0.93774807585741
21,1983,5,1.12536711613847
21,1984,5,0.854942828368648
21,1985,5,0.653825531922752
21,1986,5,0.492264116327799
21,1987,5,0.523621019028551
21,1988,5,0.687276742010313
21,1989,5,0.868898204184049
21,1990,5,0.827939582803077
21,1991,5,0.601052863090604
21,1992,5,0.548010308446019
21,1993,5,0.484788795854132
21,1994,5,0.96115398232886
21,1995,5,0.799851429890657
21,1996,5,0.490956956886336
21,1997,5,0.352783934432212
21,1998,5,0.418965477740094
21,1999,5,0.521592623272245
21,2000,5,0.626173948478019
21,2001,5,1.30397868196178
21,2002,5,0.852289964210755
21,2003,5,1.01963790404546
21,2004,5,1.00585650007158
21,2005,5,1.46113805870227
21,2006,5,1.15483793343945
21,2007,5,1.13570292881298
21,2008,5,0.792710001165449
21,2009,5,0.769030889409564
21,2010,5,0.880587522399968
21,2011,5,1.11634578769292
21,2012,5,0.553520155759178
21,2013,5,0.6805404953952
21,2014,5,0.632675454728311
21,2015,5,0.448461197612145
21,2016,5,0.528090655973228
21,2017,5,1.05441044310693
21,2018,5,1.22591584205885
21,2019,5,0.406985606630862
21,2020,5,0.790004520682878
21,2021,5,0.635341622683484
21,2022,5,0.863349693175518
21,2023,5,1.27709763590644
21,2024,5,1.23752338271579
21,1964,6,1.03991354933219
21,1965,6,1.03991354933219
21,1966,6,1.12696603174964
21,1967,6,1.09445454907512
21,1968,6,1.04227144012187
21,1969,6,1.07033838169689
21,1970,6,1.12397930119154
21,1971,6,1.09917958083981
21,1972,6,1.1493616596948
21,1973,6,1.08798715257888
21,1974,6,0.993315745456319
21,1975,6,0.979745882449372
21,1976,6,1.00272212607031
21,1977,6,1.06059325768439
21,1978,6,1.06589973128713
21,1979,6,1.14261098293336
21,1980,6,1.27060994425428
21,1981,6,1.48955258816215
21,1982,6,1.59769130404712
21,1983,6,1.45280745463937
21,1984,6,1.47121024044532
21,1985,6,1.19533598178524
21,1986,6,1.00187757817222
21,1987,6,1.07969284653706
21,1988,6,1.32984722314469
21,1989,6,1.14539985374724
21,1990,6,1.23628506201997
21,1991,6,1.06912286723785
21,1992,6,1.07666896916576
21,1993,6,0.972532709763697
21,1994,6,1.18303811617313
21,1995,6,1.57542082793983
21,1996,6,1.05395735760268
21,1997,6,0.960425612405301
21,1998,6,0.937352237461991
21,1999,6,0.777541081125884
21,2000,6,1.11826052804703
21,2001,6,1.43740168879543
21,2002,6,1.65648408453918
21,2003,6,1.83410343488929
21,2004,6,1.64379340472475
21,2005,6,1.74622342304317
21,2006,6,1.49089043409953
21,2007,6,1.66082277351779
21,2008,6,1.44878785215826
21,2009,6,1.22672198986905
21,2010,6,1.04546350174828
21,2011,6,1.36049903510078
21,2012,6,1.3787293790618
21,2013,6,0.877293521533041
21,2014,6,0.943642298221809
21,2015,6,0.799714223759442
21,2016,6,0.886016575687248
21,2017,6,1.09927512470129
21,2018,6,1.25547663741321
21,2019,6,1.69706660804137
21,2020,6,1.94803729947444
21,2021,6,1.33613983013555
21,2022,6,1.43214089384065
21,2023,6,1.63182848685548
21,2024,6,1.29980765688727
21,1964,7,1.03802100212545
21,1965,7,1.03802100212545
21,1966,7,1.10238559205841
21,1967,7,1.07986414546001
21,1968,7,1.03494203102316
21,1969,7,1.05420285151178
21,1970,7,1.09441080666946
21,1971,7,1.1097471210198
21,1972,7,1.1466905614395
21,1973,7,1.07467722274843
21,1974,7,1.01645043815782
21,1975,7,0.990196357666693
21,1976,7,1.01228701999804
21,1977,7,1.07718767208284
21,1978,7,1.22602121159961
21,1979,7,1.28118135274514
21,1980,7,1.39423325531688
21,1981,7,1.46336132255502
21,1982,7,1.46817550096021
21,1983,7,1.32832011589923
21,1984,7,1.29997701070589
21,1985,7,1.15179122023212
21,1986,7,1.05039176371255
21,1987,7,0.964003896108757
21,1988,7,1.11952731913244
21,1989,7,1.36405472433674
21,1990,7,1.40969049568173
21,1991,7,1.53157091624547
21,1992,7,1.3299324216757
21,1993,7,1.24910472567424
21,1994,7,1.48556445707941
21,1995,7,1.28776163945492
21,1996,7,1.54969579943973
21,1997,7,1.33630989711511
21,1998,7,1.176973426946
21,1999,7,1.26317308597246
21,2000,7,1.39645652754462
21,2001,7,1.57296998748021
21,2002,7,2.11490654206437
21,2003,7,2.17719534804138
21,2004,7,1.94995764894344
21,2005,7,1.66577316656692
21,2006,7,1.63011965642853
21,2007,7,1.66699301644175
21,2008,7,1.52182945533609
21,2009,7,1.1307717973836
21,2010,7,1.12978681861729
21,2011,7,1.42421451678327
21,2012,7,1.32320349251383
21,2013,7,1.23684057739612
21,2014,7,1.17994807774365
21,2015,7,1.10044251090775
21,2016,7,0.976556966800043
21,2017,7,1.17129523026783
21,2018,7,1.39445064207693
21,2019,7,2.7717512075106
21,2020,7,1.93661829133281
21,2021,7,1.71450484175673
21,2022,7,1.74106438097017
21,2023,7,1.42043663093035
21,2024,7,1.37568862568325
21,1964,8,1.03381503413288
21,1965,8,1.03381503413288
21,1966,8,1.04653298033347
21,1967,8,1.05347974388316
21,1968,8,1.02990366502305
21,1969,8,1.05952785715138
21,1970,8,1.08794046406533
21,1971,8,1.11647157402305
21,1972,8,1.11402171104166
21,1973,8,1.07820481654233
21,1974,8,1.06656388737018
21,1975,8,1.07447058905934
21,1976,8,1.03526122087694
21,1977,8,1.09360601049316
21,1978,8,1.24677458207583
21,1979,8,1.29048431092754
21,1980,8,1.34671812226838
21,1981,8,1.41922343793403
21,1982,8,1.41370852062625
21,1983,8,1.32911112400055
21,1984,8,1.26754110196227
21,1985,8,1.28360984919271
21,1986,8,1.28322553439693
21,1987,8,1.20198944701195
21,1988,8,1.27715871897961
21,1989,8,1.17801444149902
21,1990,8,1.10607511084498
21,1991,8,1.15778706165732
21,1992,8,1.30473545637017
21,1993,8,1.32825645022545
21,1994,8,1.3032171953315
21,1995,8,1.44681540341347
21,1996,8,1.74814915053501
21,1997,8,1.90634381224907
21,1998,8,1.73114985983459
21,1999,8,1.4706224832501
21,2000,8,1.61383063917891
21,2001,8,1.32908674036712
21,2002,8,1.54820213398238
21,2003,8,1.63538239300953
21,2004,8,1.72117426130763
21,2005,8,1.57359118055437
21,2006,8,1.92926858825484
21,2007,8,1.53584630217109
21,2008,8,1.3698911523123
21,2009,8,1.28933991906128
21,2010,8,1.21759798614911
21,2011,8,1.2364237957289
21,2012,8,1.47169176398304
21,2013,8,1.4530362626053
21,2014,8,1.39328362229004
21,2015,8,1.3833323511238
21,2016,8,1.63619411254217
21,2017,8,1.49416794745783
21,2018,8,1.58632146660437
21,2019,8,1.65353261187781
21,2020,8,1.54589500472565
21,2021,8,1.6693409874056
21,2022,8,1.62960706854072
21,2023,8,1.53210138071956
21,2024,8,1.37562533079635
22,1964,3,0.436816470492978
22,1965,3,0.436816470492978
22,1966,3,0.497002955729406
22,1967,3,0.559559605103127
22,1968,3,0.580125009604206
22,1969,3,0.712084765235974
22,1970,3,0.733922464863864
22,1971,3,0.652829098748578
22,1972,3,0.697199605429971
22,1973,3,1.03561826093569
22,1974,3,1.4414723807356
22,1975,3,1.39857674185339
22,1976,3,0.94905667173044
22,1977,3,0.828928673226283
22,1978,3,0.709055511934477
22,1979,3,0.467739735426625
22,1980,3,0.425906316417215
22,1981,3,0.259599942838097
22,1982,3,0.230459088654331
22,1983,3,0.250314504070067
22,1984,3,0.273027674305135
22,1985,3,0.242847602405344
22,1986,3,0.20385688010107
22,1987,3,0.189015114249784
22,1988,3,0.146336039709488
22,1989,3,0.143535827374652
22,1990,3,0.132657358253773
22,1991,3,0.134344362017888
22,1992,3,0.215661145068837
22,1993,3,0.229938418393315
22,1994,3,0.0986841030257876
22,1995,3,0.0639709872488477
22,1996,3,0.0784129060761583
22,1997,3,0.118382997906341
22,1998,3,0.144430648750218
22,1999,3,0.22107714904109
22,2000,3,0.12809902737354
22,2001,3,0.110430544474298
22,2002,3,0.125462569400089
22,2003,3,0.152634545070675
22,2004,3,0.142318753976654
22,2005,3,0.108245555177583
22,2006,3,0.110503885510893
22,2007,3,0.123294638605976
22,2008,3,0.10944438277637
22,2009,3,0.0950024915620193
22,2010,3,0.0557297669828099
22,2011,3,0.0600669610162934
22,2012,3,0.0614595499029234
22,2013,3,0.0531448441755897
22,2014,3,0.0625950413017045
22,2015,3,0.183014917942733
22,2016,3,0.0596376821329335
22,2017,3,0.0327704156382897
22,2018,3,0.033388791197285
22,2019,3,0.0400880395267815
22,2020,3,0.0988353255205126
22,2021,3,0.292133840052567
22,2022,3,0.228272765102575
22,2023,3,0.193866068293384
22,2024,3,0.189841335825033
22,1964,4,2.06814803630614
22,1965,4,2.06814803630614
22,1966,4,2.63413488465765
22,1967,4,2.62671383140357
22,1968,4,2.49562499619456
22,1969,4,2.4592971167356
22,1970,4,1.83535210245456
22,1971,4,1.40752682593518
22,1972,4,1.39368655101159
22,1973,4,1.47814541552775
22,1974,4,1.4958031625647
22,1975,4,1.48625214487328
22,1976,4,1.44647690754987
22,1977,4,1.17599000984381
22,1978,4,0.972677770207385
22,1979,4,0.865547581455629
22,1980,4,0.609521652029649
22,1981,4,0.571414654401323
22,1982,4,0.576958199325079
22,1983,4,0.520254706567136
22,1984,4,0.573917343319063
22,1985,4,0.517167570707229
22,1986,4,0.504502597775221
22,1987,4,0.55533617561603
22,1988,4,0.485406365358358
22,1989,4,0.411026603297922
22,1990,4,0.367794064160762
22,1991,4,0.349946434131675
22,1992,4,0.468889319231713
22,1993,4,0.696453018573373
22,1994,4,0.46336009115086
22,1995,4,0.230101981990309
22,1996,4,0.161700344820461
22,1997,4,0.191073927807989
22,1998,4,0.209885518703726
22,1999,4,0.369889946882287
22,2000,4,0.411530557596383
22,2001,4,0.333032023838722
22,2002,4,0.415006625790604
22,2003,4,0.412540261942785
22,2004,4,0.863739985764297
22,2005,4,0.458594058259028
22,2006,4,0.432087869486175
22,2007,4,0.423778990111192
22,2008,4,0.382437033044861
22,2009,4,0.507318256789583
22,2010,4,0.564731776233608
22,2011,4,0.233395651328804
22,2012,4,0.346100988129657
22,2013,4,0.359338359370632
22,2014,4,0.370660716715658
22,2015,4,0.332766539273053
22,2016,4,0.98319239692891
22,2017,4,0.308236243686131
22,2018,4,0.224846677305687
22,2019,4,0.14696287845849
22,2020,4,0.32469800714273
22,2021,4,0.289469250434844
22,2022,4,0.495868013359219
22,2023,4,0.485957573611988
22,2024,4,0.436228993171401
22,1964,5,3.08050001215314
22,1965,5,3.08050001215314
22,1966,5,2.69915733594203
22,1967,5,2.08331923024506
22,1968,5,1.78465345141631
22,1969,5,1.63337099330641
22,1970,5,1.49106968212091
22,1971,5,1.31754346291622
22,1972,5,1.19714254301172
22,1973,5,1.22737208558974
22,1974,5,1.25033643300538
22,1975,5,1.22219380944107
22,1976,5,1.23973441943972
22,1977,5,1.277202188931
22,1978,5,1.26264863632517
22,1979,5,1.24188931513924
22,1980,5,1.38801813805945
22,1981,5,1.53296363894636
22,1982,5,1.19648758108965
22,1983,5,0.983643398690714
22,1984,5,0.845464185685958
22,1985,5,0.815390469783646
22,1986,5,0.748250033779822
22,1987,5,0.754413749363102
22,1988,5,1.0073236006379
22,1989,5,1.070347116678
22,1990,5,1.06793510056885
22,1991,5,1.10547355095855
22,1992,5,0.852933053558655
22,1993,5,0.685949781671905
22,1994,5,1.18393747173541
22,1995,5,0.623661280747756
22,1996,5,0.450437078457863
22,1997,5,0.421915498046979
22,1998,5,0.451507246290259
22,1999,5,0.577953824267907
22,2000,5,0.787298827621258
22,2001,5,0.936584392891157
22,2002,5,0.878431637727702
22,2003,5,1.12611127557585
22,2004,5,0.937404722095555
22,2005,5,1.45684466432424
22,2006,5,1.1989480706498
22,2007,5,1.15168656124524
22,2008,5,0.93687559371489
22,2009,5,0.748882402711648
22,2010,5,0.803473280354523
22,2011,5,1.02188893819158
22,2012,5,0.442790999552298
22,2013,5,0.695571085291911
22,2014,5,0.685945145661639
22,2015,5,0.589070149684733
22,2016,5,0.585006949726276
22,2017,5,1.18028605398218
22,2018,5,1.3725554552989
22,2019,5,0.394879970292682
22,2020,5,0.532504034561239
22,2021,5,0.557326086578829
22,2022,5,0.62002342745062
22,2023,5,1.11151612763987
22,2024,5,1.6657412958695
22,1964,6,0.983881103191299
22,1965,6,0.983881103191299
22,1966,6,0.908534554499532
22,1967,6,0.89912943510125
22,1968,6,0.921915931479514
22,1969,6,0.928702993391592
22,1970,6,0.957641907559405
22,1971,6,1.03700334498977
22,1972,6,1.07126367366522
22,1973,6,0.985810059659156
22,1974,6,0.998218616047974
22,1975,6,1.04311889437976
22,1976,6,1.10959964809109
22,1977,6,1.2118133791616
22,1978,6,1.31035810799006
22,1979,6,1.56963861561375
22,1980,6,1.47262942500199
22,1981,6,1.47872689779714
22,1982,6,1.53696913584635
22,1983,6,1.37835806872509
22,1984,6,1.15036496675029
22,1985,6,1.33876569429376
22,1986,6,1.41833066586107
22,1987,6,1.46601278472042
22,1988,6,1.47450202624444
22,1989,6,1.35860558015932
22,1990,6,1.21007165132501
22,1991,6,1.14997074092948
22,1992,6,1.17986910709693
22,1993,6,1.15392482562889
22,1994,6,1.29843426490208
22,1995,6,1.57291581130206
22,1996,6,1.23115344726243
22,1997,6,1.10926524756427
22,1998,6,1.13562741881445
22,1999,6,0.93112167048021
22,2000,6,1.1933415937108
22,2001,6,1.70884790354351
22,2002,6,1.7078426072553
22,2003,6,1.71832364777664
22,2004,6,1.63406403530573
22,2005,6,1.67669725622934
22,2006,6,1.65807129524216
22,2007,6,1.64393549566403
22,2008,6,1.42278308515172
22,2009,6,1.54523557119358
22,2010,6,1.19831625198096
22,2011,6,1.28688122605879
22,2012,6,1.16098978016786
22,2013,6,0.88513443586506
22,2014,6,0.9161809760611
22,2015,6,0.999965973778453
22,2016,6,1.08029947611819
22,2017,6,1.69532057402634
22,2018,6,1.78497216221974
22,2019,6,1.77489155687664
22,2020,6,1.44290821880743
22,2021,6,0.973708898661266
22,2022,6,1.04903807997088
22,2023,6,1.37645610782878
22,2024,6,1.00380076950506
22,1964,7,0.972627176196104
22,1965,7,0.972627176196104
22,1966,7,0.903221432399899
22,1967,7,0.913518012846608
22,1968,7,0.928600055105916
22,1969,7,0.943366586029625
22,1970,7,1.00293013733164
22,1971,7,1.08453421700099
22,1972,7,1.07734481872509
22,1973,7,1.06062195320498
22,1974,7,1.09980423706077
22,1975,7,1.05539926881848
22,1976,7,1.11337947709586
22,1977,7,1.24069880985377
22,1978,7,1.29516683696045
22,1979,7,1.2894501325101
22,1980,7,1.42773106715428
22,1981,7,1.40001471988004
22,1982,7,1.39656604110978
22,1983,7,1.34777887117581
22,1984,7,1.30690492652544
22,1985,7,1.16587882553319
22,1986,7,1.24154904268859
22,1987,7,1.1979009119902
22,1988,7,1.35570989562825
22,1989,7,1.35983348132075
22,1990,7,1.46511432875336
22,1991,7,1.41419052052159
22,1992,7,1.56097752738632
22,1993,7,1.55961436401519
22,1994,7,1.58321013283691
22,1995,7,1.91167132435207
22,1996,7,2.19248156354955
22,1997,7,1.56983631989331
22,1998,7,1.49114454829101
22,1999,7,1.29601905490704
22,2000,7,1.44278251156179
22,2001,7,1.66370733343555
22,2002,7,1.67976198877989
22,2003,7,1.76578186541209
22,2004,7,1.7313433506606
22,2005,7,1.5572681517119
22,2006,7,1.68609007448994
22,2007,7,1.50988448495529
22,2008,7,1.44304792752959
22,2009,7,1.34048084773574
22,2010,7,1.29916883097871
22,2011,7,1.42350629835737
22,2012,7,1.3319513861411
22,2013,7,1.19275996319009
22,2014,7,1.38610919778252
22,2015,7,1.37115624409458
22,2016,7,1.22868439542826
22,2017,7,1.44108244505996
22,2018,7,1.44612783072291
22,2019,7,2.53620400971566
22,2020,7,1.59477460517696
22,2021,7,1.16063988305857
22,2022,7,1.1455558018613
22,2023,7,1.15363286834611
22,2024,7,1.06788656208164
22,1964,8,0.935902380703649
22,1965,8,0.935902380703649
22,1966,8,0.897319826009079
22,1967,8,0.926909127787074
22,1968,8,0.956002747175296
22,1969,8,0.961903284118223
22,1970,8,1.02748199622444
22,1971,8,1.08564831855263
22,1972,8,1.09062203073321
22,1973,8,1.08136815423876
22,1974,8,1.06572812682862
22,1975,8,1.0688895691552
22,1976,8,1.09035373399947
22,1977,8,1.16134109514013
22,1978,8,1.22998414710021
22,1979,8,1.27297900657225
22,1980,8,1.37604290515247
22,1981,8,1.33938831676665
22,1982,8,1.30655436166408
22,1983,8,1.32986027996306
22,1984,8,1.30214639463371
22,1985,8,1.22311672894634
22,1986,8,1.21151411723749
22,1987,8,1.17631779642852
22,1988,8,1.17003994951204
22,1989,8,1.33660104373615
22,1990,8,1.39029397575272
22,1991,8,1.32824746205905
22,1992,8,1.4110763590623
22,1993,8,1.59063616898118
22,1994,8,1.55642310011444
22,1995,8,1.71302194241152
22,1996,8,1.89569820745243
22,1997,8,1.59366745705482
22,1998,8,1.62350466922678
22,1999,8,1.5102884812444
22,2000,8,1.41035341322394
22,2001,8,1.6128229498539
22,2002,8,1.524229160618
22,2003,8,1.84951137612383
22,2004,8,1.71458997160903
22,2005,8,1.95481428108537
22,2006,8,1.6897975073193
22,2007,8,1.70117835292437
22,2008,8,1.67778394622333
22,2009,8,1.46309793330474
22,2010,8,1.31978243449384
22,2011,8,1.15136115315222
22,2012,8,1.38486916686679
22,2013,8,1.73000399862099
22,2014,8,1.44791188417548
22,2015,8,1.40118412079074
22,2016,8,1.34173772924832
22,2017,8,1.57041758079412
22,2018,8,1.53105548739724
22,2019,8,2.07871602841175
22,2020,8,1.60707391358599
22,2021,8,1.60510385991735
22,2022,8,1.36162981281404
22,2023,8,1.22584138479582
22,2024,8,1.13643836081447
23,1964,3,0.90522620561922
23,1965,3,0.90522620561922
23,1966,3,0.764701534395933
23,1967,3,0.734877894085891
23,1968,3,0.795774550971992
23,1969,3,1.09138037841241
23,1970,3,1.09938775583953
23,1971,3,0.895846665258581
23,1972,3,0.897110767185383
23,1973,3,0.988626323770325
23,1974,3,1.17209277334093
23,1975,3,1.03941887783073
23,1976,3,0.751211596253317
23,1977,3,0.758256396803487
23,1978,3,0.822706396449791
23,1979,3,0.697873763895138
23,1980,3,0.438717679863041
23,1981,3,0.293639338942619
23,1982,3,0.279093993823457
23,1983,3,0.237257531214599
23,1984,3,0.23521533072777
23,1985,3,0.206273970878496
23,1986,3,0.1992749669759
23,1987,3,0.192219743479688
23,1988,3,0.251517353807203
23,1989,3,0.252368443309952
23,1990,3,0.194951681254676
23,1991,3,0.152609864286223
23,1992,3,0.223533396650008
23,1993,3,0.1699648224131
23,1994,3,0.0863802339335233
23,1995,3,0.0693031066731674
23,1996,3,0.0899687044182825
23,1997,3,0.121462546024811
23,1998,3,0.117401117973694
23,1999,3,0.250538985471143
23,2000,3,0.139319424610362
23,2001,3,0.0819730147567541
23,2002,3,0.116477668217923
23,2003,3,0.202473207210016
23,2004,3,0.111300867356276
23,2005,3,0.109595341987722
23,2006,3,0.179037068414655
23,2007,3,0.1363257438761
23,2008,3,0.0914934538608888
23,2009,3,0.0905245822917089
23,2010,3,0.0600085860523495
23,2011,3,0.0463459330434661
23,2012,3,0.054953029804135
23,2013,3,0.0629385144496088
23,2014,3,0.073325652964987
23,2015,3,0.162005833928292
23,2016,3,0.0380282556893345
23,2017,3,0.0419606019165039
23,2018,3,0.060752899648681
23,2019,3,0.0542858081984624
23,2020,3,0.125928103520279
23,2021,3,0.332818137717675
23,2022,3,0.257502601347629
23,2023,3,0.217257043454094
23,2024,3,0.214040879102683
23,1964,4,2.10065836779094
23,1965,4,2.10065836779094
23,1966,4,2.28392753219622
23,1967,4,2.25759875612488
23,1968,4,2.09567934055523
23,1969,4,1.71627398070641
23,1970,4,1.61851691060343
23,1971,4,1.33219467705089
23,1972,4,1.48751618356269
23,1973,4,1.92826624793136
23,1974,4,1.9419830720375
23,1975,4,1.63323921163338
23,1976,4,1.50868661336867
23,1977,4,1.39432018624276
23,1978,4,1.08628473284765
23,1979,4,1.10143741138893
23,1980,4,1.10811674630373
23,1981,4,0.832651734925313
23,1982,4,0.625405164663176
23,1983,4,0.5768132784972
23,1984,4,0.500445325085955
23,1985,4,0.355328450373119
23,1986,4,0.441369120979473
23,1987,4,0.420042636565998
23,1988,4,0.391211008719074
23,1989,4,0.492149058665116
23,1990,4,0.71137399788535
23,1991,4,0.427390078149388
23,1992,4,0.358608068752085
23,1993,4,0.52696996280689
23,1994,4,0.405494305234592
23,1995,4,0.204553636161645
23,1996,4,0.114868814029478
23,1997,4,0.243109536874376
23,1998,4,0.259496652641531
23,1999,4,0.416898612927654
23,2000,4,0.439047917057488
23,2001,4,0.387090557737914
23,2002,4,0.347102976703507
23,2003,4,0.399238944239618
23,2004,4,0.855088000076416
23,2005,4,0.631600040300011
23,2006,4,0.609755754068912
23,2007,4,0.484542118564257
23,2008,4,0.46628462781868
23,2009,4,0.350916888928851
23,2010,4,0.434058890264361
23,2011,4,0.23421805199563
23,2012,4,0.418216639225124
23,2013,4,0.356318797309487
23,2014,4,0.271513948807714
23,2015,4,0.338214695931334
23,2016,4,0.858731102736759
23,2017,4,0.330152723505972
23,2018,4,0.162443958462534
23,2019,4,0.0928500621493664
23,2020,4,0.29336025291036
23,2021,4,0.271044480316623
23,2022,4,0.614725744052356
23,2023,4,0.591807348918941
23,2024,4,0.581020892631375
23,1964,5,3.2541328494579
23,1965,5,3.2541328494579
23,1966,5,3.23379035807615
23,1967,5,2.79805942882775
23,1968,5,2.51703277375926
23,1969,5,2.26137116280741
23,1970,5,2.13976736642068
23,1971,5,2.0974942060117
23,1972,5,2.01996724044555
23,1973,5,1.74850056723007
23,1974,5,1.4719623821506
23,1975,5,1.30762754137789
23,1976,5,1.26979660654742
23,1977,5,1.28008479040556
23,1978,5,1.35284275222503
23,1979,5,1.48633080731512
23,1980,5,1.12060012256337
23,1981,5,1.0547336182354
23,1982,5,0.878525365904323
23,1983,5,0.929206832000278
23,1984,5,0.856541224213747
23,1985,5,0.818715182668546
23,1986,5,0.756546656689931
23,1987,5,0.808605721819384
23,1988,5,0.902950430220383
23,1989,5,1.0010726196819
23,1990,5,0.947090032870982
23,1991,5,0.781752745908641
23,1992,5,0.560764875037823
23,1993,5,0.471451685861867
23,1994,5,1.27122931841452
23,1995,5,0.917287952433108
23,1996,5,0.455521531505731
23,1997,5,0.40038118243885
23,1998,5,0.561504383601437
23,1999,5,0.552426392171499
23,2000,5,0.912242944310212
23,2001,5,0.940056084211903
23,2002,5,0.980585362041292
23,2003,5,1.09818999835079
23,2004,5,1.16366059958179
23,2005,5,1.47387243503108
23,2006,5,1.09757334520499
23,2007,5,1.15639991797876
23,2008,5,0.912599091017129
23,2009,5,0.708443340702063
23,2010,5,0.758330243141166
23,2011,5,1.17650535449016
23,2012,5,0.509232435039666
23,2013,5,0.606846198715407
23,2014,5,0.574538644676644
23,2015,5,0.58940149460464
23,2016,5,0.742282741625026
23,2017,5,1.00439380960726
23,2018,5,1.08198338323784
23,2019,5,0.274164329653084
23,2020,5,0.577527109538969
23,2021,5,0.580569597564015
23,2022,5,0.615827501393215
23,2023,5,1.09329727105807
23,2024,5,1.32443688072072
23,1964,6,0.902499361155398
23,1965,6,0.902499361155398
23,1966,6,0.887650817811756
23,1967,6,0.915644390170423
23,1968,6,0.955617424159648
23,1969,6,1.00446606697699
23,1970,6,1.05417929527401
23,1971,6,1.0222227408772
23,1972,6,1.03356004993876
23,1973,6,1.01038065405201
23,1974,6,0.999483453295985
23,1975,6,1.06116702610831
23,1976,6,1.13835679127227
23,1977,6,1.08212867357004
23,1978,6,1.0131518096301
23,1979,6,1.04683608517835
23,1980,6,1.12336346995869
23,1981,6,1.23956883972753
23,1982,6,1.45836089970893
23,1983,6,1.37355805946287
23,1984,6,1.21747284240477
23,1985,6,1.30560417734572
23,1986,6,1.0639803718416
23,1987,6,1.10053630919587
23,1988,6,1.22166338274664
23,1989,6,1.1327070165472
23,1990,6,0.959383050789041
23,1991,6,1.02053192335795
23,1992,6,1.50327146099898
23,1993,6,1.12730996124832
23,1994,6,1.13422476699378
23,1995,6,1.80403843814021
23,1996,6,1.22739014701604
23,1997,6,0.957661723769666
23,1998,6,1.05493176133199
23,1999,6,1.02856965578309
23,2000,6,1.00578679866098
23,2001,6,1.58550253674205
23,2002,6,1.36120815321681
23,2003,6,1.47087617940533
23,2004,6,1.384440002338
23,2005,6,1.74953162630472
23,2006,6,1.95881897184131
23,2007,6,1.45565236627859
23,2008,6,1.54253340463415
23,2009,6,1.14393290201692
23,2010,6,1.27326531844809
23,2011,6,1.3191607398386
23,2012,6,1.49345853219838
23,2013,6,0.907046059948095
23,2014,6,1.04606340440213
23,2015,6,0.930345446223943
23,2016,6,0.88166031854685
23,2017,6,1.0799412195815
23,2018,6,1.33729472326462
23,2019,6,1.51926231559546
23,2020,6,1.41939517446653
23,2021,6,1.12116750259631
23,2022,6,1.00247632302794
23,2023,6,0.94986450462768
23,2024,6,1.05104775098017
23,1964,7,0.884546721125314
23,1965,7,0.884546721125314
23,1966,7,0.87733001164664
23,1967,7,0.914159001919977
23,1968,7,0.949003732661547
23,1969,7,0.98686912122899
23,1970,7,1.00825287323441
23,1971,7,1.03459051651365
23,1972,7,1.06143784865713
23,1973,7,1.01858730245005
23,1974,7,1.01871115518313
23,1975,7,1.0580852193565
23,1976,7,1.11737574594516
23,1977,7,1.13127426253505
23,1978,7,1.1709652332368
23,1979,7,1.21356527485029
23,1980,7,1.27357844817456
23,1981,7,1.30444632803512
23,1982,7,1.41378505577911
23,1983,7,1.33663134514611
23,1984,7,1.36938851154065
23,1985,7,1.41024228012225
23,1986,7,1.30898944545812
23,1987,7,1.1367550538367
23,1988,7,1.17516088543585
23,1989,7,1.0857574710292
23,1990,7,1.07496773468698
23,1991,7,1.2963728360643
23,1992,7,1.31550878197141
23,1993,7,1.32922735807
23,1994,7,1.512680478404
23,1995,7,1.77802728288627
23,1996,7,2.28645455549815
23,1997,7,1.37974368534902
23,1998,7,1.16445886761485
23,1999,7,1.16653601155706
23,2000,7,1.39635534734544
23,2001,7,1.38616404030599
23,2002,7,1.65060716042507
23,2003,7,1.63313029257547
23,2004,7,1.61027372579372
23,2005,7,1.67967097418122
23,2006,7,1.69272353933991
23,2007,7,1.48383965895795
23,2008,7,1.47464923321075
23,2009,7,1.3958704857464
23,2010,7,1.02341842284662
23,2011,7,1.20961747974207
23,2012,7,1.40629114611814
23,2013,7,1.12283501252633
23,2014,7,1.34296539878514
23,2015,7,0.980739957954716
23,2016,7,1.03478006564994
23,2017,7,1.1350573995627
23,2018,7,1.21921976597781
23,2019,7,2.23611723272204
23,2020,7,1.7610735280271
23,2021,7,1.58873641019707
23,2022,7,1.19719471662273
23,2023,7,1.14024613887787
23,2024,7,1.11109824121202
23,1964,8,0.908548425471186
23,1965,8,0.908548425471186
23,1966,8,0.877876107045979
23,1967,8,0.922483207059161
23,1968,8,0.954111529315756
23,1969,8,0.981490665087461
23,1970,8,0.996370032232333
23,1971,8,1.04019390320535
23,1972,8,1.03848371899386
23,1973,8,1.01802290500779
23,1974,8,1.03007997593246
23,1975,8,1.09120810932778
23,1976,8,1.15988233152652
23,1977,8,1.14813238229613
23,1978,8,1.17523809629801
23,1979,8,1.1948139699837
23,1980,8,1.27691972776582
23,1981,8,1.28557724142878
23,1982,8,1.28830667996796
23,1983,8,1.30776779919209
23,1984,8,1.33673114582002
23,1985,8,1.3598208832553
23,1986,8,1.29533684359849
23,1987,8,1.38001857398215
23,1988,8,1.34769183334028
23,1989,8,1.4766811311428
23,1990,8,1.28581685688239
23,1991,8,1.32420015921441
23,1992,8,1.27493598491929
23,1993,8,1.55983214560511
23,1994,8,1.38722140548422
23,1995,8,1.48061723085432
23,1996,8,1.70016255196366
23,1997,8,1.51411635839305
23,1998,8,1.35302145185798
23,1999,8,1.44336770006446
23,2000,8,1.51205467635564
23,2001,8,1.55294327541337
23,2002,8,1.86152285138149
23,2003,8,1.84281174902864
23,2004,8,1.9677982049186
23,2005,8,1.57750085408595
23,2006,8,1.54748254441497
23,2007,8,1.17832141251827
23,2008,8,1.13835851390717
23,2009,8,1.14421023292321
23,2010,8,1.24987932119914
23,2011,8,1.38225660306571
23,2012,8,1.42686488312525
23,2013,8,1.48616998545232
23,2014,8,1.31015897987136
23,2015,8,1.07582008089157
23,2016,8,1.22204694427792
23,2017,8,1.17770340284058
23,2018,8,1.33288487658009
23,2019,8,1.65906047044485
23,2020,8,1.69628303456141
23,2021,8,1.6592750650599
23,2022,8,1.90966129156176
23,2023,8,1.74334511493308
23,2024,8,1.2468700837234
24,1964,3,0.914111641983594
24,1965,3,0.914111641983594
24,1966,3,0.69743040922122
24,1967,3,0.568322829215014
24,1968,3,0.6338873725754
24,1969,3,0.793528622143904
24,1970,3,0.754304270861866
24,1971,3,0.847520876648057
24,1972,3,0.8310411044665
24,1973,3,0.836482228288905
24,1974,3,0.929029969373014
24,1975,3,1.01470279884572
24,1976,3,0.815463892139002
24,1977,3,0.766809087396414
24,1978,3,0.770704632730506
24,1979,3,0.620851139764545
24,1980,3,0.543285333064137
24,1981,3,0.337842776872246
24,1982,3,0.269294762045331
24,1983,3,0.283666909595396
24,1984,3,0.292300208181651
24,1985,3,0.363443923409712
24,1986,3,0.337976885112094
24,1987,3,0.322492486363679
24,1988,3,0.281661684683685
24,1989,3,0.23053861356393
24,1990,3,0.190790854943173
24,1991,3,0.136306216537223
24,1992,3,0.172395703871605
24,1993,3,0.151531722034983
24,1994,3,0.0873970325700705
24,1995,3,0.061417884179811
24,1996,3,0.0956545174484438
24,1997,3,0.0864861252515714
24,1998,3,0.148125146559967
24,1999,3,0.286446633128083
24,2000,3,0.181595467589186
24,2001,3,0.11261700504594
24,2002,3,0.126168652015558
24,2003,3,0.190583120463485
24,2004,3,0.10580075164534
24,2005,3,0.0951883041739723
24,2006,3,0.124736870902792
24,2007,3,0.110166588863864
24,2008,3,0.101042149280088
24,2009,3,0.0889789267516759
24,2010,3,0.0692325728090915
24,2011,3,0.0581806417631591
24,2012,3,0.0655080142085426
24,2013,3,0.0614281995020858
24,2014,3,0.070387808245275
24,2015,3,0.171483041921859
24,2016,3,0.0394247360025226
24,2017,3,0.0363252855480949
24,2018,3,0.0347954989587692
24,2019,3,0.0378406355153174
24,2020,3,0.11368819017334
24,2021,3,0.346620696084792
24,2022,3,0.307567999677396
24,2023,3,0.233210890353231
24,2024,3,0.22692100350027
24,1964,4,1.82006086246066
24,1965,4,1.82006086246066
24,1966,4,2.61459967533264
24,1967,4,2.72108375106989
24,1968,4,2.38707289896291
24,1969,4,1.44348772186103
24,1970,4,0.96234465981845
24,1971,4,0.898685436166655
24,1972,4,0.995362588211114
24,1973,4,0.905039382121165
24,1974,4,1.0335248834684
24,1975,4,1.25346713927274
24,1976,4,1.42723440214081
24,1977,4,1.34476009063239
24,1978,4,1.1646849311338
24,1979,4,1.16511900701395
24,1980,4,0.956656003857383
24,1981,4,0.78996082345721
24,1982,4,0.656029030291493
24,1983,4,0.754344773509579
24,1984,4,0.455379969301817
24,1985,4,0.411559015564935
24,1986,4,0.419370747664305
24,1987,4,0.407273960823039
24,1988,4,0.497566440557504
24,1989,4,0.588759737261445
24,1990,4,0.581398001628768
24,1991,4,0.414678695361751
24,1992,4,0.390881812313965
24,1993,4,0.571690632144474
24,1994,4,0.495290466914875
24,1995,4,0.229848438217085
24,1996,4,0.146453322838367
24,1997,4,0.211000965149385
24,1998,4,0.281680644684097
24,1999,4,0.407896123859719
24,2000,4,0.597629757667756
24,2001,4,0.400558186934492
24,2002,4,0.327000994667258
24,2003,4,0.431174782304786
24,2004,4,0.673396594391886
24,2005,4,0.523847877511061
24,2006,4,0.515798150995568
24,2007,4,0.452808605986172
24,2008,4,0.365580475849242
24,2009,4,0.395860934033607
24,2010,4,0.496450131463779
24,2011,4,0.189774254980185
24,2012,4,0.358961274423585
24,2013,4,0.300741068551097
24,2014,4,0.229694509055616
24,2015,4,0.368606276127002
24,2016,4,0.764853208257854
24,2017,4,0.28407484268531
24,2018,4,0.191684888448491
24,2019,4,0.158927370815731
24,2020,4,0.2804034499897
24,2021,4,0.266359561455368
24,2022,4,0.644442279400657
24,2023,4,0.5397335090431
24,2024,4,0.509756158225837
24,1964,5,2.42761592756096
24,1965,5,2.42761592756096
24,1966,5,2.30199668608228
24,1967,5,1.92548442096015
24,1968,5,1.73083329172153
24,1969,5,1.74298945943134
24,1970,5,1.61402121636164
24,1971,5,1.51368517106192
24,1972,5,1.44176944948645
24,1973,5,1.44972547350462
24,1974,5,1.56734159395902
24,1975,5,1.62849785540165
24,1976,5,1.67268915215086
24,1977,5,1.62892936057579
24,1978,5,1.76384112194457
24,1979,5,1.49615652467229
24,1980,5,1.85996975030776
24,1981,5,1.77442499134867
24,1982,5,1.34124626734478
24,1983,5,0.894192591088198
24,1984,5,1.02783092260223
24,1985,5,0.953664539294721
24,1986,5,0.880220273243639
24,1987,5,0.809423525385313
24,1988,5,1.15879008504127
24,1989,5,1.00477212661319
24,1990,5,0.801586356392404
24,1991,5,0.505147346019835
24,1992,5,0.542813646804524
24,1993,5,0.461896773295369
24,1994,5,1.04448450470849
24,1995,5,0.784965218079571
24,1996,5,0.378197362529404
24,1997,5,0.483117318970498
24,1998,5,0.45676054978494
24,1999,5,0.50510428084102
24,2000,5,0.860788509786203
24,2001,5,1.12401416796551
24,2002,5,0.985472231349694
24,2003,5,0.964573636600342
24,2004,5,0.854263642010113
24,2005,5,1.32797624117433
24,2006,5,1.08547396812971
24,2007,5,1.04344469455462
24,2008,5,0.856487382937205
24,2009,5,0.748824730028188
24,2010,5,0.685570826453979
24,2011,5,1.1006666329832
24,2012,5,0.491063076714375
24,2013,5,0.649170598572694
24,2014,5,0.586508904698866
24,2015,5,0.397453781485416
24,2016,5,0.548905569868317
24,2017,5,1.17666897787986
24,2018,5,1.17711101471418
24,2019,5,0.339180076100643
24,2020,5,0.615371911061278
24,2021,5,0.670147595766342
24,2022,5,0.64887736205043
24,2023,5,1.30368237681949
24,2024,5,1.08003610522686
24,1964,6,0.986183431623468
24,1965,6,0.986183431623468
24,1966,6,0.91471080412425
24,1967,6,0.913247449424629
24,1968,6,0.955995940092526
24,1969,6,1.02533867999484
24,1970,6,1.07013041949483
24,1971,6,1.16890660747273
24,1972,6,1.27036876845264
24,1973,6,1.16874635382989
24,1974,6,1.15456487583439
24,1975,6,1.17276198162931
24,1976,6,1.09828506686151
24,1977,6,1.07376418591457
24,1978,6,0.990459341723956
24,1979,6,1.12458479749324
24,1980,6,1.16685589742005
24,1981,6,1.31958428329671
24,1982,6,1.25374977213523
24,1983,6,1.26065385985045
24,1984,6,1.34075318817191
24,1985,6,1.38400038009057
24,1986,6,1.34201581313507
24,1987,6,1.23560440009301
24,1988,6,1.08777596270356
24,1989,6,1.29385820857989
24,1990,6,1.27433019168147
24,1991,6,1.2145301039626
24,1992,6,1.31545185772997
24,1993,6,1.27020889521358
24,1994,6,1.1658834163637
24,1995,6,1.57603654885736
24,1996,6,1.42230018414771
24,1997,6,1.0742743510793
24,1998,6,1.13466837376631
24,1999,6,1.19001796638057
24,2000,6,1.44264059335038
24,2001,6,1.56494376883901
24,2002,6,1.6380997706517
24,2003,6,1.169348092446
24,2004,6,1.11956053266999
24,2005,6,1.48637767613362
24,2006,6,1.55105149896082
24,2007,6,1.55005509817686
24,2008,6,1.38616521926409
24,2009,6,1.46330509313125
24,2010,6,1.06588549924076
24,2011,6,1.67046963853205
24,2012,6,1.1284367070004
24,2013,6,0.87209308988389
24,2014,6,0.913023900748083
24,2015,6,0.877257468174556
24,2016,6,0.849062998163702
24,2017,6,1.1805516278048
24,2018,6,1.34405995032756
24,2019,6,1.5266951614357
24,2020,6,1.15967216136734
24,2021,6,1.12621749438895
24,2022,6,1.1906525544308
24,2023,6,1.19255544189446
24,2024,6,1.2496374555847
24,1964,7,0.972094803886103
24,1965,7,0.972094803886103
24,1966,7,0.936956143373107
24,1967,7,0.931477608361883
24,1968,7,0.97016605326407
24,1969,7,1.04026155160067
24,1970,7,1.09638830020265
24,1971,7,1.15036981239614
24,1972,7,1.21684974140736
24,1973,7,1.18967766140556
24,1974,7,1.1826453521313
24,1975,7,1.12367578068362
24,1976,7,1.11053969430419
24,1977,7,1.13457666821605
24,1978,7,1.08219329589806
24,1979,7,1.18279312908533
24,1980,7,1.1389306468117
24,1981,7,1.23238353444035
24,1982,7,1.37246203626932
24,1983,7,1.30883014330553
24,1984,7,1.26505325378563
24,1985,7,1.09919381787717
24,1986,7,1.36916827579909
24,1987,7,1.53672216777168
24,1988,7,1.40938470892913
24,1989,7,1.2482708474177
24,1990,7,1.16652854608015
24,1991,7,1.5705403302694
24,1992,7,1.41960662506872
24,1993,7,1.21805565844018
24,1994,7,1.19813332981581
24,1995,7,1.2585653582522
24,1996,7,1.79000440080205
24,1997,7,1.3727162349458
24,1998,7,1.41433072780691
24,1999,7,1.69332927961256
24,2000,7,1.39125019772667
24,2001,7,1.8758011630911
24,2002,7,1.56165979137429
24,2003,7,1.60717317272614
24,2004,7,1.78715348961072
24,2005,7,1.35884690900634
24,2006,7,1.35300235398993
24,2007,7,1.66252879832968
24,2008,7,1.5345537051021
24,2009,7,1.2083342612309
24,2010,7,1.11699470903643
24,2011,7,1.15770766360023
24,2012,7,1.38214957186222
24,2013,7,1.15900991607648
24,2014,7,1.14483169419514
24,2015,7,1.10338163503884
24,2016,7,0.978642890676902
24,2017,7,1.06252112490079
24,2018,7,1.41701557738725
24,2019,7,2.14731135469315
24,2020,7,1.68116008047543
24,2021,7,1.53313096985348
24,2022,7,1.37591754410434
24,2023,7,1.3433167365227
24,2024,7,1.25405354849
24,1964,8,0.951932095630386
24,1965,8,0.951932095630386
24,1966,8,0.917935485293976
24,1967,8,0.952808548675192
24,1968,8,0.994469244876559
24,1969,8,1.06839945408792
24,1970,8,1.12018223413359
24,1971,8,1.14367952122075
24,1972,8,1.1575196812378
24,1973,8,1.17170905618728
24,1974,8,1.14507563916144
24,1975,8,1.10334419463487
24,1976,8,1.09228878871565
24,1977,8,1.11602232981112
24,1978,8,1.12554346646259
24,1979,8,1.1826574999727
24,1980,8,1.13448623252444
24,1981,8,1.2144212403657
24,1982,8,1.25738362499863
24,1983,8,1.28197097112263
24,1984,8,1.23056355949953
24,1985,8,1.21115652164921
24,1986,8,1.22374237592169
24,1987,8,1.28529797782514
24,1988,8,1.13674117003618
24,1989,8,1.07161629056425
24,1990,8,1.00503519628786
24,1991,8,1.05217770008633
24,1992,8,1.14318823849141
24,1993,8,1.09940385913863
24,1994,8,1.23477328358376
24,1995,8,1.50561260827455
24,1996,8,1.84910178139134
24,1997,8,1.73507223185575
24,1998,8,1.89117718680815
24,1999,8,1.63134876442014
24,2000,8,1.7414691570694
24,2001,8,1.61125364675556
24,2002,8,1.86788121558183
24,2003,8,1.53477778787809
24,2004,8,1.73771238224165
24,2005,8,1.47831944115924
24,2006,8,1.6469336778546
24,2007,8,1.29090665184617
24,2008,8,1.52487992648577
24,2009,8,1.14485368534112
24,2010,8,1.47377748864218
24,2011,8,0.976252224651837
24,2012,8,1.24187599698987
24,2013,8,1.30679522858718
24,2014,8,1.42644797488941
24,2015,8,1.07643324100991
24,2016,8,1.12593486923528
24,2017,8,1.33546142445864
24,2018,8,1.35284800694283
24,2019,8,2.03668672402403
24,2020,8,1.55168987266692
24,2021,8,1.94064851329718
24,2022,8,1.793573136553
24,2023,8,1.56358455374545
24,2024,8,1.34100779361764
25,1964,3,0.462639525027967
25,1965,3,0.462639525027967
25,1966,3,0.489013110707385
25,1967,3,0.430623307998942
25,1968,3,0.466719661769545
25,1969,3,0.60046981762351
25,1970,3,0.819167122627474
25,1971,3,0.800371999708244
25,1972,3,1.15438053434032
25,1973,3,1.30182612475786
25,1974,3,1.33771799797807
25,1975,3,1.57450825640176
25,1976,3,1.06539941965432
25,1977,3,0.846380142738263
25,1978,3,0.654928139396528
25,1979,3,0.518798468445242
25,1980,3,0.405991564530642
25,1981,3,0.313082376203181
25,1982,3,0.22809924971571
25,1983,3,0.235489578178912
25,1984,3,0.19956170140793
25,1985,3,0.208701724886674
25,1986,3,0.218337729924963
25,1987,3,0.256126656469702
25,1988,3,0.250982149085825
25,1989,3,0.232407891534354
25,1990,3,0.182881407146737
25,1991,3,0.13464479297212
25,1992,3,0.163445922260661
25,1993,3,0.173429526992464
25,1994,3,0.0890776390228648
25,1995,3,0.0564069149093579
25,1996,3,0.0489438092217012
25,1997,3,0.0603117689410243
25,1998,3,0.0920097682784382
25,1999,3,0.22340212631232
25,2000,3,0.128727489840182
25,2001,3,0.10391587792208
25,2002,3,0.146468415400843
25,2003,3,0.258222827639382
25,2004,3,0.119061657327979
25,2005,3,0.128451139652968
25,2006,3,0.114596760663955
25,2007,3,0.0985123029060367
25,2008,3,0.0821924702159056
25,2009,3,0.0848527959962177
25,2010,3,0.0535925421241278
25,2011,3,0.0499836228629331
25,2012,3,0.0603816485945864
25,2013,3,0.0670201604948372
25,2014,3,0.0802859774182528
25,2015,3,0.192628668105936
25,2016,3,0.0507278372700992
25,2017,3,0.0358177997025032
25,2018,3,0.0325721236914562
25,2019,3,0.0519833029996253
25,2020,3,0.138817343552587
25,2021,3,0.375305212279996
25,2022,3,0.270928775618301
25,2023,3,0.189065433303704
25,2024,3,0.1825394110067
25,1964,4,1.23938262807617
25,1965,4,1.23938262807617
25,1966,4,1.46060142549357
25,1967,4,1.2279982354593
25,1968,4,1.17316153157085
25,1969,4,0.958413007072916
25,1970,4,0.881101441981627
25,1971,4,0.73381795474489
25,1972,4,0.764672527841321
25,1973,4,0.828567288929874
25,1974,4,0.868173442927994
25,1975,4,1.04741660509408
25,1976,4,0.897137971465837
25,1977,4,0.890295887332245
25,1978,4,0.806086616248246
25,1979,4,0.90853077365229
25,1980,4,0.977066695047599
25,1981,4,0.859165059084771
25,1982,4,0.817044400797855
25,1983,4,0.598315292672688
25,1984,4,0.616409403342142
25,1985,4,0.487489311430892
25,1986,4,0.552661778409253
25,1987,4,0.521926759688206
25,1988,4,0.570240853592006
25,1989,4,0.761021030595146
25,1990,4,0.836572596023881
25,1991,4,0.600967390475789
25,1992,4,0.444540132972825
25,1993,4,0.602300901869209
25,1994,4,0.4507627719512
25,1995,4,0.201248651653789
25,1996,4,0.103183362858118
25,1997,4,0.116080950499523
25,1998,4,0.185297850932604
25,1999,4,0.291922451465023
25,2000,4,0.499685815870606
25,2001,4,0.35412800375313
25,2002,4,0.367236604283866
25,2003,4,0.417723168484504
25,2004,4,0.691091885011935
25,2005,4,0.573171771709754
25,2006,4,0.466473230950008
25,2007,4,0.588207666806139
25,2008,4,0.410793218008419
25,2009,4,0.44587546691098
25,2010,4,0.556192977434023
25,2011,4,0.241955003754218
25,2012,4,0.413907427988007
25,2013,4,0.319603267851049
25,2014,4,0.329337067783247
25,2015,4,0.382638923060875
25,2016,4,0.850583691839284
25,2017,4,0.319317798429008
25,2018,4,0.152586095046705
25,2019,4,0.134844033511455
25,2020,4,0.323297135279403
25,2021,4,0.254294615335726
25,2022,4,0.591548370310427
25,2023,4,0.501946873246953
25,2024,4,0.460225978259348
25,1964,5,2.40661403599622
25,1965,5,2.40661403599622
25,1966,5,2.09779686646171
25,1967,5,1.79505527324852
25,1968,5,1.47005483922158
25,1969,5,1.30472477046552
25,1970,5,1.2198648955965
25,1971,5,1.24984359099932
25,1972,5,1.35378727794376
25,1973,5,1.85634885408448
25,1974,5,1.96331883620149
25,1975,5,1.95556524332241
25,1976,5,1.75146740247684
25,1977,5,1.8756926551406
25,1978,5,2.20051966024305
25,1979,5,1.9722554514521
25,1980,5,1.97342330774909
25,1981,5,1.79309588735468
25,1982,5,1.43317757483724
25,1983,5,1.39385262925771
25,1984,5,1.18117867739864
25,1985,5,1.15522671015469
25,1986,5,1.28542423162224
25,1987,5,1.01010407524957
25,1988,5,1.37961803040924
25,1989,5,1.0021009192664
25,1990,5,1.05026227403028
25,1991,5,1.01006767232525
25,1992,5,0.583484269961142
25,1993,5,0.657853437048055
25,1994,5,1.05205561058787
25,1995,5,0.904290012788895
25,1996,5,0.429189785430061
25,1997,5,0.412007851339082
25,1998,5,0.353547680619194
25,1999,5,0.464291858383767
25,2000,5,0.795204549836549
25,2001,5,1.03088008403568
25,2002,5,1.04549355636727
25,2003,5,1.22926274014189
25,2004,5,0.958451637633486
25,2005,5,1.31360398665594
25,2006,5,1.12762130515863
25,2007,5,1.00805004305595
25,2008,5,1.0029335325433
25,2009,5,0.729060305736397
25,2010,5,0.846945818622788
25,2011,5,0.976432856907837
25,2012,5,0.463856284464554
25,2013,5,0.703552138447638
25,2014,5,0.6653748847143
25,2015,5,0.474420385620116
25,2016,5,0.52909984691286
25,2017,5,1.23682126860224
25,2018,5,1.17583254173005
25,2019,5,0.364327585395775
25,2020,5,0.6896826065612
25,2021,5,0.595816966539448
25,2022,5,0.713312582710423
25,2023,5,1.39326077772394
25,2024,5,1.64058294353073
25,1964,6,1.03011206034531
25,1965,6,1.03011206034531
25,1966,6,1.06038851289455
25,1967,6,1.13885987055891
25,1968,6,1.07763457773628
25,1969,6,1.02440435786629
25,1970,6,1.01913113430885
25,1971,6,1.11651505759007
25,1972,6,1.1177830566679
25,1973,6,1.12240609879784
25,1974,6,1.12342076184311
25,1975,6,1.11581794660342
25,1976,6,1.17527030545171
25,1977,6,1.19487314102813
25,1978,6,1.22177652040438
25,1979,6,1.29138823199576
25,1980,6,1.2107463436022
25,1981,6,1.20512274259039
25,1982,6,1.23127068964845
25,1983,6,1.21782984029688
25,1984,6,1.39994430811127
25,1985,6,1.248478340167
25,1986,6,1.34548472658065
25,1987,6,1.60087425413808
25,1988,6,1.50709108138156
25,1989,6,1.92453156109949
25,1990,6,1.41437405301496
25,1991,6,1.16835225127373
25,1992,6,1.32455844426874
25,1993,6,1.11705312577101
25,1994,6,1.19746641802547
25,1995,6,1.53197521982924
25,1996,6,1.49476370812395
25,1997,6,1.00634383941832
25,1998,6,1.15903108207435
25,1999,6,1.00545645666044
25,2000,6,1.13711053009913
25,2001,6,1.82719518982748
25,2002,6,1.88284454336046
25,2003,6,1.72540322020426
25,2004,6,1.45097671281177
25,2005,6,1.62006107045587
25,2006,6,1.72223783052053
25,2007,6,1.59382528620773
25,2008,6,1.49312430298729
25,2009,6,1.04318016536129
25,2010,6,0.992932414663152
25,2011,6,1.31916439968201
25,2012,6,1.34785154902297
25,2013,6,0.888690780442401
25,2014,6,0.977097273336719
25,2015,6,0.944890306971451
25,2016,6,0.798366257313495
25,2017,6,1.16377930585628
25,2018,6,1.11378915031705
25,2019,6,1.81584825730475
25,2020,6,1.45262176232907
25,2021,6,1.29974402089922
25,2022,6,1.17770263678057
25,2023,6,1.04570560935446
25,2024,6,1.01605112769752
25,1964,7,1.04427857030984
25,1965,7,1.04427857030984
25,1966,7,1.04811607565076
25,1967,7,1.08486199585018
25,1968,7,1.07414093152424
25,1969,7,1.06574486500914
25,1970,7,1.10542133173968
25,1971,7,1.0814744371746
25,1972,7,1.09271753047006
25,1973,7,1.09783910481194
25,1974,7,1.13019664021898
25,1975,7,1.09735111787299
25,1976,7,1.16858898247938
25,1977,7,1.20369553644867
25,1978,7,1.24004551444041
25,1979,7,1.29790049235937
25,1980,7,1.25290449383796
25,1981,7,1.29095558177193
25,1982,7,1.3773233204371
25,1983,7,1.32369289768351
25,1984,7,1.19334940551411
25,1985,7,1.24338553669246
25,1986,7,1.12605196345382
25,1987,7,1.28764069213839
25,1988,7,1.45581326660197
25,1989,7,1.48208922605124
25,1990,7,1.54054627146734
25,1991,7,1.34617056924923
25,1992,7,1.33069764980477
25,1993,7,1.48600636378162
25,1994,7,1.43388597221627
25,1995,7,1.36385999829344
25,1996,7,1.8701372641075
25,1997,7,1.39477703041929
25,1998,7,1.42375486078939
25,1999,7,1.18893490566276
25,2000,7,1.45043558590392
25,2001,7,1.57506538339787
25,2002,7,1.6533869258638
25,2003,7,1.82073802979005
25,2004,7,2.05634435489312
25,2005,7,1.60685178511941
25,2006,7,1.44469119450476
25,2007,7,1.23451494464571
25,2008,7,1.38239936021122
25,2009,7,1.49517336487158
25,2010,7,1.26795963542822
25,2011,7,1.27931862414214
25,2012,7,1.44111222385631
25,2013,7,1.26108767024747
25,2014,7,1.42512300511802
25,2015,7,1.21038621789513
25,2016,7,1.07089439579498
25,2017,7,1.32855575468306
25,2018,7,1.17822189201591
25,2019,7,2.52689901486068
25,2020,7,1.71398039345718
25,2021,7,1.67666417709562
25,2022,7,1.43874668970104
25,2023,7,1.38271268053416
25,2024,7,1.17011838063096
25,1964,8,1.04665038685417
25,1965,8,1.04665038685417
25,1966,8,1.04597269338892
25,1967,8,1.08489416361568
25,1968,8,1.1007054802088
25,1969,8,1.09917510215398
25,1970,8,1.12017091662878
25,1971,8,1.12793926439991
25,1972,8,1.13175668000075
25,1973,8,1.08037504125412
25,1974,8,1.09795806889891
25,1975,8,1.07853907858789
25,1976,8,1.15301702926422
25,1977,8,1.17557360326073
25,1978,8,1.17621803049282
25,1979,8,1.20808327299612
25,1980,8,1.21673185603973
25,1981,8,1.27267159516612
25,1982,8,1.33652521374664
25,1983,8,1.30230223461053
25,1984,8,1.27090497608225
25,1985,8,1.40060921226747
25,1986,8,1.28152677841607
25,1987,8,1.28563551114256
25,1988,8,1.27170287309655
25,1989,8,1.4020683227658
25,1990,8,1.31633811294093
25,1991,8,1.25170026758478
25,1992,8,1.40286242499374
25,1993,8,1.56938458355007
25,1994,8,1.47450844149752
25,1995,8,1.70148406372116
25,1996,8,1.86414097145456
25,1997,8,1.73024257527251
25,1998,8,1.48664773423434
25,1999,8,1.71109276631735
25,2000,8,1.83037880696606
25,2001,8,1.52523108404749
25,2002,8,1.62431276009509
25,2003,8,1.61324362276661
25,2004,8,1.90245235961471
25,2005,8,1.68939490948148
25,2006,8,1.28892185501387
25,2007,8,1.07914462249752
25,2008,8,1.43318200967069
25,2009,8,1.50029900291131
25,2010,8,1.3934283552795
25,2011,8,1.38814397131098
25,2012,8,1.44991639689091
25,2013,8,1.46354072426405
25,2014,8,1.56333537370321
25,2015,8,1.48896046360353
25,2016,8,1.45791947257212
25,2017,8,1.32251323647598
25,2018,8,1.3911541018627
25,2019,8,1.78487240669976
25,2020,8,1.43399809785477
25,2021,8,1.9394260689057
25,2022,8,1.73393482415694
25,2023,8,1.5679429469899
25,2024,8,1.29224179602267
26,1964,3,0.596309000300684
26,1965,3,0.596309000300684
26,1966,3,0.549314220208944
26,1967,3,0.495386473479641
26,1968,3,0.608979717236053
26,1969,3,0.673018798869282
26,1970,3,0.723020775365725
26,1971,3,0.929307027955206
26,1972,3,0.891235571230371
26,1973,3,0.83391663223457
26,1974,3,0.940370159902551
26,1975,3,1.10954253353267
26,1976,3,0.84260778604306
26,1977,3,0.785701758792223
26,1978,3,0.77459628849109
26,1979,3,0.711509972237733
26,1980,3,0.437023228115237
26,1981,3,0.255509405293138
26,1982,3,0.19057166916796
26,1983,3,0.194106615366474
26,1984,3,0.169398296827052
26,1985,3,0.153388275813542
26,1986,3,0.184497417104892
26,1987,3,0.230604812891463
26,1988,3,0.303100169864269
26,1989,3,0.220987014296106
26,1990,3,0.170319058480627
26,1991,3,0.149466763233356
26,1992,3,0.189633465529134
26,1993,3,0.138570940361958
26,1994,3,0.115061504400498
26,1995,3,0.0500972136738503
26,1996,3,0.0586534518509046
26,1997,3,0.079782933010637
26,1998,3,0.126653166347228
26,1999,3,0.250514547437393
26,2000,3,0.145461018761499
26,2001,3,0.0871358490340441
26,2002,3,0.111522075894733
26,2003,3,0.177571409154113
26,2004,3,0.0979588636135721
26,2005,3,0.115875235602031
26,2006,3,0.151599234053116
26,2007,3,0.169179314741552
26,2008,3,0.098398280336144
26,2009,3,0.0867889391217081
26,2010,3,0.0502869094589608
26,2011,3,0.0538308150340719
26,2012,3,0.0578674649758068
26,2013,3,0.0736887485289709
26,2014,3,0.0819027465784006
26,2015,3,0.16264051319291
26,2016,3,0.0481087497827603
26,2017,3,0.0283022263350252
26,2018,3,0.0302428268359459
26,2019,3,0.0591445683972507
26,2020,3,0.134709883607006
26,2021,3,0.287402709627698
26,2022,3,0.242074499415387
26,2023,3,0.162935471726702
26,2024,3,0.152246009415973
26,1964,4,2.99996200389696
26,1965,4,2.99996200389696
26,1966,4,2.04981850544587
26,1967,4,1.62232153627735
26,1968,4,1.71310092707794
26,1969,4,1.45248038400756
26,1970,4,1.14485925744752
26,1971,4,1.13233468722398
26,1972,4,1.24088881739837
26,1973,4,1.56632382764531
26,1974,4,1.5075930653656
26,1975,4,1.28698036409995
26,1976,4,1.14163696599698
26,1977,4,1.16308494820846
26,1978,4,1.12359201631682
26,1979,4,1.07825258230995
26,1980,4,0.998253507975454
26,1981,4,0.692578109750301
26,1982,4,0.669432874811308
26,1983,4,0.585783848565244
26,1984,4,0.511148321097358
26,1985,4,0.518307436213323
26,1986,4,0.684683164910978
26,1987,4,0.562829823301503
26,1988,4,0.479877270551466
26,1989,4,0.458651569576344
26,1990,4,0.403775752376629
26,1991,4,0.455369868230174
26,1992,4,0.434180103810262
26,1993,4,0.665645030276635
26,1994,4,0.47479459413415
26,1995,4,0.204973808884384
26,1996,4,0.12429813845882
26,1997,4,0.265742798712293
26,1998,4,0.310400927154031
26,1999,4,0.416866573390417
26,2000,4,0.490897547984679
26,2001,4,0.460913056395107
26,2002,4,0.347144524780725
26,2003,4,0.507757316470247
26,2004,4,0.788984179208524
26,2005,4,0.614279650350711
26,2006,4,0.633876335247412
26,2007,4,0.602852877907469
26,2008,4,0.386215788785423
26,2009,4,0.455940912816459
26,2010,4,0.514072583270263
26,2011,4,0.187511277470191
26,2012,4,0.361749258050955
26,2013,4,0.339851002033321
26,2014,4,0.259834878709903
26,2015,4,0.313708234345823
26,2016,4,1.02152339949108
26,2017,4,0.322137528038558
26,2018,4,0.178753659603895
26,2019,4,0.098282824869263
26,2020,4,0.352897400700497
26,2021,4,0.288485831576503
26,2022,4,0.583441016081845
26,2023,4,0.477910603907322
26,2024,4,0.435828643930477
26,1964,5,1.02566611569114
26,1965,5,1.02566611569114
26,1966,5,0.975405079486877
26,1967,5,0.966567838179298
26,1968,5,1.12751109155483
26,1969,5,1.19795740309284
26,1970,5,1.17702615136139
26,1971,5,1.13538030332804
26,1972,5,1.04948367217025
26,1973,5,1.04534007942954
26,1974,5,1.13109110894469
26,1975,5,1.20072458106471
26,1976,5,0.955542144543551
26,1977,5,0.773029230842637
26,1978,5,0.714471681143362
26,1979,5,0.701346347030526
26,1980,5,1.26546866326295
26,1981,5,1.58793953710267
26,1982,5,1.51672189604071
26,1983,5,1.33852280613079
26,1984,5,1.4479525625764
26,1985,5,1.09678136191798
26,1986,5,0.850572218026738
26,1987,5,0.806787147616837
26,1988,5,0.914640313178943
26,1989,5,0.896351674094784
26,1990,5,1.08240262373907
26,1991,5,0.656530745593942
26,1992,5,0.509527330334976
26,1993,5,0.718445226420758
26,1994,5,1.28279231404553
26,1995,5,0.727681398845912
26,1996,5,0.414082534554971
26,1997,5,0.483057391980181
26,1998,5,0.518860457844738
26,1999,5,0.645128713756222
26,2000,5,0.963486771774836
26,2001,5,1.12917451296941
26,2002,5,0.974146171725015
26,2003,5,1.26621903334797
26,2004,5,1.19197918677575
26,2005,5,1.55538489118803
26,2006,5,1.15194464697838
26,2007,5,1.13879819905581
26,2008,5,0.761975834040204
26,2009,5,0.645903276080135
26,2010,5,0.812981587183024
26,2011,5,1.08318795641679
26,2012,5,0.465459698093609
26,2013,5,0.670422684694846
26,2014,5,0.594781801132882
26,2015,5,0.564082860300148
26,2016,5,0.672878340373231
26,2017,5,1.13836313063844
26,2018,5,1.28585733572988
26,2019,5,0.331422592670941
26,2020,5,0.5464690637068
26,2021,5,0.672899555468205
26,2022,5,0.695212811999337
26,2023,5,1.13807561698539
26,2024,5,1.0529568943014
26,1964,6,1.05055366711762
26,1965,6,1.05055366711762
26,1966,6,1.13125001954071
26,1967,6,1.08025237295807
26,1968,6,1.07692873513388
26,1969,6,1.02159577016145
26,1970,6,0.954529325762309
26,1971,6,1.0185507478773
26,1972,6,1.08082886341329
26,1973,6,1.09226220647766
26,1974,6,1.0977934982494
26,1975,6,1.15364027027547
26,1976,6,1.16698497309593
26,1977,6,1.21592380351856
26,1978,6,1.28955526693592
26,1979,6,1.45055214988902
26,1980,6,1.1888026539343
26,1981,6,1.45774068327033
26,1982,6,1.54710411282423
26,1983,6,1.4065305484621
26,1984,6,1.26900870082626
26,1985,6,1.6184649427885
26,1986,6,1.29867005242424
26,1987,6,1.16797785911385
26,1988,6,1.2554075731061
26,1989,6,1.2268837449119
26,1990,6,1.33774537905913
26,1991,6,1.0932156453696
26,1992,6,0.980892168400358
26,1993,6,1.11028947664542
26,1994,6,1.13463928511304
26,1995,6,1.51561458347196
26,1996,6,1.51166100147108
26,1997,6,1.26535193196562
26,1998,6,1.2608469587603
26,1999,6,0.982936801232973
26,2000,6,1.06281194929781
26,2001,6,1.57205859115471
26,2002,6,1.90168718742511
26,2003,6,1.80802780659386
26,2004,6,1.47349780643983
26,2005,6,1.94287162283216
26,2006,6,1.91741772347878
26,2007,6,1.64321992801911
26,2008,6,1.4708004587942
26,2009,6,1.23807479529239
26,2010,6,1.07549411450906
26,2011,6,1.35502756551356
26,2012,6,1.19883987872313
26,2013,6,0.719552361632706
26,2014,6,0.933723781446739
26,2015,6,1.01732100695553
26,2016,6,0.832187471410584
26,2017,6,1.2690910133872
26,2018,6,1.41372862446765
26,2019,6,1.66107714309496
26,2020,6,1.30031935042901
26,2021,6,0.986585611799266
26,2022,6,0.980982229044354
26,2023,6,1.03086812941725
26,2024,6,1.02988847836469
26,1964,7,1.05440591788469
26,1965,7,1.05440591788469
26,1966,7,1.09886434357458
26,1967,7,1.09986227824429
26,1968,7,1.07013750851208
26,1969,7,1.05013593861355
26,1970,7,1.05154329377062
26,1971,7,1.03874907558156
26,1972,7,1.10745456284717
26,1973,7,1.10611206590336
26,1974,7,1.180911679454
26,1975,7,1.19445915282936
26,1976,7,1.20272927643447
26,1977,7,1.22541375484303
26,1978,7,1.26046507772268
26,1979,7,1.32399454267016
26,1980,7,1.35170043855828
26,1981,7,1.43058088346699
26,1982,7,1.40406372189938
26,1983,7,1.45237008265478
26,1984,7,1.43297201372968
26,1985,7,1.37834905629104
26,1986,7,1.26651389900413
26,1987,7,1.41907115899382
26,1988,7,1.35601784199977
26,1989,7,1.33996749365894
26,1990,7,1.37588476808101
26,1991,7,1.21560702341056
26,1992,7,1.26116115710083
26,1993,7,1.34551855615849
26,1994,7,1.20782454793058
26,1995,7,1.38181099659086
26,1996,7,1.99581054518658
26,1997,7,1.40871209631377
26,1998,7,1.51067228523161
26,1999,7,1.38818891827572
26,2000,7,1.69806818535386
26,2001,7,1.60079672303602
26,2002,7,1.83536576196211
26,2003,7,1.81590002737846
26,2004,7,1.6806817867196
26,2005,7,1.60329341829191
26,2006,7,1.7473513985054
26,2007,7,1.62908665230748
26,2008,7,1.27871504920315
26,2009,7,1.24590396925706
26,2010,7,1.0754604903779
26,2011,7,1.1199712899198
26,2012,7,1.355831493211
26,2013,7,1.10416225938418
26,2014,7,1.22459774126624
26,2015,7,1.16565339917431
26,2016,7,1.05846981982788
26,2017,7,1.29706743140968
26,2018,7,1.33311449717909
26,2019,7,2.46277858106059
26,2020,7,1.52266287369091
26,2021,7,1.56647667467098
26,2022,7,1.4208960470313
26,2023,7,1.18191120985928
26,2024,7,1.17663525208112
26,1964,8,1.0332078406391
26,1965,8,1.0332078406391
26,1966,8,1.08582099562603
26,1967,8,1.12627585681146
26,1968,8,1.09964463437553
26,1969,8,1.11297323901706
26,1970,8,1.16238274637606
26,1971,8,1.14684764099886
26,1972,8,1.21808333478465
26,1973,8,1.16212402154754
26,1974,8,1.18921584362609
26,1975,8,1.16218939753969
26,1976,8,1.18595955486279
26,1977,8,1.23359470282925
26,1978,8,1.29628725113943
26,1979,8,1.31754080403542
26,1980,8,1.32196167876009
26,1981,8,1.31438465280086
26,1982,8,1.31818735410511
26,1983,8,1.33172807976396
26,1984,8,1.31840733891125
26,1985,8,1.27273838720732
26,1986,8,1.41992416117056
26,1987,8,1.44754430607085
26,1988,8,1.34101698237866
26,1989,8,1.63205085687527
26,1990,8,1.40674822803385
26,1991,8,1.36032830185158
26,1992,8,1.23218631187598
26,1993,8,1.30958561648035
26,1994,8,1.30186565456107
26,1995,8,1.64017448563185
26,1996,8,1.73175043462727
26,1997,8,1.81259253443247
26,1998,8,1.67811589817037
26,1999,8,1.75646014120717
26,2000,8,1.80838974458092
26,2001,8,1.58284553875021
26,2002,8,1.74213424301906
26,2003,8,1.44152970777142
26,2004,8,2.05902758882649
26,2005,8,1.60419033214612
26,2006,8,1.38759147802063
26,2007,8,1.35486182124018
26,2008,8,1.44485550273474
26,2009,8,1.25491025125522
26,2010,8,1.02252976368405
26,2011,8,1.16475123514062
26,2012,8,1.45705386902033
26,2013,8,1.40508702061908
26,2014,8,1.33322963914019
26,2015,8,1.41639281403515
26,2016,8,1.39937891345615
26,2017,8,1.20041190483895
26,2018,8,1.19163770402779
26,2019,8,1.66559196714649
26,2020,8,1.56906660019854
26,2021,8,1.98781158829924
26,2022,8,1.98721247183919
26,2023,8,1.6943698239887
26,2024,8,1.32304968329569
27,1964,3,1.03572957477436
27,1965,3,1.03572957477436
27,1966,3,0.972122668690368
27,1967,3,1.07560766267923
27,1968,3,0.867786403313244
27,1969,3,0.846101392812503
27,1970,3,0.763866629133626
27,1971,3,0.712452514055234
27,1972,3,0.734615753951162
27,1973,3,0.780090585495127
27,1974,3,0.938722024896596
27,1975,3,0.911898637748622
27,1976,3,1.08008808528671
27,1977,3,1.14998215066167
27,1978,3,0.914096022485104
27,1979,3,0.531422097462246
27,1980,3,0.372410341932532
27,1981,3,0.258726012365085
27,1982,3,0.266121538210525
27,1983,3,0.261956747654877
27,1984,3,0.207126370657113
27,1985,3,0.1903020229291
27,1986,3,0.208787040864561
27,1987,3,0.230542400083174
27,1988,3,0.249115740985284
27,1989,3,0.241529567166578
27,1990,3,0.195943923390013
27,1991,3,0.149086640488273
27,1992,3,0.200277493357581
27,1993,3,0.180597496268953
27,1994,3,0.0801071644654628
27,1995,3,0.0618595654447363
27,1996,3,0.0815833584047086
27,1997,3,0.109683996759467
27,1998,3,0.13378948127846
27,1999,3,0.2511000087457
27,2000,3,0.205671424342472
27,2001,3,0.107323055897756
27,2002,3,0.108479947973376
27,2003,3,0.141073742224483
27,2004,3,0.107227649041607
27,2005,3,0.0822142038018726
27,2006,3,0.123580127959599
27,2007,3,0.0812635442462554
27,2008,3,0.0717748879517972
27,2009,3,0.0834040566697333
27,2010,3,0.0469887183013393
27,2011,3,0.0448922953988985
27,2012,3,0.0579525157091327
27,2013,3,0.0536096794100147
27,2014,3,0.084012224690046
27,2015,3,0.176431392876915
27,2016,3,0.0563549593596168
27,2017,3,0.0350979263206225
27,2018,3,0.0367174554576643
27,2019,3,0.0465350923272507
27,2020,3,0.104726118927542
27,2021,3,0.300609565089556
27,2022,3,0.246857408123801
27,2023,3,0.195363252373903
27,2024,3,0.188146283498264
27,1964,4,2.12563734032213
27,1965,4,2.12563734032213
27,1966,4,1.9572416931976
27,1967,4,1.68531843335858
27,1968,4,1.8544098130579
27,1969,4,1.90136419428013
27,1970,4,1.51437258701907
27,1971,4,1.40643866659188
27,1972,4,1.13190392881678
27,1973,4,1.26374790843798
27,1974,4,1.1823997893171
27,1975,4,1.32586227464326
27,1976,4,1.39049975399605
27,1977,4,0.928891266288047
27,1978,4,0.741666792134519
27,1979,4,0.782301332228511
27,1980,4,0.884979345363513
27,1981,4,0.912572529198107
27,1982,4,0.821238786644841
27,1983,4,0.669735720502116
27,1984,4,0.519348905826983
27,1985,4,0.482244874031398
27,1986,4,0.452676492908772
27,1987,4,0.463978798483681
27,1988,4,0.46430238135123
27,1989,4,0.576971622287748
27,1990,4,0.577406952652861
27,1991,4,0.461260499165289
27,1992,4,0.363382835205597
27,1993,4,0.60490639064461
27,1994,4,0.405860399138298
27,1995,4,0.256171506317859
27,1996,4,0.138483798194279
27,1997,4,0.191975830245638
27,1998,4,0.32352161382635
27,1999,4,0.36212234725097
27,2000,4,0.483421219062338
27,2001,4,0.414802184798053
27,2002,4,0.407504948534109
27,2003,4,0.419198647396626
27,2004,4,0.749426307245812
27,2005,4,0.460691329876341
27,2006,4,0.567250024225087
27,2007,4,0.482317837092
27,2008,4,0.360178090718417
27,2009,4,0.362420552178323
27,2010,4,0.512151445572781
27,2011,4,0.190488534460208
27,2012,4,0.316285202922439
27,2013,4,0.277608531064448
27,2014,4,0.244811802372573
27,2015,4,0.350244110225353
27,2016,4,0.980368763628577
27,2017,4,0.27135575485566
27,2018,4,0.164159261045373
27,2019,4,0.101520748093901
27,2020,4,0.222490155618858
27,2021,4,0.247640839292673
27,2022,4,0.484425503864863
27,2023,4,0.525424768979061
27,2024,4,0.528520277021755
27,1964,5,1.87466463763463
27,1965,5,1.87466463763463
27,1966,5,1.92069109815526
27,1967,5,2.06536495301149
27,1968,5,1.88603524450818
27,1969,5,1.47863578861735
27,1970,5,1.478083402827
27,1971,5,1.58242124812406
27,1972,5,1.31183481057239
27,1973,5,1.27445588348664
27,1974,5,1.16199468921537
27,1975,5,1.18046235463122
27,1976,5,1.17868920223434
27,1977,5,1.07544138247199
27,1978,5,1.21921261032584
27,1979,5,1.21852102089936
27,1980,5,1.19440681806827
27,1981,5,1.23293483900968
27,1982,5,1.22811556347864
27,1983,5,0.898652620039519
27,1984,5,0.902890996744648
27,1985,5,0.760397513087853
27,1986,5,0.709976678246143
27,1987,5,0.865263202242774
27,1988,5,0.801428652542205
27,1989,5,1.03990438488471
27,1990,5,0.9970743848638
27,1991,5,0.815558549841689
27,1992,5,0.485473716012883
27,1993,5,0.610446029307071
27,1994,5,1.10255609578215
27,1995,5,0.743611486370815
27,1996,5,0.460514013980345
27,1997,5,0.457587157860227
27,1998,5,0.583608804836492
27,1999,5,0.647922055824118
27,2000,5,0.705616612846238
27,2001,5,0.951572271329425
27,2002,5,0.854124764141523
27,2003,5,1.07371198885058
27,2004,5,1.05442583875048
27,2005,5,1.47477130625921
27,2006,5,1.22194308270235
27,2007,5,1.06018454413635
27,2008,5,0.849260701562833
27,2009,5,0.736085204089296
27,2010,5,0.835943770576139
27,2011,5,1.14291546975388
27,2012,5,0.402460759875604
27,2013,5,0.586734902187853
27,2014,5,0.609824845184519
27,2015,5,0.480158626244051
27,2016,5,0.60186123267181
27,2017,5,1.12192246868374
27,2018,5,1.17948633149251
27,2019,5,0.365780801717441
27,2020,5,0.489688775682018
27,2021,5,0.458759971587076
27,2022,5,0.68578338566472
27,2023,5,1.42772726378016
27,2024,5,1.15540964067839
27,1964,6,1.04631866614866
27,1965,6,1.04631866614866
27,1966,6,1.05098652239782
27,1967,6,0.983015004813148
27,1968,6,0.967678895796215
27,1969,6,0.96743213921805
27,1970,6,0.963365249290908
27,1971,6,1.06935041558033
27,1972,6,1.14801721853672
27,1973,6,1.22094979921715
27,1974,6,1.20959130456994
27,1975,6,1.24484932673552
27,1976,6,1.23051487651745
27,1977,6,1.32575829465072
27,1978,6,1.40653263169772
27,1979,6,1.40706484578277
27,1980,6,1.4231766140108
27,1981,6,1.38823519967818
27,1982,6,1.27936621575868
27,1983,6,1.46022901348674
27,1984,6,1.36421755871825
27,1985,6,1.39137059936866
27,1986,6,1.35777690619469
27,1987,6,1.23562925736602
27,1988,6,1.36245079319731
27,1989,6,1.21887400437863
27,1990,6,1.19425686450527
27,1991,6,1.11427097552928
27,1992,6,0.91899404528809
27,1993,6,1.16610386003333
27,1994,6,1.16034375148729
27,1995,6,1.59761890743485
27,1996,6,1.26951027645353
27,1997,6,0.867414814659564
27,1998,6,0.983109199042335
27,1999,6,1.10906273326929
27,2000,6,1.34658496963265
27,2001,6,1.31795794436142
27,2002,6,1.72268128949626
27,2003,6,1.39402362812872
27,2004,6,1.30333318046545
27,2005,6,1.70285720195008
27,2006,6,1.57983335191136
27,2007,6,1.54491036081841
27,2008,6,1.32911690330703
27,2009,6,1.17739688768587
27,2010,6,1.36113190424508
27,2011,6,1.27082653986461
27,2012,6,1.09021423581419
27,2013,6,0.821730301198232
27,2014,6,1.04667617949576
27,2015,6,0.952851858153455
27,2016,6,0.801872430494906
27,2017,6,1.22377937991759
27,2018,6,1.44593838386301
27,2019,6,1.59316707731021
27,2020,6,1.42366553129277
27,2021,6,1.016489625225
27,2022,6,1.08388835310491
27,2023,6,1.33885772229645
27,2024,6,1.34858782061764
27,1964,7,0.989701448114144
27,1965,7,0.989701448114144
27,1966,7,1.00260472477246
27,1967,7,0.983025889373442
27,1968,7,0.976137611930252
27,1969,7,1.0038906606745
27,1970,7,1.04247782878603
27,1971,7,1.10660301109613
27,1972,7,1.16297500990098
27,1973,7,1.17991823933152
27,1974,7,1.18302013238283
27,1975,7,1.17367719462357
27,1976,7,1.19234827119378
27,1977,7,1.25052229706642
27,1978,7,1.30135360927847
27,1979,7,1.3893795476239
27,1980,7,1.41070042732062
27,1981,7,1.40466414661031
27,1982,7,1.28091067249548
27,1983,7,1.28330734566327
27,1984,7,1.27616609155752
27,1985,7,1.26811683840512
27,1986,7,1.31936718905084
27,1987,7,1.19567139449563
27,1988,7,1.36531451140971
27,1989,7,1.24407242061966
27,1990,7,1.40278654879988
27,1991,7,1.46377385957105
27,1992,7,1.14640859761091
27,1993,7,1.21738548918472
27,1994,7,1.46826236071417
27,1995,7,1.54523070433655
27,1996,7,1.71879434308643
27,1997,7,1.39911065059043
27,1998,7,1.45147643427521
27,1999,7,1.52584651740385
27,2000,7,1.55557634569382
27,2001,7,1.9150853033004
27,2002,7,1.69209209083108
27,2003,7,1.60184861980822
27,2004,7,1.62045054395282
27,2005,7,1.75243846767392
27,2006,7,1.22388911856335
27,2007,7,1.53751056792058
27,2008,7,1.43832354697689
27,2009,7,1.08516896412223
27,2010,7,1.07825377913956
27,2011,7,1.15875880515463
27,2012,7,1.308479872963
27,2013,7,1.40141918478225
27,2014,7,1.56458833564272
27,2015,7,1.10099187168009
27,2016,7,0.989312291542809
27,2017,7,1.12697241866632
27,2018,7,1.28477020302563
27,2019,7,2.41193712328482
27,2020,7,1.61125652549883
27,2021,7,1.61642103066545
27,2022,7,1.48152864274566
27,2023,7,1.39291741898078
27,2024,7,1.27478245116773
27,1964,8,0.973116039370744
27,1965,8,0.973116039370744
27,1966,8,0.974706465012928
27,1967,8,0.98895819819309
27,1968,8,1.01015207644525
27,1969,8,1.06790714720724
27,1970,8,1.09253964965675
27,1971,8,1.11856343175794
27,1972,8,1.19357810393094
27,1973,8,1.16502420792581
27,1974,8,1.16478963113176
27,1975,8,1.15386288868246
27,1976,8,1.13951526948894
27,1977,8,1.20298279996096
27,1978,8,1.22529614079046
27,1979,8,1.31427239476618
27,1980,8,1.36567364570221
27,1981,8,1.31970696081235
27,1982,8,1.30012641831482
27,1983,8,1.30011200573845
27,1984,8,1.4011791943609
27,1985,8,1.4085961652987
27,1986,8,1.40801172336483
27,1987,8,1.25606097588593
27,1988,8,1.22698917084954
27,1989,8,1.19694674309657
27,1990,8,1.24370364944703
27,1991,8,1.36308787922962
27,1992,8,1.6044766011552
27,1993,8,1.56092478318649
27,1994,8,1.61439067935676
27,1995,8,1.75138287229377
27,1996,8,2.08886481147995
27,1997,8,1.78859292530528
27,1998,8,1.69283714565404
27,1999,8,1.5443754596138
27,2000,8,1.64687604982873
27,2001,8,1.5692164762538
27,2002,8,1.92159431374489
27,2003,8,1.92095409687141
27,2004,8,1.69662471223923
27,2005,8,1.46562037281951
27,2006,8,1.42199385505362
27,2007,8,1.252621800841
27,2008,8,1.30206309274792
27,2009,8,1.32601173555841
27,2010,8,1.24081092163444
27,2011,8,1.14010725128677
27,2012,8,1.27373675442304
27,2013,8,1.55319155868256
27,2014,8,1.30421496052781
27,2015,8,1.16241456199109
27,2016,8,1.40996661809964
27,2017,8,1.38744929975648
27,2018,8,1.60256571820954
27,2019,8,1.89267380156259
27,2020,8,1.5086405112609
27,2021,8,1.59785386330026
27,2022,8,1.53618388953162
27,2023,8,1.38416895748946
27,2024,8,1.32087741439571
28,1964,3,0.348888040922117
28,1965,3,0.348888040922117
28,1966,3,0.405036569886813
28,1967,3,0.442730706024033
28,1968,3,0.579955610197664
28,1969,3,0.608160113923695
28,1970,3,0.555544582459825
28,1971,3,0.73525119164514
28,1972,3,1.17063933927032
28,1973,3,1.28443100961359
28,1974,3,1.42740502266719
28,1975,3,1.61959378832561
28,1976,3,1.37724141930936
28,1977,3,0.975967874991362
28,1978,3,0.748970951920515
28,1979,3,0.549400067678316
28,1980,3,0.438845055892736
28,1981,3,0.414914221623535
28,1982,3,0.254162768584258
28,1983,3,0.229304955850788
28,1984,3,0.172550227211108
28,1985,3,0.153779191559594
28,1986,3,0.170366219460726
28,1987,3,0.248309294882408
28,1988,3,0.261295648387928
28,1989,3,0.238689325357458
28,1990,3,0.217284260779141
28,1991,3,0.142227945483
28,1992,3,0.183903011641869
28,1993,3,0.168594559403886
28,1994,3,0.0694336307868004
28,1995,3,0.0481628641779149
28,1996,3,0.0675754778633916
28,1997,3,0.0994018909878781
28,1998,3,0.15235418078777
28,1999,3,0.242481465575363
28,2000,3,0.174324375521899
28,2001,3,0.0946465381057083
28,2002,3,0.122648806183887
28,2003,3,0.193824463950895
28,2004,3,0.102601167466776
28,2005,3,0.116588198812555
28,2006,3,0.156219371725185
28,2007,3,0.152642402905254
28,2008,3,0.106114592975892
28,2009,3,0.11068873636448
28,2010,3,0.0689650096315965
28,2011,3,0.0586932731161205
28,2012,3,0.0614809071384509
28,2013,3,0.0590197626502441
28,2014,3,0.0736213700019915
28,2015,3,0.210223475567246
28,2016,3,0.0585018140766445
28,2017,3,0.0385856178416756
28,2018,3,0.0443292119038723
28,2019,3,0.0393938934185185
28,2020,3,0.105928374265092
28,2021,3,0.273324273587233
28,2022,3,0.290121380388723
28,2023,3,0.252079294018877
28,2024,3,0.252141608421811
28,1964,4,2.6533171998819
28,1965,4,2.6533171998819
28,1966,4,2.44875221243617
28,1967,4,1.77039965913836
28,1968,4,1.387021995625
28,1969,4,1.13702495287641
28,1970,4,0.994443541859763
28,1971,4,1.04041315007617
28,1972,4,0.920879317588059
28,1973,4,0.862061170957705
28,1974,4,0.945108476370069
28,1975,4,1.14719230930108
28,1976,4,1.08882664394713
28,1977,4,1.36670828329886
28,1978,4,0.935529888796871
28,1979,4,0.853360691225493
28,1980,4,0.904213710733515
28,1981,4,0.78169843205967
28,1982,4,0.707793945012386
28,1983,4,0.635210392480992
28,1984,4,0.664608638438966
28,1985,4,0.578793690866863
28,1986,4,0.604336912924698
28,1987,4,0.50486829173611
28,1988,4,0.687945040722057
28,1989,4,0.713638770420052
28,1990,4,0.534192188648717
28,1991,4,0.371533588008168
28,1992,4,0.414052194333615
28,1993,4,0.636368378452265
28,1994,4,0.346103803915777
28,1995,4,0.223772779506329
28,1996,4,0.105262653165561
28,1997,4,0.188910578166165
28,1998,4,0.256294957428891
28,1999,4,0.357654497072058
28,2000,4,0.561184137992783
28,2001,4,0.423860182083898
28,2002,4,0.411766016053663
28,2003,4,0.425709172567898
28,2004,4,0.653026113767038
28,2005,4,0.526835329224498
28,2006,4,0.458734942389727
28,2007,4,0.566245264378558
28,2008,4,0.485013151678946
28,2009,4,0.471450436287158
28,2010,4,0.625617790780777
28,2011,4,0.238541380866464
28,2012,4,0.375080308917038
28,2013,4,0.348981150954062
28,2014,4,0.335736106131453
28,2015,4,0.394813914878686
28,2016,4,1.03265028337137
28,2017,4,0.333362081230603
28,2018,4,0.187888411209858
28,2019,4,0.110423655246266
28,2020,4,0.342313367607367
28,2021,4,0.291245300899877
28,2022,4,0.565500362248648
28,2023,4,0.532536234700557
28,2024,4,0.523167479478831
28,1964,5,2.43854677273585
28,1965,5,2.43854677273585
28,1966,5,2.28496516742708
28,1967,5,2.66101960918914
28,1968,5,2.4453119608822
28,1969,5,2.38843325692704
28,1970,5,1.52060159857275
28,1971,5,1.13275773258755
28,1972,5,1.24327996430048
28,1973,5,1.23774730538977
28,1974,5,1.1227440460686
28,1975,5,1.03939023211707
28,1976,5,1.07544009568681
28,1977,5,1.1635904686376
28,1978,5,1.36978383428647
28,1979,5,1.29636370815147
28,1980,5,1.17081395294439
28,1981,5,1.2468016675004
28,1982,5,1.23784546176635
28,1983,5,1.13066972303108
28,1984,5,1.04989188017832
28,1985,5,1.15661951860037
28,1986,5,0.81019595164113
28,1987,5,0.764138964366451
28,1988,5,0.867932370142653
28,1989,5,1.06206636613524
28,1990,5,1.07575855837266
28,1991,5,0.659361635848886
28,1992,5,0.557002401462399
28,1993,5,0.553549215507598
28,1994,5,1.07814607605764
28,1995,5,0.632417537486287
28,1996,5,0.414224331023176
28,1997,5,0.293239745637581
28,1998,5,0.433101125177562
28,1999,5,0.667482038806468
28,2000,5,0.858854809905403
28,2001,5,1.14862271622665
28,2002,5,0.864670441074902
28,2003,5,0.815590369629645
28,2004,5,0.913235338255966
28,2005,5,1.46571648524712
28,2006,5,1.10037743207951
28,2007,5,1.06145304422513
28,2008,5,1.03069020354987
28,2009,5,0.747252356805064
28,2010,5,0.757759318836334
28,2011,5,1.34597778854072
28,2012,5,0.569353273071195
28,2013,5,0.734523669057512
28,2014,5,0.698714541251823
28,2015,5,0.543697680215247
28,2016,5,0.559005956795461
28,2017,5,1.2847819428883
28,2018,5,1.09566116844236
28,2019,5,0.321735260112
28,2020,5,0.634378403189297
28,2021,5,0.792759872112148
28,2022,5,0.860827933431792
28,2023,5,1.1746387491893
28,2024,5,1.32989071003321
28,1964,6,1.16938303423982
28,1965,6,1.16938303423982
28,1966,6,1.10479519246717
28,1967,6,1.11292106224468
28,1968,6,1.09467949647427
28,1969,6,1.09299703308312
28,1970,6,1.14583522483507
28,1971,6,1.25424817018555
28,1972,6,1.32526780286859
28,1973,6,1.25223743001184
28,1974,6,1.27750268197822
28,1975,6,1.20539675323911
28,1976,6,1.09570041226964
28,1977,6,1.10642535767924
28,1978,6,1.14594101117862
28,1979,6,1.28050930045965
28,1980,6,1.35630680129208
28,1981,6,1.26947305723514
28,1982,6,1.32692313656283
28,1983,6,1.34647487935897
28,1984,6,1.3599314845758
28,1985,6,1.38189136790627
28,1986,6,1.58558501217357
28,1987,6,1.32722513846663
28,1988,6,1.15698718084859
28,1989,6,0.981711029964436
28,1990,6,1.02631818112212
28,1991,6,0.909985129943736
28,1992,6,0.956178090370221
28,1993,6,1.14793537377741
28,1994,6,1.15720030015672
28,1995,6,1.55115312224416
28,1996,6,1.31224151143309
28,1997,6,0.818857061253482
28,1998,6,1.04570918538576
28,1999,6,0.968287026675886
28,2000,6,1.18700975255583
28,2001,6,1.93491184676554
28,2002,6,2.00122279010947
28,2003,6,1.58355634750247
28,2004,6,1.22886459540649
28,2005,6,1.59218329420454
28,2006,6,1.66062248807013
28,2007,6,1.60416022539133
28,2008,6,1.69180113886287
28,2009,6,1.54535782311418
28,2010,6,1.39260130073628
28,2011,6,1.73472585424148
28,2012,6,1.61358240656898
28,2013,6,1.14286277024869
28,2014,6,1.07486658035105
28,2015,6,0.967343326059371
28,2016,6,0.957725376198413
28,2017,6,1.37113895949299
28,2018,6,1.51371561558078
28,2019,6,1.63137147297807
28,2020,6,1.53560156737964
28,2021,6,0.986187251166568
28,2022,6,1.17500854473183
28,2023,6,1.47266030535585
28,2024,6,1.34498637541183
28,1964,7,1.0483760054992
28,1965,7,1.0483760054992
28,1966,7,1.04804033134267
28,1967,7,1.04605750622073
28,1968,7,1.07966222537056
28,1969,7,1.08734066411549
28,1970,7,1.15816509262971
28,1971,7,1.19679719248928
28,1972,7,1.21964493564734
28,1973,7,1.22942889592082
28,1974,7,1.19769943218142
28,1975,7,1.15165234752197
28,1976,7,1.11397118601675
28,1977,7,1.12355376437753
28,1978,7,1.25995588445864
28,1979,7,1.39172716945412
28,1980,7,1.33592408663128
28,1981,7,1.28179325069275
28,1982,7,1.28136505711621
28,1983,7,1.23818285535131
28,1984,7,1.22203485324736
28,1985,7,1.36175715249273
28,1986,7,1.27178417899379
28,1987,7,1.2499986147228
28,1988,7,1.18874347812742
28,1989,7,1.52783566480283
28,1990,7,1.2922781253288
28,1991,7,1.25661820423824
28,1992,7,1.13201220152574
28,1993,7,1.40390124704915
28,1994,7,1.26749732315185
28,1995,7,1.45998149915058
28,1996,7,1.55461177358046
28,1997,7,1.17989241538986
28,1998,7,1.08463395515187
28,1999,7,1.30143420417453
28,2000,7,1.42734912230944
28,2001,7,1.80746581092054
28,2002,7,1.85075924000084
28,2003,7,1.79595432356566
28,2004,7,2.20364167570287
28,2005,7,1.58069969141457
28,2006,7,1.60809576795357
28,2007,7,1.53870734859353
28,2008,7,1.36634705580277
28,2009,7,1.53972397904666
28,2010,7,1.5430831301134
28,2011,7,1.67974760862496
28,2012,7,1.61760529476692
28,2013,7,1.37857445979939
28,2014,7,1.52436236286355
28,2015,7,1.09794996897337
28,2016,7,1.05918899089242
28,2017,7,1.29702446420902
28,2018,7,1.47806802335923
28,2019,7,2.22379589078145
28,2020,7,1.84616386945371
28,2021,7,1.51546974676414
28,2022,7,1.39118686711972
28,2023,7,1.41127697413096
28,2024,7,1.32445210831717
28,1964,8,1.0100357997969
28,1965,8,1.0100357997969
28,1966,8,1.00469040143587
28,1967,8,1.02246143341561
28,1968,8,1.09239275185506
28,1969,8,1.0881921845058
28,1970,8,1.15902897762303
28,1971,8,1.18757301642529
28,1972,8,1.16967849634212
28,1973,8,1.17023694835938
28,1974,8,1.15738316376333
28,1975,8,1.12233763316942
28,1976,8,1.1470275585837
28,1977,8,1.16827372376597
28,1978,8,1.30561037569971
28,1979,8,1.30196104622247
28,1980,8,1.29643032241127
28,1981,8,1.28618954137786
28,1982,8,1.26577337087915
28,1983,8,1.24248437888605
28,1984,8,1.2580430440653
28,1985,8,1.22192069932195
28,1986,8,1.25588585968314
28,1987,8,1.29719055228037
28,1988,8,1.27695203096329
28,1989,8,1.23255881274664
28,1990,8,1.48895142681373
28,1991,8,1.53779257425721
28,1992,8,1.48407354546439
28,1993,8,1.16437626406832
28,1994,8,1.25525310092126
28,1995,8,1.39658984410042
28,1996,8,1.86165798496228
28,1997,8,1.79880457909285
28,1998,8,1.80773922795572
28,1999,8,1.61361906089767
28,2000,8,1.5563758001779
28,2001,8,1.69777979905003
28,2002,8,1.60830097030618
28,2003,8,2.08336569115415
28,2004,8,1.87226567791522
28,2005,8,1.59531399565854
28,2006,8,1.67416550601483
28,2007,8,1.48169775169634
28,2008,8,1.481225023994
28,2009,8,1.54379897523164
28,2010,8,1.36614303175025
28,2011,8,1.85652087840964
28,2012,8,1.71874235844619
28,2013,8,1.39464930005604
28,2014,8,1.33877692896411
28,2015,8,1.16508349633139
28,2016,8,1.25018750768766
28,2017,8,1.25817320737002
28,2018,8,1.56571775848507
28,2019,8,1.92531482186237
28,2020,8,1.53506846925822
28,2021,8,1.73933354231808
28,2022,8,1.63561188092847
28,2023,8,1.52356351757325
28,2024,8,1.29520297866895
29,1964,3,0.639592313403925
29,1965,3,0.639592313403925
29,1966,3,0.656589570186955
29,1967,3,0.700798675175067
29,1968,3,0.588319740857316
29,1969,3,0.657203403019086
29,1970,3,0.879320995937415
29,1971,3,0.929882301456833
29,1972,3,1.10048223941614
29,1973,3,1.11880819132059
29,1974,3,0.95791145937003
29,1975,3,1.04927358699822
29,1976,3,0.998902125037209
29,1977,3,0.756551114391296
29,1978,3,0.844112617894143
29,1979,3,0.556169433285352
29,1980,3,0.445012120581773
29,1981,3,0.329749582425677
29,1982,3,0.279411308573645
29,1983,3,0.21989970843049
29,1984,3,0.222719871191173
29,1985,3,0.215967947845498
29,1986,3,0.23380504542395
29,1987,3,0.29281248452729
29,1988,3,0.309159008848799
29,1989,3,0.258220997954394
29,1990,3,0.220929253539147
29,1991,3,0.16015431701809
29,1992,3,0.197547786193577
29,1993,3,0.162595771203401
29,1994,3,0.0882835625065796
29,1995,3,0.0667047370481017
29,1996,3,0.0849430917921876
29,1997,3,0.0803436404175252
29,1998,3,0.105347087989078
29,1999,3,0.245559391341947
29,2000,3,0.164564002047027
29,2001,3,0.103561462770438
29,2002,3,0.118408136323558
29,2003,3,0.199401901500026
29,2004,3,0.09216787862534
29,2005,3,0.114923560857573
29,2006,3,0.169404812401903
29,2007,3,0.173400139686556
29,2008,3,0.103565855134394
29,2009,3,0.115456161321357
29,2010,3,0.0551322090615523
29,2011,3,0.0551243865916653
29,2012,3,0.0561906554274504
29,2013,3,0.0846879387027353
29,2014,3,0.0674493653291409
29,2015,3,0.158582340710113
29,2016,3,0.0371642844239538
29,2017,3,0.0239413575661532
29,2018,3,0.0297998667283806
29,2019,3,0.0494105736044397
29,2020,3,0.135044613751525
29,2021,3,0.328329933836293
29,2022,3,0.247171926610014
29,2023,3,0.160236562677083
29,2024,3,0.150172416997824
29,1964,4,1.23778196595468
29,1965,4,1.23778196595468
29,1966,4,0.995982895383349
29,1967,4,0.885926942659744
29,1968,4,0.726900262141655
29,1969,4,0.77988253301742
29,1970,4,0.883840907483467
29,1971,4,0.823602266927347
29,1972,4,0.627223899546026
29,1973,4,0.692455910468258
29,1974,4,0.772931265876595
29,1975,4,0.807611231263414
29,1976,4,0.977800752912071
29,1977,4,1.04369751417529
29,1978,4,0.896752030394418
29,1979,4,0.989484819975836
29,1980,4,0.93501540542093
29,1981,4,0.801700896870429
29,1982,4,0.584429350597157
29,1983,4,0.501101449273485
29,1984,4,0.358898727596193
29,1985,4,0.434443611508825
29,1986,4,0.470965542286404
29,1987,4,0.490880604405672
29,1988,4,0.549481213274952
29,1989,4,0.576880781625419
29,1990,4,0.749772336980185
29,1991,4,0.50202541430666
29,1992,4,0.385673780574721
29,1993,4,0.566723349848158
29,1994,4,0.340311885364468
29,1995,4,0.248121654024304
29,1996,4,0.133274894392203
29,1997,4,0.186685494737175
29,1998,4,0.312031470788812
29,1999,4,0.475663462731837
29,2000,4,0.597010267698926
29,2001,4,0.477954464842424
29,2002,4,0.464693813407746
29,2003,4,0.422515083019269
29,2004,4,0.750278120745393
29,2005,4,0.587095512914439
29,2006,4,0.585347168475344
29,2007,4,0.521537522522162
29,2008,4,0.583292064511158
29,2009,4,0.406809972829773
29,2010,4,0.441213242112034
29,2011,4,0.243819019462939
29,2012,4,0.347088806735808
29,2013,4,0.342260171012993
29,2014,4,0.287943201337556
29,2015,4,0.35042490768839
29,2016,4,0.791974724304445
29,2017,4,0.311655613452679
29,2018,4,0.160894547716563
29,2019,4,0.149627923253931
29,2020,4,0.233342041988221
29,2021,4,0.252547051656368
29,2022,4,0.647126437561313
29,2023,4,0.474891552055723
29,2024,4,0.441576613881737
29,1964,5,2.84534342875943
29,1965,5,2.84534342875943
29,1966,5,2.49696433705105
29,1967,5,2.37822896823522
29,1968,5,2.49914480377424
29,1969,5,2.80061950107719
29,1970,5,2.42399893026017
29,1971,5,1.90696858479833
29,1972,5,1.43784085605136
29,1973,5,1.17275368489929
29,1974,5,1.05241644465354
29,1975,5,0.98637953272918
29,1976,5,0.959285643594423
29,1977,5,1.08682051771183
29,1978,5,1.22869074245516
29,1979,5,1.14844674799382
29,1980,5,1.35263343950773
29,1981,5,1.77464719216862
29,1982,5,1.78098559691981
29,1983,5,1.23798421221933
29,1984,5,1.1185064200828
29,1985,5,1.069326865524
29,1986,5,1.08209885031903
29,1987,5,0.888055650815477
29,1988,5,1.13600467959559
29,1989,5,1.22606173895921
29,1990,5,1.36417306599198
29,1991,5,0.969257023263072
29,1992,5,0.764914354883672
29,1993,5,0.625193988125103
29,1994,5,1.23368453955279
29,1995,5,0.938639536742958
29,1996,5,0.485554309127878
29,1997,5,0.448853505442118
29,1998,5,0.492262981629017
29,1999,5,0.642074186840736
29,2000,5,0.931757772948972
29,2001,5,1.12849155650784
29,2002,5,1.00381167353519
29,2003,5,0.782347938275563
29,2004,5,0.959246588805178
29,2005,5,1.52095117781537
29,2006,5,1.17183685240099
29,2007,5,1.09221945480701
29,2008,5,0.994373574583475
29,2009,5,0.646046099864594
29,2010,5,0.665368931805021
29,2011,5,1.13014263301676
29,2012,5,0.422381452203103
29,2013,5,0.686615873972004
29,2014,5,0.611811763453504
29,2015,5,0.521428239395211
29,2016,5,0.408645102907013
29,2017,5,0.965397559975505
29,2018,5,1.209669457418
29,2019,5,0.338236675062692
29,2020,5,0.550829101633801
29,2021,5,0.619764543742882
29,2022,5,0.865512439697398
29,2023,5,1.23724354311126
29,2024,5,0.977732251259075
29,1964,6,1.23035491967791
29,1965,6,1.23035491967791
29,1966,6,1.20717024347024
29,1967,6,1.22457717364703
29,1968,6,1.3156166918683
29,1969,6,1.18405598167501
29,1970,6,1.15162016517231
29,1971,6,1.14363737438804
29,1972,6,1.2057012774489
29,1973,6,1.22817091337544
29,1974,6,1.2932165847076
29,1975,6,1.2917184344786
29,1976,6,1.21193888694262
29,1977,6,1.17215906186845
29,1978,6,1.07967271435799
29,1979,6,1.07128821548375
29,1980,6,1.14905278884872
29,1981,6,1.12442981611652
29,1982,6,1.09703502239317
29,1983,6,1.41294358472149
29,1984,6,1.49430143772101
29,1985,6,1.4805682740175
29,1986,6,1.409795308006
29,1987,6,1.34235262520475
29,1988,6,1.19933448883628
29,1989,6,1.30303608027425
29,1990,6,1.18685519056488
29,1991,6,1.11937092653938
29,1992,6,1.40237386243529
29,1993,6,1.24785005029828
29,1994,6,1.42460622771108
29,1995,6,1.99159790888261
29,1996,6,1.62363552935812
29,1997,6,1.06606913220839
29,1998,6,1.09399646211336
29,1999,6,0.990468906504201
29,2000,6,1.09139729893347
29,2001,6,1.36566682075205
29,2002,6,1.52843560308355
29,2003,6,1.27894641712064
29,2004,6,1.27176257761164
29,2005,6,1.77627350371444
29,2006,6,1.6763175507327
29,2007,6,1.96873072517532
29,2008,6,1.43563174223846
29,2009,6,1.48137586857044
29,2010,6,1.26489023433689
29,2011,6,1.20345413998444
29,2012,6,1.21194681942726
29,2013,6,0.782191994231648
29,2014,6,0.989472698521887
29,2015,6,0.820434380386903
29,2016,6,0.793567459366281
29,2017,6,1.16105722639238
29,2018,6,1.43727721994144
29,2019,6,1.71272877520112
29,2020,6,1.33408378614404
29,2021,6,1.10696344428719
29,2022,6,0.950398324890648
29,2023,6,0.813184117190727
29,2024,6,1.13521975623751
29,1964,7,1.13421428873939
29,1965,7,1.13421428873939
29,1966,7,1.18615597162063
29,1967,7,1.19674599551383
29,1968,7,1.22284036074027
29,1969,7,1.13520659840903
29,1970,7,1.1065536919525
29,1971,7,1.12193117253861
29,1972,7,1.13893670733319
29,1973,7,1.1830015785436
29,1974,7,1.21709152213837
29,1975,7,1.2097972414944
29,1976,7,1.2122118580788
29,1977,7,1.21932616217873
29,1978,7,1.11108923417007
29,1979,7,1.18140188893296
29,1980,7,1.16394649561216
29,1981,7,1.06648773608891
29,1982,7,1.12737302351356
29,1983,7,1.20256442132797
29,1984,7,1.31333881053369
29,1985,7,1.3111268546649
29,1986,7,1.34073406355953
29,1987,7,1.40686599703387
29,1988,7,1.36595419655181
29,1989,7,1.45123949920539
29,1990,7,1.34522896856174
29,1991,7,1.44959816859659
29,1992,7,1.64923615014883
29,1993,7,1.69688234840643
29,1994,7,1.58846175050147
29,1995,7,1.74725212555398
29,1996,7,1.921647429443
29,1997,7,1.64209853095983
29,1998,7,1.21233720488284
29,1999,7,1.42456099804876
29,2000,7,1.32876429337664
29,2001,7,1.51948194847457
29,2002,7,1.91680198833197
29,2003,7,1.78412019026069
29,2004,7,1.61383519601889
29,2005,7,1.49200794595436
29,2006,7,1.91969531914485
29,2007,7,1.82269002117513
29,2008,7,1.71260121715808
29,2009,7,1.19083280243828
29,2010,7,1.18182690055642
29,2011,7,1.18341646554939
29,2012,7,1.27604845391605
29,2013,7,1.05606424932572
29,2014,7,1.16686786285644
29,2015,7,1.02491950475728
29,2016,7,1.13517694544472
29,2017,7,1.12622718760256
29,2018,7,1.41137899334436
29,2019,7,2.10360920893673
29,2020,7,1.84301334503468
29,2021,7,1.73422924897649
29,2022,7,1.51094679741497
29,2023,7,1.3321995907124
29,2024,7,1.21972621203129
29,1964,8,1.09759632747806
29,1965,8,1.09759632747806
29,1966,8,1.15031178214661
29,1967,8,1.14945958410184
29,1968,8,1.13793326059692
29,1969,8,1.08869416038828
29,1970,8,1.07532505943765
29,1971,8,1.10906540250164
29,1972,8,1.12857977796458
29,1973,8,1.14199251944558
29,1974,8,1.17661395195156
29,1975,8,1.1815720997603
29,1976,8,1.18183467340251
29,1977,8,1.1990245040477
29,1978,8,1.21083943537217
29,1979,8,1.34312437928092
29,1980,8,1.28609522827857
29,1981,8,1.18481237169231
29,1982,8,1.21947168271137
29,1983,8,1.27084992792406
29,1984,8,1.38643502680767
29,1985,8,1.28327579337933
29,1986,8,1.25169105389921
29,1987,8,1.32376243299058
29,1988,8,1.27103871074671
29,1989,8,1.28104977725381
29,1990,8,1.1687384389643
29,1991,8,1.43643942415055
29,1992,8,1.79511372822833
29,1993,8,1.30685317786673
29,1994,8,1.42555328758088
29,1995,8,1.514606411427
29,1996,8,1.89153591094169
29,1997,8,1.80916416269637
29,1998,8,1.54214257296391
29,1999,8,1.350797004334
29,2000,8,1.7019135017029
29,2001,8,1.76904552494053
29,2002,8,1.63120005943953
29,2003,8,2.14929735427291
29,2004,8,1.78984454223526
29,2005,8,1.6241952154541
29,2006,8,1.84055999204959
29,2007,8,1.73992138506147
29,2008,8,1.39431612102277
29,2009,8,1.21717165365731
29,2010,8,1.34709162836756
29,2011,8,1.28053572354826
29,2012,8,1.41255053777494
29,2013,8,1.29804680182101
29,2014,8,1.2575136828678
29,2015,8,0.937864800275521
29,2016,8,1.28057450853581
29,2017,8,1.32975142142836
29,2018,8,1.33561118383428
29,2019,8,1.794382471295
29,2020,8,1.49973031984002
29,2021,8,1.79667021931203
29,2022,8,1.68997756793229
29,2023,8,1.42899101902277
29,2024,8,1.32259718198494
30,1964,3,0.550875469001626
30,1965,3,0.550875469001626
30,1966,3,0.483421028386726
30,1967,3,0.480053959201147
30,1968,3,0.460252735620811
30,1969,3,0.497683741611325
30,1970,3,0.543038133579221
30,1971,3,0.4788739060883
30,1972,3,0.591589676106704
30,1973,3,0.705821793229245
30,1974,3,0.673874898513847
30,1975,3,0.673340544909009
30,1976,3,0.752028441027909
30,1977,3,0.597610466080098
30,1978,3,0.621146055658708
30,1979,3,0.445877174661931
30,1980,3,0.368906087609562
30,1981,3,0.330486549429423
30,1982,3,0.312624273637508
30,1983,3,0.274949455725826
30,1984,3,0.263916368634813
30,1985,3,0.238928526247402
30,1986,3,0.205354898516027
30,1987,3,0.219779905720882
30,1988,3,0.180523151756104
30,1989,3,0.173848282291754
30,1990,3,0.171954150212848
30,1991,3,0.143316617824951
30,1992,3,0.187435008467528
30,1993,3,0.207304651855976
30,1994,3,0.0869675124199843
30,1995,3,0.0597634837529785
30,1996,3,0.0861125645282493
30,1997,3,0.111130185562022
30,1998,3,0.157731925069225
30,1999,3,0.251250692794096
30,2000,3,0.184119209462144
30,2001,3,0.115492368030879
30,2002,3,0.122630229151381
30,2003,3,0.213654869873777
30,2004,3,0.125590941723124
30,2005,3,0.129646149701469
30,2006,3,0.166766645880142
30,2007,3,0.162623846385028
30,2008,3,0.129366321693452
30,2009,3,0.0927717368380412
30,2010,3,0.0429489667530203
30,2011,3,0.0509736768078728
30,2012,3,0.0719795686068413
30,2013,3,0.0714133118764596
30,2014,3,0.0798207592384941
30,2015,3,0.178200932423941
30,2016,3,0.0401654859524954
30,2017,3,0.0275314737232304
30,2018,3,0.0324055687102166
30,2019,3,0.0479273500473061
30,2020,3,0.112951484394803
30,2021,3,0.325937637908559
30,2022,3,0.246709134444278
30,2023,3,0.214986955319466
30,2024,3,0.228082664393127
30,1964,4,2.11371965959296
30,1965,4,2.11371965959296
30,1966,4,2.19420579389508
30,1967,4,2.26023338239482
30,1968,4,1.69054045009148
30,1969,4,1.36049280591156
30,1970,4,1.22292088629499
30,1971,4,1.27280337447108
30,1972,4,1.38402875989844
30,1973,4,1.15673612389666
30,1974,4,1.34559073162195
30,1975,4,1.29142004897405
30,1976,4,0.952997857948189
30,1977,4,1.18743657728718
30,1978,4,1.04949984723343
30,1979,4,0.971577971227874
30,1980,4,0.857171119077401
30,1981,4,0.817292789217005
30,1982,4,0.706077369581979
30,1983,4,0.421552596182777
30,1984,4,0.371057283191403
30,1985,4,0.374086380517015
30,1986,4,0.406972779137973
30,1987,4,0.292509745703584
30,1988,4,0.278528383243607
30,1989,4,0.341343765857717
30,1990,4,0.436054659864086
30,1991,4,0.484393967238535
30,1992,4,0.353256524241314
30,1993,4,0.680169746590178
30,1994,4,0.452776524037446
30,1995,4,0.240484112622505
30,1996,4,0.132741043801457
30,1997,4,0.159136351176656
30,1998,4,0.211408746101763
30,1999,4,0.431414507545845
30,2000,4,0.667814884535067
30,2001,4,0.500168252830858
30,2002,4,0.386900872270035
30,2003,4,0.3951785503438
30,2004,4,0.800492058871679
30,2005,4,0.666570038744172
30,2006,4,0.534315405818093
30,2007,4,0.641881663093317
30,2008,4,0.422095182931585
30,2009,4,0.477317740323203
30,2010,4,0.559431104247445
30,2011,4,0.2378651808116
30,2012,4,0.40243319837207
30,2013,4,0.368452646901718
30,2014,4,0.32839994388211
30,2015,4,0.396502827093891
30,2016,4,0.892529497103703
30,2017,4,0.328045883504775
30,2018,4,0.245211450954274
30,2019,4,0.110960720226296
30,2020,4,0.333565952231677
30,2021,4,0.276656700446276
30,2022,4,0.56892889952762
30,2023,4,0.583439455776425
30,2024,4,0.674804677242617
30,1964,5,1.38705770336638
30,1965,5,1.38705770336638
30,1966,5,1.51748909743491
30,1967,5,1.44327837928228
30,1968,5,1.34509737360874
30,1969,5,1.37427277771703
30,1970,5,1.23979739708334
30,1971,5,1.13221299224696
30,1972,5,0.951699877602047
30,1973,5,1.04965382890774
30,1974,5,1.017305201948
30,1975,5,0.999537078467573
30,1976,5,0.946039397096368
30,1977,5,0.95965632244768
30,1978,5,0.87746081440141
30,1979,5,0.958872661288908
30,1980,5,1.01339432781692
30,1981,5,1.0992577087351
30,1982,5,1.05408464720824
30,1983,5,1.27632851735392
30,1984,5,1.37141179831226
30,1985,5,0.880063863333233
30,1986,5,0.743990528639131
30,1987,5,1.0556891006188
30,1988,5,1.0670368746847
30,1989,5,0.882980863258564
30,1990,5,0.941783855959658
30,1991,5,0.789466815958063
30,1992,5,0.53788459227119
30,1993,5,0.648145196997046
30,1994,5,1.61876526659245
30,1995,5,0.846205052616426
30,1996,5,0.657262249426561
30,1997,5,0.523809006256938
30,1998,5,0.689454453979539
30,1999,5,0.68968084050143
30,2000,5,0.987522421262832
30,2001,5,1.13206257803841
30,2002,5,0.930784711750827
30,2003,5,0.922473941356
30,2004,5,1.01690240126669
30,2005,5,1.45750513333439
30,2006,5,1.11479250670173
30,2007,5,0.983427279850958
30,2008,5,1.03064457347414
30,2009,5,0.830763525501532
30,2010,5,0.87011232820774
30,2011,5,1.21274085352966
30,2012,5,0.505284879052852
30,2013,5,0.834311087929898
30,2014,5,0.757491759248244
30,2015,5,0.646932455934144
30,2016,5,0.691001269595642
30,2017,5,1.29695957411725
30,2018,5,1.23406163478134
30,2019,5,0.404740810276753
30,2020,5,0.495733148327579
30,2021,5,0.49144983358738
30,2022,5,0.62784601343688
30,2023,5,1.22067928660683
30,2024,5,1.13746643364122
30,1964,6,1.27260977147595
30,1965,6,1.27260977147595
30,1966,6,1.17795155302086
30,1967,6,1.12276189402958
30,1968,6,1.16393427681122
30,1969,6,1.19766825770369
30,1970,6,1.28133460039984
30,1971,6,1.26195270926551
30,1972,6,1.34575923455273
30,1973,6,1.45163295974406
30,1974,6,1.40655211390888
30,1975,6,1.38336616477566
30,1976,6,1.43560276063582
30,1977,6,1.50701457575243
30,1978,6,1.52568947714168
30,1979,6,1.47525430708685
30,1980,6,1.61751503795924
30,1981,6,1.46542089790444
30,1982,6,1.46280184949099
30,1983,6,1.37089868732663
30,1984,6,1.26602769376109
30,1985,6,1.23644027226861
30,1986,6,1.18573928704549
30,1987,6,1.21304327175822
30,1988,6,1.1914857168035
30,1989,6,1.14962765480678
30,1990,6,1.23629152363484
30,1991,6,1.17985010915031
30,1992,6,1.61846859138384
30,1993,6,1.22653177424186
30,1994,6,1.4753046299599
30,1995,6,1.83821281384116
30,1996,6,1.55278009296475
30,1997,6,1.21998983723262
30,1998,6,1.2613457314487
30,1999,6,1.3826265536829
30,2000,6,1.28659106887119
30,2001,6,1.40877940705634
30,2002,6,1.77576556809565
30,2003,6,1.6532907390011
30,2004,6,1.58427942780638
30,2005,6,1.83451429490502
30,2006,6,1.73677185076176
30,2007,6,2.14158505336174
30,2008,6,1.5074553765845
30,2009,6,1.23462067036837
30,2010,6,1.15665095106522
30,2011,6,1.32083360562346
30,2012,6,1.35414247779763
30,2013,6,0.984479357169942
30,2014,6,1.24465629167217
30,2015,6,0.97938207196393
30,2016,6,0.898819603508772
30,2017,6,1.15712404610425
30,2018,6,1.2178231249683
30,2019,6,1.71171035536734
30,2020,6,1.51036351560157
30,2021,6,1.0545808548396
30,2022,6,1.07213028310983
30,2023,6,1.18891149765202
30,2024,6,1.21801282043005
30,1964,7,1.227480550473
30,1965,7,1.227480550473
30,1966,7,1.19657814723837
30,1967,7,1.14268559370592
30,1968,7,1.21115128970596
30,1969,7,1.19869585612049
30,1970,7,1.2236394977872
30,1971,7,1.21569290778251
30,1972,7,1.23069192442257
30,1973,7,1.28874370692188
30,1974,7,1.31701545696743
30,1975,7,1.34446455589145
30,1976,7,1.41278544949939
30,1977,7,1.3963401863401
30,1978,7,1.4065215892782
30,1979,7,1.42861801926935
30,1980,7,1.48531059067061
30,1981,7,1.45459186377562
30,1982,7,1.37279597064453
30,1983,7,1.36151464306205
30,1984,7,1.20972188230451
30,1985,7,1.20256523639605
30,1986,7,1.23878828382073
30,1987,7,1.1138932066871
30,1988,7,1.20736700697153
30,1989,7,1.24799640355256
30,1990,7,1.30691942948183
30,1991,7,1.3328201046927
30,1992,7,1.48153765241808
30,1993,7,1.48389140029165
30,1994,7,1.63543053374832
30,1995,7,2.07346592549545
30,1996,7,2.03417363398409
30,1997,7,1.77911473910038
30,1998,7,1.55159877545524
30,1999,7,1.36197937395782
30,2000,7,1.33979816153669
30,2001,7,2.00171720419565
30,2002,7,1.69894984120826
30,2003,7,1.92192298323683
30,2004,7,1.74642540424805
30,2005,7,1.61239765242499
30,2006,7,1.75273311430458
30,2007,7,1.85488073307755
30,2008,7,1.76193500283404
30,2009,7,1.32461957729474
30,2010,7,1.36619832050166
30,2011,7,1.35064576526978
30,2012,7,1.62352150929006
30,2013,7,1.41430705703032
30,2014,7,1.45382997024907
30,2015,7,1.5012695954817
30,2016,7,1.17453853162877
30,2017,7,1.26400245086561
30,2018,7,1.42458142837165
30,2019,7,2.33376214328909
30,2020,7,1.63011475750153
30,2021,7,1.72488834123918
30,2022,7,1.32080617392354
30,2023,7,1.06804502530103
30,2024,7,1.20945400850065
30,1964,8,1.16922468252654
30,1965,8,1.16922468252654
30,1966,8,1.10834219752205
30,1967,8,1.10791534303619
30,1968,8,1.16663907825914
30,1969,8,1.18321301060142
30,1970,8,1.19676439908117
30,1971,8,1.19747228364911
30,1972,8,1.1969141399397
30,1973,8,1.19237847112228
30,1974,8,1.23459429254131
30,1975,8,1.26632523674587
30,1976,8,1.30590450633061
30,1977,8,1.29814637735611
30,1978,8,1.32073670826865
30,1979,8,1.35953346872929
30,1980,8,1.39272437842574
30,1981,8,1.35558878877174
30,1982,8,1.32493662350467
30,1983,8,1.30538917280278
30,1984,8,1.3012480726687
30,1985,8,1.45927437657164
30,1986,8,1.40230352253646
30,1987,8,1.20932482607896
30,1988,8,1.27084870803642
30,1989,8,1.21431190655187
30,1990,8,1.02590241298106
30,1991,8,1.08623019818753
30,1992,8,1.36375231751623
30,1993,8,1.6420613488305
30,1994,8,1.55994863793903
30,1995,8,1.61702921631954
30,1996,8,1.63004273440045
30,1997,8,1.81461984349642
30,1998,8,1.8122755874421
30,1999,8,1.66600498191751
30,2000,8,1.45821407755342
30,2001,8,1.72996204449572
30,2002,8,1.67878961849528
30,2003,8,1.75937563085426
30,2004,8,1.94372020994852
30,2005,8,1.66129464494161
30,2006,8,1.60051588058863
30,2007,8,1.51763149901585
30,2008,8,1.52696266390589
30,2009,8,1.46464246632133
30,2010,8,1.39932154198496
30,2011,8,1.29958453037352
30,2012,8,1.48426762045618
30,2013,8,1.71606072228892
30,2014,8,1.54996001458173
30,2015,8,1.36541279068861
30,2016,8,1.42562549849522
30,2017,8,1.45085243639124
30,2018,8,1.45993343564808
30,2019,8,1.71822057391269
30,2020,8,1.54480341759892
30,2021,8,1.83308113168038
30,2022,8,1.3838863007385
30,2023,8,1.25954459646777
30,2024,8,1.21804980553611
