"simulation","quantity","year","value"
1,"SSB",1964,710.906525239673
1,"SSB",1965,641.090634735942
1,"SSB",1966,666.93038677379
1,"SSB",1967,793.232875017668
1,"SSB",1968,936.569171790283
1,"SSB",1969,1113.03532732016
1,"SSB",1970,1220.37681634826
1,"SSB",1971,1357.75874145603
1,"SSB",1972,1321.65530267207
1,"SSB",1973,1288.85244900227
1,"SSB",1974,1177.45166338582
1,"SSB",1975,1177.38193366911
1,"SSB",1976,1081.96480125902
1,"SSB",1977,1241.852789551
1,"SSB",1978,1050.30961506665
1,"SSB",1979,893.893790207033
1,"SSB",1980,1036.80539199304
1,"SSB",1981,1654.38788414985
1,"SSB",1982,2307.77376126139
1,"SSB",1983,3045.66400576496
1,"SSB",1984,3143.06677979665
1,"SSB",1985,3582.93217485981
1,"SSB",1986,3475.69846850381
1,"SSB",1987,3558.31270130915
1,"SSB",1988,3421.13865557898
1,"SSB",1989,2985.21014868858
1,"SSB",1990,2522.18550177283
1,"SSB",1991,1967.67054147469
1,"SSB",1992,1912.3806617421
1,"SSB",1993,2631.75441176104
1,"SSB",1994,3056.44224343641
1,"SSB",1995,3251.21141228551
1,"SSB",1996,3183.92860761041
1,"SSB",1997,3053.95108082791
1,"SSB",1998,2571.16090024613
1,"SSB",1999,2690.07757823527
1,"SSB",2000,2582.53723885472
1,"SSB",2001,2609.34214745581
1,"SSB",2002,2434.08616659148
1,"SSB",2003,2498.34155285529
1,"SSB",2004,2818.4629774117
1,"SSB",2005,2501.23886935013
1,"SSB",2006,2300.71238534133
1,"SSB",2007,1883.81664647017
1,"SSB",2008,1371.95011795282
1,"SSB",2009,1450.54871952809
1,"SSB",2010,1513.57788337592
1,"SSB",2011,1874.84686754108
1,"SSB",2012,2297.68456505625
1,"SSB",2013,2621.77590047178
1,"SSB",2014,2584.74301553486
1,"SSB",2015,2441.15969070071
1,"SSB",2016,2717.24538251136
1,"SSB",2017,3139.93602532219
1,"SSB",2018,2961.78072601375
1,"SSB",2019,2857.28014780144
1,"SSB",2020,2178.1638854678
1,"SSB",2021,2500.62805494765
1,"SSB",2022,3577.59929313297
1,"SSB",2023,3601.24418254647
1,"SSB",2024,3804.32655003372
1,"recruitment",1964,9509.85751360794
1,"recruitment",1965,15001.9167576573
1,"recruitment",1966,15706.8381430516
1,"recruitment",1967,21583.1525160973
1,"recruitment",1968,21726.6071597517
1,"recruitment",1969,26810.1392699072
1,"recruitment",1970,21426.6136817921
1,"recruitment",1971,28492.9284151588
1,"recruitment",1972,14055.7419567138
1,"recruitment",1973,22876.7848691069
1,"recruitment",1974,17562.7937698434
1,"recruitment",1975,16594.7547559753
1,"recruitment",1976,9287.88081394226
1,"recruitment",1977,12849.1187884621
1,"recruitment",1978,28576.898991035
1,"recruitment",1979,53014.2341829727
1,"recruitment",1980,26648.1437646609
1,"recruitment",1981,28303.9199458335
1,"recruitment",1982,18194.1450785052
1,"recruitment",1983,44823.2972793879
1,"recruitment",1984,13963.4128557062
1,"recruitment",1985,33983.2826316784
1,"recruitment",1986,11954.6188260881
1,"recruitment",1987,6306.72974229714
1,"recruitment",1988,4962.85359180903
1,"recruitment",1989,10716.2377702352
1,"recruitment",1990,51549.6227141389
1,"recruitment",1991,26318.6367030433
1,"recruitment",1992,20844.4500232961
1,"recruitment",1993,44154.2104031756
1,"recruitment",1994,15179.487961065
1,"recruitment",1995,9395.45224308245
1,"recruitment",1996,23257.0762837977
1,"recruitment",1997,28835.2079287633
1,"recruitment",1998,13186.1907817241
1,"recruitment",1999,15902.1124659112
1,"recruitment",2000,24441.2467130355
1,"recruitment",2001,34059.9220682031
1,"recruitment",2002,22569.9666974895
1,"recruitment",2003,14286.6917732034
1,"recruitment",2004,6229.88062348606
1,"recruitment",2005,4515.84182177791
1,"recruitment",2006,10624.8099305611
1,"recruitment",2007,25680.7093417615
1,"recruitment",2008,11625.1916573211
1,"recruitment",2009,48904.1786311577
1,"recruitment",2010,21812.3365812675
1,"recruitment",2011,14299.9603160275
1,"recruitment",2012,11886.3110778913
1,"recruitment",2013,44130.4088086004
1,"recruitment",2014,47614.5677776411
1,"recruitment",2015,21546.3473546173
1,"recruitment",2016,7722.21578262586
1,"recruitment",2017,7590.15821576257
1,"recruitment",2018,16835.4898257731
1,"recruitment",2019,88668.2583536225
1,"recruitment",2020,22353.7908469299
1,"recruitment",2021,14607.4815660965
1,"recruitment",2022,15749.3013760001
1,"recruitment",2023,19851.0007855531
1,"recruitment",2024,19149.2087363225
2,"SSB",1964,503.91943861763
2,"SSB",1965,539.400624260836
2,"SSB",1966,629.264165838188
2,"SSB",1967,857.986071700734
2,"SSB",1968,1181.38945193304
2,"SSB",1969,1542.28125705208
2,"SSB",1970,1723.61252795767
2,"SSB",1971,1828.94425503698
2,"SSB",1972,1816.97170184135
2,"SSB",1973,1625.67066398595
2,"SSB",1974,1196.44302477374
2,"SSB",1975,1017.00149340115
2,"SSB",1976,962.384852527193
2,"SSB",1977,1176.12757482413
2,"SSB",1978,1023.68780747764
2,"SSB",1979,941.803205683029
2,"SSB",1980,1092.14245254094
2,"SSB",1981,1555.22870770157
2,"SSB",1982,2074.05399700362
2,"SSB",1983,2776.32712247862
2,"SSB",1984,2932.20963806376
2,"SSB",1985,3446.58215291404
2,"SSB",1986,3404.31395064798
2,"SSB",1987,3484.60136505105
2,"SSB",1988,3336.90491850727
2,"SSB",1989,2921.33369933813
2,"SSB",1990,2472.07047047981
2,"SSB",1991,1960.06575649813
2,"SSB",1992,1897.19439912059
2,"SSB",1993,2593.81628001637
2,"SSB",1994,3067.61805776769
2,"SSB",1995,3276.80573515922
2,"SSB",1996,3206.75044510225
2,"SSB",1997,3085.81055393355
2,"SSB",1998,2628.21473655198
2,"SSB",1999,2757.93584922142
2,"SSB",2000,2636.00219303377
2,"SSB",2001,2649.39062542261
2,"SSB",2002,2474.70813228059
2,"SSB",2003,2563.29418476301
2,"SSB",2004,2900.24645361415
2,"SSB",2005,2548.19648094931
2,"SSB",2006,2276.79067933603
2,"SSB",2007,1830.65082234381
2,"SSB",2008,1360.37934712817
2,"SSB",2009,1453.0382703409
2,"SSB",2010,1517.15013044084
2,"SSB",2011,1886.01809315909
2,"SSB",2012,2294.91319052731
2,"SSB",2013,2613.02378847837
2,"SSB",2014,2571.61800130729
2,"SSB",2015,2443.56699025834
2,"SSB",2016,2706.15724660132
2,"SSB",2017,3103.06159394573
2,"SSB",2018,2914.88350980427
2,"SSB",2019,2815.57791273936
2,"SSB",2020,2149.84768836677
2,"SSB",2021,2370.67346036231
2,"SSB",2022,3308.79277690552
2,"SSB",2023,3273.24630351024
2,"SSB",2024,3370.97730386704
2,"recruitment",1964,9811.58254801466
2,"recruitment",1965,20454.4030098759
2,"recruitment",1966,23349.9720462443
2,"recruitment",1967,25536.4491038653
2,"recruitment",1968,22658.9458932828
2,"recruitment",1969,21333.7192096762
2,"recruitment",1970,34221.4789433774
2,"recruitment",1971,9848.73365746093
2,"recruitment",1972,11371.9020777522
2,"recruitment",1973,18253.527614871
2,"recruitment",1974,23952.6934809467
2,"recruitment",1975,14186.4987443844
2,"recruitment",1976,14076.5902369971
2,"recruitment",1977,14531.6665069722
2,"recruitment",1978,20262.7476106591
2,"recruitment",1979,50156.9970847711
2,"recruitment",1980,23145.5782859944
2,"recruitment",1981,32040.9208403587
2,"recruitment",1982,18471.9051358987
2,"recruitment",1983,46948.182570046
2,"recruitment",1984,14811.1500486288
2,"recruitment",1985,31364.7631679999
2,"recruitment",1986,14787.9247093917
2,"recruitment",1987,5830.99142412705
2,"recruitment",1988,5551.94047577001
2,"recruitment",1989,10516.2879489448
2,"recruitment",1990,49576.1684918845
2,"recruitment",1991,26952.2479710576
2,"recruitment",1992,21600.8533250257
2,"recruitment",1993,42424.1441330103
2,"recruitment",1994,14363.2007485199
2,"recruitment",1995,10969.2902260801
2,"recruitment",1996,23040.3160667441
2,"recruitment",1997,28014.6818894046
2,"recruitment",1998,13719.5344152383
2,"recruitment",1999,15967.4557554208
2,"recruitment",2000,24767.8077038127
2,"recruitment",2001,34972.6397641202
2,"recruitment",2002,23353.8942666552
2,"recruitment",2003,13014.01773605
2,"recruitment",2004,6293.6678171368
2,"recruitment",2005,3995.05542757235
2,"recruitment",2006,10720.3658176658
2,"recruitment",2007,26244.9797136196
2,"recruitment",2008,12223.3769815665
2,"recruitment",2009,47048.1440996641
2,"recruitment",2010,22503.7483446007
2,"recruitment",2011,14014.5809557193
2,"recruitment",2012,12909.2174431499
2,"recruitment",2013,43324.197791737
2,"recruitment",2014,45499.8011974906
2,"recruitment",2015,18882.5207817587
2,"recruitment",2016,8376.25363977882
2,"recruitment",2017,8291.56743102469
2,"recruitment",2018,15027.0573245738
2,"recruitment",2019,81958.8639911366
2,"recruitment",2020,17599.9633059792
2,"recruitment",2021,14761.0789080318
2,"recruitment",2022,11749.2818538937
2,"recruitment",2023,17753.3073422555
2,"recruitment",2024,12320.5728366826
3,"SSB",1964,418.036907679951
3,"SSB",1965,468.662840335624
3,"SSB",1966,607.466171749063
3,"SSB",1967,888.370902157232
3,"SSB",1968,1190.50856309453
3,"SSB",1969,1394.80358281158
3,"SSB",1970,1386.851581681
3,"SSB",1971,1404.02895481694
3,"SSB",1972,1344.04606441507
3,"SSB",1973,1206.26658459592
3,"SSB",1974,933.349054528686
3,"SSB",1975,851.745784455607
3,"SSB",1976,794.667052436768
3,"SSB",1977,966.918973645884
3,"SSB",1978,865.767988263689
3,"SSB",1979,829.702429256714
3,"SSB",1980,965.38844371942
3,"SSB",1981,1537.45165967413
3,"SSB",1982,2229.67106553995
3,"SSB",1983,3052.84312427388
3,"SSB",1984,3103.4451223581
3,"SSB",1985,3567.7763197887
3,"SSB",1986,3521.97710794045
3,"SSB",1987,3619.94266235202
3,"SSB",1988,3415.4657132674
3,"SSB",1989,2934.77814129436
3,"SSB",1990,2469.55730031953
3,"SSB",1991,1989.32075521835
3,"SSB",1992,1908.7830718859
3,"SSB",1993,2587.79273270672
3,"SSB",1994,3048.33035335004
3,"SSB",1995,3257.62371311423
3,"SSB",1996,3169.85669365508
3,"SSB",1997,3082.71449513053
3,"SSB",1998,2571.9725031703
3,"SSB",1999,2656.59465675563
3,"SSB",2000,2551.03256317414
3,"SSB",2001,2585.18748056329
3,"SSB",2002,2392.07358492041
3,"SSB",2003,2424.29288155212
3,"SSB",2004,2756.96020824636
3,"SSB",2005,2429.50853472526
3,"SSB",2006,2210.83803717538
3,"SSB",2007,1778.44122790177
3,"SSB",2008,1347.68453469855
3,"SSB",2009,1423.65474810939
3,"SSB",2010,1483.36977414375
3,"SSB",2011,1854.61955288486
3,"SSB",2012,2257.82661782427
3,"SSB",2013,2543.39949967518
3,"SSB",2014,2476.27535908405
3,"SSB",2015,2302.86288183093
3,"SSB",2016,2555.81709913684
3,"SSB",2017,2955.12900874646
3,"SSB",2018,2760.86337475778
3,"SSB",2019,2653.24967114058
3,"SSB",2020,2040.89841720583
3,"SSB",2021,2250.61189007862
3,"SSB",2022,3207.80148834169
3,"SSB",2023,3137.07349030951
3,"SSB",2024,3162.09614552994
3,"recruitment",1964,9930.39689316117
3,"recruitment",1965,23758.1680966579
3,"recruitment",1966,16645.3578839981
3,"recruitment",1967,17616.1931705162
3,"recruitment",1968,14328.9129918724
3,"recruitment",1969,27487.7546912093
3,"recruitment",1970,25737.9086291308
3,"recruitment",1971,17318.110591162
3,"recruitment",1972,12130.3094433137
3,"recruitment",1973,22897.6235739943
3,"recruitment",1974,20241.050111868
3,"recruitment",1975,14533.1479931756
3,"recruitment",1976,13921.0477446288
3,"recruitment",1977,12832.8973803556
3,"recruitment",1978,22414.2911729304
3,"recruitment",1979,61147.980408153
3,"recruitment",1980,25790.2900415693
3,"recruitment",1981,29910.0155550349
3,"recruitment",1982,14612.4960544811
3,"recruitment",1983,52004.7529831516
3,"recruitment",1984,13531.4177919413
3,"recruitment",1985,31589.8970814704
3,"recruitment",1986,10481.5648486612
3,"recruitment",1987,6649.74077532098
3,"recruitment",1988,5993.16069441441
3,"recruitment",1989,10390.2726533913
3,"recruitment",1990,51097.0374329138
3,"recruitment",1991,26932.4406159277
3,"recruitment",1992,21889.1134294825
3,"recruitment",1993,45220.7543765379
3,"recruitment",1994,14542.1103845145
3,"recruitment",1995,10291.1233718719
3,"recruitment",1996,20537.5655924718
3,"recruitment",1997,29763.4380992985
3,"recruitment",1998,13317.0602765712
3,"recruitment",1999,14407.9299002663
3,"recruitment",2000,24366.9932875992
3,"recruitment",2001,33546.8452953082
3,"recruitment",2002,23018.2716304529
3,"recruitment",2003,13048.6036856395
3,"recruitment",2004,6227.77091919708
3,"recruitment",2005,4480.36413863204
3,"recruitment",2006,10637.6711457634
3,"recruitment",2007,25279.5048795675
3,"recruitment",2008,12334.0091530804
3,"recruitment",2009,48060.6950871004
3,"recruitment",2010,21017.5305382617
3,"recruitment",2011,13119.7638784816
3,"recruitment",2012,10856.0098384007
3,"recruitment",2013,43105.0145637611
3,"recruitment",2014,46669.7764210906
3,"recruitment",2015,19934.4410191297
3,"recruitment",2016,6993.49825918382
3,"recruitment",2017,7616.46673803523
3,"recruitment",2018,14604.6205706024
3,"recruitment",2019,80530.9150670915
3,"recruitment",2020,19972.3747522854
3,"recruitment",2021,8950.31816748571
3,"recruitment",2022,11201.4112613568
3,"recruitment",2023,17553.1916978479
3,"recruitment",2024,11601.2871552747
4,"SSB",1964,639.83056326501
4,"SSB",1965,619.821146369058
4,"SSB",1966,674.521237327137
4,"SSB",1967,850.270342899554
4,"SSB",1968,1046.82856803881
4,"SSB",1969,1230.91870949189
4,"SSB",1970,1257.02598082677
4,"SSB",1971,1300.28484515714
4,"SSB",1972,1354.15127771058
4,"SSB",1973,1293.55170187432
4,"SSB",1974,1046.68989256419
4,"SSB",1975,1005.37075794445
4,"SSB",1976,876.958306479898
4,"SSB",1977,974.664054070696
4,"SSB",1978,833.712234026632
4,"SSB",1979,746.709188140516
4,"SSB",1980,903.067980008106
4,"SSB",1981,1530.80534040974
4,"SSB",1982,2241.10165114506
4,"SSB",1983,3051.12054620565
4,"SSB",1984,3148.6771907592
4,"SSB",1985,3601.30703499257
4,"SSB",1986,3512.38744693152
4,"SSB",1987,3581.87252689391
4,"SSB",1988,3432.42284645094
4,"SSB",1989,2987.24222787136
4,"SSB",1990,2515.45112196951
4,"SSB",1991,2006.51872287823
4,"SSB",1992,1893.65865070707
4,"SSB",1993,2511.07894076446
4,"SSB",1994,2935.01822553544
4,"SSB",1995,3151.3510738703
4,"SSB",1996,3105.90146545204
4,"SSB",1997,3008.28696631294
4,"SSB",1998,2572.57272950348
4,"SSB",1999,2746.79964935846
4,"SSB",2000,2691.69761437741
4,"SSB",2001,2726.56144779873
4,"SSB",2002,2503.49562674057
4,"SSB",2003,2506.46268334786
4,"SSB",2004,2769.90846177839
4,"SSB",2005,2428.79082869236
4,"SSB",2006,2255.63489595867
4,"SSB",2007,1846.22807162006
4,"SSB",2008,1405.60114099672
4,"SSB",2009,1504.56684812547
4,"SSB",2010,1560.97606585008
4,"SSB",2011,1915.96250876647
4,"SSB",2012,2283.02228022654
4,"SSB",2013,2592.00664384516
4,"SSB",2014,2537.45221265367
4,"SSB",2015,2389.29753172469
4,"SSB",2016,2679.90766830846
4,"SSB",2017,3134.21522132285
4,"SSB",2018,2969.22852483361
4,"SSB",2019,2829.61468418475
4,"SSB",2020,2084.1651940135
4,"SSB",2021,2226.79837071878
4,"SSB",2022,3077.9872698953
4,"SSB",2023,2964.7681221732
4,"SSB",2024,2946.49867253485
4,"recruitment",1964,7943.46169641456
4,"recruitment",1965,19522.180561317
4,"recruitment",1966,15703.5242846305
4,"recruitment",1967,19548.6752859931
4,"recruitment",1968,16624.5542342292
4,"recruitment",1969,26613.9409891212
4,"recruitment",1970,34443.503488271
4,"recruitment",1971,10525.7729146544
4,"recruitment",1972,16261.8869002402
4,"recruitment",1973,20935.9069550156
4,"recruitment",1974,16421.4914082589
4,"recruitment",1975,14124.5696232128
4,"recruitment",1976,12540.8572148129
4,"recruitment",1977,12148.3511027209
4,"recruitment",1978,23386.4907628552
4,"recruitment",1979,61332.494892746
4,"recruitment",1980,26424.22888001
4,"recruitment",1981,30190.7135725541
4,"recruitment",1982,16591.049861194
4,"recruitment",1983,47407.2028817906
4,"recruitment",1984,13556.898008285
4,"recruitment",1985,33822.5540339224
4,"recruitment",1986,13157.2644865632
4,"recruitment",1987,6364.16514700357
4,"recruitment",1988,5368.7216531067
4,"recruitment",1989,10899.8068052168
4,"recruitment",1990,46988.131836118
4,"recruitment",1991,24661.9202464312
4,"recruitment",1992,21080.1167628926
4,"recruitment",1993,42498.088707015
4,"recruitment",1994,15226.05431954
4,"recruitment",1995,10207.1006794303
4,"recruitment",1996,21835.476439081
4,"recruitment",1997,30498.4808610652
4,"recruitment",1998,13888.6012882632
4,"recruitment",1999,15365.6356046856
4,"recruitment",2000,23071.3810920393
4,"recruitment",2001,33770.0031934903
4,"recruitment",2002,21902.2440108995
4,"recruitment",2003,14673.4374605687
4,"recruitment",2004,6691.56467508472
4,"recruitment",2005,3914.98008966675
4,"recruitment",2006,12021.5631924539
4,"recruitment",2007,25409.2600961365
4,"recruitment",2008,12406.1251959672
4,"recruitment",2009,46630.1186439976
4,"recruitment",2010,21773.1177358099
4,"recruitment",2011,14421.9664071693
4,"recruitment",2012,11971.3140899147
4,"recruitment",2013,42554.5833055004
4,"recruitment",2014,47449.2838877504
4,"recruitment",2015,20142.5220924767
4,"recruitment",2016,7222.29212562948
4,"recruitment",2017,6797.0172189668
4,"recruitment",2018,14570.2703090485
4,"recruitment",2019,77162.6558299488
4,"recruitment",2020,19703.9003996848
4,"recruitment",2021,9084.59162353413
4,"recruitment",2022,12064.193664529
4,"recruitment",2023,22603.4951456901
4,"recruitment",2024,20521.6403218255
5,"SSB",1964,551.03768589491
5,"SSB",1965,604.52921451174
5,"SSB",1966,652.367123816439
5,"SSB",1967,859.34009771459
5,"SSB",1968,1120.16107997343
5,"SSB",1969,1281.68040738827
5,"SSB",1970,1291.38752004617
5,"SSB",1971,1342.3719636424
5,"SSB",1972,1332.60249461469
5,"SSB",1973,1222.779091574
5,"SSB",1974,928.532262642593
5,"SSB",1975,877.500037937321
5,"SSB",1976,886.503229042714
5,"SSB",1977,1076.21215192629
5,"SSB",1978,905.938896670467
5,"SSB",1979,795.671029349527
5,"SSB",1980,911.017998365105
5,"SSB",1981,1427.29298477706
5,"SSB",1982,2064.45462776683
5,"SSB",1983,2841.89698677905
5,"SSB",1984,2931.95358965362
5,"SSB",1985,3374.78739934291
5,"SSB",1986,3300.80682139774
5,"SSB",1987,3412.33712421488
5,"SSB",1988,3329.0058217287
5,"SSB",1989,2959.7151014576
5,"SSB",1990,2564.56115419854
5,"SSB",1991,2108.59676526306
5,"SSB",1992,2022.56378927751
5,"SSB",1993,2669.6857446852
5,"SSB",1994,3068.13763526277
5,"SSB",1995,3209.69918034685
5,"SSB",1996,3111.43540304772
5,"SSB",1997,3023.69119183911
5,"SSB",1998,2590.12003323486
5,"SSB",1999,2756.50700760005
5,"SSB",2000,2708.20008859623
5,"SSB",2001,2787.27781291846
5,"SSB",2002,2561.9217491148
5,"SSB",2003,2534.38503261491
5,"SSB",2004,2828.53335440799
5,"SSB",2005,2497.72467730247
5,"SSB",2006,2254.78004313765
5,"SSB",2007,1790.17141083557
5,"SSB",2008,1351.74029735175
5,"SSB",2009,1460.011920063
5,"SSB",2010,1501.47836171941
5,"SSB",2011,1843.92420958024
5,"SSB",2012,2276.99445410251
5,"SSB",2013,2645.87248656057
5,"SSB",2014,2625.57334091535
5,"SSB",2015,2452.42848302365
5,"SSB",2016,2737.61594066174
5,"SSB",2017,3192.78478696828
5,"SSB",2018,3047.81766192554
5,"SSB",2019,2893.25746043732
5,"SSB",2020,2116.87905801344
5,"SSB",2021,2264.1145642974
5,"SSB",2022,3146.30275110319
5,"SSB",2023,3124.63633704227
5,"SSB",2024,3221.90270400721
5,"recruitment",1964,6423.8986216871
5,"recruitment",1965,25010.3782235554
5,"recruitment",1966,13959.4499523322
5,"recruitment",1967,18294.4523052749
5,"recruitment",1968,18977.3105139575
5,"recruitment",1969,24138.1761641011
5,"recruitment",1970,32038.1580343758
5,"recruitment",1971,16718.3577401134
5,"recruitment",1972,9186.56599353032
5,"recruitment",1973,28760.9234235426
5,"recruitment",1974,20728.0678924301
5,"recruitment",1975,12811.7154299268
5,"recruitment",1976,11350.2731716781
5,"recruitment",1977,13157.0538183615
5,"recruitment",1978,21691.4628297548
5,"recruitment",1979,54509.696779846
5,"recruitment",1980,29079.4042130064
5,"recruitment",1981,27568.5678020058
5,"recruitment",1982,15869.797710786
5,"recruitment",1983,48113.6787718349
5,"recruitment",1984,14220.5801102481
5,"recruitment",1985,35140.2206751229
5,"recruitment",1986,12634.6403204198
5,"recruitment",1987,6901.93960621782
5,"recruitment",1988,6558.5068558385
5,"recruitment",1989,9830.80792266875
5,"recruitment",1990,49939.7855433558
5,"recruitment",1991,26776.1578479507
5,"recruitment",1992,21480.2339138289
5,"recruitment",1993,42161.1650925024
5,"recruitment",1994,14600.1477060554
5,"recruitment",1995,10460.1110789061
5,"recruitment",1996,22197.1829291873
5,"recruitment",1997,32553.4544795075
5,"recruitment",1998,14279.0197470233
5,"recruitment",1999,15757.8628492022
5,"recruitment",2000,22315.4610765593
5,"recruitment",2001,32808.5860211889
5,"recruitment",2002,23160.5706090467
5,"recruitment",2003,13953.6263454391
5,"recruitment",2004,6016.14713025669
5,"recruitment",2005,4012.54092995623
5,"recruitment",2006,11825.0014500658
5,"recruitment",2007,25065.4489148278
5,"recruitment",2008,11391.4928285535
5,"recruitment",2009,48343.5450429525
5,"recruitment",2010,21773.1521302795
5,"recruitment",2011,14752.3547292878
5,"recruitment",2012,12555.865898276
5,"recruitment",2013,43437.3824656299
5,"recruitment",2014,52234.922030134
5,"recruitment",2015,20807.9348950757
5,"recruitment",2016,7100.93728710418
5,"recruitment",2017,6619.3542303697
5,"recruitment",2018,15314.993931884
5,"recruitment",2019,76100.8050639644
5,"recruitment",2020,21837.8913371959
5,"recruitment",2021,12895.0276361576
5,"recruitment",2022,13717.7868840517
5,"recruitment",2023,14934.1276031673
5,"recruitment",2024,15841.7949793576
6,"SSB",1964,440.436181035032
6,"SSB",1965,464.091053598779
6,"SSB",1966,589.966200635122
6,"SSB",1967,826.300644415532
6,"SSB",1968,1099.44302008553
6,"SSB",1969,1374.73585679848
6,"SSB",1970,1455.55139980938
6,"SSB",1971,1384.44862319712
6,"SSB",1972,1317.66501764176
6,"SSB",1973,1241.68791617055
6,"SSB",1974,1064.69084119141
6,"SSB",1975,1098.48073739861
6,"SSB",1976,1021.47706213562
6,"SSB",1977,1228.31662884005
6,"SSB",1978,1052.46093923683
6,"SSB",1979,898.575735855635
6,"SSB",1980,1002.44549957509
6,"SSB",1981,1509.30521060329
6,"SSB",1982,2066.0695075744
6,"SSB",1983,2787.84871723588
6,"SSB",1984,2888.5839026649
6,"SSB",1985,3362.56247758255
6,"SSB",1986,3380.0904082796
6,"SSB",1987,3547.57831526486
6,"SSB",1988,3460.71875537896
6,"SSB",1989,3062.51189485221
6,"SSB",1990,2635.5710885251
6,"SSB",1991,2078.65555828425
6,"SSB",1992,1943.46673494833
6,"SSB",1993,2511.83746823904
6,"SSB",1994,2860.75526146317
6,"SSB",1995,3059.59075240285
6,"SSB",1996,3041.29102299017
6,"SSB",1997,2976.69575910811
6,"SSB",1998,2524.81522717309
6,"SSB",1999,2703.74028979651
6,"SSB",2000,2650.92315907615
6,"SSB",2001,2719.97167082667
6,"SSB",2002,2526.71859566922
6,"SSB",2003,2561.4687099184
6,"SSB",2004,2860.32842374506
6,"SSB",2005,2521.7780244688
6,"SSB",2006,2311.85820647992
6,"SSB",2007,1896.70827943183
6,"SSB",2008,1419.96050495467
6,"SSB",2009,1501.89479374687
6,"SSB",2010,1540.0527730024
6,"SSB",2011,1892.04403743415
6,"SSB",2012,2341.47130668141
6,"SSB",2013,2696.44975985809
6,"SSB",2014,2668.20991809049
6,"SSB",2015,2510.69245379294
6,"SSB",2016,2811.43136440619
6,"SSB",2017,3318.20403593327
6,"SSB",2018,3195.16619199105
6,"SSB",2019,3096.54257448183
6,"SSB",2020,2352.37889425006
6,"SSB",2021,2506.56660477702
6,"SSB",2022,3385.76257928131
6,"SSB",2023,3273.78524761038
6,"SSB",2024,3383.43563452674
6,"recruitment",1964,14951.6422102519
6,"recruitment",1965,15363.1742639748
6,"recruitment",1966,22607.0539670687
6,"recruitment",1967,21272.5625420531
6,"recruitment",1968,17526.8668531587
6,"recruitment",1969,12202.0668597996
6,"recruitment",1970,39746.9603696118
6,"recruitment",1971,13956.4477203746
6,"recruitment",1972,21689.3328726941
6,"recruitment",1973,21907.1667180858
6,"recruitment",1974,17822.3153554449
6,"recruitment",1975,17758.2024075379
6,"recruitment",1976,10343.5144551058
6,"recruitment",1977,11369.9589889239
6,"recruitment",1978,22381.5308647721
6,"recruitment",1979,56014.855411925
6,"recruitment",1980,21781.2204700985
6,"recruitment",1981,31856.8473659118
6,"recruitment",1982,13672.6649283458
6,"recruitment",1983,50338.520486153
6,"recruitment",1984,15020.8689729066
6,"recruitment",1985,35977.3151032988
6,"recruitment",1986,13605.8931245889
6,"recruitment",1987,7154.89980643839
6,"recruitment",1988,4726.17006196132
6,"recruitment",1989,11117.5863739824
6,"recruitment",1990,47041.700315015
6,"recruitment",1991,24710.4368966265
6,"recruitment",1992,19539.650867201
6,"recruitment",1993,42515.7275490053
6,"recruitment",1994,15954.1915174732
6,"recruitment",1995,11921.9346314324
6,"recruitment",1996,21452.8670421713
6,"recruitment",1997,30862.8444821433
6,"recruitment",1998,14146.4160558482
6,"recruitment",1999,15660.6763052859
6,"recruitment",2000,22973.6690973647
6,"recruitment",2001,36496.5572708054
6,"recruitment",2002,22937.2461216382
6,"recruitment",2003,14389.7507136246
6,"recruitment",2004,6551.80120880495
6,"recruitment",2005,4504.82082703576
6,"recruitment",2006,12284.9774759857
6,"recruitment",2007,25206.7001850121
6,"recruitment",2008,12047.2931416851
6,"recruitment",2009,50683.3276827514
6,"recruitment",2010,22758.6353996159
6,"recruitment",2011,13676.845126312
6,"recruitment",2012,12675.5328527546
6,"recruitment",2013,44925.5959981427
6,"recruitment",2014,49494.1688123147
6,"recruitment",2015,21999.2589277153
6,"recruitment",2016,8330.65811052431
6,"recruitment",2017,7128.83403923537
6,"recruitment",2018,15112.5895382919
6,"recruitment",2019,82411.2875288972
6,"recruitment",2020,18548.316565798
6,"recruitment",2021,11962.3652323108
6,"recruitment",2022,17074.3356636111
6,"recruitment",2023,24622.7638854326
6,"recruitment",2024,12266.2738103292
7,"SSB",1964,469.02875502003
7,"SSB",1965,534.285822568357
7,"SSB",1966,604.942281554414
7,"SSB",1967,745.502873631625
7,"SSB",1968,880.700994485647
7,"SSB",1969,994.660835703435
7,"SSB",1970,1122.08161912875
7,"SSB",1971,1266.34498857091
7,"SSB",1972,1338.48744666439
7,"SSB",1973,1281.63762917363
7,"SSB",1974,1138.57545039144
7,"SSB",1975,1172.3595090674
7,"SSB",1976,1062.14235791008
7,"SSB",1977,1107.88421076082
7,"SSB",1978,895.014024497545
7,"SSB",1979,766.923609065107
7,"SSB",1980,949.013159085556
7,"SSB",1981,1514.16893392125
7,"SSB",1982,2095.58968431057
7,"SSB",1983,2743.0275182756
7,"SSB",1984,2801.84452464144
7,"SSB",1985,3256.86823016096
7,"SSB",1986,3266.36453005352
7,"SSB",1987,3384.72618049434
7,"SSB",1988,3276.63466046252
7,"SSB",1989,2885.32139836909
7,"SSB",1990,2452.77356003119
7,"SSB",1991,2006.44786471564
7,"SSB",1992,1951.13125846197
7,"SSB",1993,2571.80911573352
7,"SSB",1994,2933.87414834187
7,"SSB",1995,3108.52169783548
7,"SSB",1996,3060.29593783112
7,"SSB",1997,2986.36045250835
7,"SSB",1998,2520.20381348332
7,"SSB",1999,2679.2442325211
7,"SSB",2000,2623.71244990207
7,"SSB",2001,2670.10555957237
7,"SSB",2002,2462.62539947808
7,"SSB",2003,2520.51566583035
7,"SSB",2004,2856.11507230999
7,"SSB",2005,2538.67534192102
7,"SSB",2006,2323.58104168927
7,"SSB",2007,1885.0802531745
7,"SSB",2008,1397.13616558916
7,"SSB",2009,1475.33923212468
7,"SSB",2010,1516.68524385796
7,"SSB",2011,1848.65481863823
7,"SSB",2012,2256.55374482052
7,"SSB",2013,2625.16575967055
7,"SSB",2014,2611.30479936503
7,"SSB",2015,2454.11149527936
7,"SSB",2016,2758.96905971927
7,"SSB",2017,3203.21173813491
7,"SSB",2018,3050.28341883286
7,"SSB",2019,2902.27878775438
7,"SSB",2020,2181.39100618064
7,"SSB",2021,2365.72001966938
7,"SSB",2022,3280.30504126163
7,"SSB",2023,3208.98550188892
7,"SSB",2024,3344.40584539724
7,"recruitment",1964,6880.54485806787
7,"recruitment",1965,16163.259025667
7,"recruitment",1966,12734.0521643698
7,"recruitment",1967,19868.3982070887
7,"recruitment",1968,25707.0774679256
7,"recruitment",1969,24529.5456381424
7,"recruitment",1970,34373.0195832463
7,"recruitment",1971,15254.4169119469
7,"recruitment",1972,20271.3016416944
7,"recruitment",1973,24074.5835435306
7,"recruitment",1974,14670.6073472737
7,"recruitment",1975,13561.3877920817
7,"recruitment",1976,10143.0935684857
7,"recruitment",1977,12544.8113266397
7,"recruitment",1978,25710.4541024438
7,"recruitment",1979,52510.544864576
7,"recruitment",1980,25199.7740323003
7,"recruitment",1981,26475.2682513241
7,"recruitment",1982,19131.2311718555
7,"recruitment",1983,48838.4288559586
7,"recruitment",1984,14785.4735913655
7,"recruitment",1985,32326.9650196489
7,"recruitment",1986,12917.1693076757
7,"recruitment",1987,7847.47081729823
7,"recruitment",1988,5555.12256683537
7,"recruitment",1989,11435.8567820073
7,"recruitment",1990,48605.8235438601
7,"recruitment",1991,25925.7950218956
7,"recruitment",1992,19940.1118587117
7,"recruitment",1993,41556.3682492819
7,"recruitment",1994,15537.0914377279
7,"recruitment",1995,9282.25416523184
7,"recruitment",1996,22586.1672663654
7,"recruitment",1997,30323.7955633543
7,"recruitment",1998,14487.6720183611
7,"recruitment",1999,15063.7418742324
7,"recruitment",2000,23011.0166808735
7,"recruitment",2001,34670.2436934831
7,"recruitment",2002,23546.8843718747
7,"recruitment",2003,13774.4988731928
7,"recruitment",2004,6137.90023616331
7,"recruitment",2005,4317.40588718961
7,"recruitment",2006,10278.1465448356
7,"recruitment",2007,24623.5401002384
7,"recruitment",2008,12285.8047861457
7,"recruitment",2009,45492.2153367883
7,"recruitment",2010,22567.0612896558
7,"recruitment",2011,14486.0107353921
7,"recruitment",2012,11402.5792700409
7,"recruitment",2013,43240.4642723156
7,"recruitment",2014,50069.9700758377
7,"recruitment",2015,20112.1601341444
7,"recruitment",2016,7952.86707987455
7,"recruitment",2017,7512.81585091098
7,"recruitment",2018,16586.1890913232
7,"recruitment",2019,80530.6024518684
7,"recruitment",2020,18255.4558756142
7,"recruitment",2021,12547.0714471942
7,"recruitment",2022,14955.7480582116
7,"recruitment",2023,19180.842112753
7,"recruitment",2024,13633.6562557262
8,"SSB",1964,442.810621685795
8,"SSB",1965,435.866939746769
8,"SSB",1966,476.590632081187
8,"SSB",1967,689.32165141067
8,"SSB",1968,951.506478399989
8,"SSB",1969,1142.3066453425
8,"SSB",1970,1207.54062450139
8,"SSB",1971,1339.65672797728
8,"SSB",1972,1290.57785488216
8,"SSB",1973,1077.7803311143
8,"SSB",1974,712.92149589503
8,"SSB",1975,700.062431826663
8,"SSB",1976,798.983858635762
8,"SSB",1977,1055.87765185305
8,"SSB",1978,949.483722326455
8,"SSB",1979,886.86412763464
8,"SSB",1980,1055.95700160367
8,"SSB",1981,1663.88629585975
8,"SSB",1982,2355.6758220668
8,"SSB",1983,3150.27448011554
8,"SSB",1984,3254.702380388
8,"SSB",1985,3722.43255566632
8,"SSB",1986,3622.01898247154
8,"SSB",1987,3614.65131736071
8,"SSB",1988,3379.57786576293
8,"SSB",1989,2903.87169397162
8,"SSB",1990,2446.30293785139
8,"SSB",1991,1943.34718316855
8,"SSB",1992,1913.0226954499
8,"SSB",1993,2608.70802782475
8,"SSB",1994,3076.50587988164
8,"SSB",1995,3321.76071279258
8,"SSB",1996,3262.74578927785
8,"SSB",1997,3153.44107178863
8,"SSB",1998,2648.90087243508
8,"SSB",1999,2797.80772259068
8,"SSB",2000,2722.68457151663
8,"SSB",2001,2756.74261330164
8,"SSB",2002,2510.56619733375
8,"SSB",2003,2454.05352764119
8,"SSB",2004,2756.10337946532
8,"SSB",2005,2489.66448303063
8,"SSB",2006,2306.26772490845
8,"SSB",2007,1885.241847544
8,"SSB",2008,1426.780560424
8,"SSB",2009,1502.46405389455
8,"SSB",2010,1535.01235651639
8,"SSB",2011,1877.71666724047
8,"SSB",2012,2283.44395463454
8,"SSB",2013,2589.775733392
8,"SSB",2014,2528.38062263906
8,"SSB",2015,2397.0209580189
8,"SSB",2016,2686.39545450914
8,"SSB",2017,3157.49732231049
8,"SSB",2018,2997.11263650601
8,"SSB",2019,2919.93628338664
8,"SSB",2020,2291.45610897986
8,"SSB",2021,2514.53624007582
8,"SSB",2022,3484.5104978089
8,"SSB",2023,3467.5873431398
8,"SSB",2024,3668.89993746108
8,"recruitment",1964,7281.16428248868
8,"recruitment",1965,22308.1194287561
8,"recruitment",1966,14498.4208050506
8,"recruitment",1967,18122.4365219275
8,"recruitment",1968,19657.6644932767
8,"recruitment",1969,29074.6160511509
8,"recruitment",1970,21818.0293459483
8,"recruitment",1971,14398.1138897352
8,"recruitment",1972,9816.84764682141
8,"recruitment",1973,37934.5764256142
8,"recruitment",1974,22316.6916151829
8,"recruitment",1975,15596.2340689423
8,"recruitment",1976,13437.3667605777
8,"recruitment",1977,12312.8391964297
8,"recruitment",1978,23648.9383790426
8,"recruitment",1979,58919.0511285418
8,"recruitment",1980,26683.0170233901
8,"recruitment",1981,31453.6185914573
8,"recruitment",1982,16410.7563937796
8,"recruitment",1983,48778.2124461508
8,"recruitment",1984,11951.7223180706
8,"recruitment",1985,29601.7545992794
8,"recruitment",1986,13094.6512832399
8,"recruitment",1987,7885.93679434476
8,"recruitment",1988,4608.62565004094
8,"recruitment",1989,11897.6229682629
8,"recruitment",1990,48901.5598701103
8,"recruitment",1991,26795.7386309378
8,"recruitment",1992,22677.1248050274
8,"recruitment",1993,44749.171105844
8,"recruitment",1994,14822.2826387266
8,"recruitment",1995,11075.6823483402
8,"recruitment",1996,23289.5799190757
8,"recruitment",1997,30962.8319660653
8,"recruitment",1998,13499.4667092583
8,"recruitment",1999,15565.6350293496
8,"recruitment",2000,23324.1833890498
8,"recruitment",2001,34740.1497031525
8,"recruitment",2002,23374.2415604381
8,"recruitment",2003,14697.6112993712
8,"recruitment",2004,6056.88143084313
8,"recruitment",2005,4651.05570384683
8,"recruitment",2006,11319.2284386403
8,"recruitment",2007,25787.8261659704
8,"recruitment",2008,12318.366506705
8,"recruitment",2009,48597.3339500044
8,"recruitment",2010,21574.7276045397
8,"recruitment",2011,13534.2748476031
8,"recruitment",2012,10821.8320857199
8,"recruitment",2013,45089.8530559851
8,"recruitment",2014,48324.1998237851
8,"recruitment",2015,21465.2077089453
8,"recruitment",2016,8328.66889904802
8,"recruitment",2017,8341.45206871867
8,"recruitment",2018,16987.5846339159
8,"recruitment",2019,83792.7006855966
8,"recruitment",2020,21116.484372715
8,"recruitment",2021,16142.1840880134
8,"recruitment",2022,15812.9142874793
8,"recruitment",2023,23176.6145565361
8,"recruitment",2024,12442.766021502
9,"SSB",1964,662.871111316159
9,"SSB",1965,680.277266707634
9,"SSB",1966,721.481509564808
9,"SSB",1967,829.728254462485
9,"SSB",1968,1025.62362505527
9,"SSB",1969,1220.77393604792
9,"SSB",1970,1266.01846914578
9,"SSB",1971,1336.23291104484
9,"SSB",1972,1312.09915566371
9,"SSB",1973,1183.007672375
9,"SSB",1974,831.674052768748
9,"SSB",1975,766.828959751612
9,"SSB",1976,882.43706803587
9,"SSB",1977,1185.6309924703
9,"SSB",1978,963.005975430355
9,"SSB",1979,793.852264624902
9,"SSB",1980,904.498447950448
9,"SSB",1981,1455.07254346973
9,"SSB",1982,2070.73197386206
9,"SSB",1983,2799.69002162742
9,"SSB",1984,2918.52701223878
9,"SSB",1985,3419.93866894484
9,"SSB",1986,3412.81564786487
9,"SSB",1987,3487.27809046811
9,"SSB",1988,3323.73201898198
9,"SSB",1989,2861.67214458115
9,"SSB",1990,2418.63797395754
9,"SSB",1991,1929.8504798047
9,"SSB",1992,1832.81220199862
9,"SSB",1993,2491.22471756856
9,"SSB",1994,2972.02026300837
9,"SSB",1995,3252.21097261352
9,"SSB",1996,3212.87575423248
9,"SSB",1997,3120.88772819689
9,"SSB",1998,2654.43761714458
9,"SSB",1999,2772.25892505995
9,"SSB",2000,2656.68252537341
9,"SSB",2001,2657.92689699831
9,"SSB",2002,2420.81746733192
9,"SSB",2003,2500.82091627303
9,"SSB",2004,2862.47050712727
9,"SSB",2005,2544.90729403465
9,"SSB",2006,2330.91730761393
9,"SSB",2007,1911.74578736427
9,"SSB",2008,1435.77708773325
9,"SSB",2009,1497.58413372715
9,"SSB",2010,1524.50926879944
9,"SSB",2011,1878.71480269815
9,"SSB",2012,2259.59647728693
9,"SSB",2013,2555.64679470857
9,"SSB",2014,2501.7520996253
9,"SSB",2015,2382.68921762602
9,"SSB",2016,2754.64160491012
9,"SSB",2017,3243.41543937816
9,"SSB",2018,3083.68956346026
9,"SSB",2019,2985.93137269953
9,"SSB",2020,2241.93802846354
9,"SSB",2021,2386.73684571502
9,"SSB",2022,3281.59119646055
9,"SSB",2023,3249.17488008411
9,"SSB",2024,3357.39029905019
9,"recruitment",1964,6844.55926905651
9,"recruitment",1965,15902.7442678226
9,"recruitment",1966,20224.9809043545
9,"recruitment",1967,16745.796991102
9,"recruitment",1968,20664.1020676507
9,"recruitment",1969,26417.7550948246
9,"recruitment",1970,25409.8200027382
9,"recruitment",1971,15490.0181369972
9,"recruitment",1972,8285.07326365664
9,"recruitment",1973,27814.968748574
9,"recruitment",1974,27908.9470167183
9,"recruitment",1975,10526.271164704
9,"recruitment",1976,9375.95686623678
9,"recruitment",1977,13221.8525688296
9,"recruitment",1978,21741.4708269484
9,"recruitment",1979,55408.9256403384
9,"recruitment",1980,25155.3635295161
9,"recruitment",1981,29242.8092672554
9,"recruitment",1982,18310.6818572263
9,"recruitment",1983,49192.7683228125
9,"recruitment",1984,14338.5044163013
9,"recruitment",1985,29754.1112635017
9,"recruitment",1986,12175.4718542677
9,"recruitment",1987,7687.51973620561
9,"recruitment",1988,4625.04865961011
9,"recruitment",1989,10917.8575198635
9,"recruitment",1990,45813.2353033278
9,"recruitment",1991,28511.5318222506
9,"recruitment",1992,23238.0387359016
9,"recruitment",1993,43121.341722142
9,"recruitment",1994,14567.4354606543
9,"recruitment",1995,10269.3104284571
9,"recruitment",1996,22224.4669381502
9,"recruitment",1997,30520.5913351581
9,"recruitment",1998,13577.8427504567
9,"recruitment",1999,14865.8857425097
9,"recruitment",2000,24761.6895659455
9,"recruitment",2001,35031.5330634465
9,"recruitment",2002,23438.0968248594
9,"recruitment",2003,15173.7007992754
9,"recruitment",2004,6207.28785042874
9,"recruitment",2005,3983.38753168304
9,"recruitment",2006,10637.7695921763
9,"recruitment",2007,24554.5327449638
9,"recruitment",2008,12520.7857533695
9,"recruitment",2009,47537.6557472227
9,"recruitment",2010,21795.1518274168
9,"recruitment",2011,13579.4087357544
9,"recruitment",2012,12686.829955694
9,"recruitment",2013,44521.9973951485
9,"recruitment",2014,51293.4791032602
9,"recruitment",2015,20636.0559818942
9,"recruitment",2016,8035.923648766
9,"recruitment",2017,7550.08039149076
9,"recruitment",2018,14590.7046631359
9,"recruitment",2019,78264.3624937323
9,"recruitment",2020,22446.7133197251
9,"recruitment",2021,12280.5141443565
9,"recruitment",2022,12961.5356673853
9,"recruitment",2023,15637.1601559255
9,"recruitment",2024,15399.7127896815
10,"SSB",1964,323.084801761106
10,"SSB",1965,351.699894385387
10,"SSB",1966,445.544873182316
10,"SSB",1967,640.269491970864
10,"SSB",1968,872.647115357366
10,"SSB",1969,1143.65464219192
10,"SSB",1970,1292.37677074393
10,"SSB",1971,1353.85516465242
10,"SSB",1972,1267.1439165394
10,"SSB",1973,1097.02968251085
10,"SSB",1974,776.214790766794
10,"SSB",1975,768.632469210526
10,"SSB",1976,823.512735019471
10,"SSB",1977,1028.1784331713
10,"SSB",1978,928.834217193762
10,"SSB",1979,836.469329651312
10,"SSB",1980,982.307763575066
10,"SSB",1981,1526.05508258923
10,"SSB",1982,2084.67427749365
10,"SSB",1983,2764.94943976662
10,"SSB",1984,2817.45060717372
10,"SSB",1985,3260.5453450817
10,"SSB",1986,3218.18716411415
10,"SSB",1987,3347.06078600364
10,"SSB",1988,3273.39321187796
10,"SSB",1989,2905.18763297802
10,"SSB",1990,2481.64568212345
10,"SSB",1991,1974.91320751974
10,"SSB",1992,1883.72366868545
10,"SSB",1993,2545.81256911294
10,"SSB",1994,3002.60802999845
10,"SSB",1995,3160.46206060767
10,"SSB",1996,3054.7908502706
10,"SSB",1997,2951.87484579595
10,"SSB",1998,2525.32294205708
10,"SSB",1999,2679.471464897
10,"SSB",2000,2595.48113436666
10,"SSB",2001,2621.25910210563
10,"SSB",2002,2432.92903339589
10,"SSB",2003,2486.94509123547
10,"SSB",2004,2806.09387181783
10,"SSB",2005,2471.31443959706
10,"SSB",2006,2278.30186899413
10,"SSB",2007,1854.11364306933
10,"SSB",2008,1409.18340319681
10,"SSB",2009,1501.83453120561
10,"SSB",2010,1528.25363919685
10,"SSB",2011,1890.92993176106
10,"SSB",2012,2335.93120469703
10,"SSB",2013,2672.04382247001
10,"SSB",2014,2623.04485920515
10,"SSB",2015,2436.1335051261
10,"SSB",2016,2693.9023318922
10,"SSB",2017,3095.33459703181
10,"SSB",2018,2903.44614171894
10,"SSB",2019,2783.09944519671
10,"SSB",2020,2106.18659939603
10,"SSB",2021,2274.98130291783
10,"SSB",2022,3167.03970832616
10,"SSB",2023,3137.62188099042
10,"SSB",2024,3234.30372459035
10,"recruitment",1964,10817.2247562489
10,"recruitment",1965,16010.1362798578
10,"recruitment",1966,18910.6904386232
10,"recruitment",1967,21357.337092381
10,"recruitment",1968,20641.526164029
10,"recruitment",1969,16178.104746695
10,"recruitment",1970,28654.1913206987
10,"recruitment",1971,19733.7577287795
10,"recruitment",1972,9945.34767428386
10,"recruitment",1973,31401.5120180396
10,"recruitment",1974,19322.4348766211
10,"recruitment",1975,16710.7458957914
10,"recruitment",1976,12761.6822430248
10,"recruitment",1977,12081.6713026012
10,"recruitment",1978,24209.2788743216
10,"recruitment",1979,51513.7431743
10,"recruitment",1980,24316.1097199207
10,"recruitment",1981,29464.6142771297
10,"recruitment",1982,14734.1342311616
10,"recruitment",1983,47170.1104462962
10,"recruitment",1984,14792.727012077
10,"recruitment",1985,35151.599567995
10,"recruitment",1986,13150.8770857763
10,"recruitment",1987,6761.7135722112
10,"recruitment",1988,5467.89268393493
10,"recruitment",1989,10880.8003078062
10,"recruitment",1990,49069.3020790474
10,"recruitment",1991,27096.0723336307
10,"recruitment",1992,22505.0033322059
10,"recruitment",1993,40319.8619929134
10,"recruitment",1994,15142.9156814676
10,"recruitment",1995,10279.3312461862
10,"recruitment",1996,21765.5343668937
10,"recruitment",1997,28513.6766433444
10,"recruitment",1998,14522.4342845265
10,"recruitment",1999,15550.5425065179
10,"recruitment",2000,23501.635599402
10,"recruitment",2001,35756.9421520921
10,"recruitment",2002,23793.680537689
10,"recruitment",2003,13712.3020651742
10,"recruitment",2004,6189.96413238647
10,"recruitment",2005,4487.21272808979
10,"recruitment",2006,12139.4061016827
10,"recruitment",2007,24598.3807554421
10,"recruitment",2008,12696.298116282
10,"recruitment",2009,49691.1363786063
10,"recruitment",2010,22020.2339339863
10,"recruitment",2011,14363.627054683
10,"recruitment",2012,12038.9572373841
10,"recruitment",2013,42403.5532391759
10,"recruitment",2014,47635.0120608933
10,"recruitment",2015,19470.6162091483
10,"recruitment",2016,7088.20975469515
10,"recruitment",2017,6931.50872174537
10,"recruitment",2018,14961.5034146577
10,"recruitment",2019,77424.5913442243
10,"recruitment",2020,21138.3863214605
10,"recruitment",2021,12444.8905509677
10,"recruitment",2022,11688.9302957698
10,"recruitment",2023,19911.7826066353
10,"recruitment",2024,15340.7039331529
11,"SSB",1964,660.502045163822
11,"SSB",1965,630.522910501133
11,"SSB",1966,617.781746844625
11,"SSB",1967,756.624690303826
11,"SSB",1968,989.837060342279
11,"SSB",1969,1222.41429994244
11,"SSB",1970,1334.49319122227
11,"SSB",1971,1386.01606929501
11,"SSB",1972,1289.60997560721
11,"SSB",1973,1128.49491107787
11,"SSB",1974,850.13931909131
11,"SSB",1975,745.458565101948
11,"SSB",1976,768.923208300131
11,"SSB",1977,1086.00897761413
11,"SSB",1978,1017.90439811945
11,"SSB",1979,919.66218453255
11,"SSB",1980,1053.31447068992
11,"SSB",1981,1591.02344923166
11,"SSB",1982,2110.82183861445
11,"SSB",1983,2788.7331892802
11,"SSB",1984,2898.81218659425
11,"SSB",1985,3390.61974422805
11,"SSB",1986,3344.21594043658
11,"SSB",1987,3450.2563561999
11,"SSB",1988,3338.4840988037
11,"SSB",1989,2920.19047187412
11,"SSB",1990,2452.74788876219
11,"SSB",1991,1934.38657253568
11,"SSB",1992,1927.17445085706
11,"SSB",1993,2685.65370500828
11,"SSB",1994,3201.02130230481
11,"SSB",1995,3382.71998534071
11,"SSB",1996,3254.3027678813
11,"SSB",1997,3074.32467963153
11,"SSB",1998,2576.57558941947
11,"SSB",1999,2729.22376164238
11,"SSB",2000,2693.09232135358
11,"SSB",2001,2756.4832128581
11,"SSB",2002,2529.43806687923
11,"SSB",2003,2560.30814710225
11,"SSB",2004,2878.73178808362
11,"SSB",2005,2552.38474554328
11,"SSB",2006,2312.29688267727
11,"SSB",2007,1861.93479195476
11,"SSB",2008,1411.02194730516
11,"SSB",2009,1490.47608274951
11,"SSB",2010,1520.05716889273
11,"SSB",2011,1890.14299980341
11,"SSB",2012,2313.03879503336
11,"SSB",2013,2622.39991427682
11,"SSB",2014,2543.6060123923
11,"SSB",2015,2425.62537263078
11,"SSB",2016,2765.91529519799
11,"SSB",2017,3273.57948103057
11,"SSB",2018,3139.36126521636
11,"SSB",2019,3041.48942763176
11,"SSB",2020,2290.15322149906
11,"SSB",2021,2334.70666930125
11,"SSB",2022,3080.11932295792
11,"SSB",2023,3018.21167542817
11,"SSB",2024,3114.5546112539
11,"recruitment",1964,4974.83839322276
11,"recruitment",1965,20988.9076749614
11,"recruitment",1966,18194.4093587814
11,"recruitment",1967,21378.8045636732
11,"recruitment",1968,21164.0744166288
11,"recruitment",1969,21088.2334802622
11,"recruitment",1970,26518.6061652082
11,"recruitment",1971,15746.5346916876
11,"recruitment",1972,12112.003542526
11,"recruitment",1973,25483.4732860764
11,"recruitment",1974,22768.3701177079
11,"recruitment",1975,20461.9455822725
11,"recruitment",1976,9435.08268354632
11,"recruitment",1977,12221.2000195378
11,"recruitment",1978,24489.0923169568
11,"recruitment",1979,52195.7943802827
11,"recruitment",1980,21013.7680844295
11,"recruitment",1981,32289.277830342
11,"recruitment",1982,17449.4956797502
11,"recruitment",1983,48274.2465389627
11,"recruitment",1984,14422.2421636369
11,"recruitment",1985,31891.476898655
11,"recruitment",1986,13503.1373043811
11,"recruitment",1987,6471.64994231155
11,"recruitment",1988,5382.75716402562
11,"recruitment",1989,11233.0434963785
11,"recruitment",1990,53582.0142336977
11,"recruitment",1991,27050.7428837573
11,"recruitment",1992,23329.179816378
11,"recruitment",1993,43159.8893419401
11,"recruitment",1994,13311.7480696458
11,"recruitment",1995,9523.64797669575
11,"recruitment",1996,22844.7343174468
11,"recruitment",1997,30115.7067010234
11,"recruitment",1998,15589.5371978981
11,"recruitment",1999,14954.1087887173
11,"recruitment",2000,24964.6730965956
11,"recruitment",2001,32970.2741384157
11,"recruitment",2002,24058.408834483
11,"recruitment",2003,14114.4808222188
11,"recruitment",2004,6234.89824737051
11,"recruitment",2005,4046.06237473715
11,"recruitment",2006,11901.1351488276
11,"recruitment",2007,23904.0858149299
11,"recruitment",2008,12322.4212493995
11,"recruitment",2009,48550.7254473199
11,"recruitment",2010,21341.3785704004
11,"recruitment",2011,13538.6802899068
11,"recruitment",2012,11246.9660570118
11,"recruitment",2013,44724.5403192599
11,"recruitment",2014,51505.2223265254
11,"recruitment",2015,21186.7056743376
11,"recruitment",2016,7468.39199001113
11,"recruitment",2017,7011.95864020592
11,"recruitment",2018,14366.9577177463
11,"recruitment",2019,72054.2161290892
11,"recruitment",2020,19360.7225016078
11,"recruitment",2021,15086.9554446453
11,"recruitment",2022,9872.14277713049
11,"recruitment",2023,19478.5146907439
11,"recruitment",2024,32755.9567728061
12,"SSB",1964,606.773662688625
12,"SSB",1965,641.877670874213
12,"SSB",1966,719.35437250781
12,"SSB",1967,916.879568253063
12,"SSB",1968,1058.63659550785
12,"SSB",1969,1125.700696831
12,"SSB",1970,1148.14701692805
12,"SSB",1971,1215.80997639003
12,"SSB",1972,1277.49569531197
12,"SSB",1973,1211.65639396969
12,"SSB",1974,948.133077193565
12,"SSB",1975,939.975376057446
12,"SSB",1976,928.940230241019
12,"SSB",1977,1086.14869901578
12,"SSB",1978,977.999340736015
12,"SSB",1979,891.765777197742
12,"SSB",1980,1060.53889382775
12,"SSB",1981,1655.1923509437
12,"SSB",1982,2279.44888781829
12,"SSB",1983,3064.26381257462
12,"SSB",1984,3177.02316908764
12,"SSB",1985,3590.63264621858
12,"SSB",1986,3475.00127671672
12,"SSB",1987,3496.39850938566
12,"SSB",1988,3355.66673813676
12,"SSB",1989,2944.42696792195
12,"SSB",1990,2524.96215152887
12,"SSB",1991,2045.21115435514
12,"SSB",1992,1955.79513717418
12,"SSB",1993,2576.46331315931
12,"SSB",1994,2947.31134712539
12,"SSB",1995,3118.77298933077
12,"SSB",1996,3049.36772626096
12,"SSB",1997,2946.85455794458
12,"SSB",1998,2499.27161546591
12,"SSB",1999,2638.51690575205
12,"SSB",2000,2567.1762260482
12,"SSB",2001,2661.32669733001
12,"SSB",2002,2478.20252760541
12,"SSB",2003,2483.84350801659
12,"SSB",2004,2734.23184693063
12,"SSB",2005,2408.58444331455
12,"SSB",2006,2224.4857633418
12,"SSB",2007,1837.67514101516
12,"SSB",2008,1402.48890324606
12,"SSB",2009,1469.5385800558
12,"SSB",2010,1464.95245991245
12,"SSB",2011,1765.78967105224
12,"SSB",2012,2194.72817884127
12,"SSB",2013,2537.70400864669
12,"SSB",2014,2518.2277367604
12,"SSB",2015,2428.05050494117
12,"SSB",2016,2727.83625429911
12,"SSB",2017,3193.00095511484
12,"SSB",2018,3059.10870142312
12,"SSB",2019,2989.47463496632
12,"SSB",2020,2304.55333520258
12,"SSB",2021,2495.80597065294
12,"SSB",2022,3455.97530062848
12,"SSB",2023,3451.46457181085
12,"SSB",2024,3604.23691459713
12,"recruitment",1964,10770.8514037953
12,"recruitment",1965,19103.3298264144
12,"recruitment",1966,8344.98835012506
12,"recruitment",1967,17700.2135458038
12,"recruitment",1968,21704.2409482116
12,"recruitment",1969,25111.5903686598
12,"recruitment",1970,34793.7152556331
12,"recruitment",1971,16120.2978728614
12,"recruitment",1972,14161.4857725748
12,"recruitment",1973,26244.5715379444
12,"recruitment",1974,15540.6264795516
12,"recruitment",1975,17819.1943176419
12,"recruitment",1976,13493.4430946143
12,"recruitment",1977,12469.4630072305
12,"recruitment",1978,25037.7498739834
12,"recruitment",1979,54547.9105999135
12,"recruitment",1980,25207.6447383762
12,"recruitment",1981,31762.6092673523
12,"recruitment",1982,15591.7022225592
12,"recruitment",1983,45762.8642235772
12,"recruitment",1984,13486.509207172
12,"recruitment",1985,31935.4010906886
12,"recruitment",1986,14080.6723082484
12,"recruitment",1987,6965.88132033981
12,"recruitment",1988,5877.39939617916
12,"recruitment",1989,12954.0284975262
12,"recruitment",1990,47650.7478910843
12,"recruitment",1991,26214.3831371774
12,"recruitment",1992,19082.7933921441
12,"recruitment",1993,43326.7636016512
12,"recruitment",1994,13527.1168880138
12,"recruitment",1995,10259.4804751018
12,"recruitment",1996,21516.1892071672
12,"recruitment",1997,30983.1939869258
12,"recruitment",1998,13842.5927411389
12,"recruitment",1999,16645.7570864387
12,"recruitment",2000,21438.5935009619
12,"recruitment",2001,33457.9111851123
12,"recruitment",2002,22051.6492937071
12,"recruitment",2003,13531.7537332357
12,"recruitment",2004,6479.97248426323
12,"recruitment",2005,4592.98380369314
12,"recruitment",2006,10487.9813355052
12,"recruitment",2007,23343.0050128096
12,"recruitment",2008,11371.8732142821
12,"recruitment",2009,46920.653609221
12,"recruitment",2010,21702.9170034225
12,"recruitment",2011,13387.4540671372
12,"recruitment",2012,12478.9106129144
12,"recruitment",2013,46488.7838153009
12,"recruitment",2014,49186.4055064991
12,"recruitment",2015,21496.2475520214
12,"recruitment",2016,7139.3823694987
12,"recruitment",2017,8126.21301558281
12,"recruitment",2018,15923.400817448
12,"recruitment",2019,80918.193832777
12,"recruitment",2020,22472.4446665702
12,"recruitment",2021,15575.442207878
12,"recruitment",2022,13317.9280044254
12,"recruitment",2023,23753.888525589
12,"recruitment",2024,18087.9142438597
13,"SSB",1964,503.132208425185
13,"SSB",1965,592.191786858982
13,"SSB",1966,651.791610042717
13,"SSB",1967,814.630502535867
13,"SSB",1968,1021.55455707089
13,"SSB",1969,1368.41080251865
13,"SSB",1970,1621.04533332977
13,"SSB",1971,1729.52950414125
13,"SSB",1972,1587.6495482919
13,"SSB",1973,1344.87813188128
13,"SSB",1974,978.964879373053
13,"SSB",1975,846.717335185501
13,"SSB",1976,772.574281192653
13,"SSB",1977,869.006061032262
13,"SSB",1978,732.087260486544
13,"SSB",1979,683.211974728814
13,"SSB",1980,900.423496850787
13,"SSB",1981,1464.07284231993
13,"SSB",1982,2034.2932988599
13,"SSB",1983,2739.77094581293
13,"SSB",1984,2850.9350187317
13,"SSB",1985,3302.24950964314
13,"SSB",1986,3283.99551913768
13,"SSB",1987,3461.94596450574
13,"SSB",1988,3376.2404452487
13,"SSB",1989,2981.35365131324
13,"SSB",1990,2528.57162765699
13,"SSB",1991,2009.33093672666
13,"SSB",1992,1928.7687540788
13,"SSB",1993,2615.93631599668
13,"SSB",1994,3077.05827688877
13,"SSB",1995,3227.99397753921
13,"SSB",1996,3104.61401267887
13,"SSB",1997,2987.24361388102
13,"SSB",1998,2538.76141741273
13,"SSB",1999,2734.18688693144
13,"SSB",2000,2695.58013830836
13,"SSB",2001,2783.30697837359
13,"SSB",2002,2589.59969596858
13,"SSB",2003,2589.04031444488
13,"SSB",2004,2849.80731408138
13,"SSB",2005,2493.00672462885
13,"SSB",2006,2253.80646424161
13,"SSB",2007,1827.52073330526
13,"SSB",2008,1351.22199556912
13,"SSB",2009,1440.3380495688
13,"SSB",2010,1501.32369417517
13,"SSB",2011,1839.94155353659
13,"SSB",2012,2222.2981449053
13,"SSB",2013,2516.14418270505
13,"SSB",2014,2453.46906716344
13,"SSB",2015,2319.23820916723
13,"SSB",2016,2605.22781564379
13,"SSB",2017,3047.92677046556
13,"SSB",2018,2937.24736860654
13,"SSB",2019,2842.6078402541
13,"SSB",2020,2146.92021350824
13,"SSB",2021,2233.23433976644
13,"SSB",2022,3017.76864391807
13,"SSB",2023,2942.13829537847
13,"SSB",2024,2974.20495317888
13,"recruitment",1964,5895.94364302247
13,"recruitment",1965,21732.6442169542
13,"recruitment",1966,12983.0904776189
13,"recruitment",1967,34305.9717027145
13,"recruitment",1968,21009.631359239
13,"recruitment",1969,19855.381183124
13,"recruitment",1970,24515.4518554182
13,"recruitment",1971,14978.3872932228
13,"recruitment",1972,11289.7801679664
13,"recruitment",1973,23100.810534354
13,"recruitment",1974,18938.2263807763
13,"recruitment",1975,13175.1737195564
13,"recruitment",1976,12280.1439917593
13,"recruitment",1977,15517.1465439695
13,"recruitment",1978,23769.4488969758
13,"recruitment",1979,51975.6302782883
13,"recruitment",1980,22478.1449962213
13,"recruitment",1981,31803.3831020535
13,"recruitment",1982,17086.512745636
13,"recruitment",1983,45892.854637761
13,"recruitment",1984,15066.2314244045
13,"recruitment",1985,35429.9010178843
13,"recruitment",1986,12593.969339209
13,"recruitment",1987,7066.68135609344
13,"recruitment",1988,4913.36323987253
13,"recruitment",1989,10879.6503890427
13,"recruitment",1990,49618.3697966352
13,"recruitment",1991,27715.477634534
13,"recruitment",1992,21815.6293270422
13,"recruitment",1993,40364.6172421659
13,"recruitment",1994,13812.7824780375
13,"recruitment",1995,11269.3521303818
13,"recruitment",1996,22900.709276152
13,"recruitment",1997,32515.560582187
13,"recruitment",1998,14565.1903088517
13,"recruitment",1999,15759.9479324544
13,"recruitment",2000,23506.6115264349
13,"recruitment",2001,34081.204437116
13,"recruitment",2002,23530.8904475311
13,"recruitment",2003,14263.6889465526
13,"recruitment",2004,5769.13905022517
13,"recruitment",2005,4501.75596655718
13,"recruitment",2006,10432.5709283471
13,"recruitment",2007,25559.3768937259
13,"recruitment",2008,12465.6031946101
13,"recruitment",2009,46226.3309281678
13,"recruitment",2010,21360.166011427
13,"recruitment",2011,12670.4645861714
13,"recruitment",2012,12154.0126817094
13,"recruitment",2013,42677.5377298838
13,"recruitment",2014,48232.5886801148
13,"recruitment",2015,22823.5030488096
13,"recruitment",2016,8209.37183179008
13,"recruitment",2017,6592.72832986687
13,"recruitment",2018,13018.9904454773
13,"recruitment",2019,71898.5533672088
13,"recruitment",2020,18923.0162197385
13,"recruitment",2021,12555.2289471439
13,"recruitment",2022,10951.7618731099
13,"recruitment",2023,18825.4362092845
13,"recruitment",2024,18891.4599075472
14,"SSB",1964,408.374164208544
14,"SSB",1965,436.891604749789
14,"SSB",1966,507.320063828375
14,"SSB",1967,626.512540009212
14,"SSB",1968,729.882367506044
14,"SSB",1969,972.486394762642
14,"SSB",1970,1175.9210574222
14,"SSB",1971,1431.62486534822
14,"SSB",1972,1458.50505410551
14,"SSB",1973,1275.47719379035
14,"SSB",1974,1037.97898670926
14,"SSB",1975,1061.84654543394
14,"SSB",1976,944.666192178863
14,"SSB",1977,1019.58634993272
14,"SSB",1978,859.376864728932
14,"SSB",1979,757.643909511962
14,"SSB",1980,880.938780850921
14,"SSB",1981,1416.09504307552
14,"SSB",1982,1998.42402628787
14,"SSB",1983,2689.72119138943
14,"SSB",1984,2785.07962153795
14,"SSB",1985,3224.46014318672
14,"SSB",1986,3209.77134826179
14,"SSB",1987,3362.51336382788
14,"SSB",1988,3261.40728077052
14,"SSB",1989,2884.52342666082
14,"SSB",1990,2458.49912166432
14,"SSB",1991,1932.13075000708
14,"SSB",1992,1844.65867431773
14,"SSB",1993,2520.61907739923
14,"SSB",1994,2973.46560257473
14,"SSB",1995,3174.05671004228
14,"SSB",1996,3113.73292324055
14,"SSB",1997,3030.84873397185
14,"SSB",1998,2575.97937500137
14,"SSB",1999,2681.35676079839
14,"SSB",2000,2572.02507964979
14,"SSB",2001,2556.80728103681
14,"SSB",2002,2366.47156240444
14,"SSB",2003,2435.82738230821
14,"SSB",2004,2740.54712667436
14,"SSB",2005,2412.05782308005
14,"SSB",2006,2207.81069974358
14,"SSB",2007,1782.17462770776
14,"SSB",2008,1325.55994976136
14,"SSB",2009,1413.33652952498
14,"SSB",2010,1461.58326802339
14,"SSB",2011,1789.06330691842
14,"SSB",2012,2214.24364255968
14,"SSB",2013,2574.66065126614
14,"SSB",2014,2502.29298160879
14,"SSB",2015,2301.39668395112
14,"SSB",2016,2594.69330586886
14,"SSB",2017,3082.71659634439
14,"SSB",2018,2974.55465928148
14,"SSB",2019,2952.2102327577
14,"SSB",2020,2272.03677385544
14,"SSB",2021,2350.56014553445
14,"SSB",2022,3082.70628988493
14,"SSB",2023,2919.84737753459
14,"SSB",2024,2907.17584659865
14,"recruitment",1964,7147.66237470223
14,"recruitment",1965,14004.4843825781
14,"recruitment",1966,12937.3610144649
14,"recruitment",1967,27450.4283965338
14,"recruitment",1968,18565.5125869793
14,"recruitment",1969,38078.577444122
14,"recruitment",1970,18947.349439942
14,"recruitment",1971,17309.674739503
14,"recruitment",1972,16917.3842401844
14,"recruitment",1973,25758.6969873861
14,"recruitment",1974,15701.7668077345
14,"recruitment",1975,16144.3792331167
14,"recruitment",1976,10734.542651686
14,"recruitment",1977,12939.4960503014
14,"recruitment",1978,22138.7055346071
14,"recruitment",1979,53388.0984802108
14,"recruitment",1980,23435.4933135006
14,"recruitment",1981,28292.9748429997
14,"recruitment",1982,15565.589107069
14,"recruitment",1983,46255.8969374783
14,"recruitment",1984,14583.738552119
14,"recruitment",1985,32977.9822087655
14,"recruitment",1986,13143.6578080049
14,"recruitment",1987,7567.93323728086
14,"recruitment",1988,4799.5921274719
14,"recruitment",1989,10316.7166052063
14,"recruitment",1990,47964.233708464
14,"recruitment",1991,28200.7139405856
14,"recruitment",1992,21100.261536297
14,"recruitment",1993,43152.694663582
14,"recruitment",1994,14575.4119966989
14,"recruitment",1995,10782.3667152981
14,"recruitment",1996,22175.3335993512
14,"recruitment",1997,27037.4840947939
14,"recruitment",1998,13924.4853717266
14,"recruitment",1999,16557.8779498783
14,"recruitment",2000,23638.5682146438
14,"recruitment",2001,33613.3425334597
14,"recruitment",2002,22721.8119844421
14,"recruitment",2003,13571.192369904
14,"recruitment",2004,5694.53547700143
14,"recruitment",2005,4333.41434006188
14,"recruitment",2006,11104.4957778914
14,"recruitment",2007,24966.9295571291
14,"recruitment",2008,11467.1670525544
14,"recruitment",2009,48472.3297044032
14,"recruitment",2010,22674.7503807478
14,"recruitment",2011,13618.3231273466
14,"recruitment",2012,11645.1924718909
14,"recruitment",2013,42301.3014091904
14,"recruitment",2014,48666.6526328526
14,"recruitment",2015,21217.9013615215
14,"recruitment",2016,8737.83742075784
14,"recruitment",2017,7988.95362954423
14,"recruitment",2018,16633.7912202469
14,"recruitment",2019,70004.935852452
14,"recruitment",2020,16397.2815944458
14,"recruitment",2021,12985.9596518526
14,"recruitment",2022,11137.8219077643
14,"recruitment",2023,17656.1117774402
14,"recruitment",2024,24592.9157863594
15,"SSB",1964,732.182544420275
15,"SSB",1965,764.310584121728
15,"SSB",1966,811.854576803457
15,"SSB",1967,918.473364945958
15,"SSB",1968,1064.94979045661
15,"SSB",1969,1237.40960163874
15,"SSB",1970,1266.37689116116
15,"SSB",1971,1282.71699829565
15,"SSB",1972,1279.57219821847
15,"SSB",1973,1112.8637776579
15,"SSB",1974,845.407662835664
15,"SSB",1975,793.39162995418
15,"SSB",1976,894.844133279572
15,"SSB",1977,1246.58214536101
15,"SSB",1978,1091.16625041908
15,"SSB",1979,923.12111020876
15,"SSB",1980,1040.83743731734
15,"SSB",1981,1556.3955978045
15,"SSB",1982,2111.037421909
15,"SSB",1983,2794.45713372004
15,"SSB",1984,2895.47736298019
15,"SSB",1985,3433.40081290278
15,"SSB",1986,3399.80208940988
15,"SSB",1987,3487.40203222984
15,"SSB",1988,3372.75361780438
15,"SSB",1989,2961.19276998663
15,"SSB",1990,2483.25357651355
15,"SSB",1991,1960.3036377947
15,"SSB",1992,1908.60456927894
15,"SSB",1993,2619.32115805096
15,"SSB",1994,3069.62602468536
15,"SSB",1995,3242.7459642659
15,"SSB",1996,3141.19107177287
15,"SSB",1997,2993.82583968944
15,"SSB",1998,2510.83268748676
15,"SSB",1999,2635.62663676754
15,"SSB",2000,2580.7591960772
15,"SSB",2001,2651.92146660972
15,"SSB",2002,2435.77050615745
15,"SSB",2003,2503.97672536682
15,"SSB",2004,2829.46421505432
15,"SSB",2005,2484.36886115908
15,"SSB",2006,2265.30988282405
15,"SSB",2007,1866.78909211363
15,"SSB",2008,1422.05798508898
15,"SSB",2009,1502.69900726751
15,"SSB",2010,1531.424979214
15,"SSB",2011,1902.06922160765
15,"SSB",2012,2363.75800086315
15,"SSB",2013,2728.98805857801
15,"SSB",2014,2667.17074348369
15,"SSB",2015,2478.00189139794
15,"SSB",2016,2695.1178018262
15,"SSB",2017,3088.81800265452
15,"SSB",2018,2919.39327328882
15,"SSB",2019,2802.85854144986
15,"SSB",2020,2105.14797637596
15,"SSB",2021,2210.01368963958
15,"SSB",2022,2968.56024132997
15,"SSB",2023,2834.99168178066
15,"SSB",2024,2816.55142791347
15,"recruitment",1964,4966.66445817894
15,"recruitment",1965,17845.8789879915
15,"recruitment",1966,16319.9402556335
15,"recruitment",1967,19575.3476930303
15,"recruitment",1968,18343.4307271871
15,"recruitment",1969,23919.1880304662
15,"recruitment",1970,34145.4197941917
15,"recruitment",1971,9625.01837050837
15,"recruitment",1972,16107.0536656875
15,"recruitment",1973,23065.5606470465
15,"recruitment",1974,33241.1805394311
15,"recruitment",1975,14899.3741978276
15,"recruitment",1976,9930.52863302054
15,"recruitment",1977,13241.0453884128
15,"recruitment",1978,24299.1676684176
15,"recruitment",1979,50810.749981571
15,"recruitment",1980,25390.7325152646
15,"recruitment",1981,29283.6703779995
15,"recruitment",1982,17523.1635517483
15,"recruitment",1983,50661.2912809088
15,"recruitment",1984,11031.343610904
15,"recruitment",1985,34075.6043644277
15,"recruitment",1986,12779.5248123379
15,"recruitment",1987,6466.25005677053
15,"recruitment",1988,5670.97444424706
15,"recruitment",1989,11614.1422922294
15,"recruitment",1990,49805.2771756577
15,"recruitment",1991,27273.3102484667
15,"recruitment",1992,21364.4458158211
15,"recruitment",1993,41849.1836545102
15,"recruitment",1994,14873.1149924518
15,"recruitment",1995,9561.6688654632
15,"recruitment",1996,21982.4758477855
15,"recruitment",1997,30928.2783718036
15,"recruitment",1998,13313.1827505096
15,"recruitment",1999,16036.0791102885
15,"recruitment",2000,23381.9941690792
15,"recruitment",2001,35049.8368377807
15,"recruitment",2002,22359.6089651028
15,"recruitment",2003,14140.3641306589
15,"recruitment",2004,5875.95564922019
15,"recruitment",2005,4529.07321445777
15,"recruitment",2006,10961.858986152
15,"recruitment",2007,24671.1004422169
15,"recruitment",2008,13826.1326552068
15,"recruitment",2009,49069.2257157489
15,"recruitment",2010,23024.318488007
15,"recruitment",2011,13947.3183406518
15,"recruitment",2012,11085.8887678752
15,"recruitment",2013,43565.4282082475
15,"recruitment",2014,47945.7796483497
15,"recruitment",2015,20926.3245665402
15,"recruitment",2016,7824.1207253251
15,"recruitment",2017,7188.83341957373
15,"recruitment",2018,13833.11623659
15,"recruitment",2019,71400.6931350141
15,"recruitment",2020,17326.731928193
15,"recruitment",2021,11270.5380254379
15,"recruitment",2022,12956.6641157894
15,"recruitment",2023,13582.3300349959
15,"recruitment",2024,10602.7923454306
16,"SSB",1964,618.727507374967
16,"SSB",1965,642.370567658906
16,"SSB",1966,687.130943962987
16,"SSB",1967,827.66730766174
16,"SSB",1968,961.372801432579
16,"SSB",1969,1048.88119735523
16,"SSB",1970,1085.69377472661
16,"SSB",1971,1246.80977216665
16,"SSB",1972,1274.6783971852
16,"SSB",1973,1107.15938002383
16,"SSB",1974,796.759171880713
16,"SSB",1975,785.687336905064
16,"SSB",1976,777.161741033521
16,"SSB",1977,922.975413823555
16,"SSB",1978,858.48924915303
16,"SSB",1979,785.322378477266
16,"SSB",1980,884.15674663729
16,"SSB",1981,1429.92832857338
16,"SSB",1982,2091.12857638261
16,"SSB",1983,2846.81675142853
16,"SSB",1984,3025.5477632341
16,"SSB",1985,3643.72219401582
16,"SSB",1986,3671.46261934785
16,"SSB",1987,3771.43547707621
16,"SSB",1988,3584.19275509462
16,"SSB",1989,3079.16936623347
16,"SSB",1990,2571.71364561803
16,"SSB",1991,2005.70139389194
16,"SSB",1992,1942.90296551777
16,"SSB",1993,2661.71075779185
16,"SSB",1994,3114.30716076649
16,"SSB",1995,3315.06033033532
16,"SSB",1996,3182.29135098198
16,"SSB",1997,3028.74855616777
16,"SSB",1998,2564.10389284163
16,"SSB",1999,2719.14135350069
16,"SSB",2000,2649.10849615149
16,"SSB",2001,2715.80876602917
16,"SSB",2002,2533.31761605163
16,"SSB",2003,2598.79455112392
16,"SSB",2004,2934.51316594003
16,"SSB",2005,2565.9907706441
16,"SSB",2006,2309.08327944769
16,"SSB",2007,1878.67169948139
16,"SSB",2008,1429.23236328433
16,"SSB",2009,1533.79321520936
16,"SSB",2010,1556.49830537146
16,"SSB",2011,1896.31885540464
16,"SSB",2012,2259.60813823729
16,"SSB",2013,2546.61472015429
16,"SSB",2014,2495.9109260141
16,"SSB",2015,2369.36537083381
16,"SSB",2016,2647.63448816727
16,"SSB",2017,3061.04637931888
16,"SSB",2018,2896.74233644716
16,"SSB",2019,2812.33444650919
16,"SSB",2020,2166.30346645363
16,"SSB",2021,2284.46643765823
16,"SSB",2022,3013.21246857118
16,"SSB",2023,2866.75093328269
16,"SSB",2024,2837.31148339103
16,"recruitment",1964,6258.36005628446
16,"recruitment",1965,18960.983450897
16,"recruitment",1966,11428.3034062289
16,"recruitment",1967,15732.0372690257
16,"recruitment",1968,21280.2125605598
16,"recruitment",1969,32050.9991353018
16,"recruitment",1970,26883.3559778894
16,"recruitment",1971,12714.4614121363
16,"recruitment",1972,9182.6753887877
16,"recruitment",1973,34373.8230535004
16,"recruitment",1974,15440.1102589078
16,"recruitment",1975,18441.0565223159
16,"recruitment",1976,14204.0921375308
16,"recruitment",1977,9545.41313466538
16,"recruitment",1978,20986.032376467
16,"recruitment",1979,57276.9834603142
16,"recruitment",1980,27499.0874635713
16,"recruitment",1981,30811.2619277826
16,"recruitment",1982,20655.8901542535
16,"recruitment",1983,55291.6777637292
16,"recruitment",1984,12407.2305200882
16,"recruitment",1985,33140.399269371
16,"recruitment",1986,11601.6579382266
16,"recruitment",1987,5739.2746592751
16,"recruitment",1988,4484.44008903209
16,"recruitment",1989,11696.8212551473
16,"recruitment",1990,50716.7480524707
16,"recruitment",1991,26008.1299504728
16,"recruitment",1992,22135.0468748851
16,"recruitment",1993,41315.5130167695
16,"recruitment",1994,13297.8126292894
16,"recruitment",1995,11984.6157391168
16,"recruitment",1996,22046.5151628005
16,"recruitment",1997,29654.6071790341
16,"recruitment",1998,13920.4740607804
16,"recruitment",1999,16295.2801345642
16,"recruitment",2000,24923.5090229279
16,"recruitment",2001,36180.2335575538
16,"recruitment",2002,22140.3438560647
16,"recruitment",2003,14419.6634415191
16,"recruitment",2004,6013.72073127419
16,"recruitment",2005,5000.23367107124
16,"recruitment",2006,11198.7768096202
16,"recruitment",2007,25496.5509026159
16,"recruitment",2008,11620.9495276981
16,"recruitment",2009,46565.9525953798
16,"recruitment",2010,20689.4611705966
16,"recruitment",2011,13264.1239462692
16,"recruitment",2012,11578.714868831
16,"recruitment",2013,43554.4182366853
16,"recruitment",2014,47947.0147229203
16,"recruitment",2015,18768.7262581258
16,"recruitment",2016,7638.64820535351
16,"recruitment",2017,7795.79407402625
16,"recruitment",2018,14362.0520877277
16,"recruitment",2019,70629.1308870498
16,"recruitment",2020,16839.2438784017
16,"recruitment",2021,12108.9317831197
16,"recruitment",2022,11110.416140065
16,"recruitment",2023,17085.0435286166
16,"recruitment",2024,10708.8254086293
17,"SSB",1964,712.898756589689
17,"SSB",1965,672.266218552225
17,"SSB",1966,647.630235349168
17,"SSB",1967,778.008502969032
17,"SSB",1968,1001.70957307216
17,"SSB",1969,1206.18875808814
17,"SSB",1970,1235.35585185564
17,"SSB",1971,1284.0221313219
17,"SSB",1972,1181.97292554388
17,"SSB",1973,997.711779879466
17,"SSB",1974,754.401549384932
17,"SSB",1975,766.30825903747
17,"SSB",1976,835.113522080604
17,"SSB",1977,1117.94534325749
17,"SSB",1978,1018.14197590705
17,"SSB",1979,917.298941435037
17,"SSB",1980,1008.31814171464
17,"SSB",1981,1507.84792845636
17,"SSB",1982,2092.90316717553
17,"SSB",1983,2873.96874691758
17,"SSB",1984,3069.22724413032
17,"SSB",1985,3592.07681898356
17,"SSB",1986,3535.91139596472
17,"SSB",1987,3650.57621710388
17,"SSB",1988,3528.2791442671
17,"SSB",1989,3109.24339739561
17,"SSB",1990,2630.12160303378
17,"SSB",1991,2090.58434363899
17,"SSB",1992,2011.33765507989
17,"SSB",1993,2632.28241620561
17,"SSB",1994,3024.47143973497
17,"SSB",1995,3179.68575797205
17,"SSB",1996,3113.24638929054
17,"SSB",1997,3021.48483055373
17,"SSB",1998,2560.9942703258
17,"SSB",1999,2710.81266637317
17,"SSB",2000,2638.68189752853
17,"SSB",2001,2705.18470576957
17,"SSB",2002,2523.52181747983
17,"SSB",2003,2563.68387177235
17,"SSB",2004,2860.53212123333
17,"SSB",2005,2497.56650978232
17,"SSB",2006,2269.59375078059
17,"SSB",2007,1833.15762999099
17,"SSB",2008,1328.70807000049
17,"SSB",2009,1390.86695550286
17,"SSB",2010,1451.41463177224
17,"SSB",2011,1825.60377003636
17,"SSB",2012,2252.538885143
17,"SSB",2013,2579.20743409586
17,"SSB",2014,2586.61587853316
17,"SSB",2015,2411.13843423052
17,"SSB",2016,2601.05971194009
17,"SSB",2017,2952.85356987862
17,"SSB",2018,2735.32874652906
17,"SSB",2019,2605.21172996575
17,"SSB",2020,1936.64753195843
17,"SSB",2021,2008.58430871281
17,"SSB",2022,2738.46221660396
17,"SSB",2023,2693.51211031322
17,"SSB",2024,2753.63035121146
17,"recruitment",1964,5899.87086804865
17,"recruitment",1965,20707.4193915841
17,"recruitment",1966,15756.4674255958
17,"recruitment",1967,21036.3761917943
17,"recruitment",1968,14901.166202026
17,"recruitment",1969,26902.3150190363
17,"recruitment",1970,22358.6915152529
17,"recruitment",1971,17237.8781452806
17,"recruitment",1972,14472.0833789145
17,"recruitment",1973,29095.1848108305
17,"recruitment",1974,20822.0949587243
17,"recruitment",1975,15627.1556719644
17,"recruitment",1976,13390.180924853
17,"recruitment",1977,10992.8231974718
17,"recruitment",1978,24538.3020342255
17,"recruitment",1979,53397.9222206747
17,"recruitment",1980,26179.9439183122
17,"recruitment",1981,33031.0974639804
17,"recruitment",1982,17043.8159824029
17,"recruitment",1983,48380.5246764911
17,"recruitment",1984,15841.2640208235
17,"recruitment",1985,32668.8357868806
17,"recruitment",1986,13546.7633480907
17,"recruitment",1987,7318.64470719037
17,"recruitment",1988,6208.10165005469
17,"recruitment",1989,10884.9318998348
17,"recruitment",1990,48022.6341623749
17,"recruitment",1991,24396.5204808444
17,"recruitment",1992,21747.7798814525
17,"recruitment",1993,43471.4516483744
17,"recruitment",1994,14081.4806698243
17,"recruitment",1995,10406.7389701383
17,"recruitment",1996,23580.8781435609
17,"recruitment",1997,29645.8850314442
17,"recruitment",1998,14589.3877887746
17,"recruitment",1999,15623.826273234
17,"recruitment",2000,23516.0298136669
17,"recruitment",2001,35441.6445141573
17,"recruitment",2002,22514.3420530699
17,"recruitment",2003,13266.7686913517
17,"recruitment",2004,6153.80940031725
17,"recruitment",2005,3753.9853719619
17,"recruitment",2006,10530.0523180489
17,"recruitment",2007,23926.825115696
17,"recruitment",2008,12780.5597766131
17,"recruitment",2009,47852.4944424537
17,"recruitment",2010,21281.253591754
17,"recruitment",2011,13662.4196918268
17,"recruitment",2012,12536.7348338383
17,"recruitment",2013,40158.6513045425
17,"recruitment",2014,44396.2521034204
17,"recruitment",2015,19133.5732184162
17,"recruitment",2016,6379.6704879561
17,"recruitment",2017,6641.48619468892
17,"recruitment",2018,14044.4911608812
17,"recruitment",2019,66650.9000225396
17,"recruitment",2020,19577.4747709674
17,"recruitment",2021,14080.6482215713
17,"recruitment",2022,10057.9189324512
17,"recruitment",2023,18989.6587473044
17,"recruitment",2024,24682.9612251786
18,"SSB",1964,633.316414190068
18,"SSB",1965,626.963962586602
18,"SSB",1966,654.83879494289
18,"SSB",1967,767.845595653399
18,"SSB",1968,902.959373274544
18,"SSB",1969,1068.52506838728
18,"SSB",1970,1105.62542891233
18,"SSB",1971,1189.77598589851
18,"SSB",1972,1080.48840745203
18,"SSB",1973,888.91917105804
18,"SSB",1974,705.170740960642
18,"SSB",1975,778.527540342082
18,"SSB",1976,907.162808594864
18,"SSB",1977,1177.0933509469
18,"SSB",1978,982.190458591228
18,"SSB",1979,881.533941023071
18,"SSB",1980,1074.5703742354
18,"SSB",1981,1599.00007027003
18,"SSB",1982,2166.45630911656
18,"SSB",1983,2907.7276124266
18,"SSB",1984,3108.01416702018
18,"SSB",1985,3630.03521249048
18,"SSB",1986,3553.79522718188
18,"SSB",1987,3624.43574932343
18,"SSB",1988,3506.53341618493
18,"SSB",1989,3071.9800283115
18,"SSB",1990,2597.13181258986
18,"SSB",1991,2100.35393279348
18,"SSB",1992,1988.64324732127
18,"SSB",1993,2646.34944299213
18,"SSB",1994,3056.13222290287
18,"SSB",1995,3249.5242444632
18,"SSB",1996,3164.20380537134
18,"SSB",1997,3043.85994365773
18,"SSB",1998,2576.74380398693
18,"SSB",1999,2717.7928153958
18,"SSB",2000,2645.20389394191
18,"SSB",2001,2705.49727618962
18,"SSB",2002,2512.42076334477
18,"SSB",2003,2524.8820951443
18,"SSB",2004,2780.51114140203
18,"SSB",2005,2416.24396734054
18,"SSB",2006,2191.63841315927
18,"SSB",2007,1798.79845889647
18,"SSB",2008,1366.3520140908
18,"SSB",2009,1438.64318773522
18,"SSB",2010,1477.34872657883
18,"SSB",2011,1833.83141656645
18,"SSB",2012,2229.71463823837
18,"SSB",2013,2589.36151645894
18,"SSB",2014,2588.985006192
18,"SSB",2015,2419.28490675168
18,"SSB",2016,2676.45145381636
18,"SSB",2017,3088.60144062721
18,"SSB",2018,2891.72328315107
18,"SSB",2019,2742.11469102025
18,"SSB",2020,2076.0612983188
18,"SSB",2021,2264.02627764707
18,"SSB",2022,3192.3319584277
18,"SSB",2023,3169.91841952842
18,"SSB",2024,3318.24617885686
18,"recruitment",1964,6725.74325343942
18,"recruitment",1965,16236.6268980776
18,"recruitment",1966,15351.9484153104
18,"recruitment",1967,22951.0922166539
18,"recruitment",1968,14205.8231112597
18,"recruitment",1969,29268.3658222533
18,"recruitment",1970,18549.9282248231
18,"recruitment",1971,19060.9799038206
18,"recruitment",1972,16572.694157846
18,"recruitment",1973,32230.7277714811
18,"recruitment",1974,23563.7686084585
18,"recruitment",1975,12127.9697532267
18,"recruitment",1976,11717.8449892623
18,"recruitment",1977,16418.3320343061
18,"recruitment",1978,23182.9518178166
18,"recruitment",1979,52362.7094224752
18,"recruitment",1980,26672.4677998815
18,"recruitment",1981,33946.2259506437
18,"recruitment",1982,21805.7426424849
18,"recruitment",1983,44328.9691187719
18,"recruitment",1984,14354.5520507518
18,"recruitment",1985,35111.6392028965
18,"recruitment",1986,13064.1868000334
18,"recruitment",1987,6685.26850795675
18,"recruitment",1988,5153.75150343929
18,"recruitment",1989,11365.2386933899
18,"recruitment",1990,49549.8198394459
18,"recruitment",1991,24689.2031911031
18,"recruitment",1992,20923.1257084276
18,"recruitment",1993,43625.8895809317
18,"recruitment",1994,14593.9917914405
18,"recruitment",1995,11255.360169356
18,"recruitment",1996,22503.1658147164
18,"recruitment",1997,29278.2727766098
18,"recruitment",1998,15684.9872983111
18,"recruitment",1999,15464.1822939101
18,"recruitment",2000,24911.4383894639
18,"recruitment",2001,33374.8653852109
18,"recruitment",2002,21553.0060223315
18,"recruitment",2003,13199.6901096638
18,"recruitment",2004,6584.29201434188
18,"recruitment",2005,4455.13130646781
18,"recruitment",2006,11464.6638769701
18,"recruitment",2007,24058.0570249091
18,"recruitment",2008,12016.4370897909
18,"recruitment",2009,46635.1233776475
18,"recruitment",2010,22048.9707090115
18,"recruitment",2011,13828.1830094355
18,"recruitment",2012,12287.4559597201
18,"recruitment",2013,43199.8576468339
18,"recruitment",2014,48092.7923708508
18,"recruitment",2015,18408.8682762367
18,"recruitment",2016,7268.64406238377
18,"recruitment",2017,7871.10091926495
18,"recruitment",2018,13779.0516918997
18,"recruitment",2019,81162.7263913127
18,"recruitment",2020,20008.9812199022
18,"recruitment",2021,14182.7979665399
18,"recruitment",2022,15671.8083718178
18,"recruitment",2023,18320.327303757
18,"recruitment",2024,19973.1490028369
19,"SSB",1964,436.580982936206
19,"SSB",1965,488.344114471493
19,"SSB",1966,570.313261521111
19,"SSB",1967,859.133521009543
19,"SSB",1968,1189.93599848455
19,"SSB",1969,1362.02409720806
19,"SSB",1970,1436.13100377488
19,"SSB",1971,1569.10200079426
19,"SSB",1972,1481.31353341824
19,"SSB",1973,1266.3528815783
19,"SSB",1974,924.733523988478
19,"SSB",1975,884.904410673058
19,"SSB",1976,920.266599793787
19,"SSB",1977,1097.42707771433
19,"SSB",1978,933.014346163911
19,"SSB",1979,862.997109765093
19,"SSB",1980,1055.49352230604
19,"SSB",1981,1626.46507398524
19,"SSB",1982,2222.25602892783
19,"SSB",1983,2942.6923938436
19,"SSB",1984,3035.62781692479
19,"SSB",1985,3584.22524217572
19,"SSB",1986,3559.64840610731
19,"SSB",1987,3625.71476751398
19,"SSB",1988,3464.62948828017
19,"SSB",1989,3035.6416427823
19,"SSB",1990,2613.79459327964
19,"SSB",1991,2122.80402317899
19,"SSB",1992,2018.68833679582
19,"SSB",1993,2676.77287883307
19,"SSB",1994,3066.47955056805
19,"SSB",1995,3233.89554191648
19,"SSB",1996,3158.95319028933
19,"SSB",1997,3009.12290404179
19,"SSB",1998,2527.4438953126
19,"SSB",1999,2637.89293861744
19,"SSB",2000,2538.05345595831
19,"SSB",2001,2607.30887299297
19,"SSB",2002,2420.88301481218
19,"SSB",2003,2505.99917307656
19,"SSB",2004,2873.13006904483
19,"SSB",2005,2543.40713300883
19,"SSB",2006,2293.22522324152
19,"SSB",2007,1843.85304589256
19,"SSB",2008,1397.40319864212
19,"SSB",2009,1463.7107604318
19,"SSB",2010,1503.7538326725
19,"SSB",2011,1839.69302409506
19,"SSB",2012,2260.8480699427
19,"SSB",2013,2631.92567087941
19,"SSB",2014,2629.46364421878
19,"SSB",2015,2484.10137537164
19,"SSB",2016,2771.37670707383
19,"SSB",2017,3231.67592372346
19,"SSB",2018,3033.68674865124
19,"SSB",2019,2918.76283604574
19,"SSB",2020,2213.79840836304
19,"SSB",2021,2463.36875838983
19,"SSB",2022,3440.27650867178
19,"SSB",2023,3397.49042333133
19,"SSB",2024,3495.7248335184
19,"recruitment",1964,6459.74085405767
19,"recruitment",1965,29562.1191453518
19,"recruitment",1966,12129.2334619387
19,"recruitment",1967,17139.6086339048
19,"recruitment",1968,24597.1624265182
19,"recruitment",1969,25236.4010972208
19,"recruitment",1970,23763.5422248943
19,"recruitment",1971,16598.8321529535
19,"recruitment",1972,7771.54134904732
19,"recruitment",1973,30848.0947491591
19,"recruitment",1974,19552.2555480416
19,"recruitment",1975,15398.1653432744
19,"recruitment",1976,12455.1888498743
19,"recruitment",1977,12921.5967068752
19,"recruitment",1978,25227.9761730748
19,"recruitment",1979,54259.5202412814
19,"recruitment",1980,23719.0071522673
19,"recruitment",1981,29731.8165029815
19,"recruitment",1982,18159.4907805589
19,"recruitment",1983,52774.359017486
19,"recruitment",1984,13271.8170913959
19,"recruitment",1985,33742.5434685416
19,"recruitment",1986,13190.1363358239
19,"recruitment",1987,7967.91538097409
19,"recruitment",1988,5496.19981052152
19,"recruitment",1989,10526.1390767131
19,"recruitment",1990,50561.0205396177
19,"recruitment",1991,24660.9751246376
19,"recruitment",1992,19731.8279592899
19,"recruitment",1993,44333.3369402428
19,"recruitment",1994,13192.0567225022
19,"recruitment",1995,9935.14155018399
19,"recruitment",1996,22172.3395463636
19,"recruitment",1997,28569.5940436156
19,"recruitment",1998,14000.730721457
19,"recruitment",1999,16071.3992192169
19,"recruitment",2000,23499.6517520332
19,"recruitment",2001,35595.9234091891
19,"recruitment",2002,23212.1778652107
19,"recruitment",2003,14185.6713952763
19,"recruitment",2004,6219.5363770911
19,"recruitment",2005,4230.37319240578
19,"recruitment",2006,11380.7972839108
19,"recruitment",2007,24762.2592680871
19,"recruitment",2008,12801.5166731403
19,"recruitment",2009,46835.9428765878
19,"recruitment",2010,23523.9401729807
19,"recruitment",2011,13971.7694113643
19,"recruitment",2012,13600.2114165936
19,"recruitment",2013,43497.9971914765
19,"recruitment",2014,49353.6933116575
19,"recruitment",2015,19853.0530505566
19,"recruitment",2016,7100.8661271607
19,"recruitment",2017,6964.35481803018
19,"recruitment",2018,14404.0620450245
19,"recruitment",2019,87807.0238597096
19,"recruitment",2020,18081.8626773953
19,"recruitment",2021,11099.8126171662
19,"recruitment",2022,14558.6092683431
19,"recruitment",2023,21708.8041679976
19,"recruitment",2024,21169.2058300387
20,"SSB",1964,551.271969033892
20,"SSB",1965,598.380863580005
20,"SSB",1966,667.312057218781
20,"SSB",1967,873.793034487594
20,"SSB",1968,1051.19133929001
20,"SSB",1969,1197.06660708117
20,"SSB",1970,1290.04272958497
20,"SSB",1971,1330.06840440864
20,"SSB",1972,1267.32929662426
20,"SSB",1973,1172.99288567067
20,"SSB",1974,894.081270711446
20,"SSB",1975,824.23179109633
20,"SSB",1976,878.826304763097
20,"SSB",1977,1150.26187915235
20,"SSB",1978,1075.67255452855
20,"SSB",1979,975.475625984615
20,"SSB",1980,1086.13549673351
20,"SSB",1981,1554.36979379306
20,"SSB",1982,2110.22473753214
20,"SSB",1983,2780.18621687781
20,"SSB",1984,2787.31177800432
20,"SSB",1985,3235.62340365432
20,"SSB",1986,3238.31120081637
20,"SSB",1987,3408.95838051731
20,"SSB",1988,3324.42712863195
20,"SSB",1989,2943.33641978341
20,"SSB",1990,2563.95860429105
20,"SSB",1991,2085.81760640009
20,"SSB",1992,1955.50061984317
20,"SSB",1993,2594.90093673825
20,"SSB",1994,3042.07529748579
20,"SSB",1995,3221.3784609462
20,"SSB",1996,3141.3719100266
20,"SSB",1997,3065.24296710721
20,"SSB",1998,2627.43376389915
20,"SSB",1999,2784.8009089249
20,"SSB",2000,2709.03219266967
20,"SSB",2001,2732.73329719191
20,"SSB",2002,2518.0864180688
20,"SSB",2003,2565.0088653029
20,"SSB",2004,2880.82962366338
20,"SSB",2005,2514.33787802445
20,"SSB",2006,2238.88114868572
20,"SSB",2007,1818.77505477458
20,"SSB",2008,1350.19709525628
20,"SSB",2009,1444.44324084512
20,"SSB",2010,1483.77311362034
20,"SSB",2011,1828.53971808734
20,"SSB",2012,2225.64624557326
20,"SSB",2013,2557.35246282176
20,"SSB",2014,2487.53920590415
20,"SSB",2015,2383.61111632637
20,"SSB",2016,2739.0284857856
20,"SSB",2017,3247.54237155134
20,"SSB",2018,3132.72669589144
20,"SSB",2019,2997.04078489839
20,"SSB",2020,2228.73001922626
20,"SSB",2021,2345.92398740049
20,"SSB",2022,3223.31688592115
20,"SSB",2023,3208.09458241641
20,"SSB",2024,3286.72792531181
20,"recruitment",1964,10262.3444650343
20,"recruitment",1965,20483.3239896962
20,"recruitment",1966,9525.3024908361
20,"recruitment",1967,23675.6211190942
20,"recruitment",1968,21296.6481829606
20,"recruitment",1969,20036.3890664794
20,"recruitment",1970,29680.4354096252
20,"recruitment",1971,15663.5716734168
20,"recruitment",1972,12514.7185265074
20,"recruitment",1973,26405.6414628362
20,"recruitment",1974,22599.8888286639
20,"recruitment",1975,19251.0285101075
20,"recruitment",1976,11446.4723279415
20,"recruitment",1977,12556.9461137549
20,"recruitment",1978,21130.2510629413
20,"recruitment",1979,52292.7473795956
20,"recruitment",1980,25242.4960947705
20,"recruitment",1981,24958.0976005753
20,"recruitment",1982,14771.7333427611
20,"recruitment",1983,49003.1387599303
20,"recruitment",1984,14677.8211316547
20,"recruitment",1985,36113.0429380364
20,"recruitment",1986,12692.1996600834
20,"recruitment",1987,7681.6767664978
20,"recruitment",1988,6461.66560308294
20,"recruitment",1989,11162.1679809408
20,"recruitment",1990,48006.5769311698
20,"recruitment",1991,26197.9413279034
20,"recruitment",1992,20295.0637188022
20,"recruitment",1993,43432.8947475305
20,"recruitment",1994,14516.496356882
20,"recruitment",1995,10851.7030831879
20,"recruitment",1996,22418.3399199316
20,"recruitment",1997,29993.7811504787
20,"recruitment",1998,15253.778493797
20,"recruitment",1999,14644.8468234676
20,"recruitment",2000,23488.2653381245
20,"recruitment",2001,34392.3122803429
20,"recruitment",2002,23524.7336635829
20,"recruitment",2003,13752.0519015767
20,"recruitment",2004,6740.76766800834
20,"recruitment",2005,4013.6717944038
20,"recruitment",2006,10997.9374837751
20,"recruitment",2007,24395.5308119819
20,"recruitment",2008,13442.2071586677
20,"recruitment",2009,46646.7188754145
20,"recruitment",2010,21615.5211919365
20,"recruitment",2011,12458.2721190079
20,"recruitment",2012,11446.7868275659
20,"recruitment",2013,46638.1162575473
20,"recruitment",2014,49361.8911281501
20,"recruitment",2015,21363.2843597637
20,"recruitment",2016,8207.60571225952
20,"recruitment",2017,7151.06572368974
20,"recruitment",2018,15676.9628291473
20,"recruitment",2019,74100.4237346722
20,"recruitment",2020,23714.2025869576
20,"recruitment",2021,13541.6483680731
20,"recruitment",2022,9187.60169596135
20,"recruitment",2023,16414.1158110743
20,"recruitment",2024,23138.1640882646
21,"SSB",1964,547.798777478806
21,"SSB",1965,539.338625035977
21,"SSB",1966,608.921592738995
21,"SSB",1967,760.828910671101
21,"SSB",1968,894.201535978483
21,"SSB",1969,1134.99813063121
21,"SSB",1970,1393.13987517241
21,"SSB",1971,1589.32315266207
21,"SSB",1972,1538.22457196736
21,"SSB",1973,1350.27395436642
21,"SSB",1974,1046.51305951623
21,"SSB",1975,1035.78867792576
21,"SSB",1976,930.461298437258
21,"SSB",1977,983.640575686843
21,"SSB",1978,801.893298414222
21,"SSB",1979,770.164939661425
21,"SSB",1980,1009.81534671065
21,"SSB",1981,1599.4845651414
21,"SSB",1982,2161.97830954185
21,"SSB",1983,2809.43512366507
21,"SSB",1984,2883.08863506408
21,"SSB",1985,3423.26494182434
21,"SSB",1986,3461.60961000124
21,"SSB",1987,3564.92737494328
21,"SSB",1988,3433.64446841926
21,"SSB",1989,3000.05655606893
21,"SSB",1990,2520.36285733074
21,"SSB",1991,2029.87724951375
21,"SSB",1992,1911.32502789105
21,"SSB",1993,2528.77073574116
21,"SSB",1994,2934.03926545436
21,"SSB",1995,3152.1491334682
21,"SSB",1996,3090.12297875459
21,"SSB",1997,3014.33026277318
21,"SSB",1998,2570.08135861991
21,"SSB",1999,2719.61869846165
21,"SSB",2000,2652.66099985538
21,"SSB",2001,2710.62774552292
21,"SSB",2002,2521.53414404329
21,"SSB",2003,2503.09956412391
21,"SSB",2004,2763.86145528256
21,"SSB",2005,2437.38631064249
21,"SSB",2006,2244.83109080141
21,"SSB",2007,1839.65230103945
21,"SSB",2008,1407.38153614824
21,"SSB",2009,1541.95955920682
21,"SSB",2010,1574.74676254863
21,"SSB",2011,1905.54221087442
21,"SSB",2012,2284.9218704048
21,"SSB",2013,2571.00539032353
21,"SSB",2014,2488.82928271694
21,"SSB",2015,2290.10973618971
21,"SSB",2016,2566.91894288222
21,"SSB",2017,3037.47749007053
21,"SSB",2018,2875.94147005934
21,"SSB",2019,2748.37983906226
21,"SSB",2020,2019.26143864367
21,"SSB",2021,2073.3286339578
21,"SSB",2022,2806.43351588103
21,"SSB",2023,2729.27630502732
21,"SSB",2024,2750.43424363144
21,"recruitment",1964,8417.07600781031
21,"recruitment",1965,15334.1936425318
21,"recruitment",1966,13189.8593690817
21,"recruitment",1967,28444.1034697943
21,"recruitment",1968,26680.7611758023
21,"recruitment",1969,26531.5726467389
21,"recruitment",1970,24227.2086509345
21,"recruitment",1971,14537.130536571
21,"recruitment",1972,15101.6681138121
21,"recruitment",1973,29709.4550114563
21,"recruitment",1974,11004.2262561222
21,"recruitment",1975,16118.0754027274
21,"recruitment",1976,11549.7940554471
21,"recruitment",1977,16006.9269501343
21,"recruitment",1978,23431.8789589178
21,"recruitment",1979,53998.9229268434
21,"recruitment",1980,24305.290552457
21,"recruitment",1981,25899.6042700649
21,"recruitment",1982,19161.941125409
21,"recruitment",1983,51245.2459222605
21,"recruitment",1984,14138.8961325559
21,"recruitment",1985,33057.1154799077
21,"recruitment",1986,12837.357671597
21,"recruitment",1987,6659.31366061959
21,"recruitment",1988,6126.50042611313
21,"recruitment",1989,10259.3690042791
21,"recruitment",1990,49622.1326684919
21,"recruitment",1991,25397.4785434261
21,"recruitment",1992,20754.2822814684
21,"recruitment",1993,43903.228274072
21,"recruitment",1994,15241.3069683005
21,"recruitment",1995,11107.3240583381
21,"recruitment",1996,22304.966704095
21,"recruitment",1997,30353.8716670905
21,"recruitment",1998,15051.0830645971
21,"recruitment",1999,15805.5886957194
21,"recruitment",2000,24054.8980521373
21,"recruitment",2001,32719.417366973
21,"recruitment",2002,22011.1694234213
21,"recruitment",2003,14477.0471658835
21,"recruitment",2004,6000.57288147971
21,"recruitment",2005,4948.64787268662
21,"recruitment",2006,11731.8190742336
21,"recruitment",2007,25500.9313846044
21,"recruitment",2008,11611.2397614037
21,"recruitment",2009,48070.1573021517
21,"recruitment",2010,21606.4575410727
21,"recruitment",2011,14451.5521702315
21,"recruitment",2012,10866.964341443
21,"recruitment",2013,42850.27781553
21,"recruitment",2014,48360.3210960963
21,"recruitment",2015,18490.8015020357
21,"recruitment",2016,6507.98373462303
21,"recruitment",2017,6635.98356645064
21,"recruitment",2018,12646.233052632
21,"recruitment",2019,68540.5375832753
21,"recruitment",2020,19951.4529945302
21,"recruitment",2021,11082.0731443095
21,"recruitment",2022,9517.10082012639
21,"recruitment",2023,16950.0776059332
21,"recruitment",2024,18440.915509461
22,"SSB",1964,552.198943840629
22,"SSB",1965,541.470255071799
22,"SSB",1966,545.625830734738
22,"SSB",1967,683.312226279352
22,"SSB",1968,879.836235964777
22,"SSB",1969,1045.29139670505
22,"SSB",1970,1120.88617436344
22,"SSB",1971,1283.10540269711
22,"SSB",1972,1317.7374779213
22,"SSB",1973,1155.6148264815
22,"SSB",1974,875.776449008261
22,"SSB",1975,847.391166600329
22,"SSB",1976,826.147966738603
22,"SSB",1977,1008.73750648516
22,"SSB",1978,928.227272604904
22,"SSB",1979,849.950800412616
22,"SSB",1980,964.033083871749
22,"SSB",1981,1436.42460445852
22,"SSB",1982,2011.00499361881
22,"SSB",1983,2731.71942073994
22,"SSB",1984,2825.2434299919
22,"SSB",1985,3314.26870971127
22,"SSB",1986,3336.62604830166
22,"SSB",1987,3502.57165926086
22,"SSB",1988,3426.77031848273
22,"SSB",1989,3047.89930647343
22,"SSB",1990,2626.4255051642
22,"SSB",1991,2118.51209903944
22,"SSB",1992,2019.66835987051
22,"SSB",1993,2632.94267315989
22,"SSB",1994,3037.55780601451
22,"SSB",1995,3210.37235008741
22,"SSB",1996,3124.14204640203
22,"SSB",1997,3002.76648738063
22,"SSB",1998,2516.78441247191
22,"SSB",1999,2607.35232726682
22,"SSB",2000,2519.3582034122
22,"SSB",2001,2582.84419106777
22,"SSB",2002,2406.17680209725
22,"SSB",2003,2442.38179142822
22,"SSB",2004,2763.60153175304
22,"SSB",2005,2507.22147554867
22,"SSB",2006,2356.2948877619
22,"SSB",2007,1903.87225026626
22,"SSB",2008,1406.29160729143
22,"SSB",2009,1480.40055562976
22,"SSB",2010,1492.35576975122
22,"SSB",2011,1804.73648975717
22,"SSB",2012,2188.66074577616
22,"SSB",2013,2527.6710054532
22,"SSB",2014,2503.18693404608
22,"SSB",2015,2318.78796950513
22,"SSB",2016,2570.06417909779
22,"SSB",2017,2981.61357340007
22,"SSB",2018,2839.99698349973
22,"SSB",2019,2723.81099017255
22,"SSB",2020,2055.33207755326
22,"SSB",2021,2227.0488103554
22,"SSB",2022,3092.18316183603
22,"SSB",2023,3038.82341566067
22,"SSB",2024,3118.68566677884
22,"recruitment",1964,6477.24034379281
22,"recruitment",1965,18739.1451418692
22,"recruitment",1966,14073.5659244914
22,"recruitment",1967,18210.6924908177
22,"recruitment",1968,20908.4243726107
22,"recruitment",1969,30348.8025365447
22,"recruitment",1970,23564.0289296798
22,"recruitment",1971,15293.5340992579
22,"recruitment",1972,13953.4693575023
22,"recruitment",1973,25280.7398034108
22,"recruitment",1974,19741.912870089
22,"recruitment",1975,15631.8598717458
22,"recruitment",1976,14906.4585968094
22,"recruitment",1977,11368.2044321921
22,"recruitment",1978,20763.5204289754
22,"recruitment",1979,50724.9075915682
22,"recruitment",1980,25086.6290675804
22,"recruitment",1981,28752.3679356852
22,"recruitment",1982,16442.1977526469
22,"recruitment",1983,50787.5404692018
22,"recruitment",1984,16271.8148938779
22,"recruitment",1985,34626.6163046791
22,"recruitment",1986,13946.7174072041
22,"recruitment",1987,7121.42953402377
22,"recruitment",1988,5079.27873759085
22,"recruitment",1989,10552.9641942404
22,"recruitment",1990,50103.3809614224
22,"recruitment",1991,26227.6561648073
22,"recruitment",1992,21895.1642904458
22,"recruitment",1993,42888.2729107954
22,"recruitment",1994,13952.7741585472
22,"recruitment",1995,9991.55314562054
22,"recruitment",1996,19554.8006767328
22,"recruitment",1997,30804.339078348
22,"recruitment",1998,13513.1441546782
22,"recruitment",1999,14159.4984790597
22,"recruitment",2000,23431.9186582139
22,"recruitment",2001,34977.4068258926
22,"recruitment",2002,23487.1881433588
22,"recruitment",2003,15119.999594688
22,"recruitment",2004,6247.37984705414
22,"recruitment",2005,3807.34437721649
22,"recruitment",2006,10381.4710520991
22,"recruitment",2007,25343.4554367052
22,"recruitment",2008,11382.9861291846
22,"recruitment",2009,46467.1677097785
22,"recruitment",2010,20970.1788239677
22,"recruitment",2011,14525.8622445529
22,"recruitment",2012,11907.702191942
22,"recruitment",2013,42237.3952321528
22,"recruitment",2014,47000.8941096907
22,"recruitment",2015,21151.2966937778
22,"recruitment",2016,6745.82100576259
22,"recruitment",2017,6957.38684448989
22,"recruitment",2018,13952.3434064106
22,"recruitment",2019,75543.8100843002
22,"recruitment",2020,20748.9683377302
22,"recruitment",2021,11912.0074976352
22,"recruitment",2022,12192.5398871051
22,"recruitment",2023,23068.2051243481
22,"recruitment",2024,14907.8449464902
23,"SSB",1964,508.072745218133
23,"SSB",1965,511.769704764664
23,"SSB",1966,547.617007023333
23,"SSB",1967,664.789980904956
23,"SSB",1968,775.191299053603
23,"SSB",1969,871.33821442195
23,"SSB",1970,959.933928477386
23,"SSB",1971,1104.45279040344
23,"SSB",1972,1076.55421766108
23,"SSB",1973,935.539385165324
23,"SSB",1974,708.484615042375
23,"SSB",1975,754.500042896565
23,"SSB",1976,773.275610959822
23,"SSB",1977,927.775691945429
23,"SSB",1978,864.149734424206
23,"SSB",1979,854.945109506654
23,"SSB",1980,1065.50147645067
23,"SSB",1981,1640.96593419433
23,"SSB",1982,2213.70759366407
23,"SSB",1983,2922.19952579378
23,"SSB",1984,2960.21166754292
23,"SSB",1985,3437.55363465891
23,"SSB",1986,3420.37866035098
23,"SSB",1987,3493.11256431389
23,"SSB",1988,3331.9252506506
23,"SSB",1989,2919.43165167346
23,"SSB",1990,2480.37692728392
23,"SSB",1991,2003.79127444721
23,"SSB",1992,1932.2003133052
23,"SSB",1993,2607.83371796661
23,"SSB",1994,3049.68889570982
23,"SSB",1995,3222.12199172101
23,"SSB",1996,3096.20244075572
23,"SSB",1997,2969.61185364119
23,"SSB",1998,2492.91638261404
23,"SSB",1999,2610.32331720198
23,"SSB",2000,2524.53793040801
23,"SSB",2001,2584.60960697312
23,"SSB",2002,2445.24753827343
23,"SSB",2003,2501.50852567407
23,"SSB",2004,2797.67551107788
23,"SSB",2005,2490.02840431545
23,"SSB",2006,2270.54681664722
23,"SSB",2007,1826.97332904433
23,"SSB",2008,1365.0838346424
23,"SSB",2009,1431.60333561615
23,"SSB",2010,1470.77622308732
23,"SSB",2011,1813.1341985639
23,"SSB",2012,2189.97988890807
23,"SSB",2013,2479.81361296991
23,"SSB",2014,2407.40467295071
23,"SSB",2015,2264.34502232249
23,"SSB",2016,2569.90011467217
23,"SSB",2017,3014.73165657127
23,"SSB",2018,2897.83653395769
23,"SSB",2019,2799.96355868486
23,"SSB",2020,2191.04210681397
23,"SSB",2021,2384.43094622365
23,"SSB",2022,3238.61613495127
23,"SSB",2023,3174.47344778441
23,"SSB",2024,3311.36743611327
23,"recruitment",1964,7114.18110387653
23,"recruitment",1965,16019.6433264377
23,"recruitment",1966,13003.2328135602
23,"recruitment",1967,17087.3847998051
23,"recruitment",1968,24338.9872670392
23,"recruitment",1969,28025.7690993298
23,"recruitment",1970,23827.0412703953
23,"recruitment",1971,20378.1590893621
23,"recruitment",1972,11375.8501157598
23,"recruitment",1973,31480.7325562336
23,"recruitment",1974,13790.1726605053
23,"recruitment",1975,18596.711588571
23,"recruitment",1976,13756.7150369379
23,"recruitment",1977,13993.2106937644
23,"recruitment",1978,25742.617154118
23,"recruitment",1979,52647.8656669113
23,"recruitment",1980,24635.9532378302
23,"recruitment",1981,30457.1786786427
23,"recruitment",1982,16574.6799398811
23,"recruitment",1983,49738.4114710034
23,"recruitment",1984,13132.2066238029
23,"recruitment",1985,30764.6327649681
23,"recruitment",1986,13447.1625915887
23,"recruitment",1987,7805.2635270247
23,"recruitment",1988,6165.04908153233
23,"recruitment",1989,9645.74766280996
23,"recruitment",1990,49148.5926777019
23,"recruitment",1991,27429.4924067799
23,"recruitment",1992,21583.006703156
23,"recruitment",1993,41625.5061019705
23,"recruitment",1994,13455.4345547245
23,"recruitment",1995,11052.4726493005
23,"recruitment",1996,22007.6977339173
23,"recruitment",1997,29955.9252756787
23,"recruitment",1998,14540.2154592865
23,"recruitment",1999,16485.2035287494
23,"recruitment",2000,24320.6058450553
23,"recruitment",2001,34769.8837858299
23,"recruitment",2002,22569.5819770616
23,"recruitment",2003,13352.6363392246
23,"recruitment",2004,6452.01351366044
23,"recruitment",2005,3796.13333740659
23,"recruitment",2006,10802.9793093501
23,"recruitment",2007,24478.9773680938
23,"recruitment",2008,12468.2003225112
23,"recruitment",2009,45937.7901422653
23,"recruitment",2010,20989.529911379
23,"recruitment",2011,13342.2729553778
23,"recruitment",2012,10843.5509607425
23,"recruitment",2013,41751.2542033276
23,"recruitment",2014,49216.3608990691
23,"recruitment",2015,19383.545109538
23,"recruitment",2016,7322.92291744492
23,"recruitment",2017,8237.36045012637
23,"recruitment",2018,19426.2448085574
23,"recruitment",2019,73599.1724889097
23,"recruitment",2020,19472.1111753644
23,"recruitment",2021,14572.0231715511
23,"recruitment",2022,11847.0464180824
23,"recruitment",2023,20471.5521661504
23,"recruitment",2024,14654.8379545956
24,"SSB",1964,506.071029851259
24,"SSB",1965,537.601304268991
24,"SSB",1966,607.874037749857
24,"SSB",1967,751.525077165271
24,"SSB",1968,962.160986209036
24,"SSB",1969,1255.71157741836
24,"SSB",1970,1345.24162578299
24,"SSB",1971,1375.65869391167
24,"SSB",1972,1264.08935970975
24,"SSB",1973,980.729880683871
24,"SSB",1974,703.979545676121
24,"SSB",1975,797.596778814202
24,"SSB",1976,881.597135981036
24,"SSB",1977,1061.60539424331
24,"SSB",1978,923.069985653889
24,"SSB",1979,841.113247430733
24,"SSB",1980,961.698026761226
24,"SSB",1981,1492.72640641668
24,"SSB",1982,2095.22269730008
24,"SSB",1983,2862.46316701504
24,"SSB",1984,3024.94851397013
24,"SSB",1985,3535.01525253772
24,"SSB",1986,3444.82494069406
24,"SSB",1987,3518.27304164248
24,"SSB",1988,3380.55800519701
24,"SSB",1989,2980.00125402539
24,"SSB",1990,2559.30728255175
24,"SSB",1991,2099.47624487454
24,"SSB",1992,1985.44127168026
24,"SSB",1993,2612.53347852453
24,"SSB",1994,3054.03330482221
24,"SSB",1995,3234.97840919543
24,"SSB",1996,3149.35001567012
24,"SSB",1997,3043.28188087319
24,"SSB",1998,2581.46278603888
24,"SSB",1999,2728.70881867413
24,"SSB",2000,2654.40822678962
24,"SSB",2001,2655.88777651592
24,"SSB",2002,2421.37789946972
24,"SSB",2003,2459.88323815136
24,"SSB",2004,2762.06680485293
24,"SSB",2005,2418.73609384271
24,"SSB",2006,2173.48920569353
24,"SSB",2007,1729.54539340662
24,"SSB",2008,1295.33799718293
24,"SSB",2009,1419.34039434868
24,"SSB",2010,1481.65371800761
24,"SSB",2011,1857.05635166169
24,"SSB",2012,2262.18534164674
24,"SSB",2013,2579.18700327415
24,"SSB",2014,2486.15877874146
24,"SSB",2015,2335.93018473611
24,"SSB",2016,2642.07552942555
24,"SSB",2017,3059.54991294115
24,"SSB",2018,2896.64464858678
24,"SSB",2019,2776.46453652495
24,"SSB",2020,2116.40323357584
24,"SSB",2021,2181.51884480527
24,"SSB",2022,2919.08428518974
24,"SSB",2023,2850.94116672153
24,"SSB",2024,2908.72353821353
24,"recruitment",1964,7845.2238677005
24,"recruitment",1965,15639.4133909137
24,"recruitment",1966,18728.4497621185
24,"recruitment",1967,27029.5648778288
24,"recruitment",1968,11082.4832945421
24,"recruitment",1969,27222.4611453289
24,"recruitment",1970,20513.492204684
24,"recruitment",1971,13013.2671497924
24,"recruitment",1972,17119.1801897586
24,"recruitment",1973,32002.9602883204
24,"recruitment",1974,17615.6840754656
24,"recruitment",1975,12006.3828459696
24,"recruitment",1976,14300.8301558733
24,"recruitment",1977,10133.8972490059
24,"recruitment",1978,24050.529631956
24,"recruitment",1979,56656.7408948864
24,"recruitment",1980,24700.9513948271
24,"recruitment",1981,32809.282336889
24,"recruitment",1982,18006.5997037818
24,"recruitment",1983,47097.1226702162
24,"recruitment",1984,12031.1605372878
24,"recruitment",1985,33452.6425934002
24,"recruitment",1986,12842.5261163131
24,"recruitment",1987,7046.74542990989
24,"recruitment",1988,5813.97589494771
24,"recruitment",1989,12076.6958143093
24,"recruitment",1990,46128.0796888528
24,"recruitment",1991,27504.2787247821
24,"recruitment",1992,20776.3648753814
24,"recruitment",1993,43953.3756996123
24,"recruitment",1994,14079.2973002864
24,"recruitment",1995,10149.8208340458
24,"recruitment",1996,22545.1212799553
24,"recruitment",1997,30363.2595690018
24,"recruitment",1998,14096.9761903954
24,"recruitment",1999,14017.2503097916
24,"recruitment",2000,23233.7757154756
24,"recruitment",2001,32838.6748621718
24,"recruitment",2002,20652.8593990387
24,"recruitment",2003,13330.486834466
24,"recruitment",2004,6006.86897483563
24,"recruitment",2005,4717.40401296113
24,"recruitment",2006,11124.5589567327
24,"recruitment",2007,25507.7813572727
24,"recruitment",2008,12737.2600173065
24,"recruitment",2009,48674.8334100736
24,"recruitment",2010,21531.0116720806
24,"recruitment",2011,13186.4018266291
24,"recruitment",2012,10094.8076339442
24,"recruitment",2013,43584.4631277395
24,"recruitment",2014,49618.7527406996
24,"recruitment",2015,18693.0459416239
24,"recruitment",2016,7677.5249574271
24,"recruitment",2017,6714.09342439452
24,"recruitment",2018,16657.4122005632
24,"recruitment",2019,69332.0601945951
24,"recruitment",2020,18346.420926026
24,"recruitment",2021,14803.8485362703
24,"recruitment",2022,9458.41286298733
24,"recruitment",2023,15161.4846636319
24,"recruitment",2024,13027.9559808541
25,"SSB",1964,537.745293691666
25,"SSB",1965,637.990884540887
25,"SSB",1966,759.932056549735
25,"SSB",1967,989.165252581468
25,"SSB",1968,1212.39168740192
25,"SSB",1969,1412.04979926723
25,"SSB",1970,1517.43697390258
25,"SSB",1971,1539.13052483361
25,"SSB",1972,1358.62056574389
25,"SSB",1973,1081.98768517423
25,"SSB",1974,784.775095644884
25,"SSB",1975,766.751546995895
25,"SSB",1976,769.069546922998
25,"SSB",1977,873.042303999269
25,"SSB",1978,711.299110829395
25,"SSB",1979,656.454285430702
25,"SSB",1980,866.07104569081
25,"SSB",1981,1502.08312511307
25,"SSB",1982,2208.62271621829
25,"SSB",1983,3072.69311132924
25,"SSB",1984,3215.13622978265
25,"SSB",1985,3705.64498872262
25,"SSB",1986,3634.95635074183
25,"SSB",1987,3668.45383206399
25,"SSB",1988,3460.79812420081
25,"SSB",1989,2994.0966736556
25,"SSB",1990,2560.12588664673
25,"SSB",1991,2061.39829568017
25,"SSB",1992,1926.60091555852
25,"SSB",1993,2492.64121278029
25,"SSB",1994,2920.95044592503
25,"SSB",1995,3134.68986250603
25,"SSB",1996,3015.21339927502
25,"SSB",1997,2893.02505993539
25,"SSB",1998,2467.17066206903
25,"SSB",1999,2637.97567545937
25,"SSB",2000,2595.92426998003
25,"SSB",2001,2735.16682421433
25,"SSB",2002,2630.27704290297
25,"SSB",2003,2667.2276530965
25,"SSB",2004,2867.61617553478
25,"SSB",2005,2470.70655739406
25,"SSB",2006,2217.46397223034
25,"SSB",2007,1807.42466245148
25,"SSB",2008,1391.37116021587
25,"SSB",2009,1471.57995241632
25,"SSB",2010,1495.58202313891
25,"SSB",2011,1842.47255624502
25,"SSB",2012,2292.15728558577
25,"SSB",2013,2649.65099850113
25,"SSB",2014,2617.38822891682
25,"SSB",2015,2425.67760008213
25,"SSB",2016,2674.28083061522
25,"SSB",2017,3150.49330654743
25,"SSB",2018,3032.95447209282
25,"SSB",2019,2963.72903033677
25,"SSB",2020,2272.41458495446
25,"SSB",2021,2392.99764979244
25,"SSB",2022,3156.24399661727
25,"SSB",2023,2989.58811433399
25,"SSB",2024,3018.64690384099
25,"recruitment",1964,7977.99367692411
25,"recruitment",1965,23413.1584620275
25,"recruitment",1966,12983.9205893457
25,"recruitment",1967,21836.3686584828
25,"recruitment",1968,23534.2704989768
25,"recruitment",1969,15517.5450564423
25,"recruitment",1970,23080.9457157073
25,"recruitment",1971,15947.1450471396
25,"recruitment",1972,14272.9513604031
25,"recruitment",1973,30116.6003713012
25,"recruitment",1974,14624.1262426484
25,"recruitment",1975,14412.9392577304
25,"recruitment",1976,10780.9292257243
25,"recruitment",1977,16608.5509398685
25,"recruitment",1978,23424.8006161057
25,"recruitment",1979,57696.7615034607
25,"recruitment",1980,30042.9359309448
25,"recruitment",1981,30829.7768990473
25,"recruitment",1982,17747.1498007094
25,"recruitment",1983,48659.8163246678
25,"recruitment",1984,13076.8647436898
25,"recruitment",1985,31654.2441026806
25,"recruitment",1986,13087.4847056555
25,"recruitment",1987,7957.86684819327
25,"recruitment",1988,5776.5033995553
25,"recruitment",1989,11114.2057821683
25,"recruitment",1990,46800.8448080367
25,"recruitment",1991,25215.840742809
25,"recruitment",1992,21940.2997345312
25,"recruitment",1993,41660.2352763207
25,"recruitment",1994,12571.3032378559
25,"recruitment",1995,10397.2081620256
25,"recruitment",1996,22367.6849335928
25,"recruitment",1997,31845.9255369333
25,"recruitment",1998,15124.082324409
25,"recruitment",1999,17829.7579708985
25,"recruitment",2000,23907.0473166787
25,"recruitment",2001,32550.365505494
25,"recruitment",2002,20834.6809634717
25,"recruitment",2003,13916.4984497361
25,"recruitment",2004,6725.68240586608
25,"recruitment",2005,4682.49376608997
25,"recruitment",2006,10870.3178698202
25,"recruitment",2007,25189.9201104609
25,"recruitment",2008,11573.72364411
25,"recruitment",2009,49133.2018060522
25,"recruitment",2010,21745.5019087481
25,"recruitment",2011,15062.7846868677
25,"recruitment",2012,12978.3100240669
25,"recruitment",2013,42506.8398570139
25,"recruitment",2014,48988.604741698
25,"recruitment",2015,21935.5958790299
25,"recruitment",2016,8129.66566405335
25,"recruitment",2017,7195.98182564292
25,"recruitment",2018,16386.3036426318
25,"recruitment",2019,74756.1683747456
25,"recruitment",2020,18438.7757075052
25,"recruitment",2021,11375.5472460859
25,"recruitment",2022,15632.842378153
25,"recruitment",2023,20168.5947382191
25,"recruitment",2024,22332.1530659761
26,"SSB",1964,607.200119427914
26,"SSB",1965,621.097766466069
26,"SSB",1966,673.642666230384
26,"SSB",1967,855.525906854777
26,"SSB",1968,1057.95934739682
26,"SSB",1969,1244.45636649248
26,"SSB",1970,1374.46288679596
26,"SSB",1971,1538.02743215281
26,"SSB",1972,1419.78023776625
26,"SSB",1973,1280.71801691871
26,"SSB",1974,1043.55492517848
26,"SSB",1975,1021.40066971179
26,"SSB",1976,965.045103346431
26,"SSB",1977,1125.15283166245
26,"SSB",1978,999.22008903231
26,"SSB",1979,891.003897912611
26,"SSB",1980,974.207933087026
26,"SSB",1981,1423.91016321179
26,"SSB",1982,1937.7898098024
26,"SSB",1983,2704.07232678808
26,"SSB",1984,2904.9073333442
26,"SSB",1985,3440.02466543415
26,"SSB",1986,3395.84661546951
26,"SSB",1987,3519.50675518133
26,"SSB",1988,3443.28153990144
26,"SSB",1989,3063.39569067722
26,"SSB",1990,2609.17116028671
26,"SSB",1991,2076.15204906169
26,"SSB",1992,2000.18762650353
26,"SSB",1993,2648.87212809979
26,"SSB",1994,3016.09426722078
26,"SSB",1995,3142.7535224726
26,"SSB",1996,3031.88441335993
26,"SSB",1997,2887.4085688747
26,"SSB",1998,2423.60261997366
26,"SSB",1999,2534.00316748802
26,"SSB",2000,2463.44638243566
26,"SSB",2001,2530.60272951378
26,"SSB",2002,2380.40821769622
26,"SSB",2003,2452.5683985477
26,"SSB",2004,2755.79089249693
26,"SSB",2005,2439.13201996498
26,"SSB",2006,2190.09003095437
26,"SSB",2007,1783.59931996834
26,"SSB",2008,1368.40228345871
26,"SSB",2009,1482.7515639419
26,"SSB",2010,1512.78378818131
26,"SSB",2011,1850.74117199553
26,"SSB",2012,2250.79847707606
26,"SSB",2013,2569.60817391835
26,"SSB",2014,2522.42729524917
26,"SSB",2015,2369.40036027484
26,"SSB",2016,2645.43747678497
26,"SSB",2017,3123.03860545319
26,"SSB",2018,2994.97887095262
26,"SSB",2019,2867.77167949605
26,"SSB",2020,2164.31421595248
26,"SSB",2021,2346.52045837219
26,"SSB",2022,3316.74214828218
26,"SSB",2023,3327.45047756692
26,"SSB",2024,3395.23379506974
26,"recruitment",1964,5584.61701602347
26,"recruitment",1965,24042.9611788241
26,"recruitment",1966,11953.533642411
26,"recruitment",1967,21891.4200471328
26,"recruitment",1968,24547.0320847258
26,"recruitment",1969,28382.6223398846
26,"recruitment",1970,19326.3581809558
26,"recruitment",1971,22726.271249737
26,"recruitment",1972,7293.47714108221
26,"recruitment",1973,28518.5294230724
26,"recruitment",1974,17953.7811490017
26,"recruitment",1975,15297.4134708225
26,"recruitment",1976,16088.5130363251
26,"recruitment",1977,11622.0617134544
26,"recruitment",1978,22432.3967459694
26,"recruitment",1979,49348.5048817801
26,"recruitment",1980,26410.4114529027
26,"recruitment",1981,34200.0928300491
26,"recruitment",1982,16670.7656737705
26,"recruitment",1983,49923.0478974554
26,"recruitment",1984,11325.8390904383
26,"recruitment",1985,37991.1934544001
26,"recruitment",1986,12766.9087053344
26,"recruitment",1987,8336.70062817806
26,"recruitment",1988,5909.74149249843
26,"recruitment",1989,9722.65216182006
26,"recruitment",1990,47932.3512420771
26,"recruitment",1991,25723.9638602492
26,"recruitment",1992,19802.6326864493
26,"recruitment",1993,41707.0328154938
26,"recruitment",1994,13605.1277601165
26,"recruitment",1995,9542.39768065884
26,"recruitment",1996,20192.4166240781
26,"recruitment",1997,27884.8445018818
26,"recruitment",1998,15107.242203268
26,"recruitment",1999,14688.4728759099
26,"recruitment",2000,23372.2147980649
26,"recruitment",2001,33860.9688550573
26,"recruitment",2002,23410.5777402606
26,"recruitment",2003,14619.2124608486
26,"recruitment",2004,5993.20090184904
26,"recruitment",2005,4759.72037916376
26,"recruitment",2006,10794.833226348
26,"recruitment",2007,25008.605144095
26,"recruitment",2008,11243.3517168404
26,"recruitment",2009,48236.3432623756
26,"recruitment",2010,20327.9074568759
26,"recruitment",2011,14524.2039788712
26,"recruitment",2012,11008.5741757432
26,"recruitment",2013,44049.4186330748
26,"recruitment",2014,48507.9099726977
26,"recruitment",2015,20170.1753351772
26,"recruitment",2016,6811.10931936134
26,"recruitment",2017,7319.08742977335
26,"recruitment",2018,15927.4663268425
26,"recruitment",2019,81500.9830615342
26,"recruitment",2020,22511.9540879742
26,"recruitment",2021,14028.8663446418
26,"recruitment",2022,8361.04718446936
26,"recruitment",2023,15654.9087099364
26,"recruitment",2024,23534.9358630398
27,"SSB",1964,464.719851261983
27,"SSB",1965,499.877489603574
27,"SSB",1966,544.079561449159
27,"SSB",1967,686.387751206149
27,"SSB",1968,865.221069771779
27,"SSB",1969,1059.50389715013
27,"SSB",1970,1098.21106345026
27,"SSB",1971,1096.00739342861
27,"SSB",1972,1004.05215716185
27,"SSB",1973,889.657313835376
27,"SSB",1974,716.114918435359
27,"SSB",1975,754.606092323491
27,"SSB",1976,733.118690117782
27,"SSB",1977,894.999609315962
27,"SSB",1978,873.644015842566
27,"SSB",1979,816.854422379609
27,"SSB",1980,960.257638983045
27,"SSB",1981,1483.46751351068
27,"SSB",1982,2022.24927786298
27,"SSB",1983,2695.21963861965
27,"SSB",1984,2858.34560605484
27,"SSB",1985,3508.18787991875
27,"SSB",1986,3562.75080122687
27,"SSB",1987,3701.74451787834
27,"SSB",1988,3610.54728298997
27,"SSB",1989,3186.57417124962
27,"SSB",1990,2717.13608726145
27,"SSB",1991,2158.50768209465
27,"SSB",1992,2047.95919894561
27,"SSB",1993,2699.39705179037
27,"SSB",1994,3056.93937298704
27,"SSB",1995,3160.88053273732
27,"SSB",1996,3032.88702063803
27,"SSB",1997,2939.64524553779
27,"SSB",1998,2516.32023620545
27,"SSB",1999,2690.41000227114
27,"SSB",2000,2609.67075014814
27,"SSB",2001,2662.35969378182
27,"SSB",2002,2466.96859950218
27,"SSB",2003,2536.98196351834
27,"SSB",2004,2834.71273325075
27,"SSB",2005,2494.22634857064
27,"SSB",2006,2285.79333115981
27,"SSB",2007,1847.11689831324
27,"SSB",2008,1411.45361989799
27,"SSB",2009,1500.23290080922
27,"SSB",2010,1553.41096718246
27,"SSB",2011,1908.3685455464
27,"SSB",2012,2309.91202617382
27,"SSB",2013,2604.63189366162
27,"SSB",2014,2576.74360749886
27,"SSB",2015,2429.22611800017
27,"SSB",2016,2705.73425262885
27,"SSB",2017,3084.05405113166
27,"SSB",2018,2847.48785749139
27,"SSB",2019,2681.27771225776
27,"SSB",2020,2008.78286129788
27,"SSB",2021,2197.15122834547
27,"SSB",2022,2979.74941780138
27,"SSB",2023,2889.46016214548
27,"SSB",2024,2910.32824481005
27,"recruitment",1964,6297.95470547988
27,"recruitment",1965,17452.9162013735
27,"recruitment",1966,14310.7369604678
27,"recruitment",1967,21172.5944008647
27,"recruitment",1968,14850.1340015007
27,"recruitment",1969,21853.013818178
27,"recruitment",1970,23458.8992383784
27,"recruitment",1971,18215.0797709372
27,"recruitment",1972,15728.2675671626
27,"recruitment",1973,27644.1599131329
27,"recruitment",1974,11960.9323176137
27,"recruitment",1975,21958.7000576705
27,"recruitment",1976,12678.644138907
27,"recruitment",1977,11311.1423122544
27,"recruitment",1978,25007.2204434673
27,"recruitment",1979,49041.8432030387
27,"recruitment",1980,24563.8217748543
27,"recruitment",1981,29188.9809009834
27,"recruitment",1982,21954.8228851817
27,"recruitment",1983,53597.5648870777
27,"recruitment",1984,13574.6070870303
27,"recruitment",1985,36321.3072185787
27,"recruitment",1986,13653.4545260969
27,"recruitment",1987,6579.11306192196
27,"recruitment",1988,4865.49827184406
27,"recruitment",1989,9497.33032859387
27,"recruitment",1990,51661.0716193936
27,"recruitment",1991,24751.8557968579
27,"recruitment",1992,20998.6375867733
27,"recruitment",1993,42224.7745340335
27,"recruitment",1994,15637.2278890385
27,"recruitment",1995,10027.9101368233
27,"recruitment",1996,23092.3335325537
27,"recruitment",1997,28906.1505082636
27,"recruitment",1998,13461.7352021138
27,"recruitment",1999,15298.3546723355
27,"recruitment",2000,25224.9540095398
27,"recruitment",2001,34002.6785061701
27,"recruitment",2002,22980.2878456387
27,"recruitment",2003,15316.7778642419
27,"recruitment",2004,6233.30592591424
27,"recruitment",2005,4728.26458301748
27,"recruitment",2006,10532.598170664
27,"recruitment",2007,24689.0555313075
27,"recruitment",2008,12852.3344526191
27,"recruitment",2009,48901.183258627
27,"recruitment",2010,21575.7883019273
27,"recruitment",2011,15041.7441007963
27,"recruitment",2012,12453.4889038092
27,"recruitment",2013,43004.43440784
27,"recruitment",2014,45983.8693614852
27,"recruitment",2015,17737.1667285183
27,"recruitment",2016,6972.339682743
27,"recruitment",2017,7970.24745312454
27,"recruitment",2018,14192.1100578642
27,"recruitment",2019,72999.8731907089
27,"recruitment",2020,18113.2921107861
27,"recruitment",2021,11715.2441899001
27,"recruitment",2022,11817.8244153154
27,"recruitment",2023,15928.3410644174
27,"recruitment",2024,21266.9799599406
28,"SSB",1964,629.64923917757
28,"SSB",1965,634.40533823286
28,"SSB",1966,682.605240268591
28,"SSB",1967,837.889473545557
28,"SSB",1968,1039.7276087515
28,"SSB",1969,1300.81498056416
28,"SSB",1970,1370.8141137413
28,"SSB",1971,1335.70407091542
28,"SSB",1972,1274.37721071918
28,"SSB",1973,1162.99726899505
28,"SSB",1974,904.911264856006
28,"SSB",1975,848.751145176831
28,"SSB",1976,810.157491628341
28,"SSB",1977,876.218826392929
28,"SSB",1978,735.295756673334
28,"SSB",1979,711.002936201159
28,"SSB",1980,925.908099014332
28,"SSB",1981,1589.2774054199
28,"SSB",1982,2272.09504590299
28,"SSB",1983,3063.53240384428
28,"SSB",1984,3203.4423928242
28,"SSB",1985,3693.28544414865
28,"SSB",1986,3621.04752926642
28,"SSB",1987,3721.87357053014
28,"SSB",1988,3594.387153798
28,"SSB",1989,3129.52583387349
28,"SSB",1990,2663.5574891719
28,"SSB",1991,2131.64928580872
28,"SSB",1992,2019.12277952651
28,"SSB",1993,2606.73254123906
28,"SSB",1994,3027.73555855294
28,"SSB",1995,3257.3161384155
28,"SSB",1996,3243.0660589949
28,"SSB",1997,3109.77927668026
28,"SSB",1998,2597.28390883525
28,"SSB",1999,2716.38679843147
28,"SSB",2000,2613.23758562344
28,"SSB",2001,2629.86845713175
28,"SSB",2002,2429.33077659586
28,"SSB",2003,2458.5270655697
28,"SSB",2004,2805.86917185983
28,"SSB",2005,2504.1702174204
28,"SSB",2006,2296.08636552503
28,"SSB",2007,1884.98133396401
28,"SSB",2008,1423.65367590573
28,"SSB",2009,1522.90601364477
28,"SSB",2010,1546.56750056045
28,"SSB",2011,1837.16809215764
28,"SSB",2012,2210.48488952983
28,"SSB",2013,2537.20740077891
28,"SSB",2014,2506.258436678
28,"SSB",2015,2337.94477547691
28,"SSB",2016,2605.93138620662
28,"SSB",2017,3051.62803749605
28,"SSB",2018,2900.5423035619
28,"SSB",2019,2803.89321659435
28,"SSB",2020,2128.04237750233
28,"SSB",2021,2372.10333086009
28,"SSB",2022,3362.94708047819
28,"SSB",2023,3365.0421324485
28,"SSB",2024,3483.51069642098
28,"recruitment",1964,5228.2387026243
28,"recruitment",1965,21172.1394218661
28,"recruitment",1966,13636.4694653794
28,"recruitment",1967,28320.3848716286
28,"recruitment",1968,11449.6313498896
28,"recruitment",1969,22267.7778119992
28,"recruitment",1970,30750.6289900797
28,"recruitment",1971,14235.0494343788
28,"recruitment",1972,12743.2290916408
28,"recruitment",1973,23826.0812804483
28,"recruitment",1974,16945.9806811695
28,"recruitment",1975,12446.406287459
28,"recruitment",1976,13916.5559864401
28,"recruitment",1977,16348.0175356097
28,"recruitment",1978,24419.5199414165
28,"recruitment",1979,61317.9317126714
28,"recruitment",1980,25743.9443013094
28,"recruitment",1981,29858.4998653613
28,"recruitment",1982,18923.4964697854
28,"recruitment",1983,49731.70844513
28,"recruitment",1984,14834.575206645
28,"recruitment",1985,34787.513981352
28,"recruitment",1986,14787.3171669055
28,"recruitment",1987,7798.49279045263
28,"recruitment",1988,5951.95388654729
28,"recruitment",1989,9921.45788200049
28,"recruitment",1990,48812.7351571087
28,"recruitment",1991,25275.8529619892
28,"recruitment",1992,23646.8215708107
28,"recruitment",1993,44978.7075468967
28,"recruitment",1994,14292.9139462101
28,"recruitment",1995,9690.95686685871
28,"recruitment",1996,21186.5784781626
28,"recruitment",1997,29917.3583197828
28,"recruitment",1998,13721.437126607
28,"recruitment",1999,14301.6313495681
28,"recruitment",2000,22620.9945046533
28,"recruitment",2001,35575.8379118756
28,"recruitment",2002,23582.400209713
28,"recruitment",2003,13436.0420341457
28,"recruitment",2004,6067.95286903467
28,"recruitment",2005,4609.09318457601
28,"recruitment",2006,11538.5925506738
28,"recruitment",2007,24598.5798968097
28,"recruitment",2008,11408.5828369018
28,"recruitment",2009,47120.9932266776
28,"recruitment",2010,22637.7013060414
28,"recruitment",2011,14327.9583408917
28,"recruitment",2012,12443.2634857605
28,"recruitment",2013,40598.6461760532
28,"recruitment",2014,47694.5781676331
28,"recruitment",2015,20097.2047058336
28,"recruitment",2016,8243.45605947652
28,"recruitment",2017,6982.24310277649
28,"recruitment",2018,14028.517514412
28,"recruitment",2019,84021.1618294914
28,"recruitment",2020,21210.707804272
28,"recruitment",2021,13373.2218139323
28,"recruitment",2022,10476.1470448696
28,"recruitment",2023,23847.5027978298
28,"recruitment",2024,7493.28439164359
29,"SSB",1964,540.818093624392
29,"SSB",1965,546.619327646491
29,"SSB",1966,553.569528042863
29,"SSB",1967,734.560888561411
29,"SSB",1968,993.095240538542
29,"SSB",1969,1149.60497462086
29,"SSB",1970,1159.27880258196
29,"SSB",1971,1280.57664866914
29,"SSB",1972,1300.27814468454
29,"SSB",1973,1148.72569074031
29,"SSB",1974,858.713109904159
29,"SSB",1975,930.532450196593
29,"SSB",1976,1006.31273930633
29,"SSB",1977,1250.19881542513
29,"SSB",1978,1094.34799457907
29,"SSB",1979,998.99090168215
29,"SSB",1980,1149.66663312911
29,"SSB",1981,1608.38566065533
29,"SSB",1982,2089.28855619952
29,"SSB",1983,2733.69784187603
29,"SSB",1984,2770.52633635209
29,"SSB",1985,3180.23334130418
29,"SSB",1986,3157.81647746208
29,"SSB",1987,3352.92890520778
29,"SSB",1988,3325.36867693015
29,"SSB",1989,2973.9562671715
29,"SSB",1990,2575.19373429115
29,"SSB",1991,2076.51045230429
29,"SSB",1992,1966.23874285395
29,"SSB",1993,2616.78134981647
29,"SSB",1994,3057.85359856668
29,"SSB",1995,3309.7032954361
29,"SSB",1996,3263.63030106898
29,"SSB",1997,3161.51337490511
29,"SSB",1998,2689.41413307897
29,"SSB",1999,2799.52109229211
29,"SSB",2000,2685.03505118431
29,"SSB",2001,2704.39779162343
29,"SSB",2002,2515.32194604987
29,"SSB",2003,2548.05357436047
29,"SSB",2004,2883.30532699692
29,"SSB",2005,2565.74777285577
29,"SSB",2006,2345.56220302899
29,"SSB",2007,1862.10615802382
29,"SSB",2008,1360.34455288152
29,"SSB",2009,1441.40446367122
29,"SSB",2010,1522.48612976926
29,"SSB",2011,1858.10940652256
29,"SSB",2012,2217.60107225426
29,"SSB",2013,2515.22280326273
29,"SSB",2014,2465.8206833044
29,"SSB",2015,2346.08134032656
29,"SSB",2016,2623.8320451706
29,"SSB",2017,3038.99975476038
29,"SSB",2018,2870.00417398507
29,"SSB",2019,2725.15204333226
29,"SSB",2020,2027.72326437923
29,"SSB",2021,2122.51195259704
29,"SSB",2022,2873.49226480022
29,"SSB",2023,2795.49257592262
29,"SSB",2024,2872.67203628342
29,"recruitment",1964,5994.05623625213
29,"recruitment",1965,22773.9919447413
29,"recruitment",1966,15891.320099596
29,"recruitment",1967,14589.7217879548
29,"recruitment",1968,19263.0684564222
29,"recruitment",1969,27038.7778218109
29,"recruitment",1970,27101.5475058381
29,"recruitment",1971,15832.2087928321
29,"recruitment",1972,11880.2224432613
29,"recruitment",1973,36281.3967380746
29,"recruitment",1974,18207.0105043628
29,"recruitment",1975,15539.4736167747
29,"recruitment",1976,10372.532588836
29,"recruitment",1977,15664.1822056264
29,"recruitment",1978,19123.9415503696
29,"recruitment",1979,52884.0765027635
29,"recruitment",1980,24687.0808393126
29,"recruitment",1981,27040.7498717312
29,"recruitment",1982,14941.2663873306
29,"recruitment",1983,44182.2990498175
29,"recruitment",1984,16485.9564333381
29,"recruitment",1985,38448.7949775414
29,"recruitment",1986,13060.720879985
29,"recruitment",1987,7477.95311133721
29,"recruitment",1988,6035.21545640821
29,"recruitment",1989,9329.17292874136
29,"recruitment",1990,49920.7010031406
29,"recruitment",1991,25898.2791906526
29,"recruitment",1992,22742.0369822839
29,"recruitment",1993,47265.1819213466
29,"recruitment",1994,15378.9389188179
29,"recruitment",1995,9309.96088247361
29,"recruitment",1996,23009.9881002667
29,"recruitment",1997,29837.641701892
29,"recruitment",1998,13953.7250490655
29,"recruitment",1999,16105.3672368012
29,"recruitment",2000,26056.1841006193
29,"recruitment",2001,33724.9681835989
29,"recruitment",2002,23954.1028277439
29,"recruitment",2003,15627.6287973824
29,"recruitment",2004,5867.1121971146
29,"recruitment",2005,4425.78890782894
29,"recruitment",2006,10711.8684904642
29,"recruitment",2007,25748.9857516441
29,"recruitment",2008,12043.2048342268
29,"recruitment",2009,45073.4057051479
29,"recruitment",2010,21990.3233183977
29,"recruitment",2011,13055.2899392961
29,"recruitment",2012,11788.0774799732
29,"recruitment",2013,43749.6569684943
29,"recruitment",2014,47490.5558933169
29,"recruitment",2015,19750.1652252563
29,"recruitment",2016,6917.46194947895
29,"recruitment",2017,6775.92582144389
29,"recruitment",2018,14708.3779764854
29,"recruitment",2019,68549.0627117314
29,"recruitment",2020,19176.1340019829
29,"recruitment",2021,11982.1276375847
29,"recruitment",2022,15580.5246272478
29,"recruitment",2023,20165.8853480615
29,"recruitment",2024,26158.4324573692
30,"SSB",1964,697.010006466225
30,"SSB",1965,651.581331594892
30,"SSB",1966,664.492882741347
30,"SSB",1967,783.974971082737
30,"SSB",1968,986.642041682358
30,"SSB",1969,1183.334461852
30,"SSB",1970,1326.95806292578
30,"SSB",1971,1550.85604665282
30,"SSB",1972,1497.9139863355
30,"SSB",1973,1221.43897783128
30,"SSB",1974,880.021966780847
30,"SSB",1975,832.50204651268
30,"SSB",1976,745.142540092319
30,"SSB",1977,858.61953747979
30,"SSB",1978,753.823565345686
30,"SSB",1979,726.831888171289
30,"SSB",1980,938.533726819131
30,"SSB",1981,1497.98753230692
30,"SSB",1982,2022.63282188737
30,"SSB",1983,2673.9275038057
30,"SSB",1984,2810.48515939475
30,"SSB",1985,3350.50058330665
30,"SSB",1986,3362.051906384
30,"SSB",1987,3475.87033583506
30,"SSB",1988,3380.05607283593
30,"SSB",1989,2990.90951717702
30,"SSB",1990,2569.98454614305
30,"SSB",1991,2115.79946831367
30,"SSB",1992,2055.76353665036
30,"SSB",1993,2777.0853789061
30,"SSB",1994,3199.15552118224
30,"SSB",1995,3359.28271388289
30,"SSB",1996,3259.61343331354
30,"SSB",1997,3183.30425869351
30,"SSB",1998,2711.53373720827
30,"SSB",1999,2821.90656735785
30,"SSB",2000,2712.42352173058
30,"SSB",2001,2715.34986560921
30,"SSB",2002,2507.14245767762
30,"SSB",2003,2567.82173294613
30,"SSB",2004,2937.49001589647
30,"SSB",2005,2608.80118612659
30,"SSB",2006,2337.712317396
30,"SSB",2007,1875.94252094516
30,"SSB",2008,1391.67712583028
30,"SSB",2009,1457.76299555698
30,"SSB",2010,1494.45717666404
30,"SSB",2011,1824.68475974547
30,"SSB",2012,2228.82368388147
30,"SSB",2013,2566.88289532642
30,"SSB",2014,2541.26683203035
30,"SSB",2015,2416.89637597386
30,"SSB",2016,2726.90384194543
30,"SSB",2017,3223.83173305258
30,"SSB",2018,3086.58370908849
30,"SSB",2019,2971.21395566819
30,"SSB",2020,2288.13138786161
30,"SSB",2021,2496.51817586318
30,"SSB",2022,3450.91383395754
30,"SSB",2023,3379.90517830009
30,"SSB",2024,3464.10789170456
30,"recruitment",1964,7409.34931675408
30,"recruitment",1965,16481.4236283716
30,"recruitment",1966,18825.2252006179
30,"recruitment",1967,15648.689961724
30,"recruitment",1968,28717.9161635339
30,"recruitment",1969,28995.4986082575
30,"recruitment",1970,15791.3879564297
30,"recruitment",1971,13340.6911983504
30,"recruitment",1972,12737.5658694578
30,"recruitment",1973,26222.7917950799
30,"recruitment",1974,14131.7348830652
30,"recruitment",1975,17598.0297095254
30,"recruitment",1976,11975.9007634965
30,"recruitment",1977,14223.9129562597
30,"recruitment",1978,25971.2931393237
30,"recruitment",1979,47624.6357275521
30,"recruitment",1980,25299.8182140527
30,"recruitment",1981,29467.876719543
30,"recruitment",1982,20653.5444985337
30,"recruitment",1983,49146.4525998423
30,"recruitment",1984,14077.0653369504
30,"recruitment",1985,33653.1492790569
30,"recruitment",1986,13161.5588858691
30,"recruitment",1987,6975.99664035083
30,"recruitment",1988,5840.13447327651
30,"recruitment",1989,10434.0479834761
30,"recruitment",1990,52673.7438175464
30,"recruitment",1991,27494.3390472116
30,"recruitment",1992,21000.6859083877
30,"recruitment",1993,45406.1102184154
30,"recruitment",1994,14269.912281877
30,"recruitment",1995,10409.7683780322
30,"recruitment",1996,22190.7578055559
30,"recruitment",1997,28557.5301576625
30,"recruitment",1998,13333.6640737159
30,"recruitment",1999,14874.101453153
30,"recruitment",2000,23547.1309192494
30,"recruitment",2001,35783.7645880506
30,"recruitment",2002,22990.8972725597
30,"recruitment",2003,14556.9043813
30,"recruitment",2004,5990.47412300695
30,"recruitment",2005,4182.73701085329
30,"recruitment",2006,10102.0856784273
30,"recruitment",2007,24216.4522908619
30,"recruitment",2008,12220.7955401724
30,"recruitment",2009,45388.5815527819
30,"recruitment",2010,23750.5193178326
30,"recruitment",2011,13537.7711454756
30,"recruitment",2012,12178.8505868411
30,"recruitment",2013,43886.1588060913
30,"recruitment",2014,49884.745277535
30,"recruitment",2015,21419.2498037458
30,"recruitment",2016,7789.98546434433
30,"recruitment",2017,7573.67516115802
30,"recruitment",2018,17128.4436242536
30,"recruitment",2019,81509.8152390653
30,"recruitment",2020,19713.1157917381
30,"recruitment",2021,13520.1572359615
30,"recruitment",2022,13221.9366464702
30,"recruitment",2023,16874.9556570341
30,"recruitment",2024,21353.6312131823
