"variable","mean","median","sd","mad","q5","q95","rhat","ess_bulk","ess_tail"
"log_q_ats",-0.71745510164144,-0.717866760555107,0.0646684851047647,0.0648438081766141,-0.824936251956548,-0.613680603084723,1.00343272411901,4918.0857931229,2840.52767478006
"log_q_cpue",-0.205832915751259,-0.210201368989284,0.160516986364767,0.161863039578829,-0.464928670756792,0.0601193517007209,1.0014171850576,3302.8801212275,2813.25639255094
"log_q_avo",-8.29576928082646,-8.29450926501438,0.0748237393966212,0.0748484196131341,-8.42020533549313,-8.17290869383449,1.00204622666182,5263.21305165137,3044.76389675122
"log_initdevs[1]",7.97636863210213,7.98380320429991,0.355642544634399,0.343071371762595,7.37503825182746,8.55337759009558,1.00031045837502,2097.74825424629,2740.97141035844
"log_initdevs[2]",7.48817512731533,7.48967189789256,0.345640441050813,0.33418548681482,6.91223002381663,8.07145106709576,1.00250038050318,1875.16099371448,2233.54271870367
"log_initdevs[3]",5.83513194533148,5.88123353784635,0.63285192008899,0.609309454549012,4.72216657242593,6.76629886162638,1.00294597412247,1742.29425005563,1420.79912053829
"log_initdevs[4]",4.85142424069435,4.97850460898501,0.991168358590827,0.933695284443806,3.04563147572162,6.25819189062631,1.00268923680276,1590.70932159772,825.557414281498
"log_initdevs[5]",6.13947379755982,6.20412218163066,0.676632587744082,0.646408748788564,4.94430380556083,7.16593059915492,1.00147642930827,1889.39690765804,1492.19567329086
"log_initdevs[6]",5.14444968131897,5.26035382418921,1.00763590156966,0.946889303745999,3.27509510599372,6.54782854034999,1.0002199913785,1727.69152451352,1320.96966394996
"log_initdevs[7]",3.58772943991323,3.7649135390023,1.52486403612428,1.51959602304977,0.873934246827219,5.74239041408852,1.00020165158256,2633.43580495398,2240.09744873534
"log_initdevs[8]",3.11840485656974,3.27171357002366,1.63800320813942,1.64439761603022,0.201873294358364,5.51182170943775,1.00064576004226,3356.97705384307,2736.38705692188
"log_initdevs[9]",3.09354082616018,3.27945478553986,1.7096147786195,1.67841419179548,-0.0922498949112638,5.54317793659416,1.00018630830903,3465.79902212256,2377.86125689193
"log_initdevs[10]",3.14829282063059,3.31538188076901,1.60529545621006,1.61644696177189,0.290754422546045,5.54675028113776,1.00161339496156,3341.5740495201,2553.49764605268
"log_initdevs[11]",3.16025725980854,3.35684036569343,1.66394810619122,1.65891615302404,0.143768581075728,5.56878016888995,1.00152922426516,2911.9270510897,2617.84365777182
"log_initdevs[12]",3.18907668028878,3.34081969210187,1.60151108756712,1.55009994079149,0.208508878119533,5.49229080743306,1.00035443172063,3040.48772232252,2431.96236461393
"log_initdevs[13]",3.10757587257937,3.23508058668279,1.66495584682524,1.73217886500569,0.196958093650116,5.56461260845326,1.00171237886909,2864.84880682477,2690.34105603131
"log_initdevs[14]",3.14107231024315,3.30767203956912,1.65953347646499,1.67234750701772,0.167545153855445,5.49359652500271,1.00084525751201,2745.22068531068,2479.45984387755
"log_rec_devs[1]",8.69075463804539,8.70657170859823,0.378440703284216,0.36231190663242,8.03194492921269,9.28389972471071,1.00020375324131,2711.5383209402,2490.6697332375
"log_rec_devs[2]",9.9114840884125,9.91483551055378,0.251208881731066,0.251604855403618,9.48610249407712,10.3192779366064,1.00105125119313,2111.76255546874,2620.19484168484
"log_rec_devs[3]",9.58757829624155,9.6081464868468,0.314934724625775,0.310029023880609,9.0533523069959,10.0741660250532,1.00013186398202,2677.76577082868,2052.09988914906
"log_rec_devs[4]",10.1230261008092,10.1339489239806,0.253080699239791,0.255242748616287,9.68834503425583,10.522483810404,0.99979700972659,2146.636711445,2176.81098714578
"log_rec_devs[5]",9.99489834662797,10.0110947420158,0.273193453617759,0.271493172633295,9.52111610963707,10.4184285350585,1.00034423144573,2559.01844567172,2499.98819194928
"log_rec_devs[6]",10.1752724486407,10.1807136964367,0.252509439848661,0.248776339206854,9.72955784667889,10.5720137343475,1.00101797292026,2354.55014180598,2438.61889107956
"log_rec_devs[7]",10.072367965966,10.0881717661589,0.261012665690247,0.256948502969871,9.62028771605905,10.4727440051042,1.0006830855707,2285.62168306785,2333.47749802823
"log_rec_devs[8]",9.55779589580554,9.58224316436489,0.328905023463104,0.31432172681667,8.97713054867684,10.0637379525693,1.00141141463191,2299.22361601049,2059.90827438254
"log_rec_devs[9]",9.36075265258523,9.38199230437162,0.336998016537174,0.337112569174005,8.79792911654627,9.8749532066367,1.00088054234264,3256.96856126996,2892.81638681792
"log_rec_devs[10]",10.1903196616024,10.1983577038292,0.185775016443177,0.180934792500802,9.87261643342855,10.4806979829564,1.0015086780472,2241.55389814863,2060.70279187893
"log_rec_devs[11]",9.87254825223799,9.88540954972096,0.197100385900697,0.193482724600292,9.53172409139915,10.1733490364368,1.0007566597422,2784.9227747205,2258.27901895576
"log_rec_devs[12]",9.69634453096342,9.70212852225986,0.181536210084401,0.186078909017781,9.38914325401307,9.97955233956159,0.999518052065736,3669.84979429731,2748.63489283662
"log_rec_devs[13]",9.44703144787754,9.4494977283717,0.166721286381107,0.166773969354862,9.16305324372274,9.71450770094908,1.00090889367491,4953.39566370748,3202.25805478752
"log_rec_devs[14]",9.5069405405069,9.508562690584,0.14333015683182,0.144368512808843,9.26556368161621,9.73579406860589,1.00089914935734,4670.19530471682,3160.37266561687
"log_rec_devs[15]",10.1422060383427,10.1442171226749,0.0934385387212333,0.095668999266672,9.98654224564389,10.2936082820749,1.00221219843415,4753.34053871592,2876.12509211104
"log_rec_devs[16]",10.9827172372105,10.982979441646,0.0622380328750819,0.0626704532475097,10.8814525438078,11.0837717796738,0.999978902424436,4959.11364816199,3042.39147318878
"log_rec_devs[17]",10.2433629300672,10.2454758132788,0.0837862140832422,0.0840160187570043,10.1015126555104,10.3745686960871,1.00267863017582,5343.82275132497,3082.14356311888
"log_rec_devs[18]",10.3862224667697,10.386727884407,0.0822385237870137,0.0813196347212467,10.2488938452147,10.5184859573281,1.00030750707194,4860.48569526417,2998.62706265012
"log_rec_devs[19]",9.8357967698199,9.83719589824759,0.103954010877894,0.104724099502777,9.66425632290019,10.0033588103392,1.00021017132641,5725.30562030114,2938.01833577104
"log_rec_devs[20]",10.8605497921401,10.8613417880332,0.0609153799833811,0.0623263476233711,10.7602947330897,10.9601124623981,1.00069912157245,5329.20624174748,3317.32494409041
"log_rec_devs[21]",9.56979057651857,9.57320788437836,0.105562935037047,0.107897094435186,9.39579433353307,9.73973281191434,1.00052003344022,5607.21728628828,3401.0843355255
"log_rec_devs[22]",10.4300459687105,10.4303757118942,0.064103009146575,0.0643202755500664,10.3244196363861,10.5338741013253,1.00195277574033,5256.20711391656,2909.24895953669
"log_rec_devs[23]",9.49391128402466,9.49561594991197,0.0982113872583034,0.0945329832260203,9.32788714226819,9.65166881728877,1.00153417848364,5146.33381444335,3092.70846848981
"log_rec_devs[24]",8.90295202822044,8.90533220759077,0.111872441376732,0.108177020919437,8.71398954819518,9.08586437949788,1.00198160184921,5646.95864804806,3200.44404353809
"log_rec_devs[25]",8.62718875030761,8.6295965268542,0.113420302647519,0.118224779356185,8.43850650941792,8.80753556161567,1.00076199720268,5564.95458101245,2569.50203855292
"log_rec_devs[26]",9.37320667678352,9.37306301895105,0.0759004476523105,0.0761183834419597,9.24681775604072,9.49701073376287,1.00047476765681,5265.40651363304,2990.02104130023
"log_rec_devs[27]",10.8221961075377,10.8220031324622,0.0349409916359194,0.0341185132934974,10.7641550718238,10.880153699804,0.999621825296357,4940.80897673189,3079.38754720757
"log_rec_devs[28]",10.2200195277768,10.2204197416938,0.049939111752583,0.0499075479470235,10.1368797998639,10.3023093408542,1.00022753506063,5516.6266133761,2972.9525792631
"log_rec_devs[29]",10.0686564782889,10.0687909031089,0.0550151343280461,0.0541460414181533,9.97867275866899,10.1601070803172,1.00014677542664,5159.40258188477,2816.09512308557
"log_rec_devs[30]",10.7349620014268,10.7356805043404,0.0407111043905185,0.0405148777605091,10.6661701683752,10.8019487012426,1.00031049266249,4881.1728529753,2849.02265714506
"log_rec_devs[31]",9.65516335740989,9.65596165607793,0.0604322691117355,0.0611996458087471,9.55498277669047,9.75276469991417,1.00101159685878,5533.17158701904,2797.52700705473
"log_rec_devs[32]",9.31204483714978,9.31341303599353,0.070006188050162,0.0708851728348862,9.1964507760723,9.42278188605153,1.00064451613284,5361.58362976592,3048.91304934826
"log_rec_devs[33]",10.0303169383258,10.0317151531108,0.0469698609270336,0.046595339616608,9.95249408781053,10.1065190416493,1.00090211152205,5163.94363355518,2982.61601816374
"log_rec_devs[34]",10.3192681824402,10.3187615326594,0.0379236000244898,0.0372478027809877,10.2562970185877,10.3812942430148,0.999988989871031,4826.96443473831,2970.61994774804
"log_rec_devs[35]",9.60523833165868,9.60664061804296,0.0539009601231216,0.0542103992120779,9.5153072528029,9.69352761470687,1.00120193539337,5625.57646602089,2842.3987432013
"log_rec_devs[36]",9.69296334806155,9.69239753396714,0.0509709160404138,0.0512180410252938,9.60872286807109,9.77724606480594,1.00189701436468,5228.84369046431,2918.47704252087
"log_rec_devs[37]",10.1191864511738,10.1196187604593,0.0404515965690049,0.0405087824147382,10.0512217857654,10.183929952714,1.00181470263679,5872.32698931527,3086.53039731684
"log_rec_devs[38]",10.4622702748894,10.4613458657881,0.0345162396483732,0.0344844313416234,10.4072144333531,10.5192674240175,0.999581923109874,5708.44767322058,3118.19648664827
"log_rec_devs[39]",10.060753606181,10.0605741447835,0.0383110796773229,0.0387465489175742,9.99736826171155,10.1240839455174,0.999928227863584,5700.59483600305,3058.69171331698
"log_rec_devs[40]",9.58643170768079,9.5856987333172,0.044067004860328,0.0435749601147369,9.513814567111,9.65872015310733,0.99971918962303,4610.7481048783,2789.79579449824
"log_rec_devs[41]",8.78828990046434,8.78756862244377,0.0634227586620282,0.0646099591883821,8.68386670157251,8.8930061009816,1.00184734426842,5589.55339655328,3227.26814333653
"log_rec_devs[42]",8.43960692142052,8.44153336574042,0.0747757106442449,0.0757075265535969,8.31466439452551,8.55992361126263,1.0003302875662,4948.07408383279,2918.53076271764
"log_rec_devs[43]",9.36540916995926,9.36503182606107,0.0502311741731106,0.0505360226026355,9.28396601118694,9.44670483137745,1.00102644209979,4369.05482205049,2924.36661613535
"log_rec_devs[44]",10.1450050315529,10.1451961266722,0.0393785628104177,0.0392911144635632,10.0795818421441,10.2093874441456,1.0027756426885,4965.57893539659,3068.48933260816
"log_rec_devs[45]",9.52937498187404,9.52999307670978,0.0591931003817324,0.0613609785925333,9.43445549710372,9.62439547639728,1.00013196176493,4859.3305221379,3245.68790658767
"log_rec_devs[46]",10.8439693506582,10.8439412170124,0.0362152309649277,0.0355234673173136,10.7851407850158,10.9040140613285,1.00098401323065,4592.34571773906,2806.38384752179
"log_rec_devs[47]",10.0659933854249,10.0665159471607,0.0490743479627156,0.0486979018769654,9.98367160654602,10.1452292052946,1.00178509682507,4565.29748742188,2667.94181373855
"log_rec_devs[48]",9.6044653556568,9.60435814795093,0.0594447871008495,0.060148790687715,9.50565886273291,9.70059749481531,1.00167499091954,5143.23322611548,2731.04012535982
"log_rec_devs[49]",9.45491560655592,9.45474973310569,0.0612479371691114,0.0597392018051626,9.35255955233107,9.5556496340549,1.00097982017398,4798.15946892403,3175.81344182216
"log_rec_devs[50]",10.6981168274918,10.6974856355084,0.0354449701513597,0.0346128737649273,10.6406199404225,10.7564076222407,1.00113886879621,4934.05462396579,3018.95966808044
"log_rec_devs[51]",10.8379012832756,10.8375171074777,0.0388490081650542,0.0393479774706708,10.7754395160277,10.9034044852101,1.00111964889632,4930.86330223862,3426.35699113502
"log_rec_devs[52]",10.0027233303241,10.0024046191552,0.0593775738828444,0.0586902319027019,9.90470340879081,10.1020504372718,1.00172708015461,5352.51612745702,3112.7088976514
"log_rec_devs[53]",9.03260860671929,9.0331324312227,0.0977080322622218,0.0978876762087256,8.87059345915435,9.19169381117005,1.00086757885442,4796.53793330785,2970.11257288922
"log_rec_devs[54]",9.03112635626113,9.03296820297512,0.11153373237156,0.109848968485243,8.84533364437433,9.21623420134954,1.0003846286628,5124.35778459424,2934.24829313743
"log_rec_devs[55]",9.73760041639217,9.7358344112052,0.105903501272629,0.105398485376268,9.56609078020203,9.91666813060987,1.00066875941417,5700.97208236439,3391.72736140579
"log_rec_devs[56]",11.2227513140254,11.2206839178924,0.0914881627650715,0.0890994030843744,11.0714546920714,11.3772297198412,1.00064680543843,4931.09869867559,2556.47782757864
"log_rec_devs[57]",9.85364545127822,9.85612854266685,0.144965771844767,0.147960592460457,9.61422267172609,10.088617661093,1.00077173148642,4296.47132290416,2499.89520414744
"log_rec_devs[58]",9.32964588798048,9.32854771878574,0.177762302590919,0.178595480989594,9.03904190466965,9.62121492831152,0.999738114682203,4656.41989723884,2809.71983641279
"log_rec_devs[59]",9.30457252569217,9.310187986336,0.226758760463877,0.22311130937976,8.92640660347947,9.67625984026237,1.00066561006026,4725.41195536507,3001.86265268643
"log_rec_devs[60]",9.77599688664987,9.77823858144701,0.269471670676298,0.267479509048297,9.3318682155458,10.221643265029,1.00040990731339,5035.63278329796,2950.3485647171
"log_rec_devs[61]",9.84843004794132,9.8575921747617,0.444860025806175,0.450798254449945,9.10768567614386,10.5622425383486,1.00205930308819,5199.23966191407,3221.67143512437
"log_F_devs[1]",-2.31323660155416,-2.31577966312064,0.305065255884024,0.311166015312841,-2.79610685478648,-1.80981446491468,1.00173822378249,2606.81429216761,2914.68563808304
"log_F_devs[2]",-2.33737354900892,-2.33931058923605,0.243771654787762,0.244321936016235,-2.7293143547529,-1.93143021648543,1.0004904030349,3735.93084085059,2911.84825961504
"log_F_devs[3]",-2.42020854878478,-2.42439128431509,0.231692517072485,0.231697859464029,-2.79503716408207,-2.02594639616663,1.00002118545026,3593.71282663463,2740.96372889864
"log_F_devs[4]",-1.84652628142893,-1.84869117803556,0.217750492404754,0.215801133079136,-2.20317298947009,-1.48643593667082,0.999702517082645,3660.47474545468,2679.65621144945
"log_F_devs[5]",-1.87649930904109,-1.87634597646493,0.221066626624281,0.218489669500078,-2.23199424087017,-1.51205199943273,1.00098914598594,3173.13010259581,3245.24743786395
"log_F_devs[6]",-1.84882397130494,-1.85312154763569,0.217265819826524,0.216795114414457,-2.21056618634239,-1.48827135747841,1.00158360344888,3969.93256985326,2643.41833764081
"log_F_devs[7]",-1.47182931327702,-1.47525594683298,0.205440420263074,0.203996625095457,-1.80442746093243,-1.12484357268218,1.00142093392649,4021.74245306377,3399.91424317683
"log_F_devs[8]",-1.12604191779723,-1.12410679033503,0.201603919599417,0.198833181296569,-1.46272824729213,-0.792078970832636,1.00014819419524,3888.07948838903,2864.59898667915
"log_F_devs[9]",-1.0010876236138,-1.00566253552096,0.197576992042198,0.196308425907105,-1.31433012165434,-0.675568104358296,1.00145272991766,3330.14239371564,2915.23238895318
"log_F_devs[10]",-0.851074955653774,-0.855784549209054,0.199012384210297,0.203004224823272,-1.1691380220263,-0.509377196547403,1.00036597771714,3465.91497165639,3249.82111255897
"log_F_devs[11]",-0.778554976299847,-0.786468821768324,0.198098585469275,0.19182059580312,-1.09487518594853,-0.442716041220802,1.00080276243783,3240.94833225491,2834.90078233428
"log_F_devs[12]",-0.98985557631887,-0.999133264691469,0.197930659288965,0.193549548458685,-1.30535357486113,-0.65887743371663,1.00063833246976,3856.41840832855,2796.40996012728
"log_F_devs[13]",-1.08990051050143,-1.09557986934282,0.187760434814448,0.183139703350331,-1.39222710567764,-0.770478204450059,1.00042841360463,4120.23145650909,2868.64149436638
"log_F_devs[14]",-1.17155405551881,-1.17397001669994,0.197608158656632,0.199840492934045,-1.49376648602469,-0.847319915825245,1.00019056011899,4427.5003948478,3157.87628033145
"log_F_devs[15]",-1.03147626785729,-1.03954617061032,0.186403583487064,0.185513545679696,-1.32156122213497,-0.713071468664746,1.00142369833761,4487.60216779934,2910.1064333419
"log_F_devs[16]",-0.968169447876314,-0.969632534776229,0.187950103511327,0.193422066942047,-1.26752177646618,-0.654433832567323,1.00085369621324,4955.57396976998,3164.06974504641
"log_F_devs[17]",-1.03022841169348,-1.03225734325299,0.191395870761172,0.190352814963375,-1.34247286207546,-0.706794561876672,1.00043274168448,5008.72668629907,3288.65055546781
"log_F_devs[18]",-1.34566013104067,-1.34847964445169,0.195988584051076,0.19836816204332,-1.66868220394472,-1.02494903252768,0.999867979626857,4479.22569158138,3017.6282897907
"log_F_devs[19]",-1.77217574643587,-1.7716658123929,0.202103892887649,0.204436027083311,-2.10388130740799,-1.43582367720137,1.00111734916658,4017.94719974388,3204.56359057667
"log_F_devs[20]",-1.96303080085291,-1.9651300783954,0.193455133943349,0.194647025940307,-2.27221939709107,-1.64111919364251,1.00136117714338,4526.29692947687,3159.82633045022
"log_F_devs[21]",-1.98995814494685,-1.99415765530413,0.172549589400591,0.174460369291141,-2.26028147446093,-1.70103004715477,1.0024055907764,4744.15383682398,3164.25123388989
"log_F_devs[22]",-1.99036721785923,-1.99568238264171,0.164166461140753,0.16586739131344,-2.24841629094798,-1.70877506293626,1.00029592531917,4705.23139159673,3254.62113043571
"log_F_devs[23]",-2.06960396340977,-2.07381089028859,0.151692481217214,0.15327607267139,-2.30800703914946,-1.80818673150702,1.00006809552798,5482.02731757768,3097.51568725214
"log_F_devs[24]",-2.37743830705652,-2.37921786473605,0.141101442334518,0.141867652375712,-2.60731898055934,-2.14144139221777,1.00106330852436,4916.78972779536,2999.13711829374
"log_F_devs[25]",-2.07378297814272,-2.07575530835762,0.126575473126348,0.128141688945433,-2.2780530337863,-1.85672897305492,1.00143556043186,6290.88833048368,3292.7216349524
"log_F_devs[26]",-2.02158516208652,-2.0223405441276,0.110782600873538,0.109246368030605,-2.20403712519391,-1.83858164737407,1.00072954813749,5180.25271480672,2881.21398046206
"log_F_devs[27]",-1.62204139927153,-1.62244880055014,0.0938679087760326,0.0961848190297551,-1.77111254210563,-1.46571020999194,1.00144612642036,5122.16839390152,3107.38414703285
"log_F_devs[28]",-1.42470197262693,-1.42670469787923,0.089050466665491,0.0877714243253713,-1.56964967929734,-1.27064250448832,1.00183419703487,5585.29731099452,2842.72487413322
"log_F_devs[29]",-1.1238093323035,-1.12241691011017,0.09112372463136,0.0909925868893611,-1.27593425346235,-0.972914573266301,1.00016250622177,5456.07402807088,2916.33167089439
"log_F_devs[30]",-1.59234787917884,-1.59293552973606,0.109309958086098,0.107641829155601,-1.76958191687978,-1.4135608486636,1.00032292358553,4584.80541157589,2965.8098734995
"log_F_devs[31]",-1.83757181698633,-1.83806863893624,0.121879475952897,0.123930637153433,-2.03343073288793,-1.64228972776084,1.00016266855859,5048.76058091881,2985.64112698365
"log_F_devs[32]",-1.86324717454493,-1.86303502347662,0.119162178629484,0.120541793402429,-2.05445762118598,-1.66602675985271,1.0023538155766,4811.18986712091,3171.54639883393
"log_F_devs[33]",-1.70461612944839,-1.70355718788431,0.118637619243838,0.12070918635751,-1.89330498726161,-1.50556979537877,1.00126579161518,5066.7345780273,2981.3373368717
"log_F_devs[34]",-1.70804517280604,-1.70784955200427,0.13322060857326,0.134260526488225,-1.92294668706108,-1.48750678428931,1.00216908890026,4864.50519257016,2457.93834789057
"log_F_devs[35]",-1.88420676796658,-1.88917729446343,0.128330416453206,0.129374037867144,-2.09431058607634,-1.66683812097894,1.00126028673719,4821.06924367633,2495.81158236806
"log_F_devs[36]",-2.08582695330493,-2.08880718467122,0.117547036250705,0.117990569431754,-2.26825460270286,-1.88876814504105,1.00124670129088,4566.28487455936,2703.56433752273
"log_F_devs[37]",-1.96671000823688,-1.96914023110855,0.101798405975454,0.102317694897508,-2.12898505253218,-1.79658962867798,1.0008704208658,5163.53964740778,2948.55798450046
"log_F_devs[38]",-1.7991097786035,-1.80251484123978,0.0906254791913923,0.0902491490478486,-1.94348260436198,-1.64452126715411,1.00179450051359,5535.61945731882,2747.96535202046
"log_F_devs[39]",-1.62198280270895,-1.62257102050848,0.079640259310572,0.0800756314699426,-1.75369823479266,-1.48992525090104,0.99993137246104,5623.03727221608,3333.16678348411
"log_F_devs[40]",-1.54429598430805,-1.54433523872795,0.0810558659168813,0.0803759907376507,-1.67597912915108,-1.40799451635438,1.00027527760997,5151.85615317533,3385.86912680458
"log_F_devs[41]",-1.65655230195251,-1.6573643398864,0.0857361169422745,0.0849032870645951,-1.80001633093039,-1.51494098508371,1.00015174433119,4743.47443657811,3095.65889569071
"log_F_devs[42]",-1.71052618721398,-1.71121967854891,0.0849529677424402,0.0869148116221284,-1.84996938343078,-1.57159282280954,1.00019693644305,5860.64016790784,3226.81263216602
"log_F_devs[43]",-1.50292936840142,-1.50193930116526,0.0838462976935473,0.0823386888203391,-1.6406526728137,-1.36368857140664,1.00737887732483,5609.97109115271,3025.14798386124
"log_F_devs[44]",-1.42538295433522,-1.42612127279655,0.0857903034773079,0.0850844751828861,-1.56454979512367,-1.28324718954693,1.00016311158665,5283.01063585473,3022.16740360279
"log_F_devs[45]",-1.33339071238218,-1.33314517192563,0.0892226643536056,0.0910626335050195,-1.4788084012685,-1.18497311856699,1.00106547824067,5715.4899028114,2988.48131336063
"log_F_devs[46]",-1.37393052993257,-1.37558862606651,0.0932468905942814,0.0945808354307096,-1.52298636429695,-1.21927320258441,1.00035418114628,4532.22666255286,3035.82742429951
"log_F_devs[47]",-1.56582471192999,-1.56730896996396,0.105201315966966,0.104279869561429,-1.73649293656951,-1.38908334465272,1.00027493917696,4612.81808292595,2725.50390743904
"log_F_devs[48]",-1.25463488869329,-1.25673711834595,0.105690076388735,0.109080522737025,-1.42505777906044,-1.07806406429783,1.00051254810645,4726.34637372266,2876.1729363234
"log_F_devs[49]",-1.27521997386539,-1.27959088420678,0.129772366294485,0.129423010779734,-1.48296060716916,-1.05189547376742,1.00054550881548,4356.06892157613,2739.33042929947
"log_F_devs[50]",-1.36750332513993,-1.36953253123583,0.147251626592104,0.146936905710979,-1.61719825630341,-1.12462279990819,1.0004691186284,3978.23898101537,2635.83509691249
"log_F_devs[51]",-1.45329552422182,-1.45579863170518,0.155851027244643,0.158583154440045,-1.7066190992152,-1.19182677416026,1.00030486810329,4147.26033967295,2778.69583921019
"log_F_devs[52]",-1.40483326233116,-1.40701862387795,0.161087142461365,0.163381775266613,-1.65952601307122,-1.14037565405722,1.00102964500091,3740.1727137874,3026.50970147831
"log_F_devs[53]",-1.73369871316132,-1.73636047611247,0.149583523172713,0.15019197959333,-1.96968944651741,-1.47528646623729,1.00006033001745,3461.75276827267,2729.20959375334
"log_F_devs[54]",-1.742738340575,-1.74906429184099,0.14240456181096,0.13917047754124,-1.96150505248089,-1.49630006443342,1.00096307119974,3517.00486840297,2628.15995016481
"log_F_devs[55]",-1.9581137329833,-1.96533611990827,0.140209334857006,0.139380850452022,-2.17617304282083,-1.71942146182554,1.00093407099372,4071.55958136957,2772.79182447195
"log_F_devs[56]",-1.86954930791808,-1.87435367660043,0.119635227029991,0.117489408735552,-2.06090277272967,-1.6662518692756,1.00238604967028,4058.63633591777,3030.27894457408
"log_F_devs[57]",-1.64301672902938,-1.64503945980184,0.124280001831038,0.127239433176101,-1.84204648493208,-1.43495924077854,1.00167260854842,4429.4414455918,3187.61328261107
"log_F_devs[58]",-1.70251857209351,-1.70529781095936,0.124778877115751,0.124798373247329,-1.90797561207505,-1.4962330517761,1.00128579977768,4548.87075656497,2829.70329082579
"log_F_devs[59]",-2.03513560103793,-2.03911310869131,0.130476420698738,0.130353298406416,-2.24918900309327,-1.81118151109777,1.0015412797491,4659.09342435208,2774.25023633416
"log_F_devs[60]",-2.01967144075132,-2.02281330584156,0.14855822825849,0.148597312502865,-2.25586089063111,-1.77412305194856,0.999719914541033,4847.97453308191,2810.41467635848
"log_F_devs[61]",-1.88135596121095,-1.89253445589388,0.25464336486476,0.249378000763585,-2.28699227685963,-1.44725192406972,1.00064212864158,3657.57530764831,2704.92388003552
"sel_devs_fsh[1]",0.0544474335381311,0.0476321936595728,0.420278582237379,0.422849100292728,-0.629972553292936,0.745778773488464,0.999749581877641,5799.32235343855,3077.77090349726
"sel_devs_fsh[2]",0.0485030276064936,0.045937907946644,0.414691878172107,0.412612799566495,-0.632171581795205,0.721388955799277,1.00103802195636,6260.66781917593,3113.88625315481
"sel_devs_fsh[3]",0.124935743696598,0.127375880842006,0.412160403359149,0.40936855747224,-0.563134656768514,0.811619418876212,1.00057574847233,5565.41891466541,3229.32744182736
"sel_devs_fsh[4]",0.120426670157685,0.126335690366837,0.410176950371934,0.405343545374238,-0.551465990758513,0.800565905775061,1.00012307957615,5704.76164523223,2389.1659195371
"sel_devs_fsh[5]",0.162262670983229,0.16926962363233,0.413456118769797,0.397807212508953,-0.535819409035617,0.836882038363991,1.00449109143367,5790.45332994719,3179.18206742421
"sel_devs_fsh[6]",-0.00184115814905698,-0.00275274743080624,0.420652196762456,0.424220018236189,-0.690637943625938,0.700416211313584,1.00024267932637,5197.29668753589,2871.01869257792
"sel_devs_fsh[7]",-0.242372449211887,-0.239662796980853,0.409147360367052,0.393952919771832,-0.934873091405067,0.426160167527218,1.00279276152559,5400.01850206385,3162.39434019568
"sel_devs_fsh[8]",-0.25029312429665,-0.248726595440688,0.418346396026123,0.427905647246071,-0.923919959904621,0.42833893619348,0.999620529292224,5912.10590447842,3182.90870718026
"sel_devs_fsh[9]",-0.208488088860871,-0.209474828903724,0.398019814353614,0.390100821030747,-0.862671587253847,0.462581465350784,1.00030887981395,5609.97510941069,2830.58639829875
"sel_devs_fsh[10]",-0.186275029893589,-0.185888863420281,0.41226179769329,0.415923044288301,-0.873804357755085,0.503134619468175,1.00030850412868,5817.17414612129,2804.51884375679
"sel_devs_fsh[11]",-0.204717550224867,-0.21818763161317,0.416021845152819,0.415219903565688,-0.892486699614244,0.491372950435584,1.00072036923309,5313.83756984399,3116.93963965418
"sel_devs_fsh[12]",-0.18578637171676,-0.184844046533762,0.409236935650718,0.405363040529132,-0.854882079439366,0.47889632372504,1.00002383346808,5933.19075876697,2804.08505032339
"sel_devs_fsh[13]",-0.242440519717107,-0.250589366604187,0.405646050861907,0.408973833747897,-0.901202781413743,0.443478479478933,1.00068833812869,6035.7233950741,2967.52369908956
"sel_devs_fsh[14]",-0.191035399860428,-0.192564682021494,0.416299159105032,0.413635260582856,-0.881618484942364,0.492433348236417,1.00138219012732,5507.51061900853,2711.61250309313
"sel_devs_fsh[15]",-0.212444529648024,-0.204201658482368,0.399899371883055,0.405497844818474,-0.885573949563586,0.449412424547827,1.00061720359355,5482.53428924321,3195.40954201377
"sel_devs_fsh[16]",-0.172735891344496,-0.170272422376163,0.414431118028966,0.410903215625914,-0.839013446240543,0.52899066916403,1.00049543118916,5473.51783611291,2850.2140151068
"sel_devs_fsh[17]",-0.13815361454115,-0.136834042591969,0.408560534238454,0.405068894859683,-0.810546312772518,0.544770298334232,1.00158161138608,5640.00286081863,3084.94032407093
"sel_devs_fsh[18]",-0.162280141053536,-0.168484700896631,0.418096157004067,0.420604614406433,-0.845237818843379,0.517170482058971,0.999703240907976,6013.74258093743,3003.46775310093
"sel_devs_fsh[19]",-0.139890054136694,-0.142330541431336,0.430696194505351,0.415442997894037,-0.853957228957816,0.568598319291204,1.00148955622127,5774.27687395894,2942.97743211557
"sel_devs_fsh[20]",-0.161495002150298,-0.170331139397131,0.415159482752625,0.410801958400877,-0.829528055809301,0.5246741646097,1.00092737986491,5673.87139853624,2870.18930465375
"sel_devs_fsh[21]",-0.1667064552184,-0.168293112331112,0.417009517922451,0.4204634393006,-0.843594610551537,0.538450824901679,1.00014807827121,5120.33249169133,2560.06047198153
"sel_devs_fsh[22]",-0.161598149719079,-0.16349811166849,0.423551150304777,0.424542427728646,-0.842247808668136,0.556826549675256,1.00222246584973,5735.2075382762,2873.97438151673
"sel_devs_fsh[23]",-0.192390644600743,-0.195850231138802,0.416390750512382,0.426532557506636,-0.861817887282948,0.482391639027313,1.0010358403727,5667.87937393307,2986.84873008526
"sel_devs_fsh[24]",-0.156098784352241,-0.154695959189232,0.41509226441206,0.407858129074979,-0.839334319993146,0.521662841478385,1.00112171965435,5620.19160055397,2883.84400740928
"sel_devs_fsh[25]",-0.163956723890419,-0.167597324753538,0.426392610329592,0.435767207006055,-0.862121199261817,0.530703587885154,1.00158214899556,5682.15318028108,3035.01377290755
"sel_devs_fsh[26]",-0.108882583504873,-0.108960401993245,0.415044338688863,0.415026648993286,-0.797026471254638,0.568455298145455,1.00109696481867,5504.34308274032,2600.05369575889
"sel_devs_fsh[27]",-0.156662305144435,-0.154021782245944,0.416767835665648,0.416871384927939,-0.846842181399641,0.526842113628681,1.00064780128265,5740.17580235729,2900.42068242902
"sel_devs_fsh[28]",-0.146917859659515,-0.143624628536694,0.423157917837281,0.426029350533516,-0.828636230330962,0.5524787792784,1.00131334777528,5774.74125115892,2814.75450699084
"sel_devs_fsh[29]",-0.0542203730078763,-0.0533801963812546,0.430469428754554,0.431147550700545,-0.768050422534463,0.652811485823008,1.00391906938606,5968.20273102644,2824.05900365882
"sel_devs_fsh[30]",-0.0166399030009875,-0.0152389716188228,0.41936197245237,0.42954798814176,-0.716894388927034,0.67694519578621,1.00298424335683,5505.92131338334,3064.56696076642
"sel_devs_fsh[31]",-0.047842367935037,-0.0462802127774702,0.429533749527072,0.433230476950029,-0.758926127293489,0.668137756483068,1.00222821557006,5689.8135227976,2894.73134962326
"sel_devs_fsh[32]",-0.135659027690718,-0.13991950913487,0.416017236038774,0.422862019120559,-0.807926489749311,0.528644098346251,1.00258717439002,5172.50425868627,3086.69823617916
"sel_devs_fsh[33]",-0.10661293115026,-0.109170000417362,0.422088918356735,0.415571430452293,-0.807809326150402,0.587720092401676,0.99998063085702,5324.23383335376,2621.64106889227
"sel_devs_fsh[34]",-0.146243662688916,-0.148707585110971,0.41627589929197,0.419932901382395,-0.833554167294849,0.54095191947172,1.00033956633264,5337.82970322102,3016.56419669013
"sel_devs_fsh[35]",-0.0718762982689749,-0.07015382076107,0.416362030001062,0.416328645978618,-0.753197477775907,0.613522977462866,1.00062489812866,5380.12125931057,2929.12987206866
"sel_devs_fsh[36]",-0.0246802385218442,-0.020289787214759,0.416487852704415,0.415526573637955,-0.710352307483795,0.658467489739633,0.999519305503631,6015.38707382846,2905.65233220617
"sel_devs_fsh[37]",-0.0859266178329381,-0.084727618129913,0.412132671623541,0.416320187981738,-0.767680227213281,0.58522790875365,0.999867906489708,5556.82568924905,2634.1193086958
"sel_devs_fsh[38]",-0.0814781262418196,-0.0766968391068305,0.419772751990345,0.429959255969275,-0.748018350705151,0.606342003456335,0.999679809834851,6032.59524809498,2972.58593013096
"sel_devs_fsh[39]",-0.0393467228068699,-0.0373458445463684,0.404171681041302,0.404293211147822,-0.701590594081,0.622111778711743,1.00048570179876,5135.98315145189,2877.41872970143
"sel_devs_fsh[40]",-0.060727549033313,-0.0567999947754621,0.429818346888454,0.424063460627366,-0.780070725520045,0.640010772623861,1.00141947968746,6070.04050634649,2871.20258709564
"sel_devs_fsh[41]",-0.0944444548450344,-0.0913089892739053,0.417083331281637,0.409013108092783,-0.789098536644453,0.593994392703025,1.00055210832274,4698.93447657391,2847.73572172242
"sel_devs_fsh[42]",-0.0525986493133371,-0.05138395776572,0.421478158874946,0.413475125410313,-0.751223144831117,0.643034306410954,1.00026335554347,6104.50362806211,3302.48819102808
"sel_devs_fsh[43]",-0.0160379282607003,-0.0148917088258453,0.420275700559689,0.415340896272607,-0.701809161753423,0.693014348552232,1.00077337712003,5155.80957170826,2623.58474260196
"sel_devs_fsh[44]",-0.0470280006519972,-0.0450830182411187,0.413720616921091,0.42626720598581,-0.718560030332295,0.634159788638273,1.00058056346741,5331.93948595309,2986.4551095085
"sel_devs_fsh[45]",0.00960864159007275,0.0148828093629248,0.422348245039686,0.425531902138826,-0.680244249240118,0.689948379013809,1.00125686483981,5451.56120197004,2953.53873272406
"sel_devs_fsh[46]",0.0170685352358931,0.0151606974577652,0.416038386152311,0.415052334778691,-0.664018803675259,0.709995235994403,1.00113696758864,5727.92228595441,3005.17291218947
"sel_devs_fsh[47]",-0.0132280192969186,-0.00920374178714486,0.426197794835273,0.426142962321736,-0.699107282925839,0.690012741421895,1.00103764828647,5734.83902997919,2905.65076374858
"sel_devs_fsh[48]",0.00290385569197821,-0.000494653825190429,0.414888052756416,0.423076715398708,-0.68671823802499,0.664350087690234,1.00238832520538,5754.1430866098,2969.97454810291
"sel_devs_fsh[49]",-0.0261301320563961,-0.0267870625653776,0.413705011358368,0.407671164168918,-0.718896715138332,0.672770533911578,1.0002882295519,6057.92149320985,3176.17215011795
"sel_devs_fsh[50]",-0.0243051937899461,-0.0351996579521121,0.419134880561588,0.416917410821249,-0.709850086171262,0.665025060873104,1.0006710479015,5553.16346027149,3017.40203927253
"sel_devs_fsh[51]",0.0835531029282928,0.0806396910821192,0.419989509831866,0.434530392550488,-0.615005160652322,0.774647698439117,1.00022909498594,5211.52016819655,2870.10191228622
"sel_devs_fsh[52]",0.0599255998076452,0.0684195853212391,0.429397110837436,0.429762202624042,-0.6479915523176,0.773265892833963,1.00172736864739,5369.75745883864,2611.53817424626
"sel_devs_fsh[53]",0.0407782745839164,0.0476559354697529,0.420928655651231,0.420892446396963,-0.652446322589886,0.721286422062701,0.999988881730969,5885.14955264017,3145.8529041208
"sel_devs_fsh[54]",0.0919157969043001,0.10136550977543,0.606736553869708,0.598043619422657,-0.929959141295327,1.0793766044088,1.00415344093977,5258.42241054582,3227.74827060111
"sel_devs_fsh[55]",0.126827029630778,0.138913491769302,0.650053860845317,0.647525043685323,-0.971154354325384,1.19031028754649,0.999987895902672,5911.82656020687,2777.16555053087
"sel_devs_fsh[56]",-0.0360120907690498,-0.0287450999074483,0.424080612041413,0.422678241576638,-0.735372283989506,0.652660313808492,0.999991483499182,5914.44855181126,2785.55931505849
"sel_devs_fsh[57]",-0.000360390321361427,-0.00673466406286696,0.429019690409071,0.431079736960209,-0.706080977036923,0.699701855599941,1.00008991940695,5622.9291136037,3125.16043745663
"sel_devs_fsh[58]",0.0388689300897141,0.0373595662211331,0.423996083042555,0.409740524378092,-0.664150405076869,0.741543998248142,1.00060992443906,5825.2118297728,2563.50520856053
"sel_devs_fsh[59]",0.0219825681063007,0.0201666550162444,0.72406771679356,0.743372120153693,-1.17686868270956,1.22410954416301,1.00225609384518,5720.55350452698,3152.36475815491
"sel_devs_fsh[60]",0.0867656464150365,0.084544495631507,0.400647785465496,0.399068217955717,-0.580104950348149,0.759233264100067,1.00094855583916,5049.82827488647,3336.41699934995
"sel_devs_fsh[61]",0.0927105611669608,0.0910841925113665,0.392186369148132,0.403119322034823,-0.549724519893132,0.726062694969342,1.00056234253536,5497.38350769634,3221.27648718383
"sel_devs_fsh[62]",0.0901848969984207,0.0869423521889492,0.409150787846637,0.410296094847291,-0.577981270739376,0.774141232231902,0.999682547954467,5351.63819559929,2950.95387769038
"sel_devs_fsh[63]",0.0607858067300647,0.058880628685749,0.406372257527775,0.404681110022104,-0.612371302576607,0.723130231368601,1.00285202276886,5477.80189487216,2765.18398914663
"sel_devs_fsh[64]",0.117792918689425,0.121958785463964,0.393252925843816,0.390483051044072,-0.545051950121026,0.76314500564708,1.00032692928817,5435.65064237388,2833.92617627999
"sel_devs_fsh[65]",0.0193775496805393,0.0241809277678912,0.404734391588163,0.404033486697992,-0.641816907489755,0.686338429973842,1.00132773007943,5355.3966841925,2833.84089702973
"sel_devs_fsh[66]",0.188601778695273,0.186501294598993,0.39415927030747,0.393044839972551,-0.459130900238851,0.854348111116921,0.999849285730384,5232.8780931002,3136.07444515693
"sel_devs_fsh[67]",0.0967319532913562,0.0944475156388957,0.397567587977951,0.396781789085543,-0.546503595206889,0.763698103658678,1.00048188310733,5086.79922262902,3213.20812611061
"sel_devs_fsh[68]",0.149165768309993,0.153909674045244,0.400154525594259,0.406553515857857,-0.51933604476912,0.808070130938875,1.00048849244627,5589.13002762447,3015.85866304476
"sel_devs_fsh[69]",-0.174279220124821,-0.176158213066305,0.376247932365674,0.370712151862182,-0.804546298094691,0.446795857732474,1.00065163589041,5472.54670879048,3006.49405418404
"sel_devs_fsh[70]",-0.0904823977000387,-0.0898528097066941,0.39245153238905,0.383418860825045,-0.739700393701533,0.549027506919035,1.00018094227307,5467.97305577419,3051.56932574558
"sel_devs_fsh[71]",-0.00328057071219387,0.00149215516674307,0.391349636582185,0.395876315591563,-0.657962913579822,0.629827727749836,1.0004121197888,5858.11861839251,3223.28374448727
"sel_devs_fsh[72]",-0.168979953403737,-0.158754868758242,0.39363199527127,0.38705277037307,-0.821132815286668,0.466707213238805,1.00262921343402,5128.20253420962,2693.00230940004
"sel_devs_fsh[73]",-0.395807189283973,-0.388882286603274,0.366384441194563,0.364880048319106,-0.999911785259683,0.218993872277232,1.00047297422563,5549.00901653851,3043.10710060706
"sel_devs_fsh[74]",-0.497620944589,-0.500245213384252,0.360982553588861,0.356218345004268,-1.09321543943044,0.0923977426808781,1.00089607975948,5722.46394432572,2970.32264085006
"sel_devs_fsh[75]",-0.283464591348449,-0.27736300802475,0.379749501726746,0.377241596139079,-0.910163535911391,0.335128337252262,1.00281225471085,5814.68866505082,3085.32780662784
"sel_devs_fsh[76]",-0.117854820392278,-0.115360208745813,0.363179304510905,0.368060886391857,-0.718947461288129,0.485114972115895,1.00381848833785,5054.58285566477,3083.33662255358
"sel_devs_fsh[77]",0.0909168681340162,0.0858059664129536,0.385698969440135,0.388720737549818,-0.531382914121441,0.74595745840988,1.00116837199072,4792.27255198332,2897.82253860275
"sel_devs_fsh[78]",-0.165824339927044,-0.172708503689257,0.382114167259976,0.378036135854126,-0.781190382422171,0.469044458713691,1.00141245961223,5474.65500250659,3072.02401258085
"sel_devs_fsh[79]",0.0392983321777686,0.0460107601557883,0.393997362563337,0.398538463972649,-0.608521217071633,0.691035828423206,0.99983885222506,5670.51490077009,2875.6305207588
"sel_devs_fsh[80]",-0.0356765221484042,-0.037080977415684,0.384466317383923,0.378543494348454,-0.67122906243953,0.598170123563599,0.999717905880805,5505.1666002414,2602.90949316496
"sel_devs_fsh[81]",-0.0696885724141349,-0.0724475345923359,0.401809015140028,0.399839253402557,-0.731050379741961,0.591746872135677,0.999838066084968,5395.92292605507,2723.11914180144
"sel_devs_fsh[82]",-0.101092899770706,-0.101575630370665,0.402046315190516,0.405069002938873,-0.771602494176609,0.581216579205113,1.0011002861121,5964.91523082176,2994.97150623088
"sel_devs_fsh[83]",-0.0610460377422432,-0.0620512090738923,0.405228227686361,0.418454126032965,-0.725134727996846,0.598086985977239,1.00156551039947,6083.50481916072,3212.51017783953
"sel_devs_fsh[84]",-0.0413066531932638,-0.0406330655445915,0.405482850929887,0.403565685833411,-0.709053073892698,0.636095512131514,1.00083089779071,5922.68911626708,2682.23315626821
"sel_devs_fsh[85]",0.0133100287350651,0.0233283945583694,0.379965200940203,0.372931090603292,-0.613809508825941,0.628808486704749,1.00086335352512,5802.00790536549,3331.56619849429
"sel_devs_fsh[86]",-0.0734756174005513,-0.0709345954165962,0.341537942300928,0.335819228006795,-0.634297641089012,0.491374194666041,1.00192470010931,5614.79397941447,3045.41497974936
"sel_devs_fsh[87]",-0.483909222321187,-0.484092067048945,0.351394972875683,0.346938785116038,-1.072134787456,0.099560041713597,1.00096007392751,5186.91043737826,3175.37051671343
"sel_devs_fsh[88]",0.0165526699123518,0.0158989833888488,0.35324619962498,0.355217589829317,-0.561218902103541,0.598501336432344,1.00022288688006,4861.01853726958,2773.72395238476
"sel_devs_fsh[89]",0.201619795340488,0.205217287997711,0.375248474253148,0.369114696299066,-0.421243100816325,0.828773366638841,1.00154974952987,5172.01791130198,3500.47216035632
"sel_devs_fsh[90]",0.521114258207973,0.522377244932321,0.37492739043441,0.386865041392684,-0.0903129300877935,1.138881063336,1.00049376037688,5337.69640288683,3070.4924244663
"sel_devs_fsh[91]",0.352008010308109,0.352760218145913,0.365975702241657,0.362117403600211,-0.249135109692075,0.952908475376103,1.00152150693867,5296.39719765658,3184.04916528778
"sel_devs_fsh[92]",-0.384485779861427,-0.387677767869574,0.34176314724464,0.340560136211322,-0.95836388014288,0.183908649218833,1.0015083575805,4987.31010961273,2842.10382325838
"sel_devs_fsh[93]",-0.401023062409834,-0.403175193004168,0.35283662252508,0.343447852534163,-0.996322731428355,0.175757699364632,1.00148641565548,5525.18325481354,3155.17066595202
"sel_devs_fsh[94]",-0.16328206807726,-0.158937892207073,0.371463044823417,0.372652486551429,-0.766176704355359,0.4401787433935,1.00068087189252,5646.77317316651,3004.33893391622
"sel_devs_fsh[95]",-0.200422803729669,-0.203152981291397,0.38059587913779,0.377203181154488,-0.820307233536872,0.421291420675203,1.00193227385251,5418.25976214491,2966.3036487868
"sel_devs_fsh[96]",0.163470059939954,0.165224371145096,0.36400981567568,0.352531651360557,-0.433077305982151,0.758112197977531,1.00030618923677,5222.36238871497,3104.40020537093
"sel_devs_fsh[97]",-0.344275475189277,-0.337403206643357,0.36557705384285,0.370905061733818,-0.941125845634565,0.248344151775063,1.0027932466771,5118.45762072576,2920.16583654447
"sel_devs_fsh[98]",-0.15463314353292,-0.149357447437477,0.38366494631677,0.396697280372926,-0.798884403538843,0.46854461185672,1.00002351292856,5767.80014926721,2866.83273380389
"sel_devs_fsh[99]",0.068300092490028,0.0703770048228955,0.385176613759828,0.382668008561896,-0.568185126612069,0.718429256483155,0.999512769065021,5858.97940661007,3126.58975242855
"sel_devs_fsh[100]",0.0890934279088506,0.0922537521640276,0.390969700497051,0.389297547488252,-0.542774624508498,0.733148327579083,0.999984828571612,5743.00311862947,2986.53509323546
"sel_devs_fsh[101]",0.0336198686310262,0.0253440709755171,0.396738413973121,0.390260912177502,-0.625806580352057,0.698704475451568,0.99967848023006,5464.11986419687,2680.93674855909
"sel_devs_fsh[102]",-0.0387193336687597,-0.0355521547933231,0.365577901125246,0.367016985378548,-0.642132530980361,0.545854524614501,1.00340258123543,5163.42974707224,3217.91918391336
"sel_devs_fsh[103]",-0.340552457864801,-0.338814038169654,0.342118116591967,0.344563869209022,-0.899914118440154,0.218202492949727,1.00012897725442,5849.90300333394,2926.50443922112
"sel_devs_fsh[104]",0.0883434213673467,0.0826954252022672,0.355084005569385,0.350215362244198,-0.485919029693839,0.677478954743658,1.00068218702437,4962.59307142073,2900.17751730121
"sel_devs_fsh[105]",-0.0382372762438449,-0.0397292813360905,0.334883146729897,0.333394596382092,-0.590627908590148,0.513174432495602,0.999561988660559,5823.02220342875,3034.86872702022
"sel_devs_fsh[106]",0.193409933630865,0.189100602015536,0.361933812994187,0.347734187539904,-0.392687870061671,0.795369375486282,1.0003401254181,5873.20919222412,3513.69516050119
"sel_devs_fsh[107]",-0.189270760247641,-0.184409799728435,0.368254372637636,0.36313373625995,-0.797701065514912,0.407782410924273,1.00084270824968,5130.99435812845,2556.60460334331
"sel_devs_fsh[108]",0.187695561815784,0.186475775421636,0.36142328601823,0.360547145275032,-0.38964882978661,0.785724523718726,1.00178245318282,5404.59260475126,2929.75718956563
"sel_devs_fsh[109]",-0.505083881749132,-0.502283538410028,0.355467709992694,0.358206886580839,-1.09332039638897,0.0697913744286529,1.00064616215757,5507.23079732652,2824.9917160981
"sel_devs_fsh[110]",-0.0951994942666409,-0.102737038464567,0.373230322419216,0.37687994433737,-0.697852371832493,0.502964184281291,0.999638337235886,5970.27316884092,2965.93935836956
"sel_devs_fsh[111]",0.139322017019432,0.146400486945191,0.385724393246725,0.381740205718605,-0.499520141089198,0.77270105132985,1.00028909937656,5990.60075306343,3201.47896296125
"sel_devs_fsh[112]",0.20062280589444,0.208579277231298,0.403781628192827,0.400493518184776,-0.463485344752172,0.851899750038806,1.00086513887208,5487.17844791571,2860.19694628463
"sel_devs_fsh[113]",0.814041107780882,0.816573663027103,0.495692959640414,0.502638492510833,-0.00828551262278331,1.61599684381278,0.999713856280993,4941.17828372759,3244.5476263849
"sel_devs_fsh[114]",1.10551677235662,1.09781150991537,0.415477541884698,0.414772708619118,0.454434156360413,1.80618953490006,1.00211074164162,5471.15763779104,3096.59033086855
"sel_devs_fsh[115]",0.41641451857411,0.414823773942119,0.286058872630901,0.285147028648944,-0.0621826621934609,0.881736959577224,1.00019353082886,5808.16943861734,3032.53570946365
"sel_devs_fsh[116]",0.115541364762585,0.117600381689334,0.310205205934251,0.310131198534558,-0.399977454637431,0.620052281113437,1.00107773924087,5198.27518315187,3053.8928729818
"sel_devs_fsh[117]",-0.371073660712851,-0.362858300841937,0.359708412490878,0.35750685914616,-0.96760333107178,0.226168784861102,1.00000882109322,4783.68975927835,2881.21423441917
"sel_devs_fsh[118]",0.0164845403667991,0.0204156449469462,0.709084064412589,0.715727541133159,-1.15190377702034,1.17801800431678,1.00021358487722,5472.97396429902,2841.5953970281
"sel_devs_fsh[119]",0.125865858281187,0.12233016374957,0.395773593839279,0.409620936659223,-0.501780663587339,0.762837929774889,1.00039858487304,5046.79210234145,2988.74784986
"sel_devs_fsh[120]",0.225699705750212,0.232736763527895,0.384165478038782,0.390706218154802,-0.41585593893547,0.830538858976859,1.00139423781661,4614.04640844925,3346.846165792
"sel_devs_fsh[121]",-0.0211659085476577,-0.0237178858806905,0.383952112818498,0.387838213078557,-0.645700274604249,0.613055002334733,0.999904021659066,4389.00355914775,2878.28664656876
"sel_devs_fsh[122]",0.144288777832721,0.157003584073402,0.382003156293104,0.384464832423961,-0.496795865485487,0.752697425126055,1.00003115803997,4754.71428576052,3220.43858230605
"sel_devs_fsh[123]",-0.0498205209382602,-0.052253669621012,0.370990764216917,0.377220947138295,-0.661282638067639,0.562745935053938,1.00103199010475,5243.55975097521,3139.92116499299
"sel_devs_fsh[124]",-0.0936526923426101,-0.0961459739437779,0.376432068170019,0.373153387711765,-0.712810054284683,0.534498784169897,0.999651904229327,4779.05437767531,3087.68403142514
"sel_devs_fsh[125]",0.107334790044213,0.112818909882785,0.37845291319399,0.378453396350828,-0.511234859599252,0.720713790868978,1.00010621176928,4491.82865936198,2477.93748490469
"sel_devs_fsh[126]",0.0700506931398827,0.0705483411952219,0.378160232179486,0.370422463406939,-0.565589808827288,0.699978301322016,1.00111191680567,5540.93845979017,3046.9806316072
"sel_devs_fsh[127]",0.18375392570233,0.186773089402143,0.376459798202271,0.387522740809854,-0.429216226233369,0.787832856672249,1.00022285537007,5289.41892092461,3234.26841687468
"sel_devs_fsh[128]",0.167334709859579,0.169327113763416,0.372112526260315,0.373440153120546,-0.443469393655246,0.785029536960383,1.00147329299372,4526.11471050906,2803.41075525963
"sel_devs_fsh[129]",-0.140159717030314,-0.141515336295285,0.358008637261575,0.353189213269536,-0.730478124898206,0.44825344284004,1.00559392742202,5286.5292017884,3243.83876551756
"sel_devs_fsh[130]",-0.18199381313452,-0.183479390679871,0.369589147444931,0.365958107909451,-0.784666147917985,0.426862918256598,1.00131901734021,5268.08840572716,3236.5095270336
"sel_devs_fsh[131]",-0.0712390567260935,-0.0678592296484786,0.363221128508516,0.357720888805712,-0.668275364756873,0.522407352098845,1.00067824715418,5164.0513553993,3311.12706586712
"sel_devs_fsh[132]",-0.195118993836335,-0.194546175750138,0.346244155171476,0.336687450684884,-0.768484153959746,0.379009985203586,1.00048984120938,5530.14486409014,3336.95436947939
"sel_devs_fsh[133]",-0.295627448019099,-0.298196838162086,0.34807250221744,0.346771830245223,-0.862521795724911,0.284478126550841,1.00020769267824,4842.28257506944,2853.59982006227
"sel_devs_fsh[134]",-0.267051711084672,-0.267968925851343,0.346983924269182,0.342741494956798,-0.846141973004868,0.314904929249834,0.999764119047526,5524.97268197534,2826.08960555206
"sel_devs_fsh[135]",-0.321655269974593,-0.322329901614885,0.344502724150878,0.344192083925499,-0.872106348928614,0.244677123699586,1.0002014532796,5804.80927857845,2998.56945013239
"sel_devs_fsh[136]",-0.0915869717504263,-0.0934724874549349,0.363914377526032,0.357879856660366,-0.68081621733038,0.511886002647042,0.999846521516592,5888.83536092684,2985.9698275221
"sel_devs_fsh[137]",0.0491382632221325,0.0463254528985988,0.361552494367702,0.358381571402134,-0.556451600710463,0.647429256229622,0.999602069996627,5558.87691233807,3015.85436891858
"sel_devs_fsh[138]",0.136273009936569,0.140292484833378,0.380808148546005,0.374351237708298,-0.482805902108064,0.770695549793729,1.00292644196679,5998.45225550737,3150.66327987871
"sel_devs_fsh[139]",0.0738876303478807,0.0732055289951098,0.370361154213248,0.361748700697442,-0.544121416930717,0.681828497616941,1.00006834222723,5090.76595275192,3003.90995501472
"sel_devs_fsh[140]",0.123996152566118,0.121385255763465,0.374817537461753,0.387490438431218,-0.486723697428229,0.741001096886972,1.00093930556701,5569.54022032586,2617.98448784972
"sel_devs_fsh[141]",0.471828306447823,0.481033830109303,0.377538613203322,0.382360127749419,-0.154625578862616,1.08836862025874,1.00076545257534,5989.48127209067,2627.08555007664
"sel_devs_fsh[142]",-0.39059148619187,-0.38986371709864,0.382721948696555,0.381037584122182,-1.03003156334775,0.232464352178928,1.00177672378838,5768.94422296623,2861.88961076728
"sel_devs_fsh[143]",-0.347546631970855,-0.355801537213352,0.387531259867332,0.395061174377263,-0.987687054217737,0.30476250668462,1.00246240773,5711.44098409192,3208.62270629259
"sel_devs_fsh[144]",-0.380121943812942,-0.373760200767616,0.376720113753136,0.368216179508987,-1.00934251907131,0.245524123901585,1.0004425253835,5007.10739743081,2603.01608175496
"sel_devs_fsh[145]",0.542750798945144,0.543277799259757,0.312335573120456,0.317918338628097,0.0360717722618238,1.05495114690748,1.0028372300927,5163.3406203691,2495.05359299098
"sel_devs_fsh[146]",-0.021520775698915,-0.0206468651677715,0.266090242812815,0.268103644058363,-0.459938420652494,0.406062762347567,0.99964285243976,5101.57016679157,2822.62865627839
"sel_devs_fsh[147]",-0.788999513697293,-0.786990075774804,0.30971744033467,0.309623131325466,-1.30052381870213,-0.275265469901577,1.00217211216143,5550.91230934593,3086.3453333379
"sel_devs_fsh[148]",-0.280606067255322,-0.281379091895456,0.325796651795331,0.3273138637123,-0.813000951242735,0.262511327777177,1.00096441187484,5250.07584710382,3091.59087451498
"sel_devs_fsh[149]",0.282119211618235,0.283097540327645,0.335984753126462,0.331677576004045,-0.278085316258315,0.829577296843692,1.00144756571828,5771.59431402126,3107.82757460706
"sel_devs_fsh[150]",0.159619571130856,0.151475050804561,0.34324834155568,0.332408297781183,-0.408203840124852,0.724102240950514,1.00215412110798,5302.64755778181,2686.08380968126
"sel_devs_fsh[151]",0.291589668391526,0.297028393208956,0.315120846360926,0.313869850700583,-0.227339463440636,0.799509565241258,0.999746586871752,5309.84088748907,2751.06503885076
"sel_devs_fsh[152]",0.831944060575406,0.828727262024371,0.280609143992488,0.273836289318712,0.369475905382778,1.29861282912391,1.00027833219883,5014.13444717342,2924.46965409318
"sel_devs_fsh[153]",-0.557200590531803,-0.556694617013767,0.283606163034544,0.279229591239677,-1.02026513091475,-0.0817705417037828,1.00315423854155,5911.56631350281,3373.29185021432
"sel_devs_fsh[154]",-0.471282841508937,-0.468227715583454,0.308688009965711,0.307309185861826,-0.986536896826247,0.0331050506136688,1.00059142652184,5804.30722746073,3023.87321951939
"sel_devs_fsh[155]",0.067344754435327,0.0646254189833921,0.308060500942196,0.309785539217729,-0.434988026222633,0.579906906001252,1.00085222607503,5532.02603419046,3358.05476676177
"sel_devs_fsh[156]",0.689810180722784,0.690859625494718,0.272853693586049,0.270892768182666,0.240153391480997,1.14411883318449,1.00024251583194,6155.50893477698,2937.53461713172
"sel_devs_fsh[157]",-0.678606299858093,-0.681786939730648,0.292820887211324,0.288323298188827,-1.15961570912418,-0.192684810826712,1.00027070329177,5382.06012625539,2759.46955438412
"sel_devs_fsh[158]",-0.0130916260482828,-0.00911805903819927,0.304904784144442,0.310910097993281,-0.511617351146748,0.488922690419982,1.00170299698181,5537.58856984631,3144.21057112669
"sel_devs_fsh[159]",0.563704708396076,0.561416491472093,0.310062344397586,0.30512972846226,0.0550559506915851,1.07500776128635,1.00183933680047,5611.14875033544,2999.92298988051
"sel_devs_fsh[160]",-0.0485306780706324,-0.04907939391649,0.31864287864964,0.328567753998219,-0.568120573034971,0.471449056150816,1.00262652110651,4613.23596965032,3016.95194587624
"sel_devs_fsh[161]",-0.529104034145415,-0.529756686772067,0.302554733719132,0.304420121467518,-1.02609100466312,-0.0312599053145038,1.00042419783391,5367.62787054156,3161.4935837356
"sel_devs_fsh[162]",0.205952854003225,0.206545624542344,0.273157128207244,0.269488528144712,-0.245922619108114,0.660162631800797,1.00145973379493,5812.20635127249,2856.55411584474
"sel_devs_fsh[163]",-0.617953088333208,-0.613147484052721,0.288742555358997,0.29389444386761,-1.10357369405765,-0.160394299954872,0.999765119819516,6148.49114085875,2924.08524093114
"sel_devs_fsh[164]",0.0567408759782954,0.0603301176587628,0.287594977876281,0.293249594421177,-0.417453856569067,0.523930701733371,0.99984807959845,5505.23863184116,3062.85225821523
"sel_devs_fsh[165]",0.204438631385618,0.201766471987685,0.269801231898203,0.269271020172373,-0.239244717143649,0.655119682672106,0.999740384280026,5091.74719446763,2965.41776958008
"sel_devs_fsh[166]",0.0170543693275008,0.0227010773462579,0.29537689146302,0.297904986554741,-0.476650941732009,0.498459781832373,1.00128978388524,4837.38524524444,2950.91410653157
"sel_devs_fsh[167]",-0.0079571636466462,-0.00705214481389532,0.30513038590718,0.308824061471658,-0.502490066492579,0.492475607327672,1.00113018806125,5448.92023670671,2741.55741318712
"sel_devs_fsh[168]",1.14379470328643,1.1388790885861,0.283571142962531,0.274256882287293,0.684865108122454,1.62039018220425,1.00151165206843,6170.61861824209,2697.71518235504
"sel_devs_fsh[169]",-1.44145703099112,-1.44011342662358,0.266534734661652,0.263201432175522,-1.88687093317087,-0.999820644078573,1.00191768915208,5259.61858213337,2869.32412367809
"sel_devs_fsh[170]",-0.317041073113659,-0.310537597656163,0.314145119694902,0.310300135886378,-0.831294489883322,0.195176901556209,1.0004766683463,5359.36737178526,2900.93150039574
"sel_devs_fsh[171]",0.051571190513391,0.0521188986780591,0.373872717574133,0.365175289268597,-0.563979512317553,0.660309031375482,0.999781285224638,5172.50548961996,2415.3402752522
"sel_devs_fsh[172]",0.14262102703184,0.139002031045684,0.447046939448713,0.451305730678019,-0.610706545414348,0.888708730660263,1.00005951515909,4592.3287517161,2987.0418234635
"sel_devs_fsh[173]",0.693926229019803,0.676822093674161,0.408508099898921,0.400913236680646,0.0360569187307401,1.37716550320491,1.00116455424432,6082.68892789853,2903.07396918652
"sel_devs_fsh[174]",1.0185510180534,1.0182824867815,0.276289514790795,0.273870737498337,0.558378892475794,1.47447924805435,0.99989840190695,5752.0112825441,3105.38264953921
"sel_devs_fsh[175]",-0.313059840286527,-0.312724859799783,0.268961147359021,0.269466202865664,-0.755686795390892,0.138923631749225,1.00166546464984,5037.16932167562,3219.1079095829
"sel_devs_fsh[176]",-0.136074277095846,-0.14038285279402,0.317341732443141,0.318852808304045,-0.656661920579374,0.393286709462487,1.00012548929534,4927.35360081865,3352.86283030231
"sel_devs_fsh[177]",0.00923377494389797,0.0133850758021638,0.723280831834303,0.721474583267095,-1.1817789851842,1.21009123065193,1.00093279362923,5809.42697073349,2742.96986407804
"sel_devs_fsh[178]",-0.0767238127203572,-0.076918979603619,0.385146108426113,0.388821934481203,-0.717527235535504,0.558661595954907,1.0013263061651,4017.66012516782,2828.48174155982
"sel_devs_fsh[179]",-0.169853991876583,-0.173817710805775,0.384730073796421,0.387182631748526,-0.794804606285504,0.458423089839729,1.00055986609963,4729.58482702096,2747.8273401871
"sel_devs_fsh[180]",-0.0259160891783325,-0.0203008453362738,0.383348476361608,0.384622898042402,-0.660011399655737,0.596599935616467,1.00045060438039,5047.47143712926,2961.53311900398
"sel_devs_fsh[181]",-0.133925369961041,-0.130443527784968,0.382243829651875,0.37660559014857,-0.769404331639849,0.495922073813571,1.00077913976574,4983.13659570023,3116.7181096211
"sel_devs_fsh[182]",-0.321000049576344,-0.324959337187044,0.382137491838827,0.367577802818917,-0.961380415402814,0.302255094361352,1.00119386334986,5525.03098059539,3084.61824562279
"sel_devs_fsh[183]",-0.0940017687670195,-0.0944471537211412,0.383323179799672,0.387040975797947,-0.73827429984065,0.52977783592645,1.00101798809872,4738.3265528394,3507.10144508591
"sel_devs_fsh[184]",0.0473972408812727,0.0543176358181859,0.380340272804118,0.380212636210226,-0.577815938599558,0.676995642020628,1.00238884352035,4124.08503971519,2803.61458285074
"sel_devs_fsh[185]",0.0406429033559753,0.0338204402492151,0.375317355232231,0.380032246164128,-0.57442681703856,0.656410387252005,0.99965202235056,5202.73294329718,3124.28285202611
"sel_devs_fsh[186]",0.0200848983066797,0.0207954032892334,0.381007890131856,0.391429250020821,-0.609191224302589,0.642583723463988,1.00015017196155,5356.3549870562,3237.00412164751
"sel_devs_fsh[187]",0.0751917580893234,0.0765415259141748,0.39956056617154,0.399028193963776,-0.590249693601731,0.724878586639789,1.00014787690078,3992.3976269907,2938.21506052209
"sel_devs_fsh[188]",0.124259914296868,0.12510928239447,0.388089489196822,0.391013546938011,-0.513783468985657,0.754735334421825,1.00105574397663,4990.16278270723,3118.83208949195
"sel_devs_fsh[189]",-0.110814240142472,-0.112703200613483,0.383138425323882,0.383679860385201,-0.756933959734546,0.507306341824012,1.00047183504055,5149.16273913655,2715.04001911325
"sel_devs_fsh[190]",-0.0678616836345308,-0.0655928387198857,0.370759517012052,0.37500758571995,-0.682488019386067,0.552298619817106,1.00158484179866,5196.61454208495,3192.76020353836
"sel_devs_fsh[191]",-0.0753078622454732,-0.0775745419719029,0.358176402342805,0.346975606963655,-0.65109833648465,0.507388117084855,1.00418976517436,5241.02927075877,2951.66412739719
"sel_devs_fsh[192]",0.0455199011793216,0.0427927523730065,0.355571815073687,0.342866578658602,-0.539500358185663,0.618536331353317,1.00050605472239,5238.83132859046,2751.39829232905
"sel_devs_fsh[193]",-0.0268781378759627,-0.0289153369776322,0.353414223261444,0.356637868194595,-0.597030429847888,0.559934891504446,1.00197546205216,6285.44070529587,3504.2366619513
"sel_devs_fsh[194]",-0.00780701753222814,-0.00761598920534994,0.333179638400743,0.327318037218215,-0.562656347652575,0.547110526516837,1.00134483953569,5219.81564912571,3287.98781133546
"sel_devs_fsh[195]",-0.184337187469566,-0.189082254432959,0.349040790302932,0.358872749302906,-0.754292000049573,0.394544594050202,1.00049695466702,5597.8977982579,2893.17369135877
"sel_devs_fsh[196]",-0.0886756287810318,-0.0894497355938386,0.352154126091264,0.354390090518314,-0.665534839123826,0.492305769068409,1.00082128979568,5580.68153120108,2842.30195067992
"sel_devs_fsh[197]",-0.0692766055734464,-0.0674554521396576,0.353410020040978,0.361646530182382,-0.659381483983107,0.507211364857162,1.00222675036462,5425.40244070924,2968.95845913697
"sel_devs_fsh[198]",0.171844304267068,0.170521113683009,0.345896154578686,0.352213886799126,-0.389944363274435,0.741694803725214,0.999889331153641,5073.29859730022,3002.50659491158
"sel_devs_fsh[199]",-0.0941181173145104,-0.0952984305354685,0.349673714491957,0.350158777283488,-0.666489199475812,0.478992655637506,1.00107364469899,5184.61463791891,3344.64214313032
"sel_devs_fsh[200]",0.0484228942026272,0.0535998439662128,0.369344084002966,0.382248335598989,-0.561710472611864,0.660440054896482,1.00154287828907,5519.69032034016,2944.35471020292
"sel_devs_fsh[201]",0.16635548862775,0.172804713832179,0.376177113373771,0.377394614588845,-0.454335364650976,0.774430658789333,1.00131295093951,5659.42982775239,3201.68097853691
"sel_devs_fsh[202]",0.0222336429068937,0.0205532465902628,0.372497555846922,0.381295240143254,-0.584398576417218,0.631177147734087,1.00135668432539,5505.61480585087,3216.67510121192
"sel_devs_fsh[203]",-0.322570568996115,-0.326338032070233,0.345078587585779,0.349971215317966,-0.877784781933994,0.247161108322907,1.00069233071432,6056.14647531224,2940.46203419123
"sel_devs_fsh[204]",-0.246803233535983,-0.251225581166684,0.325411682980308,0.322605848388046,-0.784274931354362,0.28827444035766,1.00021597981801,6236.7770729431,3090.37085842191
"sel_devs_fsh[205]",0.881775968707437,0.880545933593182,0.273591519122034,0.283945686463389,0.442011492535544,1.33209605162321,1.00117773507923,4986.64813959812,3356.74012096422
"sel_devs_fsh[206]",-0.341459473064006,-0.343446075178251,0.268736668855694,0.268350901763334,-0.787239764343283,0.0919332547276784,1.00136917088749,6215.4622681197,3045.45715999885
"sel_devs_fsh[207]",-0.698631330181712,-0.693234149049122,0.300135226535805,0.299221276094522,-1.18598191995901,-0.204737187510973,1.00043958172941,5380.4428798072,3001.50362346601
"sel_devs_fsh[208]",-0.782972796706517,-0.781357928941172,0.304244928604822,0.307652104401873,-1.27603535768668,-0.28705099472588,1.00099856817061,6159.98698840518,3373.29389196465
"sel_devs_fsh[209]",0.672393736834662,0.673495747086697,0.310465949445575,0.310815574937609,0.153177956106262,1.177746366404,1.00100244229776,5509.78785305252,2976.18675390582
"sel_devs_fsh[210]",0.229109139347979,0.228889916088814,0.296970311148338,0.293208833155553,-0.265840611011695,0.705966816413067,1.00015117206235,5610.28709470369,2873.88050041434
"sel_devs_fsh[211]",0.460078076675249,0.457219667179636,0.28759980164872,0.287696783163745,-0.0161226066821774,0.935926628372674,1.0009955400446,6106.20875352455,3060.90234685153
"sel_devs_fsh[212]",0.31350588097853,0.313869654646819,0.255841732220104,0.261532448990475,-0.105148665324124,0.737561393430395,1.00409599179587,5460.98481788155,2433.0891251803
"sel_devs_fsh[213]",-0.320547160523686,-0.321225058300744,0.274054036555885,0.276702211430639,-0.774381462911363,0.134611969330325,1.00264106198809,5425.78626185718,3105.71609245042
"sel_devs_fsh[214]",-0.0241415899340538,-0.0224987739468932,0.278427403342061,0.27802535063647,-0.481759973053986,0.427789094500486,1.00325840131798,5981.86573192339,2788.67512413179
"sel_devs_fsh[215]",-0.056438140553632,-0.0555355071705787,0.265394567513537,0.266277267189947,-0.498404086857232,0.386035086543115,1.00067426312413,5774.91986004894,3019.83488212425
"sel_devs_fsh[216]",0.743301287077091,0.74325548610744,0.262599668402013,0.266197835524508,0.308459965567372,1.16970290536446,1.00013683925448,6230.33485825581,3394.82246354932
"sel_devs_fsh[217]",-0.339302512554121,-0.33842157428569,0.248455822338119,0.249633398684019,-0.74762118911789,0.073771040801273,1.00056982501279,5476.28344117781,3264.8476190226
"sel_devs_fsh[218]",-0.0808523479915153,-0.0830151905848242,0.256064986499502,0.246804964315013,-0.500783529824822,0.339131836821153,1.00235890534162,5659.90211347912,2816.51893404368
"sel_devs_fsh[219]",0.0157936478129313,0.0121289447034411,0.272147815101986,0.272126083666979,-0.425357927646686,0.454548981636539,0.999779578996751,5704.67207979617,3074.49752910836
"sel_devs_fsh[220]",-0.133391869722873,-0.143235993737908,0.28549463328662,0.288592379364763,-0.601505982604098,0.336159700859922,1.00057509492605,5211.53287210726,2885.67333036155
"sel_devs_fsh[221]",0.0542420063398651,0.0494553258554975,0.266871032839302,0.263972318703649,-0.370953607438715,0.502811655548621,1.00103952495098,5869.57363580287,2949.13934258043
"sel_devs_fsh[222]",0.44982937267691,0.449990405493889,0.25087230257594,0.245218622833235,0.0300851723380551,0.86610571053422,1.00062741284838,5826.70845777718,2536.01452827954
"sel_devs_fsh[223]",-1.08624552166641,-1.08768237797958,0.256872133145595,0.258672030497561,-1.49354107467534,-0.664935231673767,1.00170251802389,5829.73923457286,3070.74669345248
"sel_devs_fsh[224]",0.632781933244475,0.634155259644009,0.258704830345984,0.264390072703647,0.208614870510257,1.06315068517446,1.00032463926929,5119.66041105401,2750.58178863363
"sel_devs_fsh[225]",-0.105182665898345,-0.104552281934449,0.248213805854165,0.248980075003583,-0.516191026571058,0.303590958686145,1.00083058442467,5336.3477814281,3058.79692096123
"sel_devs_fsh[226]",-0.14730612522429,-0.145711115801283,0.264500223818999,0.267347040266347,-0.588771340152197,0.292276619090626,1.0006375366203,5247.37611498867,2837.68486746974
"sel_devs_fsh[227]",0.207901075955011,0.211384651456787,0.263879351826751,0.264485317787658,-0.233505339866886,0.645454723043666,1.00216616661401,5535.69822306588,3118.40684722808
"sel_devs_fsh[228]",1.16070576992848,1.15950119573906,0.25327839208938,0.246687535183028,0.738318052295954,1.57314870458845,1.00055195950248,5134.61608787001,2990.89838431398
"sel_devs_fsh[229]",-1.13998343282371,-1.14299370442012,0.253083887877947,0.259225924445992,-1.5538860277705,-0.719506326268078,1.00023897621382,5242.21447503036,3028.8263065044
"sel_devs_fsh[230]",-0.549920478636156,-0.549424949197491,0.27905195511979,0.286256805591945,-1.00884777795099,-0.0981234467563156,0.999501853557893,5940.11515839053,3007.14391358109
"sel_devs_fsh[231]",-0.6630500083819,-0.655925441956763,0.35842304713171,0.352178958301808,-1.26753833635609,-0.101563751104479,1.00058713238901,5398.90878116879,2871.82956490233
"sel_devs_fsh[232]",0.732949715415584,0.728407478942072,0.367734012664388,0.369222611661944,0.136966730294026,1.34947781557865,0.999927029772767,5540.31846015276,2834.5164170735
"sel_devs_fsh[233]",-0.200557680009237,-0.202827385343527,0.291675589639786,0.284693855005159,-0.675496206861968,0.282163338979659,1.00006617765846,6041.16366200952,3392.52542819853
"sel_devs_fsh[234]",0.765580116055448,0.769426278787485,0.267368609194958,0.257090550293223,0.320972298008771,1.20382599159808,1.00067210050023,5471.81896307113,2988.50633578545
"sel_devs_fsh[235]",0.0041942377104106,0.00508684323435228,0.281592011192493,0.287094487933853,-0.457665689241606,0.468423238281334,1.00037217449105,4952.17260565726,3032.79044074876
"sel_devs_fsh[236]",0.22879886662215,0.223858597024396,0.738827233462404,0.74260759127068,-0.980407321116592,1.45799397403497,1.00010202540357,3945.88820415937,2722.63230381974
"sel_devs_fsh[237]",-0.0389011570779931,-0.0335257175747599,0.395723785044909,0.399062536525361,-0.681050811843126,0.604267996577129,1.00037985260897,5032.23222128258,2871.99793531375
"sel_devs_fsh[238]",-0.114631351406904,-0.111679891882509,0.391899450483382,0.390286061492333,-0.762217483245914,0.530726219579018,0.999985769286824,4480.87104484254,2925.15950369175
"sel_devs_fsh[239]",-0.13770985515008,-0.141183025184825,0.38697981170007,0.388816296699259,-0.772480304833964,0.485178592721478,1.00027462875894,4200.09881909941,2853.08733412912
"sel_devs_fsh[240]",-0.161267260692365,-0.166716096568365,0.398081762189067,0.404188149264203,-0.808576330603994,0.50011256035209,1.0006054554441,4926.89460667081,2857.29241139053
"sel_devs_fsh[241]",-0.138603914132208,-0.140490123418505,0.402095008454403,0.388631938473648,-0.815998206360297,0.53153277079968,1.00007944155292,4759.12466223913,3144.39662014706
"sel_devs_fsh[242]",-0.0180162491592776,-0.0241500431561115,0.396542057897886,0.388184774935857,-0.671903144797904,0.626037229915705,1.00019474953166,5358.7893514236,3036.28740545117
"sel_devs_fsh[243]",-0.0758501046202036,-0.0750624225817493,0.389308015842353,0.380946475128455,-0.706697561927958,0.562859230628203,0.999924302682883,4547.48941309996,3324.27136413567
"sel_devs_fsh[244]",-0.0133595677481951,-0.0118350064311869,0.389419011195287,0.393938345295205,-0.66420247268807,0.616938989363917,1.00063913173651,5380.3930791826,3301.65457968122
"sel_devs_fsh[245]",-0.0422708072365522,-0.040926236857143,0.38890138822637,0.401395402491768,-0.660351978698986,0.591263042554214,1.00072708028546,5944.7811424555,2806.72052174239
"sel_devs_fsh[246]",0.00289641927037134,0.00439618895860649,0.399371247827631,0.391208937597213,-0.660043920836039,0.664986996405875,0.999953021196368,5761.15457745014,3214.02789541703
"sel_devs_fsh[247]",0.0633833808514595,0.0601309409427192,0.40921289917578,0.415719876931938,-0.609357710834446,0.737310193904173,0.999659875149262,5889.4726675052,3043.60028705604
"sel_devs_fsh[248]",0.0995714690811287,0.0971295167977147,0.398813173109783,0.38253068173133,-0.559421018917906,0.75266037794849,1.00077657503,4929.63209641052,2465.01860385653
"sel_devs_fsh[249]",0.0436439776652165,0.0384036146392946,0.385322509161559,0.399369425594283,-0.564801886397671,0.679378291175295,1.00163106652907,5292.75219324366,3215.5169841851
"sel_devs_fsh[250]",0.0570580681815464,0.0615584348260437,0.367881749792181,0.367334656565452,-0.552795941976941,0.668944493793388,1.0020495766588,5601.8996035157,2722.52140594593
"sel_devs_fsh[251]",0.0766968686618043,0.0819866404232941,0.372091442618996,0.36526777411766,-0.540620384215047,0.690290363543319,1.0004417705535,5547.83993110602,3081.20354414907
"sel_devs_fsh[252]",0.104841204319365,0.113317433252952,0.369459731922002,0.364030184969665,-0.498341844852672,0.707656117068346,1.00063087463789,5476.7616525186,3344.30087899701
"sel_devs_fsh[253]",0.0273775818847033,0.0274887281116613,0.349200023862651,0.343877708921891,-0.540938984518551,0.598058887044451,0.999908114783115,5232.09593413792,3113.34963527635
"sel_devs_fsh[254]",-0.053862565867139,-0.0502072541621089,0.338797683678915,0.338814037685743,-0.60250788253704,0.510343188371572,1.00135960986383,5998.99453648747,3181.31350813268
"sel_devs_fsh[255]",0.0318354142208476,0.0296972069407196,0.348915099694312,0.357816370300174,-0.536735638487232,0.596110365738899,0.999825240178549,5281.12959891986,2871.93221659356
"sel_devs_fsh[256]",-0.231010516390932,-0.227824310073776,0.351419944806211,0.357008187599936,-0.804720966079544,0.343568048197849,1.00149045803449,5753.58693967724,3283.45952739204
"sel_devs_fsh[257]",-0.01666667297772,-0.0194910439642107,0.366593220047098,0.361403505839753,-0.625988971160342,0.601163291362435,1.00118094286201,5816.39292471028,2802.76072879788
"sel_devs_fsh[258]",0.017392181935954,0.0184494882784652,0.349523819601095,0.356076376261501,-0.560541786931888,0.593449495939608,1.00001816839764,5662.63792144368,3144.08549954201
"sel_devs_fsh[259]",0.117533890090854,0.118132124924985,0.355388230073992,0.363687266701239,-0.467801896768357,0.706188598800746,1.0002123788492,6580.46137685796,3277.50074574726
"sel_devs_fsh[260]",0.0399899302616832,0.0401219959691418,0.357259442079811,0.353787888309994,-0.548327947983653,0.626033257872092,1.00119132357191,5772.97217866514,2967.17335813149
"sel_devs_fsh[261]",0.187620391466757,0.193216737381283,0.363234736953219,0.360863518152362,-0.410724193790806,0.785428983179794,1.00003590481448,6035.70898938287,3085.11307082754
"sel_devs_fsh[262]",-0.24951242272426,-0.248265598333656,0.357636266155405,0.354251306741846,-0.825086392005139,0.33424492602121,1.00123907360186,5992.40888201341,2793.08611805094
"sel_devs_fsh[263]",-0.36360504353043,-0.364736592718018,0.319798010686419,0.320055929376151,-0.87885059756931,0.161077801865219,1.00046495585777,5717.35798771244,3239.17303568291
"sel_devs_fsh[264]",-0.0595944484903882,-0.0600863284518311,0.311860484669326,0.315744385011373,-0.569333079335697,0.456225721618648,0.999912360220042,6248.13911252783,2830.03290311796
"sel_devs_fsh[265]",1.08021215749372,1.07491154432355,0.283700488357452,0.276498088440575,0.613141162645241,1.54378391922052,1.00352417449045,5647.30269487276,2927.19395789059
"sel_devs_fsh[266]",-0.382405649565855,-0.381655312380723,0.271588742702369,0.261148117644963,-0.829689077176232,0.0632643019440288,0.99996531962587,5383.7263572653,2966.79301540781
"sel_devs_fsh[267]",-0.746221104658113,-0.74774772426212,0.287315916293077,0.287883124244082,-1.22692597700375,-0.263372790445973,1.00138369168635,5476.18946408697,2909.57865791643
"sel_devs_fsh[268]",0.0065424767598744,-0.00185481960099049,0.287925882298133,0.294739556335013,-0.453141455599518,0.48131377585635,1.00171846356503,4838.66878603778,2545.27282929443
"sel_devs_fsh[269]",0.187585843314082,0.189148878753172,0.267024140816779,0.269933214594479,-0.251414480195008,0.624917977325273,1.00025334446765,5647.36803039687,3356.45560042711
"sel_devs_fsh[270]",0.134172337393234,0.130591692584637,0.28475771513427,0.291664389280339,-0.331581443500763,0.60118399465146,1.00019906879556,5891.93229808319,3107.41657812976
"sel_devs_fsh[271]",0.429378227706972,0.433702779905948,0.281450876944747,0.279403246473453,-0.0294259798672174,0.891888130950355,1.00281178755481,4714.33177411999,2580.15209905665
"sel_devs_fsh[272]",0.252424875984484,0.245465050122105,0.253438256163883,0.251997993784989,-0.159752779448836,0.679494606811637,0.99999296319602,5315.06339680789,3173.59218403929
"sel_devs_fsh[273]",-0.233878022497115,-0.236907844711791,0.252925629403684,0.251850670350317,-0.651428187909474,0.190409843728299,1.00218422703977,5503.24363130516,3179.23838937242
"sel_devs_fsh[274]",0.0313504080828605,0.0271750516852879,0.259376056652659,0.259571635946962,-0.391560793866474,0.458017712068842,0.99987988934352,4907.66001443406,2759.02145503433
"sel_devs_fsh[275]",0.0404476856506032,0.0383784902707147,0.259468071010683,0.258883040866254,-0.396107423109058,0.476094925336285,1.00185323025495,5016.2899507128,2969.21698150829
"sel_devs_fsh[276]",0.437924308536361,0.442961724869578,0.244976697086437,0.243150002716789,0.0333883959061763,0.834137435581439,1.00281613144783,5462.83266614998,3266.48168933021
"sel_devs_fsh[277]",-0.311481603250617,-0.317714313387508,0.241264903286868,0.233952826125753,-0.710019992028543,0.0847258422535528,1.00165529264706,5407.38296350988,2881.73295807529
"sel_devs_fsh[278]",-0.0571987185775972,-0.0607924065485821,0.254483412196334,0.258076552352377,-0.473608583814137,0.372873212597935,1.00309379783587,5777.40453819926,2687.09152142002
"sel_devs_fsh[279]",-0.0657160191740524,-0.0662853433948006,0.260634075351161,0.255488209507565,-0.494411377346836,0.368067477070979,1.00179295283609,5039.94197947284,2898.84918252435
"sel_devs_fsh[280]",-0.143388639146209,-0.146300478946826,0.281251149680685,0.274400254673907,-0.59939941866884,0.324336911733398,1.00101213119954,6268.99293035572,2856.23729419773
"sel_devs_fsh[281]",0.182739011176199,0.180630807012844,0.279811858114884,0.282212996979452,-0.266780507830156,0.63782056563516,1.00270041310745,5504.86081843869,3137.2516657565
"sel_devs_fsh[282]",0.425550472269418,0.424311910920096,0.24966701292824,0.246880971888791,0.0132104188402951,0.834916126598315,1.00015924024787,5624.46056655834,3142.71287017639
"sel_devs_fsh[283]",-1.07953529793403,-1.07476812448968,0.252241355962525,0.254604743068517,-1.49854291526724,-0.662905092928588,1.00034886066307,5172.1107014782,2959.2387557148
"sel_devs_fsh[284]",0.523149404568064,0.525352902139146,0.25450070021693,0.259991195128556,0.104983970207865,0.93848280306506,0.999669131887012,5444.75127444412,3174.70787740317
"sel_devs_fsh[285]",-0.0787161401662306,-0.0794685532371792,0.250586009789172,0.249567614194151,-0.482678340740454,0.343215552992613,0.999739505263575,6401.55304295013,3039.66883493325
"sel_devs_fsh[286]",-0.193227889622767,-0.189213378984523,0.259375606499513,0.263313066142877,-0.622103436471066,0.23444251974439,1.00030184558974,5928.80231948778,2865.34791096657
"sel_devs_fsh[287]",0.201910586194297,0.201457861663216,0.266606940196084,0.262199295930506,-0.24194112221583,0.64400497788533,1.00046604639573,5099.26095267622,2953.04002415864
"sel_devs_fsh[288]",0.761960853309967,0.75678040499661,0.263076979186181,0.266370390128506,0.329035368696357,1.18921401520114,0.999871210302792,5805.13706094916,2753.27651819451
"sel_devs_fsh[289]",0.0788878383182116,0.0783074581880649,0.251740754601207,0.257672601043134,-0.338714595217102,0.48595921520533,0.999861438386059,6270.45990118228,3213.12141345233
"sel_devs_fsh[290]",-1.35993645438885,-1.36243979921779,0.275243120640324,0.276058981799695,-1.80930095498547,-0.91200015429581,1.00092912013498,5516.87773988559,2859.70517204799
"sel_devs_fsh[291]",0.167094429940156,0.161682162950358,0.30087779117745,0.306982511547019,-0.327634554251284,0.655923796254172,1.00175612833231,5827.17391594346,2837.47846238947
"sel_devs_fsh[292]",-0.121862595273489,-0.117875373879839,0.28843261997049,0.279125056435122,-0.604719157634335,0.346107464650261,1.00018028139127,5571.99710669594,3060.81908992105
"sel_devs_fsh[293]",0.102958913003668,0.104122651762278,0.286861831113147,0.282962697269761,-0.368267527062811,0.586406125472723,1.00074861226127,5749.58344632833,2911.83153332567
"sel_devs_fsh[294]",0.712755614789578,0.711323874319239,0.276325856382884,0.279040812475912,0.262620971045198,1.17395376845311,1.00105638970386,5095.75560097715,2891.78329090175
"sel_devs_fsh[295]",-0.0511961712145434,-0.0370844605557413,0.69906926558803,0.693604812726658,-1.23011963756491,1.07783650390253,1.00007292344325,3657.95769090971,2526.9564914739
"sel_devs_fsh[296]",-0.07416690530987,-0.0800179022023947,0.348459650491547,0.355421054351189,-0.630048063296396,0.511483746687666,1.00149987524925,5483.53253365824,2779.31329043707
"sel_devs_fsh[297]",-0.0563798806538047,-0.0537188573755001,0.358875107669506,0.362613071848514,-0.631714619680068,0.529477621244124,1.00002208756129,5905.4623376418,3058.69601855971
"sel_devs_fsh[298]",-0.0480873892043812,-0.0536276402729983,0.361589792029496,0.363248607776364,-0.632491818000178,0.536259060449366,1.0003210518508,5270.03919283453,3098.52933870401
"sel_devs_fsh[299]",-0.0221398060358644,-0.0329015698862886,0.361884099319982,0.37010215578697,-0.594578723143776,0.584422447471588,1.0000062951437,4664.31455431636,2897.29740749653
"sel_devs_fsh[300]",-0.0120370683687652,-0.0159026114408975,0.358775121721967,0.357483685138189,-0.609159308330763,0.576369663061594,1.00172148757085,6054.17689168194,3021.47234669515
"sel_devs_fsh[301]",0.02233560542149,0.0327487371006497,0.360240233986694,0.363641236555715,-0.568805935905227,0.606515844663411,0.999574814454659,5305.54599131279,3057.0717090184
"sel_devs_fsh[302]",0.0141097398892691,0.0153950611541821,0.354320763970784,0.353562125980728,-0.569542162588284,0.600141480339826,1.00091407450949,4737.81035401127,2866.06657495115
"sel_devs_fsh[303]",0.0370120266925296,0.0313693178462675,0.355014359210597,0.353443713201953,-0.537170204138958,0.632981907775291,1.00004525606235,4921.20810469348,3289.25676319734
"sel_devs_fsh[304]",-0.0250044699999067,-0.0120774510415188,0.357317892975,0.357964609245597,-0.621650514134705,0.563446054100903,0.999733672922264,5509.66954734678,3110.15241855639
"sel_devs_fsh[305]",0.01902672055278,0.0169431275224971,0.355213680346993,0.33928594628573,-0.547887987105739,0.608092157206649,1.00261899372826,4683.37864933575,2697.27637856736
"sel_devs_fsh[306]",0.0347550196126194,0.0301886754443448,0.355621599195364,0.362916507038248,-0.534030164323383,0.621809559011535,1.00240011223126,4911.97982409246,2643.55277763596
"sel_devs_fsh[307]",0.0704675638531202,0.0753856951513042,0.35357404011309,0.34989240393498,-0.523037858946842,0.659506681687757,1.00083677444435,5606.06678364891,2770.38590852085
"sel_devs_fsh[308]",0.0863366839288876,0.084482553896536,0.359359890376513,0.361045419208044,-0.496938264636196,0.671724589351718,1.00075513624736,5542.79843865616,2688.61104404972
"sel_devs_fsh[309]",0.174088649589553,0.166903897235211,0.346655684154338,0.352333284213596,-0.397721214237885,0.749130102140976,1.00066211225755,5030.06939979916,2849.33039736045
"sel_devs_fsh[310]",0.152465276066967,0.153976397064814,0.338776049416232,0.341740112357365,-0.41406490049429,0.705528307100648,1.00082126973197,5251.5609778088,3106.87285718691
"sel_devs_fsh[311]",0.0749582814196487,0.0819154190478079,0.351057982689279,0.344868243876927,-0.514564764597167,0.645792169079553,1.00034099114078,5182.98363576697,2941.77004373536
"sel_devs_fsh[312]",0.0737985633357263,0.0730258274951115,0.343826209850676,0.342688564364064,-0.494705317401254,0.63169011104756,1.00070928452852,5719.13811942856,3158.06948625963
"sel_devs_fsh[313]",0.0609916108511148,0.061444197832018,0.345850206102741,0.343726259484706,-0.526681777642214,0.620270417421498,1.00009353001705,5795.54331485807,2970.05003975232
"sel_devs_fsh[314]",0.0188834770599295,0.0225137389547945,0.333572009689266,0.334793026942592,-0.527708489229737,0.554060139036063,1.00080995744379,5720.84412040865,3129.21040731525
"sel_devs_fsh[315]",0.0693725237611019,0.0711483323825131,0.318424358042276,0.315624150425386,-0.451768765203691,0.592564221932261,1.00096627208345,5575.40941629591,2942.72030020611
"sel_devs_fsh[316]",-0.0554069522676369,-0.0499632940296027,0.330994503134421,0.330134823356769,-0.600776597964934,0.486445318018554,0.999835447919218,6133.21633044205,3082.87983077549
"sel_devs_fsh[317]",-0.0423641865252972,-0.0482783620100769,0.320819565429647,0.315059810041083,-0.569142581404839,0.498110869655759,1.00008874228817,5697.46489741072,3392.22278162955
"sel_devs_fsh[318]",-0.0137743085231962,-0.00978384490826564,0.334573318522058,0.336667203627161,-0.556400978437919,0.531145918533664,1.00174049130318,5485.57359717437,3322.30503555071
"sel_devs_fsh[319]",0.0903865656396587,0.0893304907747645,0.323887248991117,0.316923760574025,-0.443521693302066,0.620069863546799,1.00138167036403,5794.14622864862,3110.76047589302
"sel_devs_fsh[320]",0.0147017433825431,0.0197014217901386,0.318570211779654,0.32544999141547,-0.512658320321354,0.532033476658583,1.00118017507376,5876.09002814198,2823.55681204379
"sel_devs_fsh[321]",-0.05347761056583,-0.0575073840404874,0.314081968875448,0.309997814246487,-0.568676673108318,0.459978333898684,1.00021697454435,5558.12650479224,2876.71624489896
"sel_devs_fsh[322]",-0.0171785871241065,-0.0186201461366938,0.290277281622894,0.289101042006971,-0.497335912907363,0.453372578216758,1.00251122271785,5684.6215083311,3009.1197633463
"sel_devs_fsh[323]",0.0447788624655282,0.0429915328533677,0.30580288306243,0.307551195160167,-0.462695644258499,0.545649266614262,1.00047828922385,5320.04516834516,2918.09866584731
"sel_devs_fsh[324]",0.186760695825411,0.179562592545249,0.30493279691403,0.304170413719672,-0.311594409254356,0.69747595252271,0.999487979205025,5818.04737451599,3015.61331582754
"sel_devs_fsh[325]",0.519100945784955,0.517401224031445,0.287204377653076,0.279065245925403,0.0348599153397514,1.00214164990189,1.00040629337397,5477.5703687796,2855.59381816263
"sel_devs_fsh[326]",-0.342970921214624,-0.348705692756983,0.27162055557473,0.265601628092848,-0.789702008724217,0.113212198165551,1.00094714250203,5697.4475974059,2799.44362081742
"sel_devs_fsh[327]",-0.4033956666997,-0.403406633412492,0.277405344075708,0.276661596666276,-0.86156604092211,0.0543266942333867,0.999753291018439,6106.21407008394,3223.63795374201
"sel_devs_fsh[328]",0.247412633825315,0.245716260958644,0.257523145061402,0.257750424791105,-0.179835553204983,0.672121053142592,1.00018444891651,6303.75107790931,3326.97422486163
"sel_devs_fsh[329]",-0.205884264573111,-0.203182610440363,0.25340128481722,0.257056615058339,-0.630203080474707,0.208138003312367,1.00137510590541,5439.68359993469,3181.11533857144
"sel_devs_fsh[330]",0.00919030062345394,0.0116764972280214,0.278624720842582,0.278752017769521,-0.455282544291137,0.46294784779999,1.00052266847625,5582.58572880394,2667.37153312337
"sel_devs_fsh[331]",0.56392979472801,0.565120863463571,0.266802819625572,0.26046432244328,0.113327083262547,0.997706626691215,1.00133632268263,5172.77366850322,2684.33909300484
"sel_devs_fsh[332]",0.0499836607262111,0.0513345047597882,0.244984129719919,0.247129272250964,-0.345764023340686,0.459792426450522,1.00236497586755,5589.93091229524,2818.45114820824
"sel_devs_fsh[333]",-0.162974113781051,-0.163155053993651,0.244701994161893,0.245768811246819,-0.563386354882206,0.245622755755028,1.00058206227133,5695.62820299835,3073.41372409213
"sel_devs_fsh[334]",-0.111548073185545,-0.115421239725771,0.269432307735409,0.268218123183762,-0.547518708583207,0.336498797758141,1.00019356886722,5800.0243717248,3307.21737510549
"sel_devs_fsh[335]",0.243454571380993,0.247391032772359,0.254814578705412,0.256942603031988,-0.181991134301994,0.664509538204547,1.00134828535811,5737.45103736992,3193.82759484399
"sel_devs_fsh[336]",-0.0509425518005189,-0.0526356816349066,0.245745560695534,0.239213933239563,-0.455231439820454,0.345084983445422,1.00103070296096,5624.40185079003,3047.21516675063
"sel_devs_fsh[337]",-0.00289657410487239,-0.00158680366269525,0.24783200728955,0.248633359012618,-0.40690607959532,0.416638489982559,1.00086349935986,5553.51225488026,3038.4417873549
"sel_devs_fsh[338]",0.0334667506464315,0.0335232206131289,0.248116998203868,0.247509754086913,-0.383938289428876,0.440235525248435,1.00437593580398,4820.45260928273,2957.08635343716
"sel_devs_fsh[339]",-0.0777855673695732,-0.07611237448945,0.259940638919561,0.259230888571884,-0.5088486901412,0.345511810915573,1.00130661548397,6482.66424726508,3006.73133576667
"sel_devs_fsh[340]",-0.216243571262189,-0.215186446575476,0.287510743769733,0.283474061204752,-0.687068866105023,0.254403807656888,1.00179914522321,5907.85191451687,3153.25970154688
"sel_devs_fsh[341]",0.353501750212652,0.355398109067346,0.273097991198556,0.282357174534704,-0.0946407865454034,0.801616312325569,0.999889665375004,5296.31066226553,2941.58169046739
"sel_devs_fsh[342]",-0.022646266128418,-0.0209594162375822,0.253559691262308,0.251830513224771,-0.43666355431351,0.394481890997683,0.999898968547439,5399.92744420287,2708.76820746684
"sel_devs_fsh[343]",-0.573820994883805,-0.576972841377977,0.261266680797157,0.25539167486932,-1.00177082954038,-0.144800029484382,1.00181051827871,5143.65842236162,3119.89718786036
"sel_devs_fsh[344]",0.274684367193883,0.277853712574999,0.255112500652518,0.255414098334958,-0.144675299588363,0.692353672083281,1.00098572140911,5743.58928203861,3096.49658691416
"sel_devs_fsh[345]",-0.0671653475917159,-0.0735577768268719,0.247737684594695,0.252374810534126,-0.475581351548958,0.349858053697412,1.00090485485939,5379.08908054123,2788.95334795358
"sel_devs_fsh[346]",0.0357533815253539,0.0356192572560186,0.26059081266167,0.25035961651637,-0.398137538145746,0.46223225847878,1.00264463442878,5328.15964909876,2947.8519182105
"sel_devs_fsh[347]",0.331361805735789,0.331242921217164,0.269530748224205,0.268895497596782,-0.116430550148742,0.775751950121168,1.00501181284078,5448.51317189733,2758.59302773126
"sel_devs_fsh[348]",0.239102715214489,0.235370443351868,0.267001275814252,0.266124952175885,-0.213956721445498,0.677623088972197,1.00007162112474,6075.95277079289,3154.06457066966
"sel_devs_fsh[349]",0.107719804897573,0.111432876783232,0.267983010483987,0.267090723283874,-0.331618341038193,0.544914158808427,1.00092832962586,6351.7305248878,2565.94570363031
"sel_devs_fsh[350]",-0.563399386471987,-0.557178137845189,0.253697507477539,0.256944735070381,-0.979207992017893,-0.151946627681712,1.00103002691174,5874.26242079781,3211.26672004163
"sel_devs_fsh[351]",-0.527425395853858,-0.527236056784142,0.261089271135926,0.262468851147021,-0.95593902001394,-0.0927054049863818,1.00024085250612,5939.39440167271,2952.95200857901
"sel_devs_fsh[352]",-0.044571320097299,-0.0412857819355558,0.277271150299188,0.283871039167147,-0.503020022894949,0.405021058122094,1.00042863935721,5356.72209777197,3161.17336316041
"sel_devs_fsh[353]",0.233457892286142,0.233072143922794,0.294892898083454,0.294450735515723,-0.252225172453319,0.713830562562579,1.00031879729827,5092.22943392641,2972.23864375327
"sel_devs_fsh[354]",-0.169962246178182,-0.180283812960834,0.471528122422102,0.469891740552463,-0.939444854111567,0.612263609181147,1.00156342662026,3644.90024407391,3043.87174700708
"sel_devs_fsh[355]",-0.0351067625718135,-0.0309674904953125,0.32763689786075,0.33418063914073,-0.568949502632302,0.497518014282722,1.0014077901674,5265.50595203459,2913.67922498445
"sel_devs_fsh[356]",-0.0473834553887935,-0.0450984975968668,0.329869545386319,0.335129509375505,-0.584953965711049,0.499318103949362,1.001425091395,5880.67825475346,3166.15546280643
"sel_devs_fsh[357]",-0.0228864973199822,-0.017217203002829,0.341052131895173,0.355852178929195,-0.586770300584539,0.522594909157409,1.00043574976344,5097.37590030731,3087.42267112954
"sel_devs_fsh[358]",-0.0259503412177112,-0.0280942832348696,0.344825185848171,0.345060711324045,-0.585735567592206,0.546958994942017,1.00107459704014,5849.53841316933,3179.5986475381
"sel_devs_fsh[359]",0.0136881325255729,0.0157120415720427,0.340755822035726,0.338657747682381,-0.546237444368759,0.567229347523709,1.00094013395154,5939.55141425533,3042.62534463623
"sel_devs_fsh[360]",0.014305800073508,0.0124796793472939,0.340796694548918,0.34054960779365,-0.540900677687032,0.558177212381399,1.00134432665379,5421.49535090292,3112.53475710149
"sel_devs_fsh[361]",0.00714278687260543,0.0103823957494825,0.334863589296024,0.335024676369932,-0.545757653321895,0.554700998344487,1.00296333208062,6028.84023159265,3262.70617638219
"sel_devs_fsh[362]",0.0240474574997737,0.0264759797392717,0.334146043615074,0.320781080514312,-0.526963680394258,0.570838905132728,1.00042456551786,4968.66255201249,2752.15180512741
"sel_devs_fsh[363]",-0.0149195234473763,-0.0129113377096727,0.328868142164665,0.329224418334304,-0.557359330109202,0.531827887461831,0.999953639224593,5620.72213761666,2969.63323732401
"sel_devs_fsh[364]",0.0165552198175942,0.0179843102894963,0.331818199822952,0.330246632123191,-0.533373545215755,0.56092369337978,1.00145560930995,5262.67762064703,3038.04350883523
"sel_devs_fsh[365]",0.0305262590471809,0.0304460871832282,0.332676344218133,0.33464676221541,-0.525904941853254,0.575941758193381,1.00052583234809,5490.86476730884,2964.43057009461
"sel_devs_fsh[366]",0.0650844674779263,0.0637567985524876,0.331884429229149,0.332859562858241,-0.478577063299008,0.615225160413437,0.999909782497408,5488.05709544107,3051.51832409556
"sel_devs_fsh[367]",0.0861060383084743,0.0901226154586969,0.337552275857163,0.341801472617573,-0.473777407002014,0.63842982141857,1.00032247550328,5212.78159051472,2653.66546469624
"sel_devs_fsh[368]",0.132039935716617,0.134784162695827,0.327960000133528,0.332058090742876,-0.417796245268262,0.672184360095226,1.00179851365016,5286.5747343152,3158.779235411
"sel_devs_fsh[369]",0.1438651122162,0.144785176027532,0.323140201889023,0.323274988608217,-0.392746400944573,0.662180475941458,1.0013160197814,5468.35324113939,3062.07446579017
"sel_devs_fsh[370]",0.100816491044853,0.101258511770257,0.331085080304228,0.329616636243848,-0.444561120197322,0.646816619018015,1.00131888987868,5835.15439790543,3192.11296552633
"sel_devs_fsh[371]",0.0665769795751091,0.0671978952787263,0.324904583913884,0.327459938990627,-0.478669672786494,0.593865633733141,1.00208328936959,4926.49639234108,3154.68486490654
"sel_devs_fsh[372]",0.0419889642790102,0.0395862247351684,0.326439508405069,0.334758954447418,-0.489973616743639,0.574323906080978,1.00093848246559,5982.03210213067,3109.63159133206
"sel_devs_fsh[373]",0.0605439023460588,0.0611433322393781,0.322268414399362,0.318177009716232,-0.46389884325378,0.606371408655849,1.00247321379755,6333.51630633203,3187.09172551603
"sel_devs_fsh[374]",0.0524214415329976,0.052721869897687,0.316240157436971,0.31267310652597,-0.465727220714657,0.572133626606914,1.00191052967854,5768.35518912166,2778.20862295701
"sel_devs_fsh[375]",0.0404797324104318,0.0413654243999055,0.309829105341717,0.299065852426296,-0.470764813204561,0.547912940052542,1.00066742751374,5732.3663477956,2906.60629816586
"sel_devs_fsh[376]",-0.0968724337121349,-0.0933573179321927,0.308004247155732,0.310227030222806,-0.603122833130318,0.401061536862505,1.00025669088754,5316.72567289554,3213.71217925446
"sel_devs_fsh[377]",0.101390140831085,0.103185071252976,0.308788181614475,0.305123383604743,-0.393068169106538,0.601459898309348,1.0035519205607,6074.36759451568,2892.8893663916
"sel_devs_fsh[378]",0.1214978753218,0.12287266783787,0.308792259416,0.301533990645374,-0.395061501038466,0.628867869902267,0.999844315423865,5602.2847977784,2996.69685562797
"sel_devs_fsh[379]",-0.074858560555057,-0.0697556103738075,0.313920114431036,0.318395222438676,-0.59866562495186,0.432384070689122,0.999868288612034,5511.52925671238,3104.39244803765
"sel_devs_fsh[380]",0.17383396657173,0.173921619309306,0.293187832672941,0.29299312127733,-0.306523017425247,0.650520750737971,0.999717490631638,5479.8119894845,3031.83989487154
"sel_devs_fsh[381]",-0.0857828604543075,-0.0874923418218293,0.271555962073731,0.268816698392959,-0.530287740964547,0.362357423815053,1.00151148527378,5989.31782396777,3058.84261249635
"sel_devs_fsh[382]",0.0770107639890999,0.0759270339310297,0.287700280787039,0.291595414667857,-0.391967800347459,0.542816842071529,1.00065338869256,5327.55799018304,2970.9883733426
"sel_devs_fsh[383]",0.0658605932095171,0.0620624544938838,0.296993058251408,0.294794228310966,-0.421021154980646,0.558514412776509,1.00173213073088,5518.80813187584,3194.61399254803
"sel_devs_fsh[384]",0.171158209857176,0.174233471413093,0.305358051298761,0.306387311097789,-0.334964863398912,0.674844285603549,1.00140529071304,5182.05868928408,2942.12357589099
"sel_devs_fsh[385]",0.296504125650487,0.293696336855177,0.283250546081746,0.278286095171011,-0.175960463152623,0.763071736965937,1.0017979642597,6002.41150949241,2966.25960892272
"sel_devs_fsh[386]",-0.399023799105047,-0.405673183509328,0.268073820241613,0.274265894370424,-0.841028991563048,0.0491533013807933,1.00380175837721,5665.00169307773,2757.42729424913
"sel_devs_fsh[387]",-0.199163358983058,-0.204126244703611,0.267204549651053,0.269249472600924,-0.632084327134793,0.240809294055658,1.00376680350045,5868.08223700557,2783.83706552834
"sel_devs_fsh[388]",0.224285465943748,0.222706620024353,0.254331028282471,0.257781676708639,-0.184483848247015,0.64297297808694,0.999983645913583,5245.12201094778,3040.65846109073
"sel_devs_fsh[389]",-0.0285649655091306,-0.0272072780980673,0.257895515442765,0.252440675935655,-0.457036955291822,0.394512371922116,1.00185136887013,5953.71685255476,3014.62189298625
"sel_devs_fsh[390]",0.130314811727324,0.13131075193897,0.271523355443662,0.27343729180578,-0.321817578891092,0.581278483799116,1.00283506767992,5590.45179159332,3040.55539148516
"sel_devs_fsh[391]",0.0788011701044358,0.0746046256731392,0.265979962800986,0.263133396270861,-0.366096855312187,0.517117950783438,1.00233111161845,5823.0648384284,2960.38618642476
"sel_devs_fsh[392]",0.0262641541597097,0.0271207323401284,0.254586489021004,0.250056049054059,-0.40202709326387,0.448578370161659,0.99966655486594,5684.59850864235,3057.14153154664
"sel_devs_fsh[393]",-0.0308457740242807,-0.0310552861640748,0.275665266004253,0.274677050713057,-0.476091134886383,0.422390884747948,1.00026004140274,5983.5809651573,3080.09087402075
"sel_devs_fsh[394]",-0.0916335935080106,-0.0948185777727204,0.268715883708282,0.271385705590057,-0.538052518481907,0.345818866109241,1.00218823025238,6146.80063945268,2945.81971393957
"sel_devs_fsh[395]",-0.0587278701246084,-0.0597222182010717,0.257051416808307,0.246535633896078,-0.474871733546384,0.363063489286518,1.00103029308077,5674.01316825075,2729.32572684207
"sel_devs_fsh[396]",0.0392661628359104,0.0380031876806331,0.258648030597738,0.262428330779265,-0.378543134325199,0.462137227029333,1.00014966248025,5932.38433056796,3222.94124821898
"sel_devs_fsh[397]",0.0505315957728561,0.0514886277370527,0.252311850675734,0.24888723244318,-0.362221686388954,0.455200631228096,1.00190995200139,5003.9947725054,2987.82936590427
"sel_devs_fsh[398]",-0.0502091486619295,-0.0525680241670304,0.255167560414084,0.254961717249747,-0.47299630756211,0.367348542589585,1.00054839472536,6230.19775522264,3353.168800662
"sel_devs_fsh[399]",-0.0633816492565755,-0.0589931371812642,0.28343153264379,0.284782469754087,-0.534471772512901,0.386122097983357,1.00113101789349,6008.46007575176,2767.25979930359
"sel_devs_fsh[400]",0.14660785474458,0.145479128585216,0.281327321105846,0.281077160700794,-0.311741523849177,0.614010876302338,1.00191234257371,5394.76602174912,3018.16064622273
"sel_devs_fsh[401]",0.0305554920326549,0.0288147519112777,0.273833160380388,0.268748231812719,-0.421696337034991,0.478875937645289,1.00064745220996,4717.78180142316,2969.80458755534
"sel_devs_fsh[402]",-0.158440806338395,-0.159567513028554,0.265425058846177,0.265924891351667,-0.586853924671885,0.289401410255089,1.00106537489946,5949.63198158485,3163.67926106311
"sel_devs_fsh[403]",0.146944978574864,0.146489104452081,0.269853816247555,0.271098583209478,-0.294317446033095,0.584580919285495,0.999938525338583,5577.2043079734,3333.27066615954
"sel_devs_fsh[404]",-0.153150657708533,-0.150682500128714,0.257233815390186,0.258816804520922,-0.575363860577599,0.267053869347503,1.00149217749601,5886.21762572773,2987.07638066775
"sel_devs_fsh[405]",-0.014513886495957,-0.0179909325986015,0.250649485582693,0.244637766717233,-0.425930391357636,0.404730573291342,1.00100240837775,4747.01543359957,3240.65388496714
"sel_devs_fsh[406]",0.18000863376765,0.179114026269494,0.275270207324332,0.277031841874607,-0.267022486737158,0.637803708964794,0.999844219546332,5600.51048114877,3077.88622717301
"sel_devs_fsh[407]",0.0982750362233746,0.100831662776123,0.282653502054007,0.284557169324278,-0.373078084491204,0.568621157698364,1.00087873886008,5490.16478799436,3093.92685311476
"sel_devs_fsh[408]",0.540229932454022,0.537955983409174,0.285274811418198,0.279947943000114,0.0788533702034026,1.02251719864115,1.00189467800898,5560.27896957134,3006.93506234576
"sel_devs_fsh[409]",-0.670502871575914,-0.67293478849844,0.258504483138346,0.256432065601404,-1.0987056647848,-0.253505592454261,1.00117207654678,5611.57402974183,3147.36664973502
"sel_devs_fsh[410]",-0.200606481813409,-0.201722839588692,0.251957140141348,0.252332029781276,-0.621338787368864,0.202725053256609,1.00207452166622,5759.7007043659,2806.35420629723
"sel_devs_fsh[411]",-0.200705523483733,-0.203778542302285,0.27791001016691,0.27913714681436,-0.654334953558477,0.257951218938234,1.00073700226405,5530.5782527431,2774.84642258389
"sel_devs_fsh[412]",-0.30125971538304,-0.304845710157276,0.298935109798517,0.292196327422169,-0.794661851654556,0.205403009634607,1.0011248833578,5526.96246379487,3055.48944698042
"sel_devs_fsh[413]",0.0519179492051512,0.0494171489319659,0.419090055705021,0.420282334435438,-0.636597975208364,0.744245343875593,1.00030558617267,4785.8154955122,2623.45362841714
"sel_devs_fsh[414]",-0.0280228873387306,-0.0301257262553923,0.318103225275299,0.310829092143965,-0.552399610276725,0.499995912292104,1.00207079774622,5347.23212811161,3014.65956092043
"sel_devs_fsh[415]",-0.0106323094941092,-0.00931364950434663,0.329790779132333,0.326268571676822,-0.544292734045255,0.52876044502794,1.00092886014451,6130.21723875127,3065.88714064896
"sel_devs_fsh[416]",-0.0148119087892375,-0.0159963274408616,0.327139398241999,0.328874602743706,-0.54863443035302,0.531313712249054,1.00034721038807,5015.3248139551,3168.55737115472
"sel_devs_fsh[417]",-0.00284917897725998,-0.00192345981699405,0.333092288001722,0.337590565571864,-0.551451074281689,0.550390652848939,1.00115683417336,5058.35132682424,2742.64540423912
"sel_devs_fsh[418]",0.0259738470088952,0.0237847367361536,0.333518584529626,0.328251743800691,-0.51109872160588,0.583018421991046,1.00032677009357,5806.51599610549,3074.55515876736
"sel_devs_fsh[419]",0.0332855030936067,0.0339427653653918,0.328881888702475,0.333193063635284,-0.502037707381082,0.570949434930437,1.00044357453609,5493.38044784865,2932.20521549133
"sel_devs_fsh[420]",-0.00395994180505301,-0.00218812414129288,0.329740675173628,0.330615063185095,-0.549756835227317,0.538980897292651,1.00187974115041,5928.11001586433,2843.40433646572
"sel_devs_fsh[421]",0.0114951691048586,0.00731612647161391,0.326145626110436,0.325349481572562,-0.520649055233605,0.553623341979992,1.00248723363198,5649.51970637586,3030.92043736234
"sel_devs_fsh[422]",-0.0181064056978754,-0.0185896396167469,0.33584626306347,0.340505975045109,-0.554365673671997,0.526765149105807,1.00315227075701,5428.17351551154,2111.56461865451
"sel_devs_fsh[423]",0.0206140779073718,0.0214709242563636,0.330901928773007,0.328460119538976,-0.539029425335624,0.563538232623848,1.00069051967884,5842.40534185549,3060.25981505618
"sel_devs_fsh[424]",0.0338854154333715,0.0340813123961765,0.332842495476049,0.338413623577313,-0.514154340462796,0.584831889008913,1.00225832420593,5701.87197800715,2654.78827508098
"sel_devs_fsh[425]",0.0557471024476404,0.0623667310434838,0.329342687558281,0.332989963967764,-0.49742075106518,0.586956304222225,1.00129593634466,5600.76854552303,3115.74871143145
"sel_devs_fsh[426]",0.081049460674552,0.0804347656361412,0.332955991583816,0.329637969453926,-0.475914683045364,0.641018725591059,1.00008908084575,5588.65802740022,3215.14443323718
"sel_devs_fsh[427]",0.119079869994692,0.120213533470302,0.328796867044066,0.327824699682745,-0.417397055103086,0.666625893826235,1.00051498768973,5599.32486227724,3090.20607310995
"sel_devs_fsh[428]",0.120293453347415,0.115030049380613,0.328712991439949,0.330922235400909,-0.421096585647286,0.660164377751546,1.00135737689804,6296.76709855643,2829.14484036851
"sel_devs_fsh[429]",0.110290915805254,0.109739085167866,0.339417243104247,0.345609020824872,-0.450870291848862,0.658161523152198,1.00004616645291,6247.36577156328,2853.58500432418
"sel_devs_fsh[430]",0.0787939493799217,0.0790946716539973,0.328540524405565,0.329096653122148,-0.460358355495035,0.614433818553268,0.999451714539958,5216.94498518554,3213.27669370488
"sel_devs_fsh[431]",0.043041205652812,0.0411474703154335,0.331722858550974,0.329932495429287,-0.512524008964771,0.582884164931738,1.00084487269898,5669.86438384071,2924.99935200726
"sel_devs_fsh[432]",0.0337644629347958,0.0294565904729513,0.32949079050974,0.32952878559166,-0.502811029038022,0.572945068836985,1.00105925422446,6219.2914247149,2756.76704015757
"sel_devs_fsh[433]",0.0439586119434706,0.0495633602991963,0.336168784437099,0.338402623289773,-0.511088821259774,0.586642395171468,1.00073173634519,5870.60786599982,2879.25972504452
"sel_devs_fsh[434]",-0.0511385156245055,-0.0574111069063502,0.324149736600583,0.319167536167587,-0.579458592333215,0.491952607035925,1.00023842657874,5213.69911560156,2835.80283315585
"sel_devs_fsh[435]",0.111748106319573,0.106047716304268,0.316718597939552,0.313196058003734,-0.40964658855523,0.63600778749875,1.00223203879625,5510.28173988945,2897.20165676627
"sel_devs_fsh[436]",-0.091280997440909,-0.0844642537027037,0.318058179183388,0.319532818105715,-0.619990715736739,0.431652028635626,1.00117727722932,5119.24627535364,3045.05318311662
"sel_devs_fsh[437]",0.127674064282182,0.127080728110026,0.32141211258543,0.329656437369292,-0.394442550942897,0.650782365179509,1.00186720598057,5869.98917364923,3319.38475168989
"sel_devs_fsh[438]",0.0787694377539464,0.0827703148946496,0.314070269810848,0.316438171873391,-0.438912656314778,0.588922451724561,0.999390303176337,6141.15516376494,2981.65453693983
"sel_devs_fsh[439]",-0.0949149401602719,-0.0968534803938765,0.290838722602465,0.300641477260892,-0.571897495591742,0.383078048498669,1.00121496813411,5488.23590350536,3177.1670966972
"sel_devs_fsh[440]",0.248523274226768,0.249362393644867,0.291956313982196,0.284247668438367,-0.227382652891479,0.721433574299909,1.0002314355091,5887.10610633026,3161.89316583834
"sel_devs_fsh[441]",0.036123309896561,0.0351745153541443,0.297797194699104,0.29455731471892,-0.451709596977892,0.535213310868796,1.00149235420831,5419.52258657617,3126.91497381579
"sel_devs_fsh[442]",-0.0165596918163766,-0.0160365931213317,0.303771866240097,0.304162990852437,-0.517212032004407,0.49247171268141,0.999696177559749,5284.93375544889,3200.87051374647
"sel_devs_fsh[443]",0.217490874066699,0.211621885357796,0.317118020538756,0.327018897620654,-0.29676443500118,0.738176876380166,1.00058696912134,5270.6263920739,2762.67254546587
"sel_devs_fsh[444]",0.361421160185185,0.36189294275456,0.305075678541937,0.308247425834497,-0.138803233547089,0.859514006984212,1.00305734577291,5267.12551999478,2808.28599070132
"sel_devs_fsh[445]",-0.340282227284879,-0.343161991215583,0.285014574950893,0.285068310723385,-0.805788387962371,0.128187156853811,1.00156022588763,5970.37719034287,3045.60057890388
"sel_devs_fsh[446]",-0.102266952080403,-0.0983997715381058,0.271480050108097,0.264182208115469,-0.547222998226548,0.355630174530909,1.00131115194665,5310.31229221564,2914.2026210956
"sel_devs_fsh[447]",-0.108926868108517,-0.110847256355672,0.270012823090635,0.267271663370503,-0.553641366548131,0.33043736336319,1.00058448876548,5130.29653725672,3013.96331068884
"sel_devs_fsh[448]",0.276346256843087,0.272284273983589,0.267234606303814,0.262316965676305,-0.160179977961832,0.716726014634015,1.00189762711418,5786.08693963834,2935.72746827017
"sel_devs_fsh[449]",-0.0986697543297183,-0.0990388541340357,0.266993553018399,0.256782683230713,-0.5407610218111,0.35007490576796,1.00381927246138,5823.49984799312,3235.38871756769
"sel_devs_fsh[450]",0.0694594302455662,0.0706550419626009,0.274855280633144,0.270041845239064,-0.389305035249209,0.522435536239429,1.00087995466413,5607.77900540297,2882.14687890028
"sel_devs_fsh[451]",0.0472069765003286,0.0407509687824508,0.270735712151623,0.26593628898247,-0.393463754283513,0.509308498428522,0.999708724024473,6051.85952801543,2923.6158195805
"sel_devs_fsh[452]",0.0202449966570987,0.0160062380413318,0.282900819666623,0.278081990383195,-0.449555568034894,0.490581077829957,1.00113577487251,5673.2969415057,2675.53473636014
"sel_devs_fsh[453]",-0.208555341673015,-0.209576351943069,0.276110153998136,0.282177556017007,-0.660130821189985,0.237820331999171,1.00063781555013,5929.12588046963,2941.11530700487
"sel_devs_fsh[454]",-0.0128221111839662,-0.015647460317125,0.285623135594524,0.280593387554614,-0.492954533596287,0.466609951405273,1.00097331844214,6379.49641915076,2917.53055742777
"sel_devs_fsh[455]",-0.0974027819231471,-0.0994739529360505,0.277242544089172,0.282832508632872,-0.547264147611173,0.367269433999515,1.00120465246654,5651.54451311484,3012.38996905166
"sel_devs_fsh[456]",0.134860561959339,0.132275731817378,0.262798976440593,0.26467018397476,-0.295794916573598,0.561485820701509,1.00110701815512,4941.91266347778,2923.8604275562
"sel_devs_fsh[457]",-0.00477501963863537,-0.00810951616927989,0.268387707031358,0.272700121285848,-0.429692432462438,0.448678965688914,1.00039990921487,6393.94923440713,3025.36648896835
"sel_devs_fsh[458]",0.0773575499696835,0.0733443691059357,0.278617947542538,0.269782484854807,-0.375816561755666,0.533416545777367,1.00067450509859,6068.0921007993,3366.4978843725
"sel_devs_fsh[459]",0.0336134011578106,0.0383328641214983,0.294392779485772,0.293894016543112,-0.456163024922947,0.515357259528377,0.999678164042335,5491.9187860335,3238.00334176388
"sel_devs_fsh[460]",0.051918603550868,0.0476429164830527,0.29928169425996,0.300607847406493,-0.445654538832033,0.551241824162204,1.00321997573343,5811.84911016986,2851.14096049806
"sel_devs_fsh[461]",0.0506208148658145,0.0489082342849263,0.297115986851558,0.28998285043928,-0.430532232094733,0.541545329252376,1.00046504677041,6165.13141005997,3185.72460618632
"sel_devs_fsh[462]",-0.118585961455769,-0.122162574581502,0.289157875922092,0.287615458585625,-0.592541432185393,0.353638893445562,1.00320331731949,5989.40539156456,2627.0163101967
"sel_devs_fsh[463]",-0.10829330700445,-0.111235534852043,0.274742167189494,0.268606216593982,-0.564367557465286,0.337197600366477,1.00048598378481,5774.40128720609,3219.27997689721
"sel_devs_fsh[464]",0.216439569822657,0.219121443910399,0.267949984911189,0.263867275813083,-0.21915915158255,0.655418456171494,1.00113148746971,5692.56629141417,2849.65280689701
"sel_devs_fsh[465]",-0.0364387011355853,-0.0322435910753908,0.268835799041411,0.266242856154998,-0.478921579011129,0.395729839515277,1.00019324941741,5556.45225272593,2515.77957794415
"sel_devs_fsh[466]",0.109771685466297,0.115838871013804,0.287130098806794,0.285122000808874,-0.36355081626458,0.57825878051205,0.999811421478554,5738.94029197461,3027.03854484106
"sel_devs_fsh[467]",0.250358616874414,0.249422503537477,0.301052730947394,0.304478856990873,-0.239476602346547,0.752407959339542,1.00092234013747,5723.64854338146,2700.55368929205
"sel_devs_fsh[468]",-0.661393493502959,-0.659263510943584,0.302116137980812,0.303218301318006,-1.16186974462977,-0.172032005483004,1.00123674393244,6059.1701615329,3268.65396751233
"sel_devs_fsh[469]",0.1597899200719,0.160249559820209,0.267977783555174,0.267727526252375,-0.278116285462318,0.609964406799381,1.00006300206393,5761.7762316477,3248.64959870693
"sel_devs_fsh[470]",-0.0477581556699395,-0.0491167396970302,0.268769288196083,0.262196713776499,-0.48418785911345,0.390137978595954,1.0003495810235,5717.41142425122,3197.03560917106
"sel_devs_fsh[471]",-0.305619177440264,-0.301367009767197,0.295774372376247,0.294295059689007,-0.789790091096324,0.189208085345319,1.00001733348166,5367.94492743323,3008.65469972816
"sel_devs_fsh[472]",-0.145101853490489,-0.14211336821319,0.410567016976976,0.413932416641628,-0.814018065868081,0.54028322877562,1.00278499144265,5282.96346987652,3073.24922978657
"sel_devs_fsh[473]",-0.00841177905818651,-0.0129534662925084,0.314176866905571,0.309121980287529,-0.523972960515191,0.512192748389751,1.00057313694941,5437.83810902363,2508.276120757
"sel_devs_fsh[474]",0.00269134496675444,0.00259969818340393,0.330554889190897,0.335452904069886,-0.540505707050462,0.530623498510748,1.00299978546396,5538.47125133193,3218.0144175212
"sel_devs_fsh[475]",0.000721243986557236,-0.00257930534908021,0.33364480145038,0.333917818139583,-0.546634979265233,0.549614164713423,1.00112599071019,5077.15060466711,2639.57360034405
"sel_devs_fsh[476]",0.00878884391640659,0.0083839287748004,0.336153703030945,0.333376205446046,-0.545006040831232,0.570256652118118,0.999519166228201,5800.80022904291,3050.89820464849
"sel_devs_fsh[477]",0.033187741330707,0.0333540822896617,0.340401272793401,0.342550338667105,-0.514379010274242,0.591193705307572,1.00045110778244,5051.49176451727,2965.97379376358
"sel_devs_fsh[478]",0.037544267527016,0.0372574970750091,0.325069920000339,0.327806149471238,-0.505244321584493,0.570306765100979,0.999810365252805,4852.67722945462,2960.74357215087
"sel_devs_fsh[479]",-0.010194622577915,-0.0148778185295439,0.330899579337807,0.32165817819135,-0.547452033449176,0.543409532399557,1.00086942783517,5892.2327334516,3347.20328923557
"sel_devs_fsh[480]",0.00234783404226275,-0.00682182534174711,0.328114553584731,0.329818091303738,-0.523049379664516,0.548527332116824,1.00057398210097,5627.8099709322,2886.3890820198
"sel_devs_fsh[481]",-0.0168746746419159,-0.0162638908444991,0.322754448679776,0.32435937031072,-0.542397210837404,0.510436570326508,1.00241253428645,5663.94487799889,3018.42635281274
"sel_devs_fsh[482]",0.0236270718211362,0.0197695138370991,0.320231299149382,0.309740780610344,-0.493299051546679,0.551533703323069,1.00007997103927,5946.89363820365,3249.4286458582
"sel_devs_fsh[483]",0.0347134349644617,0.0371417798852501,0.328821186984609,0.330579588331837,-0.510871385598948,0.577053808150946,1.00036604603559,5498.39310894097,2943.52882722498
"sel_devs_fsh[484]",0.0597125533534444,0.0663629707478004,0.34088568337865,0.336653191774577,-0.507678616342385,0.609184953717632,1.0000969296624,6154.0648697181,3306.28929085027
"sel_devs_fsh[485]",0.0699297524507033,0.0627703960993577,0.340664824489979,0.345377624674913,-0.48639097569595,0.631830892775854,1.00079439452278,5256.73465961343,3191.33909112597
"sel_devs_fsh[486]",0.118195791551962,0.120203502100885,0.325874536847657,0.331616108384748,-0.418926977749893,0.64422455961662,1.00131814252118,4943.57921836092,3109.05718267406
"sel_devs_fsh[487]",0.0978041810380856,0.0984825019234598,0.318112326259615,0.31834433606812,-0.422422770678881,0.626502147877678,0.999735575180597,6387.44576069297,2918.83803824313
"sel_devs_fsh[488]",0.104207986785321,0.104473626633165,0.33237249252524,0.335374597212774,-0.443792350202304,0.658645429904143,0.999938074093775,5544.14903497242,3327.24358646387
"sel_devs_fsh[489]",0.090070546014511,0.0903517649893107,0.324272711480498,0.330087703890151,-0.445338573637339,0.620400190453373,1.00114588888178,5403.57364123487,3138.05952661729
"sel_devs_fsh[490]",0.0564700410935342,0.0518500707247883,0.32350771511526,0.317176509411986,-0.473898212435258,0.595372912095381,0.999862035160053,5554.55675168568,2835.31937837518
"sel_devs_fsh[491]",0.0302574943786352,0.0335052677846643,0.335716369429482,0.340428249913793,-0.518318081989738,0.582427505457305,1.00224301912159,5660.34533494904,2920.66585937979
"sel_devs_fsh[492]",0.0191620019710274,0.0209627302407801,0.314579902112848,0.313575280347862,-0.487259846269841,0.532819521878632,1.00225737233943,4806.57326597527,3099.15651627315
"sel_devs_fsh[493]",0.0228881725104966,0.0176004274276852,0.329010949868335,0.335009791513279,-0.517183482388026,0.557591574812483,0.999618815826596,5819.26571332695,2933.58478984105
"sel_devs_fsh[494]",0.112874628132786,0.111261947733203,0.317148599081895,0.303636203280008,-0.407104930037061,0.642169123909639,1.00108912412502,6362.47096904203,3063.97146738075
"sel_devs_fsh[495]",-0.0863565871411919,-0.0840420560266641,0.316675287327762,0.31641438052217,-0.587760032825434,0.427446825982561,1.00194031367408,5648.86386610138,3083.1943457637
"sel_devs_fsh[496]",-0.0342210722835836,-0.0323573178756749,0.322198054137117,0.32912455959551,-0.569055302505446,0.486858954580814,1.00159229548545,5530.82644640405,3018.96162747926
"sel_devs_fsh[497]",0.109603475119023,0.109885226189425,0.315705775178564,0.310064755613402,-0.405618942873911,0.640085016955591,1.00078284185211,5719.53290040068,3120.73160776634
"sel_devs_fsh[498]",0.197106132112888,0.198341612368649,0.301411427298929,0.302480175633976,-0.314587885919654,0.689684783475649,1.00002698854759,5527.08331018381,2545.86304995112
"sel_devs_fsh[499]",0.0845156941834866,0.083897050894218,0.290100700584917,0.29484029195738,-0.402771895716443,0.56064308924063,1.00107259671522,5980.03560812048,3065.38090012779
"sel_devs_fsh[500]",-0.00886082714021677,-0.0081448501750012,0.294257823302538,0.297401544250065,-0.490649272024827,0.471974004190627,1.00085713966433,5464.68971159238,2981.68051046859
"sel_devs_fsh[501]",-0.0576736415636856,-0.059052760869857,0.301162971573901,0.309008584929358,-0.543868725701987,0.422665532807093,1.00241924143439,5792.49977656728,3347.88906656425
"sel_devs_fsh[502]",0.132222141367785,0.137455863957823,0.315784984240879,0.31178661023088,-0.386319149404981,0.648956407742983,1.00041364123238,5269.41646895815,2918.4504434363
"sel_devs_fsh[503]",0.237036414263646,0.234635345114013,0.317296757788238,0.322205630809832,-0.283307675741228,0.759555786672252,1.00040517489697,5430.67381520602,3008.7359381116
"sel_devs_fsh[504]",0.0492028249441791,0.045630939247853,0.311809916653221,0.308428257122364,-0.458398618369173,0.577688228241402,1.00345961222476,5314.77224864951,2741.70850334808
"sel_devs_fsh[505]",-0.0936814654001567,-0.0903554330149016,0.281649193600608,0.279174401550891,-0.552640511925057,0.35454176379968,1.00033297122932,5902.89392087782,3289.93800402202
"sel_devs_fsh[506]",-0.29999615532558,-0.299125331546089,0.275602280479484,0.278969908439365,-0.758677124084976,0.148706888684979,1.00003050466221,5180.81580918591,3142.17988317082
"sel_devs_fsh[507]",-0.022384197396112,-0.0214769478077219,0.28709790142722,0.293569948600757,-0.491793788859339,0.436937375789078,1.00117545595186,5333.69366935729,3208.39846895376
"sel_devs_fsh[508]",0.0805799114309188,0.0794392939274442,0.276093159524606,0.269186526538343,-0.384124628600835,0.535534005725446,1.00418229414039,5561.01778538017,2804.74589245897
"sel_devs_fsh[509]",0.08154520145112,0.0820004063149633,0.275883302091741,0.270460741054156,-0.372498604621025,0.540941735020113,1.00145382813234,4850.3913835149,3125.20187298906
"sel_devs_fsh[510]",0.0112144700559098,0.00860212828754425,0.280125747280234,0.289194530691134,-0.442383731330808,0.477133049885326,0.999976826483276,5769.6763776547,3264.73342044687
"sel_devs_fsh[511]",0.0522204954967424,0.048901185281128,0.310103472281791,0.303599591543025,-0.465731558721304,0.575136574043912,0.999714486025893,5569.92443690799,2838.50161244807
"sel_devs_fsh[512]",-0.0519451996877318,-0.0503875135952236,0.287637483728341,0.284237693054244,-0.512725705176572,0.424180803937335,1.00096478238561,5060.39762998533,2810.38605893608
"sel_devs_fsh[513]",-0.110985142355839,-0.112097775814493,0.291494735964294,0.301788265104247,-0.595261190393807,0.364277660698632,1.00183737799269,5153.74444803412,2985.70432549043
"sel_devs_fsh[514]",-0.0469834739835165,-0.0473807733393019,0.289775216116934,0.283479527821084,-0.5309679108187,0.443794572617461,1.00052718034681,6121.12202298175,2979.8184725118
"sel_devs_fsh[515]",0.165295839521417,0.166120617437551,0.288112522024287,0.29317789610067,-0.305593918937872,0.628005916457457,1.00011773713807,4996.69316914728,2940.33518962328
"sel_devs_fsh[516]",-0.0168557025294312,-0.0208684994750829,0.285403799719843,0.285536212733246,-0.481652595459717,0.455321595759812,1.00021149169803,6023.31324037904,2756.77886174695
"sel_devs_fsh[517]",0.0979819365420088,0.103495514635243,0.288225054015819,0.291690310307281,-0.385429820672621,0.570718080062599,1.00085921159319,6246.2612883064,2710.71196220913
"sel_devs_fsh[518]",0.0247365065486868,0.0324303981337573,0.284961507472409,0.284555341223525,-0.455707480190961,0.489921566036085,1.00051333590256,5787.52542106296,3335.16320313955
"sel_devs_fsh[519]",0.0154846994072189,0.00973459617391798,0.302815693131584,0.305952523267064,-0.475091987213584,0.496168351224642,1.00104727896295,5352.46302378533,2719.61342751619
"sel_devs_fsh[520]",0.120008755821792,0.11643530669514,0.307652736124594,0.297713907072718,-0.391185788021282,0.626338382341752,1.0003106594397,5412.09857215284,2865.63479226577
"sel_devs_fsh[521]",-0.10351263937021,-0.106793937902632,0.3103827744533,0.304828762709857,-0.626314478466299,0.408668409412755,1.00068969455878,5647.38261304497,2927.02671854593
"sel_devs_fsh[522]",-0.128492471242594,-0.128061271373839,0.29568644768523,0.29513774028511,-0.613943876954504,0.366573307306896,0.999989097700677,6015.02779803292,3300.80678036408
"sel_devs_fsh[523]",0.0538995883213695,0.0553259708437927,0.299494974563148,0.304849285290478,-0.446138061167276,0.535918181870251,1.00075169652196,4807.83081172533,2804.9480693758
"sel_devs_fsh[524]",0.0951421725076452,0.100677473102513,0.289454969375888,0.291658410747296,-0.374399145160887,0.558805100302975,1.00179355673566,5601.12892000591,3154.04217904593
"sel_devs_fsh[525]",0.00949566063832871,0.0155688564274849,0.291564199863241,0.291504620941826,-0.476473615438522,0.49458063323712,1.00085914996174,5851.2978110633,3068.08561194085
"sel_devs_fsh[526]",0.166769654663609,0.168004368520044,0.31320395188434,0.311809035790263,-0.356446877575075,0.681247590340943,1.00026942205354,5429.34004560309,2899.13553577005
"sel_devs_fsh[527]",-0.37400666802915,-0.377749075107411,0.329089988006723,0.328346488932262,-0.910860634506437,0.176104424635953,1.00151778990653,5861.33217153087,3131.03987762636
"sel_devs_fsh[528]",-0.163009536605771,-0.161487362116397,0.288610605333057,0.289435052656026,-0.634105902817353,0.304573465486141,1.00106559865277,5973.66962041505,3485.23438847253
"sel_devs_fsh[529]",-0.0797656785825752,-0.0763004637478173,0.27874286500008,0.276508031745581,-0.542720323950138,0.37597130360284,1.00023357844733,5485.98931178474,2856.13214266268
"sel_devs_fsh[530]",-0.0113706495903527,-0.0135540527181851,0.286172345046972,0.287724643295114,-0.489631491740413,0.462471987676849,1.00086624379714,4681.36095590594,3051.54954893647
"sel_devs_fsh[531]",-0.161082889633233,-0.160942771052034,0.404392631742495,0.405923826156625,-0.8232189559717,0.503024630646126,1.00217580413042,5268.9824717927,2968.64806467192
"sel_devs_fsh[532]",0.00550064170433502,0.00539424441203999,0.31802360882891,0.308368960821242,-0.524192847873662,0.53645260980761,1.00002994652157,5257.15343296922,2897.24885174808
"sel_devs_fsh[533]",0.00624142482120266,0.00386011566193095,0.324056332998158,0.322147868369479,-0.516127456670718,0.542162075319954,1.00138074508798,5481.0842574662,2981.37749674855
"sel_devs_fsh[534]",0.00967553179032512,0.0111297356340546,0.33303094795976,0.334560055001481,-0.534205591345797,0.553758279677141,1.0024337467838,6013.41039264257,2789.63900471547
"sel_devs_fsh[535]",0.021809059095403,0.0245337276818393,0.335592027775388,0.33539873605141,-0.52279224851345,0.574664932321161,0.999914425624816,6050.953911083,2985.33342189781
"sel_devs_fsh[536]",0.0481619825061875,0.0495314157218624,0.336269524134742,0.329804701056297,-0.516287492813199,0.603417430939544,1.00222638135016,5273.06926098761,2572.56327957238
"sel_devs_fsh[537]",0.0348866757851274,0.0328228258124045,0.33327714312865,0.331475083924642,-0.497659180011282,0.589028268817424,1.00018988490654,5804.51478399529,3412.35836222914
"sel_devs_fsh[538]",-0.0133233779011819,-0.0156332908144816,0.342395910966374,0.337051426456661,-0.568628134229506,0.56457158122175,1.00206501816086,5129.58365862085,2734.37889868954
"sel_devs_fsh[539]",-0.0159254096643351,-0.0153989727491906,0.318360542451046,0.324059826369395,-0.546722754300822,0.507714624667196,1.00015977915985,5517.04813844189,2973.33421255429
"sel_devs_fsh[540]",-0.0136007342203178,-0.00855424690419674,0.328573048268383,0.341114972442825,-0.548995376974402,0.527233058491596,1.0004746287959,5441.90098328272,2986.53169848233
"sel_devs_fsh[541]",0.0289097748867911,0.0366930123856618,0.326339176403235,0.322232519161276,-0.505044144433486,0.540911593152164,1.0014640191763,5410.51484466247,3038.74943439443
"sel_devs_fsh[542]",0.0343898182157201,0.0364695868563438,0.330757372574775,0.327361270511553,-0.505223841218187,0.574897375307359,1.00106950238464,5830.46674908079,3267.44460706353
"sel_devs_fsh[543]",0.06609936646076,0.0704797764378229,0.33576862347496,0.339094800459146,-0.475436471467964,0.596739150027115,1.00262785850954,4898.32187151347,3174.93406741747
"sel_devs_fsh[544]",0.070840340817493,0.0708482390305622,0.329830692585687,0.328169894167397,-0.464401441412767,0.618737949695459,0.999762244683625,6122.74290655789,2981.2863433304
"sel_devs_fsh[545]",0.100552313752256,0.0957431800943979,0.336332985409074,0.343844530562571,-0.450623495872447,0.66006338992128,1.00046615108271,5562.17486696692,3005.39584353243
"sel_devs_fsh[546]",0.0948687080435134,0.093369855523122,0.339425518244098,0.345319441554626,-0.459299873322807,0.653508753228949,1.00094761126949,5988.27014838853,2950.44941280512
"sel_devs_fsh[547]",0.0913405542554295,0.0927438971468809,0.343398596751996,0.330511423391513,-0.476333078414368,0.643028507999429,1.00108638500429,5386.13154397428,2894.54632523417
"sel_devs_fsh[548]",0.0836516218407343,0.079450712680777,0.33871751932874,0.343828405563187,-0.467408916167866,0.649628049731063,1.00017863413576,5857.90523172618,2925.33280502262
"sel_devs_fsh[549]",0.070056748774357,0.0652026722905424,0.330440898909615,0.320413077097815,-0.475987744698332,0.620515286234664,1.00019114269874,5772.76969493371,2801.99402973648
"sel_devs_fsh[550]",0.0323461790248554,0.0388147811762068,0.337630378574592,0.34540742434112,-0.525712566969455,0.584493082994648,1.00129032291902,5740.04305996074,2993.91169956475
"sel_devs_fsh[551]",0.0356422629697868,0.0377698782878321,0.331721393269593,0.328792483501981,-0.504344588305719,0.572577946157778,0.999884510858459,5318.0094037366,2873.64717357477
"sel_devs_fsh[552]",0.00502992375881961,0.00330568476829426,0.329537027704983,0.331839367591444,-0.53594451102738,0.541686836616416,1.00074065829151,6119.102467766,2933.10740094693
"sel_devs_fsh[553]",0.0482467545746807,0.0474051109443544,0.322642181195211,0.30838637056908,-0.488625953902115,0.584871631363763,0.999750498699985,6070.73197309567,3192.95915397952
"sel_devs_fsh[554]",-0.105463458635352,-0.0992670780257536,0.32658008481271,0.336780941322972,-0.648472953269684,0.417415272268297,1.00135526411887,6581.91175594765,3059.6505288304
"sel_devs_fsh[555]",0.0721878293625409,0.0695944267335974,0.316271147069175,0.317294280310044,-0.448946923217701,0.580472373353201,1.0020419996915,5513.989332032,3406.9362215849
"sel_devs_fsh[556]",-0.0221500687310962,-0.0271024992938325,0.323974041743192,0.327246541147874,-0.561487461449471,0.509530313316033,1.00121507521803,5921.49195317523,3197.74919444896
"sel_devs_fsh[557]",0.116043319926443,0.120175182429811,0.307058930896775,0.310367525672096,-0.410129678551369,0.611305712502341,1.00200722243637,5237.22531400123,3160.17300548497
"sel_devs_fsh[558]",0.242322387473126,0.240243393072337,0.306121961974459,0.299873155007505,-0.261217248524603,0.746391538701354,1.0010954026738,5524.48747643142,2731.54133452536
"sel_devs_fsh[559]",-0.0794398215712679,-0.0757389552620105,0.299100749753473,0.294702230127237,-0.564740712947061,0.410986718490406,1.00038438985141,5646.95362289672,3137.21445584771
"sel_devs_fsh[560]",-0.0312912091077936,-0.0320261141185216,0.317301614482279,0.313607975529314,-0.56410267055718,0.495543946465282,1.00009154178671,6443.64658334955,2598.75741047482
"sel_devs_fsh[561]",0.107112087417105,0.11335200398608,0.322732018310014,0.325106487695095,-0.426913145997005,0.628856915359571,1.00228424527268,5734.10679287129,2684.1888095198
"sel_devs_fsh[562]",0.142495228476286,0.140703366253903,0.317997751091759,0.32298140104453,-0.382431767035611,0.668017651781524,1.00005046191994,5482.44757511191,2782.72270658443
"sel_devs_fsh[563]",0.0653475573780833,0.0673385082104837,0.317436638281436,0.307927626115639,-0.463089958721333,0.580914863173447,1.00126243061787,4940.6447710542,2769.9806522303
"sel_devs_fsh[564]",-0.0293217858523621,-0.028930661308585,0.316630150995352,0.315507613312951,-0.540359972557844,0.493365902975114,1.00226751220506,6181.69331208547,2747.53811566873
"sel_devs_fsh[565]",-0.254348933070488,-0.251342878124045,0.313549381556347,0.313087813621691,-0.781462614951571,0.265866484489664,0.999987992831101,5001.26784113034,2870.65221424566
"sel_devs_fsh[566]",-0.0908748073596259,-0.0929193007460831,0.300262615556966,0.301232724266654,-0.578876483957067,0.410540533492159,1.00061358902376,5726.58647980561,3145.92056919535
"sel_devs_fsh[567]",0.0644189296194648,0.0628307831483257,0.299898678318413,0.299321158559204,-0.422490574703839,0.550076973633014,1.00019246629152,5201.39650070289,2973.32748589795
"sel_devs_fsh[568]",-0.00023603360600718,0.00384052105565622,0.280860914520395,0.281934740926253,-0.465480062767852,0.463723592952116,1.00024513482068,5247.9991092966,2722.40128106743
"sel_devs_fsh[569]",0.00112274816452825,-0.00123083552144054,0.28297136306514,0.283397184799076,-0.47034038561078,0.472686711259164,1.00037240351015,5542.33415701247,2919.79024472114
"sel_devs_fsh[570]",0.0414140138238369,0.0338097605676033,0.316471584072616,0.321499149563136,-0.46762049586566,0.564990057832725,1.00042804282677,5442.09324138102,3139.40263341386
"sel_devs_fsh[571]",0.0587638530701689,0.0582219294250603,0.314416068125059,0.324923075575055,-0.451877808580409,0.580175138208852,1.00137278390887,6001.23985921418,3222.32161856731
"sel_devs_fsh[572]",-0.0249603165150214,-0.0216164649833908,0.305422670074334,0.300277957558942,-0.535152758334923,0.473492237700863,1.00168252697308,5225.15714567153,3228.95463751233
"sel_devs_fsh[573]",-0.0157122852962428,-0.021490679605542,0.3003840809234,0.300775341358291,-0.500428230663563,0.482163770414069,1.00246042921333,6074.0793354331,2734.64664736032
"sel_devs_fsh[574]",0.0306034683805981,0.0288896264371429,0.308720746020508,0.31751846520849,-0.476698813369823,0.532524141383211,0.999929203548219,5197.99340839666,2953.17348579704
"sel_devs_fsh[575]",0.184561124140131,0.190307492970008,0.291873979122359,0.288063282759306,-0.293245945090526,0.653712919109067,1.00121021090385,5858.81763329237,2741.24311308839
"sel_devs_fsh[576]",0.0205335032704135,0.0213378560237283,0.298187716504986,0.296204226555008,-0.477021439290234,0.499841739208619,1.00084775501474,6613.4362327514,2930.17617992758
"sel_devs_fsh[577]",0.117231409484595,0.117521511012527,0.291848115078279,0.29649996473675,-0.37018769003338,0.604254535206368,1.001578833386,5683.29138916069,2582.45732237563
"sel_devs_fsh[578]",-0.0743057147966198,-0.0795569958832982,0.302119133619714,0.302661946607731,-0.562643854534927,0.427029254348818,1.0018555792836,5126.14895045083,2674.94213025257
"sel_devs_fsh[579]",0.122600141627091,0.120244486708881,0.318796450868575,0.316773627445205,-0.403865441353379,0.641610598312615,0.999707133706928,5894.26080448543,2945.85863678033
"sel_devs_fsh[580]",-0.0466066737420168,-0.0407042096176925,0.316372867791348,0.311375477023759,-0.571120653324733,0.47779429119973,0.999900431475883,5912.99040786299,2980.48295206382
"sel_devs_fsh[581]",-0.0634771459626096,-0.0651841668934948,0.328318929122524,0.319350136015427,-0.611867130071519,0.472645047804756,1.00097564173242,5730.15210091471,2767.08116747207
"sel_devs_fsh[582]",-0.066414801592653,-0.0703619366191538,0.317899139764766,0.318698041947905,-0.583291705281824,0.458819634923581,1.00096081593357,5279.70951048086,2932.67035983324
"sel_devs_fsh[583]",0.0304519301671632,0.0342852960556367,0.316525788978482,0.318452074186299,-0.488798873096664,0.540215894405565,1.00213575607118,5399.52542586157,2796.48791005274
"sel_devs_fsh[584]",-0.115634249813118,-0.12166786140284,0.31369481218494,0.298359242912986,-0.631729848564749,0.410858459824637,1.00107252647581,5355.60500215591,2684.17903331418
"sel_devs_fsh[585]",0.339267963327464,0.343528963149319,0.326389931221375,0.332523419720024,-0.190784106148936,0.873480858996952,1.00081215625354,5703.24903232209,2629.51169546689
"sel_devs_fsh[586]",-0.367700731324915,-0.371434683588432,0.327696084760925,0.329194616368811,-0.917466616083346,0.179308460446368,1.0003354552833,5581.76799615795,3028.57387901831
"sel_devs_fsh[587]",-0.1790706266984,-0.181771196242991,0.29877375269092,0.295970784825142,-0.676987895579022,0.310730687406931,0.99994989674246,5821.9560976152,3385.17086220811
"sel_devs_fsh[588]",-0.243400573632609,-0.241584620897175,0.309553355399787,0.30812964712208,-0.759635684106771,0.273995835474363,1.0001920446824,5357.84399075479,3327.63960864946
"sel_devs_fsh[589]",0.065057932652277,0.0613614351916615,0.308514734549632,0.311875388790363,-0.429963959995921,0.560835850875121,1.00059646835499,6017.07863921013,3183.50798301133
"sel_devs_fsh[590]",-0.0078959979174525,-0.00421517545055674,0.410170197378036,0.402503173377202,-0.680433360418659,0.666177394708777,1.00072247914436,4781.82351861585,3127.8511341311
"sel_devs_fsh[591]",0.0241202939957443,0.0235667267264108,0.321771568505424,0.324488510653779,-0.493435952126731,0.553337968304153,1.00091038333676,5483.39209852133,2946.61240680393
"sel_devs_fsh[592]",0.0112858957718889,0.0144356490292196,0.340549654995148,0.33796758600279,-0.55528438129873,0.57204191403838,1.00175556408717,5996.5507889843,3028.0800567274
"sel_devs_fsh[593]",0.0130597982368394,0.00428218352121683,0.336417676265753,0.333817527777072,-0.543916687506257,0.557836135813676,1.00001905411621,5251.23759128358,2732.29407233038
"sel_devs_fsh[594]",0.0289613947859015,0.0325699320971218,0.328116059236944,0.32300774198704,-0.50378949388221,0.571959959650225,0.999858456210239,5498.83069356312,2879.72907532251
"sel_devs_fsh[595]",0.0483648694910921,0.0493602272476046,0.329459989918364,0.333276280508014,-0.50194454643974,0.59221327388732,1.00044140100115,5209.4387982169,3239.6121000899
"sel_devs_fsh[596]",0.0451048049889809,0.0401382275034894,0.338757166920018,0.337970850547139,-0.490011681056409,0.609993244190067,1.0009540237871,5211.40985876153,2912.89249136919
"sel_devs_fsh[597]",-0.0214728855809682,-0.0276704917101399,0.331903914689503,0.33670307030071,-0.562449092855369,0.535080968795132,1.00056365794523,5177.27229748049,2784.59497451444
"sel_devs_fsh[598]",-0.0269360976530173,-0.0346509104191489,0.323048726705704,0.324662894505256,-0.547592396034286,0.519004826718211,1.00113145094385,5552.27675459912,3159.55599475307
"sel_devs_fsh[599]",-0.0174703551280342,-0.0152260310979472,0.333181277022562,0.329023481693758,-0.566919354998381,0.526757082509431,0.999930129673725,5443.75447978924,2996.39544807717
"sel_devs_fsh[600]",0.0348237611414732,0.0384428779229916,0.327841048018077,0.328246003842769,-0.518109885741313,0.568212142361178,1.00209505181226,5431.55137385699,3033.64524652994
"sel_devs_fsh[601]",0.036116570099838,0.0439116309004511,0.337948845849107,0.340434750827226,-0.533955730031273,0.572351396983694,1.00062716616756,5370.06219137168,2995.47822299582
"sel_devs_fsh[602]",0.0620471133857796,0.0660643231530904,0.336770171737846,0.339528407327263,-0.49067768480922,0.61962458939594,1.00061132777601,5284.17495428268,3127.99063702307
"sel_devs_fsh[603]",0.071283768214538,0.0678075559031477,0.334379183864998,0.330821967355177,-0.479658026068678,0.61251643025786,1.00007199632533,5823.83769985856,3337.99419428282
"sel_devs_fsh[604]",0.0881824827691987,0.0919147910842301,0.336402054287818,0.342598816037409,-0.457717306266801,0.630321018045613,0.999896250503589,5564.79278527181,2985.14625355385
"sel_devs_fsh[605]",0.0932883381113754,0.0934339583991785,0.331893656650125,0.328309896551816,-0.450074256444735,0.641615796024868,1.00081430028385,5529.32895369944,3231.56354620492
"sel_devs_fsh[606]",0.0927392211115106,0.0939350079935114,0.343034845096409,0.335495411271694,-0.478807493750937,0.647968035605146,1.00099755771065,6066.01850277285,2996.02943448351
"sel_devs_fsh[607]",0.0848959125085556,0.0835329981879816,0.336166434909869,0.324659622377388,-0.477500174761049,0.635054383713084,1.00265360149498,5307.31556653485,2944.30679606638
"sel_devs_fsh[608]",0.0691763858488703,0.073056731196548,0.335932668755077,0.336302242392742,-0.481162134758772,0.628294582731952,1.00162021682036,6223.71983184114,3207.90229290763
"sel_devs_fsh[609]",0.0415680830357782,0.0469982193701429,0.33433145271579,0.326639349807206,-0.506821984207538,0.587179223088231,1.00090457079361,5253.93254213863,2762.7747374056
"sel_devs_fsh[610]",0.0390590541848186,0.0330052213136366,0.329507730187818,0.33102292034968,-0.50540906187293,0.583033097181377,1.00001482231637,5684.27142060516,3249.68908070251
"sel_devs_fsh[611]",0.0118197750289533,0.00786937172426809,0.32441782008233,0.321011491796966,-0.521662124617328,0.540150529944081,0.999526125272867,5862.17903110529,3064.71149087701
"sel_devs_fsh[612]",0.0283360100698669,0.0346632595864765,0.335331302080619,0.331997750716252,-0.526352176956019,0.575803389255991,1.00072438857767,5976.55971563314,3251.91559944955
"sel_devs_fsh[613]",-0.060321868410289,-0.0614350537827896,0.327953593295752,0.333489226807847,-0.604439901067218,0.480200582929696,0.999896281636287,5249.7631545116,2816.39212991348
"sel_devs_fsh[614]",0.039371479102581,0.0393351885306594,0.32142368042224,0.330349930833602,-0.481974462448156,0.570234572998118,1.00002760171628,5726.19922788756,3302.87022336327
"sel_devs_fsh[615]",0.129274014602386,0.126989198017623,0.324412351870522,0.317446135426668,-0.398954968716243,0.687209445648007,1.00299661774013,6030.06800450593,2991.40341070917
"sel_devs_fsh[616]",0.332545409557809,0.331019645215553,0.312890084821143,0.318360333770394,-0.179340384095386,0.844565568968295,1.00092527584621,5404.82038239224,3121.38274836489
"sel_devs_fsh[617]",-0.105159912021846,-0.108123916398388,0.304169902065573,0.305287642816208,-0.611690006486013,0.391131595062794,1.00148924920161,5085.77425658023,2991.20334601615
"sel_devs_fsh[618]",-0.14629856644378,-0.149353995792566,0.305055196779688,0.311193046739825,-0.652924369220121,0.349839154344647,1.00134594685716,5267.22692031255,3011.49536868128
"sel_devs_fsh[619]",0.0059447975930757,0.0024471935386493,0.326911212113995,0.326046197123881,-0.530820398472599,0.540300453705616,0.999889630048245,5947.29256716183,2965.28599036573
"sel_devs_fsh[620]",0.0634994580710973,0.0614457869280219,0.319354905430267,0.3174694091744,-0.455293470336071,0.596977472317217,1.00074133803454,5592.99507243854,2798.86038513095
"sel_devs_fsh[621]",0.0502496467742695,0.0520625433208563,0.323555931243874,0.322744933613357,-0.468826395776783,0.567629385352924,1.0020550305618,5641.37308615754,3074.91170159142
"sel_devs_fsh[622]",0.0311880153138639,0.0250450363397453,0.331776389096697,0.328368030927736,-0.515024558098628,0.582476589567964,1.00011182160726,5473.04720045076,2520.74712625006
"sel_devs_fsh[623]",-0.0468618988806037,-0.0484105104092847,0.319265285875532,0.329200062626452,-0.577218402740656,0.478094245793773,1.00059835487158,5680.79543551871,2994.87135679111
"sel_devs_fsh[624]",-0.141808498062259,-0.134799636150096,0.323255961687627,0.328939328845226,-0.681243544990194,0.376744451938667,1.00105563973361,5380.47060163122,2947.02075084948
"sel_devs_fsh[625]",-0.0299916080367584,-0.0280262226146251,0.315000184955489,0.306374333524936,-0.552222955031449,0.494107796819045,1.00140384289263,5392.21859267003,2875.74105818322
"sel_devs_fsh[626]",0.0570789406599235,0.0607826911497144,0.318125262546715,0.3291717194448,-0.460500922274081,0.575279819216588,1.00460802004604,5400.3269916046,2852.46095918437
"sel_devs_fsh[627]",-0.113762447483014,-0.119262269377345,0.307447313143072,0.30656892940911,-0.614432994670738,0.393939931374195,1.00142111878132,5082.65635099084,3190.44206833067
"sel_devs_fsh[628]",-0.101940332397518,-0.0982849908088176,0.299227099234884,0.289765801316502,-0.600443603608594,0.393071411088285,1.00135727506003,5720.80375201078,2965.51448720184
"sel_devs_fsh[629]",0.0856424952284335,0.0820746377285623,0.314177697884262,0.318416995428559,-0.43197868524968,0.60770032664029,1.00031672888582,5487.39512824132,2767.88647607489
"sel_devs_fsh[630]",0.0402008250164377,0.0402754655066513,0.321271352959868,0.325774138769124,-0.480003888581628,0.561881144291892,1.00013069255618,6143.3994952151,3159.61073849023
"sel_devs_fsh[631]",0.0616617400692275,0.0577026164906361,0.312773722985884,0.308048612352772,-0.44770176331139,0.580633396298217,0.999540887135551,5967.21945996142,3009.42756424279
"sel_devs_fsh[632]",0.0666570138947992,0.0687084287312807,0.317807108601057,0.322549211652687,-0.449914961885034,0.583657124941576,1.00101984384527,5414.0329535948,2924.54776665006
"sel_devs_fsh[633]",0.155789544386973,0.156415073486437,0.317278168590096,0.314991888819595,-0.377373975592082,0.672843920467652,1.00212847044343,5414.48487164967,2942.49349254478
"sel_devs_fsh[634]",0.156702588520257,0.148062675098438,0.308287090298096,0.307713769403339,-0.345056713149223,0.659596261680436,1.00057626043812,6269.05988568157,3133.43832443098
"sel_devs_fsh[635]",-0.0604242533718895,-0.051839679371757,0.315035213952859,0.312577918990367,-0.563687785208824,0.440118355012618,1.00351836830871,5994.93469168769,3031.60383521011
"sel_devs_fsh[636]",0.0550580507044636,0.062055776719117,0.302587375573347,0.314902963425773,-0.442387754057153,0.540294215760076,0.999951000428785,5839.39614021808,2786.37015514054
"sel_devs_fsh[637]",0.0140191493041186,0.0143955065952534,0.313954429654678,0.31348699996471,-0.502815699256643,0.532262462784634,1.00035923032384,4637.90823298418,2392.55091573119
"sel_devs_fsh[638]",0.0880368038648519,0.089283519892939,0.321074943404189,0.315024690006106,-0.443728746174544,0.610105212038025,0.999965911030748,5321.23677408779,3015.11124802545
"sel_devs_fsh[639]",-0.0550544736723148,-0.051955378512468,0.323520325627852,0.306792930440956,-0.600340211505616,0.477374024960562,1.00032359332738,5273.99130097601,2990.0857475175
"sel_devs_fsh[640]",-0.048231632862718,-0.0467905952746377,0.332361312705395,0.336603743113129,-0.595764184336524,0.492741053171527,1.00024142636944,4895.31692828866,2936.7922892824
"sel_devs_fsh[641]",-0.046450793019667,-0.04712225421128,0.341347071550687,0.346349854813903,-0.600319001599053,0.511208828090148,1.00098282190937,5294.89922625944,2688.66952265548
"sel_devs_fsh[642]",-0.0541188524718226,-0.0524298685219808,0.333454217178284,0.339219237409465,-0.59848994495032,0.487559922537917,1.00090633969874,5575.57466277577,2574.77228676582
"sel_devs_fsh[643]",-0.108753978791638,-0.109364915355077,0.329518164666716,0.322269377006724,-0.636930780225059,0.433182999549711,1.00012821458192,5488.81481055692,2583.37549408676
"sel_devs_fsh[644]",-0.177114771856203,-0.176393146260649,0.374943505851107,0.382215282031177,-0.791702874138483,0.435937190379707,1.00163548707462,5488.26579859377,2873.57327242265
"sel_devs_fsh[645]",0.0128251799655845,0.013897064979263,0.347293459932649,0.347819716687262,-0.560090395379613,0.598586068812448,1.0038700892357,4997.32967230944,2916.25181278232
"sel_devs_fsh[646]",-0.132298688309465,-0.131014360132932,0.32593110778905,0.318039548223207,-0.669071968915235,0.410713739044703,1.00210247228861,6402.96492407194,3227.17247849543
"sel_devs_fsh[647]",-0.0704011054186982,-0.074513685620927,0.316913687076019,0.319207379660966,-0.582925578610234,0.45172336284028,1.00033345119078,6000.88046161266,2993.50530090819
"sel_devs_fsh[648]",-0.00304768103592315,-0.00512346695600192,0.325776891286367,0.326981468409062,-0.535418524959401,0.533923894940934,1.00115161771592,5400.05038615985,3185.87480929307
"sel_devs_fsh[649]",0.0543074840090944,0.0491145578306399,0.432695923380566,0.42773001714252,-0.652660222247364,0.76998318532562,1.00056869443621,4494.76804763093,3043.34631468893
"sel_devs_fsh[650]",0.022561180211624,0.02107648257951,0.286748177258638,0.29142186524459,-0.447465408076172,0.477702637779305,1.0020798294742,5179.00157363401,2956.5418705071
"sel_devs_fsh[651]",0.0199303152025119,0.0247848600774015,0.292403842476734,0.289721464676468,-0.470622843783296,0.49680886546712,0.99956842974164,5215.18057211366,3069.9848145752
"sel_devs_fsh[652]",0.0178134870916598,0.0207368481286575,0.289620964346302,0.283899045763088,-0.469464153131007,0.492456790152295,1.00007630539865,5326.06188878897,2893.6081493845
"sel_devs_fsh[653]",0.0301105247402284,0.0341205157712838,0.28959171047569,0.282883065847514,-0.455499881477107,0.49699450602792,1.00292390407851,5254.0533674528,2843.99024381175
"sel_devs_fsh[654]",0.0631797477467691,0.0680766155102599,0.296655917157291,0.30313638433899,-0.428155093430889,0.547180763316538,1.0013720516938,4995.945245973,2769.14196012506
"sel_devs_fsh[655]",0.0475955874579282,0.0493429167780449,0.296830144720475,0.29331860970453,-0.437168258894954,0.531829493710818,1.00014451480895,5161.72482266438,2949.35905973447
"sel_devs_fsh[656]",-0.0320158390053229,-0.0337477819644765,0.29495213644297,0.289616987759569,-0.507279194266322,0.459326123051242,1.00048318419351,4815.60395362816,2721.35446962635
"sel_devs_fsh[657]",-0.0255901391888099,-0.0228081725947121,0.285622141518004,0.281869222575144,-0.50052659800864,0.453044610637244,1.00096733183184,5473.6939183557,3036.0437204341
"sel_devs_fsh[658]",-0.0236346640587262,-0.0184192889750924,0.285346222003941,0.280952917645073,-0.490647181880015,0.448368850884324,1.00118496547174,5132.28242075756,2707.82618097736
"sel_devs_fsh[659]",0.0309719332603379,0.0371263212870985,0.289011240466133,0.292095668852371,-0.458396608744354,0.501373972467077,1.0013035282577,5935.50847297692,2967.35095219925
"sel_devs_fsh[660]",0.0395392760566139,0.0411407177424249,0.298907883602037,0.301852300785469,-0.459527566528318,0.534090100739347,1.000972393028,5767.06674171755,3159.10510865969
"sel_devs_fsh[661]",0.0587732229622804,0.0576351955619708,0.292229438717759,0.291039332024749,-0.42638144680424,0.534893357310408,1.00003848100316,5491.88737664205,3038.48048741758
"sel_devs_fsh[662]",0.0654713303540674,0.0661108389193605,0.298462665606493,0.289739836554651,-0.428341098217704,0.560138281130695,1.00153971182531,5963.44749829915,3144.40613289912
"sel_devs_fsh[663]",0.0767018429070328,0.0745397022476296,0.292959592238326,0.289553507234216,-0.405085379276958,0.56553243966743,1.00048387556912,5647.11966896885,2855.1396828152
"sel_devs_fsh[664]",0.0906438873010309,0.0965307015826363,0.293952818842497,0.287104729819652,-0.387751875316262,0.570053668486218,0.99953989871879,5178.8885461622,2924.28413259163
"sel_devs_fsh[665]",0.0937511759460097,0.0944278733395823,0.295366432605435,0.29910619581511,-0.398358276631583,0.569979145862644,0.999702479408942,6044.17001039474,3116.32722717447
"sel_devs_fsh[666]",0.0852188157403811,0.0893022992168439,0.288429919145723,0.288403409154586,-0.394819228405731,0.551321744540612,1.00438924100632,4774.14142973,2860.51829403343
"sel_devs_fsh[667]",0.0726591666316522,0.0745347223417293,0.291935508181442,0.296410121568602,-0.403096230968314,0.556912844007483,1.00059375902397,5289.37574257884,2731.05310108054
"sel_devs_fsh[668]",0.0495941293891924,0.0466644049151155,0.298461083442123,0.29210774731868,-0.431167450644222,0.547580074649298,0.999971228577514,5269.54063412631,2567.89642173049
"sel_devs_fsh[669]",0.0398841730521425,0.0453947502657392,0.28801893307017,0.284383920524688,-0.432972226528536,0.509455927983096,1.00135377504154,5803.20685748872,3228.91462226132
"sel_devs_fsh[670]",0.0238300963954085,0.0255317154344304,0.295985836123717,0.286301853752634,-0.470344317012354,0.514300102942833,1.00005241256122,5445.97745113823,3011.780916801
"sel_devs_fsh[671]",0.0161181372642708,0.0186266672183154,0.289371582861157,0.2851418925036,-0.466371105063925,0.487411481180559,1.00230816455327,6081.0705417256,2877.75445833494
"sel_devs_fsh[672]",-0.0310642726319201,-0.0377847349756298,0.295204171878364,0.28468288667484,-0.508953053315623,0.450736104205288,1.00363574296839,5875.41904980082,2728.84817390467
"sel_devs_fsh[673]",0.00212658772979972,0.000628592430500003,0.289844907012446,0.291535226559031,-0.469414036528478,0.479180940446251,1.0014282544201,5270.23652044831,2612.33083245246
"sel_devs_fsh[674]",0.0630279667540428,0.0591790624410849,0.275148041835881,0.273190473141301,-0.383421765008992,0.516440962843007,1.0017703942423,5373.98033989238,3141.60307752698
"sel_devs_fsh[675]",0.326663299936331,0.323123210551704,0.278565574999258,0.277240320324593,-0.135880773590465,0.788283446181535,1.00166478799091,6051.77990242259,2937.92723555285
"sel_devs_fsh[676]",-0.0364450280041629,-0.0373644038765455,0.27774024195192,0.272367681755371,-0.497698301754922,0.422753594412026,1.00054576475699,5814.15436651792,3035.66587029128
"sel_devs_fsh[677]",-0.0944874979553011,-0.100262291877648,0.267759923115923,0.275086642295965,-0.53584952946422,0.346676430457299,1.0008969697359,5495.5926978152,3273.36563297467
"sel_devs_fsh[678]",-0.061599402415334,-0.0596588847174965,0.284710296978137,0.285172633254222,-0.539462560741945,0.396793369356284,1.00020987544398,5171.68928132121,3057.4270667544
"sel_devs_fsh[679]",0.0116402787318663,0.0102956753315685,0.28841235522799,0.280618553206532,-0.46674293982179,0.491132647082246,1.00035507799488,6216.7087972944,3194.04347509281
"sel_devs_fsh[680]",0.0233507704386167,0.019394250430829,0.281603657382861,0.282718974996493,-0.425209731691119,0.478635833128349,1.00031033673447,5447.10984518998,3176.75975686122
"sel_devs_fsh[681]",0.0136963334243286,0.0141763143045728,0.292082320084782,0.291719314160314,-0.469310621624418,0.493250553341219,1.00229148054016,5191.67791985922,2721.60340237974
"sel_devs_fsh[682]",-0.0364707701009307,-0.0409647132230704,0.27625541937708,0.277453364239912,-0.485496961720755,0.413489760948022,1.00104514491069,5420.91105465218,3128.92293883252
"sel_devs_fsh[683]",-0.0771516224888106,-0.075571156793754,0.279727867564974,0.281551306688986,-0.550432981272327,0.390002911575675,1.00126688615854,5073.35164014109,3196.25911731567
"sel_devs_fsh[684]",-0.0459968537322718,-0.0425055115114442,0.281779437971046,0.30067272112387,-0.504218977366338,0.407442272084604,1.00009172425239,4808.09845002814,2944.93565204463
"sel_devs_fsh[685]",0.00565480738820596,0.000728693755764817,0.293247785107679,0.298680386445132,-0.468682946979852,0.495363107460528,1.0001270113708,4910.98750046463,3157.09757354598
"sel_devs_fsh[686]",-0.0603736342754634,-0.060850466675071,0.274254358026538,0.273332431939579,-0.509398111449121,0.389589391867814,1.0021382224287,5143.75808000227,2975.55206070567
"sel_devs_fsh[687]",-0.0548704077973299,-0.0567360472260224,0.277872406666324,0.27355988236492,-0.509867344672785,0.405122672485309,1.00083613571517,6188.29058912639,3055.6024521551
"sel_devs_fsh[688]",-0.00121375521482765,-0.00235362784918268,0.284257620914619,0.287479196790428,-0.463508921500089,0.470462151426176,1.00032604260403,6047.968117517,3157.49128953169
"sel_devs_fsh[689]",-0.0593594324136341,-0.0598915909277992,0.279497329099286,0.283793730184463,-0.515478026963056,0.398095474865641,1.00147711240039,5128.49027167082,2988.64494090496
"sel_devs_fsh[690]",0.0686980719288787,0.0711520855058456,0.271669201929494,0.263514647623097,-0.38563622786242,0.513427827913501,1.00307741677289,5568.90698452093,2590.82969602786
"sel_devs_fsh[691]",0.13169394667181,0.135321845865388,0.283105438611543,0.28220859512206,-0.348982000142789,0.60244167483388,1.00057283037147,5862.04387731854,3240.69210833044
"sel_devs_fsh[692]",0.203048500780896,0.205944414849232,0.272884227782568,0.270923311311483,-0.257281856013538,0.651156520526885,1.00027128961764,5206.64909482703,3018.63393597613
"sel_devs_fsh[693]",0.101621197471524,0.105563601665515,0.277856786788458,0.273177921338276,-0.353236247227562,0.558959286779442,0.999605672911923,5698.09464961957,3107.56457563664
"sel_devs_fsh[694]",0.0477991905010073,0.0463009375116096,0.287434013228216,0.287286619472178,-0.428331104606353,0.521284724317787,1.00003729760778,6170.65334315651,2754.94437322612
"sel_devs_fsh[695]",-0.0354499429649781,-0.0315327811223784,0.281390591708482,0.284416527590961,-0.497676118336854,0.425576475485183,1.00205734209571,5877.27980212156,2890.62070288577
"sel_devs_fsh[696]",0.088445763637296,0.0898358478866285,0.282913691574877,0.281357267973679,-0.389309403476991,0.54574896793532,1.00182325801636,5362.80876825532,3186.732133686
"sel_devs_fsh[697]",0.0810264331697519,0.0808357772390031,0.283583779277474,0.288793703779899,-0.386357085466343,0.541069357419258,0.999891959614525,4872.3469430598,3100.3861615712
"sel_devs_fsh[698]",-0.036679012052445,-0.035961812521123,0.273942124695476,0.278348343987456,-0.487994833893941,0.409267281943369,0.99955581057505,5690.35811656362,3057.88541688367
"sel_devs_fsh[699]",-0.0571453564793944,-0.0541099314432069,0.283146875885276,0.274264536086591,-0.516063844967116,0.411580226976944,1.00007515561082,5551.2363243791,2832.37277511134
"sel_devs_fsh[700]",-0.0519863043762276,-0.0533314055145088,0.294156436790082,0.289588437613277,-0.534025952804067,0.438425218771854,1.00073751414511,5365.24437176212,2512.05960560579
"sel_devs_fsh[701]",-0.045368617661678,-0.0450249618649551,0.295127770736911,0.288619267944109,-0.536979438274305,0.445328776283245,1.00001377303525,5323.00737734073,3374.6025142378
"sel_devs_fsh[702]",-0.0891960999049307,-0.0955300467454692,0.303344386519996,0.300676322838039,-0.583077772653134,0.416205390983245,1.00019305762116,5621.03299276857,2834.91037711724
"sel_devs_fsh[703]",-0.281535111238374,-0.28301384022375,0.40133538772586,0.405762494288313,-0.945695328168342,0.377082290368445,1.00239799817885,5130.15279501495,3143.4398201691
"sel_devs_fsh[704]",-0.219471975713789,-0.227562788820945,0.369753181666634,0.353346308365211,-0.820967969200365,0.393921518573677,1.00018592345607,5087.23197893945,2976.98558439284
"sel_devs_fsh[705]",-0.0648151308273515,-0.0642838463362268,0.291969584908032,0.289842947084202,-0.544346740556293,0.423852841724339,1.00082976570541,6062.69595974533,2743.45010618491
"sel_devs_fsh[706]",0.0204680727903929,0.0192517432584897,0.276536161739614,0.27922497843445,-0.43805798457839,0.472887933906724,1.0000228482802,5292.1043030335,3358.87284013796
"sel_devs_fsh[707]",0.0597142159367437,0.0597219327216403,0.297485534895603,0.292682563723412,-0.42915606136145,0.55677525238347,1.00039782491803,5522.47845539523,2990.4619330884
"sel_devs_fsh[708]",0.184791394692193,0.191402362808457,0.475560267330796,0.46085377629778,-0.603742681961467,0.967488279096303,1.00042353349917,3148.77731902225,2598.26206078495
"sel_devs_ats[1]",0.28321545366123,0.28194982878313,0.244439530051357,0.253668244233338,-0.112191721747428,0.672745010924976,1.00157647152613,5926.20256681495,3327.51062687298
"sel_devs_ats[2]",0.327036277213305,0.327885887905366,0.254139406768026,0.252785121174738,-0.0995722661602949,0.750359707782882,1.00088808689716,5366.8044572212,2850.12168396924
"sel_devs_ats[3]",0.403320855391364,0.399124888192331,0.266593877791562,0.275244032542065,-0.033175131363041,0.845714396784737,1.00064104640711,5846.60130360567,3040.42467207156
"sel_devs_ats[4]",0.37744805021848,0.377956845890297,0.261076428043718,0.258893861643962,-0.0579412957690037,0.803523631006052,1.00411717850458,5532.77765536549,2894.02986114319
"sel_devs_ats[5]",0.415397160535061,0.417683833291675,0.271182048994795,0.281859797280675,-0.0222823807695466,0.85910221265268,1.00104294353632,5324.50421147914,3083.78185347607
"sel_devs_ats[6]",0.453357564283807,0.456380157849896,0.270669913156498,0.276568758042498,0.00414825577749392,0.894874296673738,0.999815136808939,5648.00954899187,3261.66175475895
"sel_devs_ats[7]",0.528207479330567,0.522123016417425,0.270638401114744,0.266601118876563,0.0865137825633394,0.981913288650129,1.000994558195,5408.26959111369,2888.22059815856
"sel_devs_ats[8]",0.540240843888636,0.539562684056303,0.281436921216529,0.273350753109652,0.0827520573229178,1.00755639707773,1.00030042230897,6056.0190704958,2682.47755578791
"sel_devs_ats[9]",0.505156634920724,0.500333832031546,0.271327058984674,0.267119319008562,0.0676726954698702,0.967781109732183,1.00147139548771,6051.14384391694,3014.46916805544
"sel_devs_ats[10]",0.506883518391145,0.50644359542838,0.279575035746419,0.280500364518578,0.0562567739352829,0.976081318729891,0.999527933208067,5581.05443581538,3250.59550572433
"sel_devs_ats[11]",0.611314898053688,0.612964338007434,0.281225406906467,0.280052247770313,0.152599178449012,1.07669989212683,1.00167419837006,5636.32286854763,2960.4271995461
"sel_devs_ats[12]",0.59841803464245,0.595757066657316,0.282183411731859,0.291195705839617,0.134749543671532,1.06336374416079,1.001045853241,5344.62588672851,3209.98493793845
"sel_devs_ats[13]",0.612679504361872,0.609420940477599,0.285003723728986,0.285240683635116,0.151987267646986,1.08131527496566,1.00052423119632,5754.11248059809,3258.65315958576
"sel_devs_ats[14]",0.62485329021486,0.627401736641714,0.275924351816944,0.279377841355745,0.168543376179595,1.07992004488149,1.0009662804149,5486.29501628843,2955.29140069545
"sel_devs_ats[15]",0.58326158622851,0.581004735037152,0.279008669020232,0.281854807916721,0.136286933308649,1.04189363482925,1.00043744782205,6323.52955894395,3020.49793253089
"sel_devs_ats[16]",0.592584777799833,0.594519058704286,0.286563471444097,0.291126667456239,0.122767114442241,1.05600005491052,0.999770443572404,5841.28488687487,3184.19537963043
"sel_devs_ats[17]",0.573880893293967,0.572880619545525,0.281997323421676,0.289152869761828,0.111219244736556,1.03620374739824,1.0012302299707,5600.09146089652,3436.97801596028
"sel_devs_ats[18]",0.581222907927723,0.581930688804021,0.297920658203333,0.293190936707459,0.0991389921594706,1.0721529939185,1.00030179002248,6000.6382787814,2670.73902630388
"sel_devs_ats[19]",0.553889511061261,0.552035820988036,0.284673039238376,0.279989304024255,0.0879466471859971,1.02763777414256,1.00263461428606,5764.76313376613,2810.87266780353
"sel_devs_ats[20]",0.583906903161975,0.579305656949018,0.29616342433754,0.296611580326364,0.104876065123653,1.08023311293315,1.00007695105398,5714.54587297926,2954.81119560786
"sel_devs_ats[21]",0.483485173753588,0.479207304634158,0.293844212000681,0.299525259482984,0.00467169045549113,0.96801157213764,1.00090100880047,5437.20862412656,2963.71305607567
"sel_devs_ats[22]",0.495844181017941,0.49254679853078,0.303836948366777,0.301457282933581,-0.00386072650123151,1.01383921323872,1.00205256186398,5028.09054872598,2762.71217139117
"sel_devs_ats[23]",0.623072665991653,0.623338271465299,0.301364295602811,0.295296655623558,0.133856462237425,1.12306263512564,0.999682883801716,5352.26454940772,3160.78162618392
"sel_devs_ats[24]",0.639825012284371,0.634329933026337,0.317927535467531,0.309112477385694,0.128421946418635,1.17213343461639,1.0003241838937,5254.10799833736,2974.37408039553
"sel_devs_ats[25]",0.669538681506965,0.673925054973395,0.323666481569388,0.323012456130419,0.134500268479244,1.20885197994824,1.00067016986024,4758.96294157124,2888.52480890488
"sel_devs_ats[26]",0.688494318757484,0.68836190354404,0.336614273367401,0.320619314454525,0.137328062828293,1.25641698474314,1.00054462378691,5355.41220458318,2898.61581421859
"sel_devs_ats[27]",0.716250969240208,0.706944055155064,0.348885039733878,0.342143836238678,0.135736612555091,1.29239765766935,1.00101898310414,5158.61329937652,2873.35899059336
"sel_devs_ats[28]",0.732774941034828,0.734595423603838,0.366476047423566,0.36839640083412,0.138837020204118,1.34362900147797,1.00123530478941,5376.16540109266,3034.3833258237
"sel_devs_ats[29]",0.790394633677277,0.787648632615474,0.383088033605606,0.385036139688507,0.153315142140827,1.42912857514664,1.0004370554624,5652.03095293371,2924.44605627346
"sel_devs_ats[30]",0.783161846258575,0.776204560176413,0.407272169118888,0.410108712276826,0.106898156785969,1.45773847231998,1.0002916761563,5382.58675765223,3012.85316972476
"sel_devs_ats[31]",0.306925479684503,0.305205506763502,0.253423144842197,0.257350917917574,-0.115523587332194,0.715399750753953,1.00006636228794,5179.34305784922,2936.17847360388
"sel_devs_ats[32]",0.337251373134674,0.335426071849955,0.256528060941303,0.25819240967099,-0.0856064698066832,0.764024294123518,1.00081816713472,5268.26244070606,3242.3148446976
"sel_devs_ats[33]",0.401291359826565,0.404921078245949,0.265903329077893,0.262562281262045,-0.0370596391722938,0.837783831737995,1.00231325526714,5634.98619943226,2937.84342832432
"sel_devs_ats[34]",0.47176035410779,0.473737621051027,0.27051881851368,0.273789179709403,0.0243625852210236,0.910456860002063,1.00096364470489,5488.49912162791,2876.0703999405
"sel_devs_ats[35]",0.507884619222785,0.507589448323449,0.27157300472052,0.275339318032045,0.0679563311277688,0.948334815084175,1.00034423062791,5345.54324541491,2991.99223831501
"sel_devs_ats[36]",0.483149977532089,0.486313462687073,0.274960177403751,0.27284470483167,0.0237479988468563,0.944997946320217,1.00080946692051,5870.07647764068,3293.0738238745
"sel_devs_ats[37]",0.525142785909099,0.525298395301678,0.278852428844958,0.273248220975486,0.0654498072917307,0.986488250883852,1.00111584272574,5132.56172347038,3154.14078016544
"sel_devs_ats[38]",0.557871591601164,0.554698067026836,0.276634881571219,0.276133709961614,0.110004665752109,1.01494177379933,1.00180433282837,5654.33532230528,3115.26385987165
"sel_devs_ats[39]",0.502957146312221,0.500015632424796,0.280595943983341,0.286621595288754,0.0483664151844463,0.967829329669749,1.00179952603287,5820.55639821351,3040.23039741914
"sel_devs_ats[40]",0.521286135883793,0.52113464755783,0.279595603273305,0.282120171829008,0.0645343573322313,0.9861063451535,1.00045075434703,5909.46749024299,3059.18267682847
"sel_devs_ats[41]",0.580155956904755,0.581167592458496,0.279094274118311,0.28042634483947,0.119121006612682,1.03861120736263,1.00022321638753,5374.20331858625,3138.9589512394
"sel_devs_ats[42]",0.574277898545778,0.572188043827031,0.285022539922701,0.28363930609208,0.116565060064154,1.05702578421607,0.999640190477232,5379.04960933029,2842.3538270108
"sel_devs_ats[43]",0.592233203577272,0.595284818107201,0.283563880661734,0.288688932365024,0.116964624030998,1.06049495224842,1.00106365599982,5885.29557042224,3307.90561831338
"sel_devs_ats[44]",0.589491170730523,0.586885586116127,0.277013194708508,0.27578474706762,0.133988567204851,1.04850822085532,1.00147010112268,5729.97986231987,2842.3840260121
"sel_devs_ats[45]",0.579380723380632,0.579272304203663,0.282795315498418,0.289596707462296,0.11922381555784,1.03917287721685,1.0000316574363,6016.39499307555,2932.86578855354
"sel_devs_ats[46]",0.545931258856266,0.546047369170019,0.288441884897143,0.288760363251753,0.0727941596839358,1.03143756650315,0.999489428282421,6164.32868164588,2917.67505258417
"sel_devs_ats[47]",0.54934559087898,0.551336046040076,0.289738689125347,0.296183240952701,0.0802658552374296,1.01905278588798,1.00003383315653,6197.00515094706,3127.6517933693
"sel_devs_ats[48]",0.543213067031522,0.545583030760046,0.294164878603719,0.297354389503209,0.0666720384350623,1.02508605302263,1.00020985237722,4896.99329724077,2649.31848796669
"sel_devs_ats[49]",0.563604895890934,0.566608971750599,0.29436954794828,0.2939266744213,0.0742559241548782,1.04230639910141,0.99993677808029,5922.87390712081,2893.64712632019
"sel_devs_ats[50]",0.561868415270127,0.557823721538232,0.292473820138935,0.296143035647819,0.0824118389414902,1.04982997019369,1.00100808454214,4862.34461404868,2884.06192231061
"sel_devs_ats[51]",0.624966739326386,0.62124883317006,0.302473415524131,0.301065372185882,0.133833215793742,1.13237260792029,1.00109722121856,4959.26463807198,2820.19852039306
"sel_devs_ats[52]",0.601294634650615,0.590925543265338,0.30726618358162,0.301784176038511,0.09202833385706,1.12595051802491,0.999879708647777,5056.63566705984,2877.34948035244
"sel_devs_ats[53]",0.585983807745339,0.583538643480087,0.313484789227227,0.315751053794931,0.074632653947881,1.10377870242146,0.99989329723731,5429.27630238176,3031.71380504982
"sel_devs_ats[54]",0.617711118763304,0.61097126527766,0.320369925000693,0.315000776038849,0.0851320537227662,1.16224946753149,1.00021210558414,5697.78496603173,2942.68651073764
"sel_devs_ats[55]",0.690120582481178,0.685033056651221,0.333612549202474,0.328881757034733,0.15175458404822,1.24552622167304,1.00141761315822,4861.38251759287,2737.67158704341
"sel_devs_ats[56]",0.72307890541125,0.722194069651005,0.343719618370614,0.342331903618773,0.167361432444262,1.2897592957181,1.00153335137608,4976.78106874235,2881.59938281411
"sel_devs_ats[57]",0.746747453344819,0.74695080108078,0.351737754472994,0.355233553692264,0.168387737561963,1.3359683476919,1.00115931733993,5423.2684916742,3141.72933600473
"sel_devs_ats[58]",0.748850680914456,0.746802827553585,0.370459302924397,0.363912823579442,0.142155745392095,1.36091788140399,1.00117564373723,5393.81546268909,2947.1683140082
"sel_devs_ats[59]",0.782148469387894,0.782955998970001,0.386204919699944,0.377729108461766,0.156467139473525,1.43066028218087,0.999988440784303,5331.06467722697,2868.13047253892
"sel_devs_ats[60]",0.780110944731864,0.77943986729768,0.405227533906258,0.413760499045863,0.115892979851855,1.45303372344664,0.999696394330905,5145.23852518788,2896.63718654265
"sel_devs_ats[61]",0.274908979484205,0.279928338992804,0.24445510564403,0.246141800573051,-0.131030631471035,0.675801654393671,1.00035808701117,5430.35296537074,2964.81461560352
"sel_devs_ats[62]",0.329435372958482,0.331504421821167,0.258202799457938,0.259643025838869,-0.0923474380511944,0.756026439899594,1.00054599908758,5259.69570381296,3333.55920294686
"sel_devs_ats[63]",0.366670262098765,0.368747465828018,0.262094301550969,0.264817482508737,-0.0652164543927204,0.797125421108198,1.00236272910613,5582.23194096741,3116.55280670305
"sel_devs_ats[64]",0.456521555059425,0.454004783539481,0.268531313623586,0.273354299665488,0.0140088967466646,0.894864759918366,1.00217278522629,5342.10355635265,3082.64237827023
"sel_devs_ats[65]",0.497461274741482,0.498877684794406,0.273611643818057,0.27243735972458,0.043137387369174,0.943676050596863,1.00136265568695,4913.4455955359,2624.63716451503
"sel_devs_ats[66]",0.542584777165271,0.541652850938454,0.267065670034512,0.261886980788765,0.0892557279781472,0.986603924280042,1.00019076747401,5624.11832208349,2958.03627696923
"sel_devs_ats[67]",0.511266611738508,0.510555804862732,0.277051445156405,0.274175511749406,0.0610943393523451,0.97769489980378,1.00157376255346,5456.77774755856,3134.6887735263
"sel_devs_ats[68]",0.54624561011125,0.544720618145026,0.276632020775038,0.270033848421429,0.097064229396276,1.00630420692246,0.999846438168921,5789.77488578292,2924.86306199744
"sel_devs_ats[69]",0.580749063068036,0.576581809294725,0.28104142519307,0.284109999091862,0.128595360032912,1.05219352455377,0.999918154474739,5960.5020711454,3393.01805310663
"sel_devs_ats[70]",0.609587523604763,0.606893374562875,0.279048091256436,0.278498410627804,0.158081514689158,1.07347310545702,1.00003924528281,5258.03086315803,3168.52250412903
"sel_devs_ats[71]",0.520151258014771,0.515687171062167,0.279720979517057,0.282135719266167,0.0590199726506006,0.983460315878228,1.00002663770321,5261.58298891023,3299.22382400296
"sel_devs_ats[72]",0.525324053139043,0.521216455233108,0.27834140484108,0.275875053135156,0.0738005189529318,0.9728664940406,1.00109410435508,5476.51658169406,2936.11575334487
"sel_devs_ats[73]",0.556445808052055,0.556316612062775,0.284307740261982,0.284260930679884,0.0976597681401732,1.0278300154309,0.999199192170555,6025.30425422345,3191.91542296684
"sel_devs_ats[74]",0.538169314686103,0.538616339751338,0.280950650747171,0.27855303906614,0.0748946461459997,0.995880255458594,1.00155523434468,5789.11360195019,2879.57215796923
"sel_devs_ats[75]",0.540973198181474,0.540370828533357,0.275258234996574,0.269744759895418,0.0839143384722487,0.990747279468426,1.00089566324995,5439.19810986785,3159.06768443471
"sel_devs_ats[76]",0.568536190131735,0.569847586340448,0.284926631106731,0.289691978828228,0.0996693249568358,1.03971818009766,0.999378140122111,5811.73661520935,3000.42121223526
"sel_devs_ats[77]",0.51690025370445,0.519265448751269,0.287727139159262,0.294188408604621,0.0474798691557924,0.990458420193461,1.00241416943292,6238.82406425321,2614.24647729932
"sel_devs_ats[78]",0.512773487909457,0.517013506538973,0.289431890535892,0.286794733996099,0.0394227972658696,0.982828294042551,1.00142235154545,5132.2316970783,3143.81306401794
"sel_devs_ats[79]",0.593857810824159,0.588879992516746,0.291368414162218,0.285646878334736,0.124460135935468,1.07235855041383,0.999801702432042,5796.12820805783,3041.8936690349
"sel_devs_ats[80]",0.606518695519312,0.600322604122351,0.294514827692188,0.290907379089182,0.127275200565473,1.1027625630498,1.00159574064491,4830.66377077391,2897.66963286031
"sel_devs_ats[81]",0.652102025545465,0.643860114316003,0.301756622131259,0.309893050426272,0.163502024641139,1.14158372019008,1.00063826757523,5436.06632659593,2950.6819079695
"sel_devs_ats[82]",0.679293305488367,0.673847513570444,0.308916063466474,0.306049307345571,0.19198536551013,1.19673833559969,1.00077796299714,5221.01824925025,2797.51590260603
"sel_devs_ats[83]",0.542009806589165,0.536051622006509,0.314518467026598,0.299307420602937,0.0300085773131978,1.06906867265128,1.00004755816813,5280.8262380407,2892.37950509834
"sel_devs_ats[84]",0.60084390789397,0.594811341797644,0.318782366305422,0.316006334250959,0.0931458576988639,1.13210011996965,1.00079340823003,5564.80093801494,3207.71866564353
"sel_devs_ats[85]",0.741781865903192,0.738573917205864,0.337593201372283,0.333427994224252,0.202751144482962,1.30971001768255,1.00013367721062,4831.15312602336,2887.09400938908
"sel_devs_ats[86]",0.770468636981265,0.767760810313272,0.341933249929512,0.337049340514245,0.209391191690182,1.33397223604528,1.00176919173797,5065.80766301818,2815.20034485806
"sel_devs_ats[87]",0.807267917935054,0.801693175898058,0.35450627190413,0.353261748510381,0.218051823353791,1.39125140785515,1.00087192198682,5331.16924547331,2936.25879171622
"sel_devs_ats[88]",0.837736968524851,0.841298873223392,0.36980668474476,0.381049463840771,0.243496971547947,1.44492389274709,1.00183004983301,5359.54324476779,2805.49660621667
"sel_devs_ats[89]",0.708034156341656,0.705259024780407,0.390298730590425,0.39336845276408,0.070945260521399,1.35774450049733,1.00050868739514,5722.13745570718,2950.06004650957
"sel_devs_ats[90]",0.725046019946319,0.719451942148528,0.400651589361793,0.406885602636875,0.0595748613846879,1.39097765247931,0.999590560013062,5243.78247740647,2943.48778355024
"sel_devs_ats[91]",0.266689789508351,0.269019068173322,0.244726902972787,0.247260925241392,-0.135028209636142,0.676398539112694,1.00133170032498,5415.66945440368,3060.84769471255
"sel_devs_ats[92]",0.318234644445389,0.317088895409916,0.24944852204247,0.255587581471867,-0.0883353325816688,0.733257040605905,0.999423979423653,5342.410565502,3258.19838934722
"sel_devs_ats[93]",0.377752891071044,0.376412762011565,0.259514586352058,0.265654515072682,-0.0431616486304585,0.800880800424882,1.00255579796167,5804.36905019306,3140.33948040343
"sel_devs_ats[94]",0.415877284096687,0.414894853389449,0.265724058174621,0.265613867792905,-0.026913115504008,0.849322987305166,1.00065542344689,5187.5796232727,2222.79210568306
"sel_devs_ats[95]",0.459377693564981,0.462169606087843,0.269592513357676,0.272063804161332,0.0148505240408621,0.897277747616161,1.00225153842665,5113.66548901354,2776.05041622099
"sel_devs_ats[96]",0.500720504512375,0.49999665381499,0.272242533691592,0.264739884576294,0.0420154237913773,0.946440287787917,1.00070359786111,5445.63436375883,3296.50212564038
"sel_devs_ats[97]",0.538118133868834,0.539407806198006,0.277698309287435,0.277541496563167,0.0779497802005177,0.9885191953797,1.00033544929758,5547.46710557868,3044.00951478526
"sel_devs_ats[98]",0.559355414026558,0.55424040696231,0.277569670566607,0.282797007177025,0.114832129598614,1.00904761623533,1.00157841764985,5612.20624581564,3240.67517979325
"sel_devs_ats[99]",0.596968290543066,0.595477695441508,0.27361338171148,0.27703707346314,0.151952864161384,1.04929938531729,0.999834898465925,5727.84819107538,3384.27412227777
"sel_devs_ats[100]",0.612917434883982,0.615071199052854,0.27553408845025,0.281819220524669,0.171462386436371,1.06847395299802,1.00030134035058,6106.98400991327,3093.41640119702
"sel_devs_ats[101]",0.554019043885022,0.555465539766956,0.282133984749915,0.289071888074919,0.0996141519310707,1.01833697944035,0.99958349023675,5354.25932815295,3018.96253529201
"sel_devs_ats[102]",0.549892918845031,0.548578966266837,0.279604141769126,0.278925677357567,0.0944794727289013,1.00401452928841,1.00075870611562,5579.28490121685,2928.37358047535
"sel_devs_ats[103]",0.570620521513111,0.566432416853368,0.278493190623729,0.280850119953566,0.108688022777806,1.02469255126266,1.00001727047418,5566.56275874962,3235.59343956666
"sel_devs_ats[104]",0.531852060383247,0.532434807926258,0.276126008607411,0.277643829997949,0.0805609412432594,0.982122018006649,1.00036979694624,5511.50064690844,2724.14042204161
"sel_devs_ats[105]",0.54187383401812,0.540588003414665,0.28162356545109,0.280579479646542,0.0725328020671131,1.00853234981094,1.00102766958289,5898.18440052736,2802.48714549465
"sel_devs_ats[106]",0.535177485694647,0.535305846500838,0.288052587409863,0.283606756701932,0.0614526233897978,1.01076655220488,0.99954629898026,5750.86442984729,3344.13119402904
"sel_devs_ats[107]",0.529245656437063,0.533295852315323,0.289993148559694,0.298328084747392,0.0538084293247505,1.0031745673899,1.00105317677952,5507.91112881659,2955.39632673439
"sel_devs_ats[108]",0.524334683924914,0.528732322723739,0.291433173722779,0.290290991964334,0.0491324028411532,1.01160934297036,1.00121065039801,5102.11954607668,2834.83647712999
"sel_devs_ats[109]",0.574834031996836,0.570852446491452,0.296783196035776,0.287210505874659,0.0839855425952101,1.06451082675751,1.00030203242021,5776.12462687774,2920.12470075887
"sel_devs_ats[110]",0.586654894125162,0.581561480140613,0.291104124293658,0.295544556107318,0.114617249939487,1.07168938139145,1.00134200509739,5101.41748234636,3097.17850023652
"sel_devs_ats[111]",0.62150940883379,0.617334978375689,0.303858866759545,0.312932599771865,0.119572473969702,1.12277351318071,1.00110085339471,4968.00840261532,2671.83637222626
"sel_devs_ats[112]",0.631133817223483,0.628026590469409,0.30544029604137,0.301070366735251,0.140257251893959,1.14749435977499,1.00132152379553,5038.75165780048,2857.78410507069
"sel_devs_ats[113]",0.635751505346703,0.631897543276357,0.314638629790772,0.301779115443088,0.126398524620658,1.16267884681747,1.00035510386963,5437.21352882988,2812.47783417377
"sel_devs_ats[114]",0.672327024268073,0.666131204084565,0.318264639524721,0.319687212032675,0.167320901422058,1.19830857448908,1.00109646482882,5111.1416538166,3056.22506079551
"sel_devs_ats[115]",0.725693122510038,0.718599460602456,0.335165319905222,0.32947240516629,0.171822182417749,1.29325804897297,1.00123953342345,4607.67846839278,2667.19392591119
"sel_devs_ats[116]",0.749349418697155,0.75113414645931,0.345622920051796,0.336399691344034,0.18843112164736,1.3153841006785,1.00299459518831,5469.5382716229,2738.3638823153
"sel_devs_ats[117]",0.774941649311963,0.775730253935763,0.353107884623657,0.348557001960226,0.197072901271124,1.35052238759605,1.00025223800533,5142.45781853086,2824.87699292003
"sel_devs_ats[118]",0.788936647381805,0.78208534532402,0.369972235977887,0.378885547104021,0.204235137912534,1.39391900205091,1.00007352433232,5326.09901184219,2946.53090151535
"sel_devs_ats[119]",0.79049054935927,0.78090626545441,0.385865997411546,0.38496645273654,0.16431902075644,1.43180020468498,0.999897528581897,5415.48195876077,2999.49070003301
"sel_devs_ats[120]",0.785472290065363,0.783224507009487,0.400963569466225,0.406037052226511,0.122758805595698,1.46252270184976,0.999777765078658,5024.84847561784,2764.83721931193
"sel_devs_ats[121]",0.285718415918009,0.285072201795596,0.258754397355777,0.263532236016653,-0.132508087187482,0.716458530868249,0.99987516140551,6004.65506504721,3253.30403842342
"sel_devs_ats[122]",0.323698176614442,0.324317397619958,0.254050539474093,0.258970247363732,-0.0874101330059986,0.741307042630344,1.00021561425561,5568.26909322441,3110.99302703598
"sel_devs_ats[123]",0.369463053585651,0.36502051308147,0.260134480328282,0.26880507136423,-0.0506907668130996,0.805081409280842,1.00272607600517,5405.25243215021,3054.68188503152
"sel_devs_ats[124]",0.426061417411968,0.425519290207691,0.265368981444787,0.27503830497977,-0.0100057745151422,0.848225253505782,1.00123846764325,5453.59983602507,3256.07837164237
"sel_devs_ats[125]",0.455501417893143,0.458283338695274,0.272724709795595,0.277922141069788,0.00669062126941971,0.900968631705426,1.0006321668851,5069.17761903733,2905.69278801073
"sel_devs_ats[126]",0.504903263212102,0.505466020753945,0.272275565910235,0.278687874622455,0.048489839623357,0.958530419738309,1.00002127566377,5294.26127196221,2652.76802954434
"sel_devs_ats[127]",0.539148801297864,0.54085475404359,0.277624810128135,0.280420279262089,0.0803734312757526,0.983679903149701,1.00317234834809,5291.58443192655,3063.45890891156
"sel_devs_ats[128]",0.56422065291494,0.556043516656308,0.26963016366091,0.270289020099676,0.140952524262531,1.01844124954904,0.999949800652429,5671.79097123222,2864.80412308576
"sel_devs_ats[129]",0.582509205187185,0.578786897221157,0.276802944529872,0.275429366889408,0.126024596055085,1.04151742118295,0.99930103019784,6413.89877550173,3021.14563075674
"sel_devs_ats[130]",0.59252814967425,0.591446330387954,0.275955620946908,0.278801348173743,0.138223151826512,1.04964034299038,0.999965502953682,5311.18286543675,3194.02506233971
"sel_devs_ats[131]",0.582324050600741,0.583158486060592,0.282814746806299,0.283608412898665,0.112049959895121,1.04215632782775,1.00001328326671,5375.88708227986,2920.81042742872
"sel_devs_ats[132]",0.581939344084901,0.579100958985028,0.27691956160839,0.288110475149963,0.130292015976177,1.03349638535989,0.999748417628156,5674.15146297812,3038.58255242907
"sel_devs_ats[133]",0.580182444249719,0.582803668359416,0.279866321567101,0.279651607246698,0.112198150098518,1.03305468280062,1.00109989630982,5709.63374946687,3107.59376746913
"sel_devs_ats[134]",0.542354308505653,0.536593874155093,0.282120964635454,0.287823479237845,0.0901922313831874,1.00239290725211,1.0002967461833,5816.11851179006,2762.55556152582
"sel_devs_ats[135]",0.553578333941352,0.549979298312343,0.283837991900059,0.285256748391074,0.0985066662130093,1.01738046829216,1.00003757991082,6260.0129285099,2868.71761124851
"sel_devs_ats[136]",0.543432672723456,0.541837182351224,0.28351007566811,0.277864093647025,0.0822363684693406,1.01663691719182,0.9994506665888,5922.20120474969,2717.17902678891
"sel_devs_ats[137]",0.535856140391397,0.541357042945161,0.288601829722705,0.30004970337623,0.0610401375963533,1.00344524590815,1.00107457980437,5526.14887564915,2866.43649849096
"sel_devs_ats[138]",0.535804747261907,0.533840943357777,0.285896164747581,0.279583486282185,0.05966561501463,1.00181250905979,1.00071085234994,5101.26715124394,3244.37183616024
"sel_devs_ats[139]",0.571065106756468,0.564369804427721,0.294011385674978,0.281935488459553,0.0961661158442013,1.062516189821,1.00015481577329,5620.35296433071,2853.60245499864
"sel_devs_ats[140]",0.583557685577279,0.581431918406013,0.298360947485184,0.300072199454895,0.10160330621591,1.07583189417463,1.00177394745838,5386.16587681693,3125.97908467726
"sel_devs_ats[141]",0.593345426775005,0.585733543691292,0.300830612891932,0.304511807654665,0.100077850050197,1.08923087538565,1.00054433042902,5262.24850162012,3185.55287729828
"sel_devs_ats[142]",0.609707396413782,0.605403803682098,0.302241947728416,0.2950342111826,0.117412475762231,1.12355192451778,1.00022860621089,5238.66586350844,2676.12374803263
"sel_devs_ats[143]",0.649582866645007,0.64317066399312,0.315865001888596,0.306694454148836,0.128686835726496,1.17852221115789,1.00034137596196,5590.78835558092,2937.47961076157
"sel_devs_ats[144]",0.675720013968824,0.670392853508712,0.318700226344611,0.319365655326798,0.16887754788251,1.19705514356114,1.00024723625492,5158.54124093221,2834.02940017236
"sel_devs_ats[145]",0.711704462323317,0.709094604939883,0.338745659733114,0.333902797298706,0.159756699635986,1.2871956350079,1.00039212075458,5322.71274089219,2750.04748583984
"sel_devs_ats[146]",0.733414143081206,0.733629975200652,0.340713060519631,0.33865995087543,0.181698884408689,1.29355410542381,1.003176399314,5164.14737910679,2911.22435219345
"sel_devs_ats[147]",0.762874956317377,0.76110870286269,0.350164424696923,0.339721670234814,0.172903704282307,1.34950340944862,1.00317063638282,5075.75969830094,3171.75733682188
"sel_devs_ats[148]",0.785846192591647,0.779786585857358,0.374580814381318,0.377119151278946,0.191965126462884,1.41179039049208,1.0005832858158,5769.8476429285,2941.02203517166
"sel_devs_ats[149]",0.814266443755439,0.809073591037396,0.381758898765217,0.382945339093311,0.18707384620243,1.44490627355363,0.999729485441294,5084.17521727564,3242.98611137944
"sel_devs_ats[150]",0.825380205205591,0.821334612576987,0.401911505503048,0.411696075485003,0.165613310637203,1.49108782191422,1.00175397278792,5550.96461663446,2937.84447482674
"sel_devs_ats[151]",0.285147295330595,0.282481442299312,0.260865368476799,0.271718968754871,-0.133258771836536,0.709002441032147,0.99995636863939,5793.28654778917,3113.97406038735
"sel_devs_ats[152]",0.330823807736564,0.330489218335301,0.250616165147334,0.252100083879529,-0.081430542333125,0.737477050490688,1.0015230300141,5381.55032699188,2912.61095442781
"sel_devs_ats[153]",0.373954867096717,0.374382337273996,0.255798152532678,0.261310040596032,-0.046454234246036,0.795864676489784,1.00218689686637,5743.60089364329,3058.49943693302
"sel_devs_ats[154]",0.429531186913459,0.428450998892955,0.263544242135196,0.268684786632026,-0.00599727844102517,0.861752947148645,1.00250550757776,5364.38891917163,2635.97603528464
"sel_devs_ats[155]",0.474091738111586,0.478415216826422,0.268926190655856,0.266505991169738,0.0203895171431393,0.911925477873272,1.00264149191601,5156.61073962342,3038.68459983131
"sel_devs_ats[156]",0.477430851262951,0.478623169824059,0.274003859443586,0.280591155866006,0.0312002528929847,0.925920487316935,0.999962482376774,5129.40781184704,2960.59406754382
"sel_devs_ats[157]",0.523153833108036,0.52524911408884,0.273068255246759,0.272178587733831,0.0723686637036498,0.974321314735955,1.00444889055767,5738.23349991335,3141.23605925259
"sel_devs_ats[158]",0.548434699426758,0.54236315483682,0.275328365770056,0.280222449402135,0.110107854365679,1.01386127014657,0.99989567543192,5590.5498519905,2916.9174244718
"sel_devs_ats[159]",0.567934817260206,0.561167090843241,0.275568818897512,0.276133633010254,0.119433390016405,1.01734547712857,1.00018414409755,5940.33591703688,3193.79530969471
"sel_devs_ats[160]",0.586538206137333,0.58486374772087,0.283879724317484,0.290706638660153,0.122698068441787,1.06479347714854,1.00028495859422,5609.71187771057,3240.85910446218
"sel_devs_ats[161]",0.59354469640553,0.594507592975453,0.275770973414231,0.274794224619542,0.14378497956087,1.05356437951677,1.00054629085245,5410.07482668225,3261.94827565847
"sel_devs_ats[162]",0.590418917344665,0.592601639167444,0.280085454422973,0.273077001851364,0.123286572840825,1.03978314488963,0.99998364822357,5552.858751958,2912.05430416692
"sel_devs_ats[163]",0.573095987636633,0.569975150759396,0.272964257350759,0.276591219475078,0.122572196962669,1.01968678336936,1.00315186493061,6121.1806198538,3250.26642621055
"sel_devs_ats[164]",0.557253670619355,0.558023862314145,0.282762056354724,0.276475485776047,0.101377311186413,1.02991039867123,0.999474679723751,5927.90969514381,2931.4764576012
"sel_devs_ats[165]",0.561228820142798,0.567007199756429,0.281555615949628,0.277476789741258,0.0951801305826472,1.01672377010761,1.00040111776691,5802.29779142625,2996.30939121775
"sel_devs_ats[166]",0.554045917766011,0.555816143731204,0.285469222526232,0.28770989084468,0.0817236192494301,1.01629654731294,0.999636016525448,5664.06226266244,2918.77853798282
"sel_devs_ats[167]",0.54588579613147,0.546699484895087,0.284116263487845,0.284195732960303,0.0792714581571884,1.01001510997534,1.00047339971421,5549.9716312851,2693.70260828118
"sel_devs_ats[168]",0.547787051207155,0.549085620423129,0.289433312159264,0.290424660581239,0.0683568167647998,1.01947411793616,1.00016862217294,5311.6533005627,2946.17563981785
"sel_devs_ats[169]",0.550601874808197,0.543932622399812,0.29478171302036,0.289469955672767,0.0722173827602241,1.04236406931093,1.00037058810832,5790.3600113314,2747.1060809445
"sel_devs_ats[170]",0.575163254902761,0.571118577308673,0.29626717553777,0.301616094719225,0.0949239753430082,1.07057507546513,1.00144665942248,5330.07929051772,3055.73304321204
"sel_devs_ats[171]",0.590646109894559,0.591517688189938,0.301362891825622,0.301453938013922,0.092817287573862,1.09565413165011,1.00065293084979,5005.20072930539,2889.97624880009
"sel_devs_ats[172]",0.595943145625455,0.593624247094173,0.308900554712202,0.310224784452666,0.0992156785439807,1.11145323690313,1.0007034321917,5566.94759416205,2900.78887631814
"sel_devs_ats[173]",0.639481546917186,0.636203477306086,0.31317939122327,0.309892700031245,0.121866052944611,1.16487802622933,1.00103458289082,5000.80546375796,2628.89652993434
"sel_devs_ats[174]",0.670021579779511,0.670290558023401,0.320680089953923,0.321595610181726,0.149955655407289,1.19983131120913,1.00181117738196,5528.42749349297,2981.07683650016
"sel_devs_ats[175]",0.693840232943713,0.688985392403829,0.335005195480247,0.325961663395907,0.147305883831856,1.26288050513009,1.00050291823104,5032.65543954175,2722.96521246653
"sel_devs_ats[176]",0.723961101227149,0.721082844447461,0.344225909023279,0.340447782260212,0.167341797889203,1.28887642026402,1.00247232436107,5464.04862437729,3033.51827133404
"sel_devs_ats[177]",0.758045005438297,0.750310443316147,0.352057850883235,0.354270987389149,0.187552622542948,1.33930392009502,1.0015071775494,5345.74460573398,2967.06666474289
"sel_devs_ats[178]",0.78009158843325,0.773444733575037,0.369335524045849,0.365993904964081,0.172022045342372,1.40370480659163,1.00192042714658,5611.2171582411,3015.1494436314
"sel_devs_ats[179]",0.805269843702798,0.805919948252225,0.387356634943707,0.388002926370444,0.165915720973548,1.44097032138696,1.00073311898197,5375.42236994074,3034.47986422186
"sel_devs_ats[180]",0.808930123396439,0.804805830324334,0.400688380039089,0.40577967438998,0.150836945579285,1.45143116243784,1.00005744668505,5093.11674465042,2967.73206326829
"sel_devs_ats[181]",0.286029513607182,0.284038880616848,0.213604847796533,0.219997815532985,-0.0655292857828715,0.639646911173482,1.0012064725449,5739.42107504507,3395.04319633685
"sel_devs_ats[182]",0.331572806249095,0.329998022973855,0.219004603974545,0.226406085088574,-0.0221621812158576,0.69476141069101,0.999990292582335,5320.75632457484,3139.5960711333
"sel_devs_ats[183]",0.363203335718832,0.361870422282862,0.232948140035939,0.23896290571512,-0.0149961731439204,0.747829676791964,1.00081493564378,5677.55399906369,3038.86921782245
"sel_devs_ats[184]",0.403949115592003,0.40392359822323,0.238751779704604,0.245853875342302,0.0108808485660907,0.79201443686045,1.00169904692934,5393.4588195785,2665.24207219472
"sel_devs_ats[185]",0.443140702361452,0.444130010924709,0.246052073475177,0.249539412123878,0.0299157186149144,0.846348561366611,1.00199095918579,5482.0685689184,3015.34682374224
"sel_devs_ats[186]",0.483633048787082,0.487148690413645,0.250134789530483,0.252880333615093,0.073784467167113,0.891234667193984,1.00056928216089,5432.4981065306,3407.05949139874
"sel_devs_ats[187]",0.507661949065008,0.510644395155015,0.25325276750999,0.255518724048966,0.0929850729542131,0.923235805902274,1.00120712117277,5482.41566706757,3118.49617748584
"sel_devs_ats[188]",0.534225497010431,0.529451001632158,0.252278566681507,0.251841399255341,0.122110777696736,0.958598101026226,0.999907184237311,5851.9837635675,3141.19207773198
"sel_devs_ats[189]",0.567272503547594,0.563719944596188,0.253882431054299,0.253294724682075,0.159995301989847,0.997088854162361,1.0000345822449,6343.6213353448,3115.00679078364
"sel_devs_ats[190]",0.582551029551683,0.577084268178207,0.257256402310561,0.258990719645209,0.165470331590552,1.00821597847062,0.999801253434662,5609.99209700657,3370.3121612172
"sel_devs_ats[191]",0.595766175681424,0.594955247897706,0.257878384092554,0.258648490597362,0.169330919968818,1.02074817201919,1.00087561271997,5300.16424866132,3221.90760199043
"sel_devs_ats[192]",0.59442899507201,0.590021379561796,0.256980109537797,0.259928607495845,0.168582584514581,1.01148895946317,0.999705515135174,5425.93237758371,2840.54567280018
"sel_devs_ats[193]",0.580766648154676,0.580900577855165,0.255002828812057,0.255371674171573,0.168231972512619,0.999894676825203,1.00051986373387,5492.96290032455,2788.47830842624
"sel_devs_ats[194]",0.576331167206091,0.580036964913896,0.254928646503478,0.251454119818593,0.157726125960023,0.990730050620935,1.00052806111424,5561.69327956029,2856.75229977334
"sel_devs_ats[195]",0.568128181471789,0.566970814085682,0.256929053188185,0.255118850518401,0.139661970028925,0.990102001844695,1.00059817711358,6062.77304553215,2944.61936698692
"sel_devs_ats[196]",0.547557036590902,0.548814950791032,0.261506902243389,0.255098883918644,0.115957394266136,0.978862908756281,0.9994363597089,5874.26286067752,2930.82616332825
"sel_devs_ats[197]",0.535448669988733,0.542304930075948,0.266535556252573,0.273939462492152,0.104569743691037,0.97080625265659,1.00146788489134,5660.6536704839,2905.94334610924
"sel_devs_ats[198]",0.531044840096417,0.534938874116179,0.268223617425111,0.270003415042268,0.0944389229795345,0.954727974455191,1.00157622845706,4987.01256058929,2829.24149802732
"sel_devs_ats[199]",0.52071103073278,0.514355934525088,0.271251846861236,0.265020415368587,0.0768366082386803,0.972365480217124,1.0010094188868,5434.28269942906,2918.45776038543
"sel_devs_ats[200]",0.530797215849339,0.527267749248314,0.272427332057087,0.27083366359817,0.0860930938476214,0.978873314019508,1.00166029290407,5329.55854101092,2729.61604189045
"sel_devs_ats[201]",0.571574707719564,0.564463551226743,0.281630486824439,0.280383927235986,0.119657572387706,1.04309501062724,1.00137891176157,5054.66204136424,2593.53684052856
"sel_devs_ats[202]",0.622725617784381,0.617835010943498,0.290325865154558,0.286710700264581,0.157045082467897,1.10856896832705,1.00081265272227,5224.641815828,2662.39468487742
"sel_devs_ats[203]",0.660399539786848,0.652298812262185,0.297029378854959,0.292670637144902,0.174696590367517,1.159260026893,1.00003739024551,5211.20118071413,2772.57782491004
"sel_devs_ats[204]",0.678625531936418,0.676870091916272,0.300445090421802,0.305170848774686,0.198282426836691,1.18242991746011,1.00078334861992,5384.0969810605,2851.81585235757
"sel_devs_ats[205]",0.690740762527276,0.684928095581509,0.31497333524115,0.311313040516591,0.175774610406604,1.22057022586148,1.00150831946559,5104.05561421401,2379.86074024172
"sel_devs_ats[206]",0.722905901146395,0.726185162425068,0.325271356550533,0.315442236655072,0.185773938940318,1.26132720461242,1.00229699872994,5155.39536819826,2765.76736489289
"sel_devs_ats[207]",0.751468831086639,0.755526972987541,0.334955847760535,0.335900073256955,0.20634346768403,1.3104087869668,1.00119040341942,5160.58742021816,2927.00247833501
"sel_devs_ats[208]",0.775204650679563,0.774908123696584,0.352672333589763,0.35483765644443,0.199195051317109,1.36563851055535,1.00147232915384,5603.49584187764,2877.94495854207
"sel_devs_ats[209]",0.791426682482741,0.781778900703536,0.36932848685231,0.366908565350881,0.180255372817832,1.41107398497057,1.00058091498556,5365.58360486427,2805.2702023062
"sel_devs_ats[210]",0.795424740715888,0.793612059969974,0.388927526037488,0.394013533562971,0.145004406696309,1.44157047459803,0.99974349250471,5195.58951680922,2868.17607097392
"sel_coffs_fsh[1]",-4.10278511082656,-4.08336325274735,0.76401046002044,0.759926249411235,-5.40925983795791,-2.89600326162858,0.999919577540642,4562.73019131833,2625.83452155938
"sel_coffs_fsh[2]",-1.99509535289296,-1.98052842834935,0.575835081106245,0.595317710063574,-2.9730153479397,-1.06877559394873,0.999744471457778,4499.77808870931,3249.06276355586
"sel_coffs_fsh[3]",-0.612669755494021,-0.603854860420472,0.481874443566646,0.468567060679822,-1.41575810721224,0.170323182931435,1.0012027387846,3502.00513245425,2862.97762736978
"sel_coffs_fsh[4]",0.790948544083245,0.803258344707889,0.415138418473347,0.415430263760205,0.0756306413267311,1.45032139516649,0.999926262726006,2845.74167069798,2711.71602044449
"sel_coffs_fsh[5]",0.770041248575265,0.783673357631665,0.484953157487661,0.496596227990278,-0.0686167325746651,1.52744357065796,1.00104637443853,2811.27601892033,2718.7150784017
"sel_coffs_fsh[6]",0.0540039113302042,0.0608252401229553,0.403426480867514,0.406888891077848,-0.628232529426694,0.685093839855422,1.00024629732637,3463.25253389091,2377.55308759002
"sel_coffs_fsh[7]",-0.0146629682306826,-0.00122192468672843,0.381214202103589,0.382289108972056,-0.653285156462446,0.593007575924435,1.00018456721967,3296.35544758263,2499.53366684659
"sel_coffs_fsh[8]",-0.088822359114182,-0.078593200199973,0.366961199854763,0.36983305955512,-0.706451257927966,0.494855099867928,1.00092134872634,3134.44441654849,2559.43729146123
"sel_coffs_fsh[9]",-0.149018156737183,-0.144247029321314,0.369586357843087,0.358962305932944,-0.770744859870015,0.450879534094192,1.00100360237409,2929.50519652127,2514.51673362769
"sel_coffs_fsh[10]",-0.192091713925903,-0.184481647961993,0.375283166914889,0.374687721124523,-0.828216730274337,0.398342630753226,1.00047096159003,2825.24973262175,2868.21099510927
"sel_coffs_fsh[11]",-0.229337985752021,-0.219803051269858,0.388560531139321,0.38016244318193,-0.891913778264994,0.383752973131642,1.00026454268339,3320.71684831348,2833.6077738456
"sel_coffs_fsh[12]",-0.251597983962034,-0.238351244186181,0.393436114314097,0.390167252613991,-0.917773263927457,0.375801192340976,1.0013892579198,3015.39921854883,2548.05799228608
"sel_coffs_ats[1]",-0.147229003712563,-0.143977930284143,0.249781284268596,0.247271300677813,-0.556487595015635,0.265314840277681,1.00029596513062,6097.52533370188,3248.15943829633
"sel_coffs_ats[2]",-0.173078777055309,-0.171016296632552,0.282351757917627,0.276254346269186,-0.637606327387913,0.296175571715282,1.00228394471768,5903.03611686454,2966.33580329285
"sel_coffs_ats[3]",0.0446057361509279,0.0466875009425924,0.269743603812934,0.264309568471466,-0.399920708900695,0.485460422196609,1.00059486932052,6156.65373241239,2909.0586189549
"sel_coffs_ats[4]",0.179071193769196,0.177735434873238,0.25786838834896,0.255118537416436,-0.231306566053438,0.613769955229956,1.00072293725866,6261.38994311652,3058.71598899077
"sel_coffs_ats[5]",0.181438944139224,0.186111030668166,0.271385361788178,0.270452099597285,-0.262854443139584,0.621613660932585,1.00063241791258,5237.64765829636,3137.6976260537
"sel_coffs_ats[6]",0.248844813114417,0.246316513166732,0.266603742154597,0.264019237702924,-0.191888709474226,0.683784532401026,0.99999057475799,6001.2209069345,3411.30803273925
"sel_coffs_ats[7]",0.346235652550473,0.3474584816913,0.23756764543856,0.233910701571707,-0.0496531205240821,0.724599514545427,1.00126066978553,6048.32434575893,3139.43807610374
"sel_slp_bts_dev[1]",-0.776408257708316,-0.763038285006362,0.200937757803622,0.202971363355042,-1.12944243551734,-0.46815507300637,1.00059816451772,4252.5977265705,2464.92425687824
"sel_slp_bts_dev[2]",0.110103251826874,0.113829390829097,0.163243425538809,0.15785264899783,-0.169206592572382,0.370859326220608,1.00026396811983,4220.60124002076,2584.62476284436
"sel_slp_bts_dev[3]",0.0609025296765671,0.0639058312931541,0.150511749363309,0.147465933241491,-0.189261415475145,0.30226681325052,1.00115443330302,4715.31851352858,2922.71841134765
"sel_slp_bts_dev[4]",-0.391601020319045,-0.385705507477654,0.179347938705201,0.179160959249919,-0.689514147194768,-0.107178210192564,1.00067911170089,4092.98639783756,3333.03401280674
"sel_slp_bts_dev[5]",-0.283656236911014,-0.28208267522099,0.138945521441508,0.13699844948189,-0.517881037842608,-0.0628152730940494,1.0010945836114,4508.80398440895,2552.41394226387
"sel_slp_bts_dev[6]",-0.351475289585366,-0.348645472943742,0.220368713088601,0.217048089482087,-0.715319020140321,-0.00161927138263667,1.00041741232164,4238.38089056119,2608.4457644567
"sel_slp_bts_dev[7]",-0.466046708664238,-0.453881234639615,0.297068335872118,0.282474183772218,-0.974589402691016,0.00295637483562399,1.00288785616672,2061.27617735175,1182.93973944797
"sel_slp_bts_dev[8]",-0.27456438207798,-0.261008523820041,0.410676281291943,0.384720020307624,-0.97594328149687,0.364038560996978,1.00090844574787,1281.06020408903,1116.76888884261
"sel_slp_bts_dev[9]",0.4526701802166,0.444459394385382,0.25323746112271,0.252691344418384,0.0508316815130532,0.874964630238917,1.0001538586313,3706.67412282546,2455.30023986011
"sel_slp_bts_dev[10]",0.264309319344823,0.259592551753698,0.159134059509336,0.15470837332591,0.011440114501434,0.530072481505732,1.00087878993301,5183.75221152894,3161.18847761774
"sel_slp_bts_dev[11]",0.189096943128265,0.188223195418927,0.162897195949438,0.161585897256394,-0.0760355649408896,0.461327617413253,1.00075181118893,5065.91815098024,2852.2234442671
"sel_slp_bts_dev[12]",0.354313865694328,0.35577861144421,0.165581352694863,0.165155532648762,0.0805147085300019,0.620603049544816,0.999947998615295,5003.6270602614,2944.67896259362
"sel_slp_bts_dev[13]",0.323909386275793,0.325500071715954,0.125288617880994,0.125438635168304,0.116669098535619,0.530324802900424,1.00132068321609,4543.71559193492,2688.37971705435
"sel_slp_bts_dev[14]",0.274985518996412,0.273462081879515,0.121396228500216,0.11765730358727,0.0776116374434943,0.473045689676181,1.00078895762944,3988.37385062628,2997.24357249276
"sel_slp_bts_dev[15]",-0.132011478627363,-0.130101755921932,0.0843479611626064,0.0845440172167167,-0.272151587313182,0.00190376467439542,1.00111179957957,5398.44836917119,3101.03909252622
"sel_slp_bts_dev[16]",-0.279371920012662,-0.279120734036308,0.135164544075888,0.131450838489793,-0.502129772269897,-0.0587489903478526,0.999661719538711,4909.40637196514,2971.05050382525
"sel_slp_bts_dev[17]",-0.528436586905745,-0.52447357986148,0.118784851929062,0.117633037062555,-0.722652652039327,-0.340279499037686,0.999901952034153,5003.342799843,2986.85104758991
"sel_slp_bts_dev[18]",-0.608752286955482,-0.60746034250349,0.133730918335253,0.133659289638596,-0.834559916699123,-0.393497161549191,1.00049326452449,4678.15250494754,2721.35736524682
"sel_slp_bts_dev[19]",-0.265151627272011,-0.267075244309823,0.158745797459893,0.156851171593699,-0.529668121580235,-0.00344323322750809,1.00152748765434,4352.98551226843,2486.65888300224
"sel_slp_bts_dev[20]",-0.456399838011753,-0.455418126739995,0.102038282274399,0.0996343832660406,-0.625545838203425,-0.286710432180027,1.00115017435932,5250.71039060536,3119.35111094442
"sel_slp_bts_dev[21]",0.0061339162374536,0.00337433309416558,0.109849051885,0.109491368240088,-0.168838796731484,0.190016787409296,1.00065463591314,4430.95767208415,2865.8584370528
"sel_slp_bts_dev[22]",0.246951053873726,0.246732294434029,0.129850116704996,0.129324305018551,0.0373723720599668,0.468170361433183,0.999854337178799,5073.82576320408,3048.65042584451
"sel_slp_bts_dev[23]",0.125872772627203,0.12689354532799,0.102637946685852,0.103984970022097,-0.0464847789312445,0.295302632066263,1.00138642605134,4900.55984713517,2947.59047137368
"sel_slp_bts_dev[24]",0.268636683747216,0.267774969780682,0.123398081347409,0.118999933039983,0.0660703669706703,0.470089501968586,0.999644846169082,5435.88802395432,2956.67435571043
"sel_slp_bts_dev[25]",-0.0327805187863094,-0.0324434018003988,0.101092817646757,0.0990675611679955,-0.197265023365585,0.131186739712994,1.00047113378185,4061.50817412745,2831.17613390846
"sel_slp_bts_dev[26]",0.39666841005377,0.392223387896661,0.139950623903627,0.138633206291773,0.176070807965024,0.632790383593854,1.00024693762609,5725.46838620475,3136.14998312857
"sel_slp_bts_dev[27]",0.594633459261184,0.592667209298703,0.0988500765107634,0.0983501411197791,0.435541798071998,0.758649029941246,1.00025673779535,5944.02840645989,3113.96892132599
"sel_slp_bts_dev[28]",0.279862076902713,0.280198879192619,0.111560148952933,0.114716711960841,0.0979971148393203,0.458164818502129,1.0006298435699,4339.63667046467,2927.80766595727
"sel_slp_bts_dev[29]",0.876138159661711,0.878577499042603,0.147521311621147,0.150451311617537,0.632928249575321,1.11257469603783,1.0012289035203,5267.56525664434,3090.91265091375
"sel_slp_bts_dev[30]",0.560701825505278,0.560298587742732,0.0827043904034914,0.0829826945236497,0.424569726321631,0.696497828540842,1.00026703510454,4805.6915614279,3036.50040288593
"sel_slp_bts_dev[31]",0.207618716058979,0.207677197095344,0.136976086090491,0.136218759596554,-0.0164455896568593,0.429278600808475,1.00127237184412,4541.49245412412,2757.07432778472
"sel_slp_bts_dev[32]",0.324029766280118,0.327162215268399,0.141159163852776,0.13663454707793,0.0837658376914066,0.552119210073629,0.999810988378084,4545.9603158378,2681.1375739106
"sel_slp_bts_dev[33]",0.541561408190652,0.540038547766825,0.106233815369348,0.107075568551788,0.37085368263277,0.718389129184946,0.99978563307391,4552.78094685284,3186.32848345962
"sel_slp_bts_dev[34]",0.441873207100066,0.439051830337238,0.122473319495108,0.121072589234913,0.241461749232859,0.650892066338021,1.00042570649828,4988.16116446505,2940.75022912498
"sel_slp_bts_dev[35]",0.437061162243718,0.439403165060564,0.142481238278369,0.143190023400794,0.200780241668882,0.669545819067427,1.00288750559512,5012.78197699448,3070.16868337752
"sel_slp_bts_dev[36]",0.240032803424149,0.240474312678886,0.103246287576951,0.106788406631765,0.0697646628404783,0.406080256158155,1.00168947894854,5343.98187257784,2841.80484012168
"sel_slp_bts_dev[37]",-0.417671707202857,-0.416279508463875,0.127831551324841,0.129048507404536,-0.634494344004459,-0.213650751126184,1.00063528013464,4808.69351100681,2659.025617333
"sel_slp_bts_dev[38]",-0.0026023577105194,0.00141900329910155,0.128286828425582,0.129083672942854,-0.2171529974603,0.200012103868098,1.00158012835511,4442.58108012817,2833.15344492193
"sel_slp_bts_dev[39]",-0.212563020714419,-0.207736037351448,0.258429706615243,0.255741690298775,-0.647171249666027,0.20780847894324,0.999630357409582,3461.22415809271,2922.6589483099
"sel_slp_bts_dev[40]",-0.289090563779387,-0.289033415477199,0.10741799612854,0.109321153647884,-0.465583384091766,-0.113104684242971,1.00133641159992,3665.54882977291,2948.53642987112
"sel_slp_bts_dev[41]",-0.0720263437390084,-0.0694102920396129,0.147281882480931,0.1434486182357,-0.322118405703063,0.166031839315342,1.00180781430267,4626.00701054621,3126.72059658493
"sel_slp_bts_dev[42]",-0.401714530973877,-0.398451994819388,0.139187223612499,0.137434106294654,-0.631253922693177,-0.181746303834362,1.00007041616501,3908.22018333151,3163.81539973978
"sel_slp_bts_dev[43]",-0.165084939545695,-0.154429314847242,0.216908904996088,0.203242013620263,-0.544895706679011,0.170558699272924,1.0016074749816,3721.16523298561,2387.48934157648
"sel_a50_bts_dev[1]",1.75750879022223,1.75683918134727,0.0795677973710042,0.0781503154959999,1.63083278992228,1.89505861618512,0.999789183557625,4517.64943015641,2845.25641174539
"sel_a50_bts_dev[2]",1.59802708338572,1.59806868759941,0.0531855998214915,0.052789718301381,1.5103015830805,1.68581932851773,1.00138381859167,4688.35634175477,3178.00456118879
"sel_a50_bts_dev[3]",1.72745773178457,1.72717073299873,0.0512955101287048,0.0521730909285326,1.64352693657984,1.80988470159846,1.00092902425913,4757.91111376628,3216.23288028676
"sel_a50_bts_dev[4]",1.83893953625717,1.83845988732904,0.0627290430311015,0.0627107791443103,1.737613778072,1.94293196404882,1.00024048190411,4748.79695291662,2686.45028124162
"sel_a50_bts_dev[5]",1.86651718071891,1.86478416552757,0.0597732814810837,0.0602772267663835,1.77022841124697,1.96618309457654,1.00003638160972,4606.49845255939,3249.10257273326
"sel_a50_bts_dev[6]",1.79510569557432,1.79222251282217,0.0772240007274225,0.0767063348641114,1.67054714447738,1.92772383488922,0.99982238277742,4764.13753705792,3005.65980815693
"sel_a50_bts_dev[7]",1.63983181950701,1.64294940464266,0.107202111049322,0.100063477660285,1.46813205538163,1.80771439066274,1.00301387771394,2402.23301944754,1104.2780279371
"sel_a50_bts_dev[8]",1.56171220717136,1.56617268513072,0.110327826530145,0.0973579971676662,1.37720929784109,1.72031528053454,1.00298859623653,1461.95327440176,709.618517317138
"sel_a50_bts_dev[9]",1.54083900962401,1.54184241051155,0.0692230408999572,0.0681201150357514,1.42712004182899,1.65385176072972,1.00007353200235,4082.4626213356,2601.9054366848
"sel_a50_bts_dev[10]",1.65913803460544,1.65892636062817,0.0642388693567183,0.0636840914526092,1.55374013998981,1.76494464745973,0.99964953368416,5352.63703035445,2990.42017720165
"sel_a50_bts_dev[11]",1.65515617337488,1.65482256956089,0.0604585625051218,0.0624364637156778,1.55758531531085,1.75447285287093,1.00021333616325,4655.71527226368,2707.55108974256
"sel_a50_bts_dev[12]",1.61096381802474,1.60780389995297,0.0467382775028922,0.0456262167506975,1.53893034712864,1.69243400463859,1.00041644931602,5255.18440645378,3045.25778936579
"sel_a50_bts_dev[13]",1.697527016534,1.69602100050592,0.041972351135912,0.0407870762160681,1.63147274723171,1.76876766145715,1.00152196293086,4753.08709240945,2814.84868713347
"sel_a50_bts_dev[14]",1.79589564264029,1.79551986606449,0.0453326888396832,0.0448597443038533,1.72266698737042,1.87027666551516,1.00034408879774,4267.94371806301,3207.47603960574
"sel_a50_bts_dev[15]",1.98788304834729,1.98726914216852,0.0338495429840068,0.0340694520527251,1.93348988624115,2.0454095931042,0.999845506294244,5054.2629514976,2974.1235236876
"sel_a50_bts_dev[16]",2.0085345728303,2.00796303503258,0.0545259041285995,0.0547765994007885,1.92073760652639,2.09856827629003,1.00072865713786,5117.0116295639,2663.22186595917
"sel_a50_bts_dev[17]",2.10246920667112,2.10148471220316,0.0487570868744847,0.0472344535421146,2.02378330408979,2.18329867983619,0.999728791865986,5278.06954093502,3152.43795881119
"sel_a50_bts_dev[18]",2.0436365635932,2.04382043857594,0.064552870423379,0.0651210495736231,1.93832620239791,2.15107743038768,1.00055071708526,4731.47476739968,3061.42351632228
"sel_a50_bts_dev[19]",1.88682060122468,1.8851208552914,0.06637072023757,0.0664020263303818,1.77810493477433,1.99731562277773,1.00023335080604,4610.59713951523,2983.2567196856
"sel_a50_bts_dev[20]",1.94242619699699,1.94296125395554,0.0501161664393842,0.0510284046260666,1.86050730881848,2.02507239396909,1.00075192324443,4865.65310353131,2966.42683943274
"sel_a50_bts_dev[21]",1.82154415862036,1.82072916304774,0.0507559479593521,0.0506512771965861,1.73462812400723,1.90461401905892,1.00095620762607,4483.34252507988,2508.31874070211
"sel_a50_bts_dev[22]",1.77946011005325,1.77865277635923,0.0507029270895724,0.0503517827206433,1.6980239838165,1.8635522858196,1.00033652542798,5310.01232996905,2949.53108585045
"sel_a50_bts_dev[23]",1.8258399648417,1.82441612131691,0.0361564004150331,0.0349182751508718,1.76826846529961,1.88642464200608,1.00093202899996,5184.74773048447,2742.26015625105
"sel_a50_bts_dev[24]",1.77044712746371,1.77002383081709,0.0368782677926226,0.0365568078893556,1.71039654965402,1.83374416821308,1.00372262362941,5614.52486283708,2895.93272057108
"sel_a50_bts_dev[25]",1.87492532671843,1.87358538466526,0.0339481089376694,0.0340445151861241,1.82104672790298,1.93215013172686,0.999994973108941,4538.50615201985,3192.11422749428
"sel_a50_bts_dev[26]",1.7062090214773,1.70641577392033,0.041686449744902,0.0411449574659827,1.63765538355971,1.77446919885251,1.00093324710314,6225.90431990838,3247.27790169795
"sel_a50_bts_dev[27]",1.67537856588881,1.67527972032251,0.0316096219499029,0.0317037256806485,1.62221547387795,1.72730403178421,0.999767715319474,5740.932371552,3259.18444856642
"sel_a50_bts_dev[28]",1.75095989853359,1.75035868601265,0.0388563239940595,0.039247271173185,1.68874634474673,1.81620035746245,1.00019517029562,4959.43575522137,2902.41111736074
"sel_a50_bts_dev[29]",1.57012480377217,1.56818970793667,0.0344417495964166,0.0332711105834612,1.51701333240207,1.63048366908027,1.00083343551971,5964.95054498575,2810.65079715798
"sel_a50_bts_dev[30]",1.72568266496414,1.72545709258263,0.0266890877861383,0.0271768446821761,1.68248655673449,1.77006246019414,1.00079498675984,4748.58997183508,3004.28956430654
"sel_a50_bts_dev[31]",1.76124376306617,1.75939351116269,0.0439443509232371,0.0442072563977017,1.69202120405771,1.83707313836224,1.00149327467542,4785.78922059693,2855.8253043443
"sel_a50_bts_dev[32]",1.71776681667263,1.71661828989914,0.0307658915906477,0.029927917622978,1.66889742480371,1.77031407835178,1.00120248181432,4972.0658745842,2489.93899963408
"sel_a50_bts_dev[33]",1.64251785755813,1.64297083459324,0.0333567525582252,0.0324079759527311,1.58584048191777,1.69532895206499,1.00286835043901,4431.97023832578,2656.14641132607
"sel_a50_bts_dev[34]",1.59129072808544,1.59334406867261,0.0410852831407238,0.040727484373341,1.5210634484142,1.65782267252995,1.00012701060102,5124.59647596752,2872.21016110608
"sel_a50_bts_dev[35]",1.65646315804901,1.65580280304467,0.0394063129041364,0.0396818361318379,1.59400714511196,1.72416726988701,1.00315585380381,5882.1452488817,2670.29195523503
"sel_a50_bts_dev[36]",1.73482102721695,1.73441511770756,0.026962384663704,0.0276678029912344,1.69247390108768,1.77988191767263,1.0018702350725,5292.86198361424,2933.04848373395
"sel_a50_bts_dev[37]",1.96830396048349,1.96730617278705,0.0465788362810227,0.0471467191866686,1.89441071078719,2.04762784851237,1.00183611815119,4838.94649073819,2663.34565046449
"sel_a50_bts_dev[38]",1.74831371860429,1.7488474599494,0.041611357515936,0.0413731581786883,1.6791230829936,1.81570194560581,0.999851712772644,3890.91428589212,2769.7118165344
"sel_a50_bts_dev[39]",1.85400510825785,1.85423270698379,0.0829841009930593,0.0804535109120356,1.71702889820667,1.99185921135643,1.00027535765577,4280.05043244691,3003.49265803035
"sel_a50_bts_dev[40]",1.94649516788396,1.94623518884326,0.0443562229855674,0.0442572004933856,1.87448577349302,2.01923816673168,1.00129120026735,3662.65447008731,2802.29315261319
"sel_a50_bts_dev[41]",1.8351620702502,1.83328872433962,0.0516502266820989,0.0485400779328138,1.75374343719978,1.92614384856785,1.00041244707698,4653.32017781908,2397.41182896952
"sel_a50_bts_dev[42]",1.98692996569911,1.98479561302833,0.0513470414570359,0.0508422322845413,1.90511845345494,2.07500868332569,1.00059441178387,4235.9807261387,2648.07064066374
"sel_a50_bts_dev[43]",1.76650770543396,1.76609128615048,0.0852835018188445,0.0834777505293098,1.62611699271656,1.90506969024212,1.00121689170042,3364.41987209761,3009.36127761755
"sel_age_one_bts_dev[1]",-2.9069323193754,-2.90683985098351,0.228061484206991,0.236481456892888,-3.28225784288332,-2.53510395210267,1.00186109156392,5552.57291046932,3190.8929149284
"sel_age_one_bts_dev[2]",-2.90964814363695,-2.90835302846919,0.186292917498793,0.182849519830151,-3.21968105640571,-2.59931178239204,1.00637004675334,5581.15014774093,2817.82899684345
"sel_age_one_bts_dev[3]",-2.76759781407228,-2.76285831513464,0.212526506723496,0.210798993645692,-3.12132607041428,-2.42167041697478,1.00157617877148,5249.23253854881,2975.68115512776
"sel_age_one_bts_dev[4]",-2.43966361379006,-2.44168259950694,0.191714633599369,0.196243701631904,-2.75133259234387,-2.12039619635123,1.00211038405113,5545.32237667728,3330.2681361974
"sel_age_one_bts_dev[5]",-2.18988178992052,-2.18659378200081,0.191842092632131,0.189538792387901,-2.51386711388834,-1.87670219489671,1.00389709828548,5474.19635571345,2836.37896184214
"sel_age_one_bts_dev[6]",-2.36680529732217,-2.36804764583069,0.237105244751118,0.237922789729048,-2.76190334569696,-1.97623859840977,1.00021527797394,5249.49432486763,3149.8100785453
"sel_age_one_bts_dev[7]",-2.44830023865809,-2.4446960566675,0.259935397269155,0.264441584029454,-2.87555399664403,-2.02429258701399,1.00117854169486,5384.19289250602,2738.59364065643
"sel_age_one_bts_dev[8]",-2.70554501731657,-2.6981863648792,0.252975734167572,0.255678201699164,-3.12255373419119,-2.30054789644341,1.00068308380946,5823.13326714973,2816.6745441284
"sel_age_one_bts_dev[9]",-2.90386348692642,-2.90263977016977,0.212114910783575,0.211711385571266,-3.25817846283375,-2.55133967763025,1.00223827276518,5603.929930289,2991.34950208969
"sel_age_one_bts_dev[10]",-2.74463173470651,-2.74138075993926,0.186078340300347,0.186628678800489,-3.05069351787639,-2.44066513118038,1.00045304186051,5800.19390752346,2912.39708649917
"sel_age_one_bts_dev[11]",-2.89563838012392,-2.89416890576386,0.192665660235378,0.194952143262976,-3.21320856736958,-2.58174142168691,1.00121708314009,4584.77236183161,3358.33576135211
"sel_age_one_bts_dev[12]",-2.96445320522402,-2.96154719538821,0.185572450250222,0.191236079030612,-3.26570225223809,-2.66522268784301,1.00137313708606,5689.34783916126,3272.90616210766
"sel_age_one_bts_dev[13]",-2.82936086983288,-2.82647558409052,0.203216892929202,0.201675737333889,-3.17200470899731,-2.49845747136209,1.00024836370793,4876.53845865011,2890.15827425507
"sel_age_one_bts_dev[14]",-2.77536854291565,-2.77358800093442,0.199464059949699,0.198229983962831,-3.10875718263221,-2.45227182960242,1.00041461919338,5624.28057942393,2957.22519598006
"sel_age_one_bts_dev[15]",-2.77396769167305,-2.77247927136569,0.149312497193538,0.149973992751133,-3.0226999254288,-2.52952839803885,1.00015328849441,5264.60178744218,3117.31843149662
"sel_age_one_bts_dev[16]",-2.95869614164316,-2.95962833928187,0.18614933219993,0.191055215376806,-3.26225116259506,-2.65471216103606,1.00140485721586,5190.21634700251,3142.86869698361
"sel_age_one_bts_dev[17]",-3.12136093621093,-3.12061789415029,0.210085456609157,0.206996013013342,-3.47332512684521,-2.7749357697755,1.00010961334772,5418.91692767305,3207.71063146512
"sel_age_one_bts_dev[18]",-3.25973569611714,-3.25755455307649,0.203679224245133,0.20133233832541,-3.60121792095738,-2.92791749780525,1.00100267860044,5068.30910250327,2682.86959063734
"sel_age_one_bts_dev[19]",-3.36560848496389,-3.36157963936626,0.199723098442994,0.198308335437356,-3.69717780241442,-3.03059543429491,1.00275068105615,5514.97112529464,3245.26447472368
"sel_age_one_bts_dev[20]",-3.272642513986,-3.26863376239397,0.161413156681094,0.163863083119239,-3.54285941596878,-3.00919631826276,1.00026056301458,5241.60903395208,3212.12242802301
"sel_age_one_bts_dev[21]",-3.29276935111408,-3.29310431989626,0.176746051757402,0.181458665274306,-3.58997956838034,-3.0096757519325,1.00150500421168,5474.78386590854,3161.45429852123
"sel_age_one_bts_dev[22]",-3.400433619383,-3.40030817768077,0.206925723977215,0.207736419834391,-3.74456056384877,-3.05794734711105,1.0015138053016,6133.47195934734,3112.76872215549
"sel_age_one_bts_dev[23]",-3.21993346328948,-3.21538163660411,0.206716429419245,0.20776193587407,-3.56156492334699,-2.88268476235688,0.999920085248457,4883.4325216996,3050.1763164485
"sel_age_one_bts_dev[24]",-3.07698377110305,-3.07460459972062,0.200388333009725,0.196972667220912,-3.41422853767682,-2.76187954421721,1.00106340474495,5089.73531434317,2799.07461217358
"sel_age_one_bts_dev[25]",-2.99953939332916,-2.99809477031014,0.14819863748753,0.152401462099354,-3.24029143118035,-2.75594285017774,1.00039067490027,5427.89201107437,3407.87193559878
"sel_age_one_bts_dev[26]",-3.0535164780147,-3.0550945744944,0.148016196457396,0.149061333228785,-3.29692504195159,-2.80965171184311,1.00032280701101,5420.77354479925,3167.47985411898
"sel_age_one_bts_dev[27]",-3.57791357846372,-3.57793828281374,0.162212670664347,0.161326423877625,-3.84821529623968,-3.30992152753337,1.00071430606544,5083.84548781832,3160.4662266729
"sel_age_one_bts_dev[28]",-3.97341075809891,-3.97412269743713,0.157737830497259,0.162060325154142,-4.23132982993224,-3.71674579930262,1.00554718882916,5528.58715063914,3077.65900461749
"sel_age_one_bts_dev[29]",-3.70715624957252,-3.70377721735329,0.193490079837802,0.198804885489413,-4.03029479751435,-3.39325360232594,1.00159836029949,5541.50753759539,3000.96297470833
"sel_age_one_bts_dev[30]",-3.11610619163681,-3.11400717703027,0.171602144964986,0.166576915906284,-3.40373043318947,-2.83093127038992,1.00049734494615,5504.91748088357,2853.97503970744
"sel_age_one_bts_dev[31]",-3.11501419099055,-3.11578956802786,0.196688661456967,0.198786258871656,-3.43942112125863,-2.7927627750179,1.00213471158436,5120.98153462757,2990.53848258869
"sel_age_one_bts_dev[32]",-3.38032638135986,-3.3821048047362,0.195667988779547,0.193728226655801,-3.69652711592511,-3.05719696144419,1.00104786584451,5651.74369566234,3216.032072491
"sel_age_one_bts_dev[33]",-3.39211431046289,-3.39369845111684,0.182198228463531,0.181862738447653,-3.69856501700586,-3.09338760340437,1.00093793505096,5476.42174660663,3297.42780842895
"sel_age_one_bts_dev[34]",-3.21152485539413,-3.20922769450877,0.206280210981052,0.206633104048139,-3.54941264476277,-2.88131344241133,1.00143830182607,6071.73697690419,3042.73185792344
"sel_age_one_bts_dev[35]",-3.04343935497549,-3.04416403363094,0.223355129424126,0.22200134466864,-3.41203502487902,-2.6861165589407,1.0008969621276,6055.46555809426,3350.58815507583
"sel_age_one_bts_dev[36]",-2.97827239480297,-2.97220720929063,0.206741374138591,0.209177176249809,-3.32998002563946,-2.65032142536206,1.00186779494864,5088.42120820102,2987.06581910642
"sel_age_one_bts_dev[37]",-3.05108172316753,-3.05032464931131,0.193305529186287,0.193898347955267,-3.3782259826908,-2.73697058637879,1.00194078787731,5916.2367161049,3080.50122654426
"sel_age_one_bts_dev[38]",-3.40420398823989,-3.40326455385336,0.189223791214328,0.188339520180014,-3.71471562050958,-3.09926250563461,0.99994727999076,5733.41014836408,2937.11242381772
"sel_age_one_bts_dev[39]",-3.20579612671419,-3.20145949923689,0.246269151409547,0.246102944690159,-3.61498676816718,-2.80964244355018,1.00016954044393,5775.99183628087,2724.09780211593
"sel_age_one_bts_dev[40]",-3.00649487893665,-3.00431731920413,0.228323540583767,0.2307423243359,-3.38585633704135,-2.63930001532349,1.00120604967573,5003.0436588293,2868.63093641155
"sel_age_one_bts_dev[41]",-3.02467024807668,-3.02510381595067,0.253377019711236,0.264029667746097,-3.44561493434385,-2.61952766503835,1.00069734275151,4857.32653537362,3166.98500414301
"sel_age_one_bts_dev[42]",-3.0070875563126,-3.01083284722661,0.279948939886479,0.27826023612767,-3.46164515988051,-2.54938351653467,1.00093187553612,5066.61151307575,3009.56122617702
"sel_age_one_bts_dev[43]",-3.00639114879346,-3.00971044571605,0.353654836757081,0.361642211020777,-3.57339075029332,-2.43166957307907,1.00054522587107,4729.88056079238,2812.9301272277
"lp__",-8546.75913915,-8546.4315,24.9348807988784,24.8708373900019,-8588.65977,-8506.491415,0.999725958637996,1638.67904200805,2345.99560121534
