"simulation","year","age","value"
1,1964,3,0.566943501284158
1,1965,3,0.436115846093243
1,1966,3,0.574976651349847
1,1967,3,1.11135901377601
1,1968,3,0.5437975566831
1,1969,3,0.933193102976602
1,1970,3,0.779401829913257
1,1971,3,0.548627919690492
1,1972,3,0.613945047740891
1,1973,3,0.599367810411569
1,1974,3,0.64389411464092
1,1975,3,0.825205561923536
1,1976,3,1.04598977114882
1,1977,3,1.03660399752282
1,1978,3,0.779312867542673
1,1979,3,0.940559667654292
1,1980,3,0.230168072425277
1,1981,3,0.268191688852638
1,1982,3,0.111335534754594
1,1983,3,0.285947328384392
1,1984,3,0.238962646679255
1,1985,3,0.331122184043957
1,1986,3,0.177586226556401
1,1987,3,0.224454570309706
1,1988,3,0.40872796697263
1,1989,3,0.189285829583169
1,1990,3,0.0876987326612208
1,1991,3,0.0823211947886701
1,1992,3,0.130998895518022
1,1993,3,0.234251507367383
1,1994,3,0.0617752141742329
1,1995,3,0.0496987489881444
1,1996,3,0.0180798819115786
1,1997,3,0.0634589711595393
1,1998,3,0.103411719152627
1,1999,3,0.178008144400852
1,2000,3,0.116289900536525
1,2001,3,0.0914289757863491
1,2002,3,0.095570486413438
1,2003,3,0.137517770524132
1,2004,3,0.158427449644406
1,2005,3,0.0798502250234783
1,2006,3,0.139173484768996
1,2007,3,0.109149186134313
1,2008,3,0.0700470240506977
1,2009,3,0.0925854496589103
1,2010,3,0.107815696987512
1,2011,3,0.0423027172539641
1,2012,3,0.114442666342991
1,2013,3,0.123357283142325
1,2014,3,0.0874145833711227
1,2015,3,0.419462274357352
1,2016,3,0.0679923118431656
1,2017,3,0.0324662092778392
1,2018,3,0.0138345465803883
1,2019,3,0.0150801555181321
1,2020,3,0.115918753923385
1,2021,3,0.269950499875123
1,2022,3,0.297201956196838
1,2023,3,0.351470248643077
1,2024,3,0.147247798894301
1,1964,4,0.992870965411385
1,1965,4,1.29087882636415
1,1966,4,1.49709874818321
1,1967,4,1.71562297105552
1,1968,4,1.50865627013735
1,1969,4,1.56537099484301
1,1970,4,1.4065767568552
1,1971,4,1.21900050226177
1,1972,4,1.28488043806987
1,1973,4,1.40061329061685
1,1974,4,1.29995409493618
1,1975,4,1.56043726118631
1,1976,4,1.5831193280931
1,1977,4,1.59425211801936
1,1978,4,1.566254030303
1,1979,4,1.70736948193336
1,1980,4,0.729639044272681
1,1981,4,0.807583480029507
1,1982,4,0.369369985524171
1,1983,4,1.10579589071325
1,1984,4,0.914452464072344
1,1985,4,0.899273720687356
1,1986,4,0.642048288872949
1,1987,4,0.580406791778078
1,1988,4,1.07137449270089
1,1989,4,0.681968554100774
1,1990,4,0.478076519681327
1,1991,4,0.296519786484417
1,1992,4,0.419935967750885
1,1993,4,1.05526307310424
1,1994,4,0.525195851616924
1,1995,4,0.233539990368833
1,1996,4,0.0822097066035732
1,1997,4,0.189198298679607
1,1998,4,0.352755629809456
1,1999,4,0.50939296661746
1,2000,4,0.474217559372643
1,2001,4,0.47727208221997
1,2002,4,0.383989475169261
1,2003,4,0.481131987242593
1,2004,4,0.992962456081415
1,2005,4,0.496609299920465
1,2006,4,0.567230659297915
1,2007,4,0.537063251797028
1,2008,4,0.394185316341652
1,2009,4,0.606854176224711
1,2010,4,0.841101093567745
1,2011,4,0.273469298133967
1,2012,4,0.531123934426207
1,2013,4,0.668258609100022
1,2014,4,0.470946079598845
1,2015,4,1.47093159537152
1,2016,4,1.51706709579727
1,2017,4,0.379307408972286
1,2018,4,0.250917444725679
1,2019,4,0.0957242096393038
1,2020,4,0.352274778110458
1,2021,4,0.65259395066188
1,2022,4,0.740506796790537
1,2023,4,0.955085044494216
1,2024,4,0.506668660271718
1,1964,5,1.22230259321415
1,1965,5,1.6325500469177
1,1966,5,1.78647071278596
1,1967,5,1.7946944911753
1,1968,5,1.79096857204607
1,1969,5,1.71045840160535
1,1970,5,1.64132454280101
1,1971,5,1.5899580636466
1,1972,5,1.64252035131169
1,1973,5,1.78586433329015
1,1974,5,1.62754317568008
1,1975,5,1.7094345298819
1,1976,5,1.62608446945707
1,1977,5,1.67539211837582
1,1978,5,1.68363793781481
1,1979,5,1.77956669201983
1,1980,5,1.38160621010065
1,1981,5,1.44570156669131
1,1982,5,0.908090434045111
1,1983,5,1.71182961359963
1,1984,5,1.59689377630167
1,1985,5,1.45489551139021
1,1986,5,1.34857403633819
1,1987,5,1.08880385539351
1,1988,5,1.59482661045649
1,1989,5,1.3882285637614
1,1990,5,1.30286274556977
1,1991,5,0.792238384582342
1,1992,5,0.948479465099376
1,1993,5,1.59665172290246
1,1994,5,1.64066084215112
1,1995,5,0.806324303975086
1,1996,5,0.33660379787978
1,1997,5,0.495580107544348
1,1998,5,0.904085940815129
1,1999,5,1.04925680257138
1,2000,5,1.23270153748138
1,2001,5,1.3418412402591
1,2002,5,1.04075262406761
1,2003,5,1.12378140646943
1,2004,5,1.68878614339594
1,2005,5,1.44699872013723
1,2006,5,1.32206677888721
1,2007,5,1.34311558853387
1,2008,5,1.16571675997739
1,2009,5,1.52574088281546
1,2010,5,1.59850589421603
1,2011,5,1.06144352509167
1,2012,5,1.29148291109768
1,2013,5,1.42317876311689
1,2014,5,1.24067979706964
1,2015,5,1.47762376179638
1,2016,5,1.65184845257511
1,2017,5,1.44824902099215
1,2018,5,1.59188680713135
1,2019,5,0.531935146912149
1,2020,5,0.858538872839102
1,2021,5,1.20602287315647
1,2022,5,1.31992423299714
1,2023,5,1.4962604043091
1,2024,5,1.14550796503297
1,1964,6,1.28640088113846
1,1965,6,1.63461963064831
1,1966,6,1.75947316624978
1,1967,6,1.72329528590109
1,1968,6,1.757127763846
1,1969,6,1.6709297758388
1,1970,6,1.64617108169011
1,1971,6,1.65088759681181
1,1972,6,1.69821019793656
1,1973,6,1.81398688082584
1,1974,6,1.67243932054785
1,1975,6,1.66504425418198
1,1976,6,1.56755932269188
1,1977,6,1.62100437217203
1,1978,6,1.63194934134829
1,1979,6,1.70601606979853
1,1980,6,1.69162004671709
1,1981,6,1.72336211125201
1,1982,6,1.44098794121287
1,1983,6,1.78799418650754
1,1984,6,1.76202881683269
1,1985,6,1.66086573994478
1,1986,6,1.7066727071353
1,1987,6,1.45706789713586
1,1988,6,1.73488990021176
1,1989,6,1.71552979744535
1,1990,6,1.70071751390581
1,1991,6,1.31829845682304
1,1992,6,1.38184873095745
1,1993,6,1.63963685248715
1,1994,6,1.98451089217187
1,1995,6,1.51519816454783
1,1996,6,0.9876704740914
1,1997,6,1.00051893071097
1,1998,6,1.48714511911338
1,1999,6,1.47386270242666
1,2000,6,1.79267233169481
1,2001,6,1.82731915801125
1,2002,6,1.60665815126996
1,2003,6,1.60418985505349
1,2004,6,1.73859099803816
1,2005,6,1.87186451100777
1,2006,6,1.73227448293649
1,2007,6,1.71727167477778
1,2008,6,1.59861064590623
1,2009,6,1.78807303747624
1,2010,6,1.66481104859491
1,2011,6,1.72423075627734
1,2012,6,1.65699664103098
1,2013,6,1.61757458194906
1,2014,6,1.59165713944444
1,2015,6,1.43780773355247
1,2016,6,1.59738413366579
1,2017,6,1.76189163080035
1,2018,6,2.10590454407406
1,2019,6,1.76323506998682
1,2020,6,1.46423805201646
1,2021,6,1.6530743167401
1,2022,6,1.69980863373725
1,2023,6,1.67019552163717
1,2024,6,1.59404922418698
1,1964,7,1.28640088113785
1,1965,7,1.56153366882934
1,1966,7,1.65283124606866
1,1967,7,1.59053359787486
1,1968,7,1.64939654271373
1,1969,7,1.56649397580416
1,1970,7,1.5668869202283
1,1971,7,1.5948382925328
1,1972,7,1.63296250285966
1,1973,7,1.71728018566214
1,1974,7,1.60676652858115
1,1975,7,1.5633312251096
1,1976,7,1.47246312349758
1,1977,7,1.51712987467857
1,1978,7,1.53524130215085
1,1979,7,1.58267023496622
1,1980,7,1.72532212077881
1,1981,7,1.74126074361693
1,1982,7,1.66878654722044
1,1983,7,1.71211195457387
1,1984,7,1.71760419877902
1,1985,7,1.66022921313874
1,1986,7,1.74878459745607
1,1987,7,1.59072260462224
1,1988,7,1.69604357761022
1,1989,7,1.74233846582946
1,1990,7,1.72366596690116
1,1991,7,1.54830225260742
1,1992,7,1.53893227046601
1,1993,7,1.57871159482114
1,1994,7,1.92790331325752
1,1995,7,1.78840822718998
1,1996,7,1.66790714568063
1,1997,7,1.45889823013509
1,1998,7,1.74792226414263
1,1999,7,1.63075957936031
1,2000,7,1.91561847394842
1,2001,7,1.86846737065218
1,2002,7,1.77254590952709
1,2003,7,1.7382733871654
1,2004,7,1.66360282142307
1,2005,7,1.86923194504993
1,2006,7,1.78252793523656
1,2007,7,1.73732916784887
1,2008,7,1.6458254512437
1,2009,7,1.75154735369154
1,2010,7,1.60516054965088
1,2011,7,1.83083649090261
1,2012,7,1.68679544071415
1,2013,7,1.59415375354842
1,2014,7,1.6152144449258
1,2015,7,1.38544904479436
1,2016,7,1.52094581666845
1,2017,7,1.72357403108247
1,2018,7,2.03138146942349
1,2019,7,2.68800783356709
1,2020,7,1.81686211638934
1,2021,7,1.845423655845
1,2022,7,1.81303663935714
1,2023,7,1.65377439924044
1,2024,7,1.71101865382626
1,1964,8,1.26406391981083
1,1965,8,1.44933263014848
1,1966,8,1.4917692012291
1,1967,8,1.40241031793968
1,1968,8,1.48944248109707
1,1969,8,1.41165563925964
1,1970,8,1.43441857825857
1,1971,8,1.48007686488078
1,1972,8,1.5008825078214
1,1973,8,1.54603696399337
1,1974,8,1.47922345699581
1,1975,8,1.41639996945508
1,1976,8,1.34285570175004
1,1977,8,1.37049536843729
1,1978,8,1.40000907768926
1,1979,8,1.41166587030346
1,1980,8,1.63968102743148
1,1981,8,1.64366847941285
1,1982,8,1.68298970055462
1,1983,8,1.57202092366343
1,1984,8,1.59626016998081
1,1985,8,1.5688683852606
1,1986,8,1.66299789649392
1,1987,8,1.58210651060187
1,1988,8,1.57378712256383
1,1989,8,1.6508342865787
1,1990,8,1.63830579958924
1,1991,8,1.5780792142882
1,1992,8,1.54351771752504
1,1993,8,1.47938258031196
1,1994,8,1.76624865798312
1,1995,8,1.78036845395334
1,1996,8,1.9093147773639
1,1997,8,1.67684594028242
1,1998,8,1.76378062102394
1,1999,8,1.62384204466486
1,2000,8,1.83008687963192
1,2001,8,1.75821531053412
1,2002,8,1.73305667722076
1,2003,8,1.6955126052235
1,2004,8,1.54219658626461
1,2005,8,1.74241256501536
1,2006,8,1.69369806447938
1,2007,8,1.64692545863317
1,2008,8,1.58563340719537
1,2009,8,1.63678646443739
1,2010,8,1.5088385583859
1,2011,8,1.75145367047606
1,2012,8,1.61053930512762
1,2013,8,1.51690286881624
1,2014,8,1.55283564430872
1,2015,8,1.31867326888556
1,2016,8,1.4190556771189
1,2017,8,1.62232521090084
1,2018,8,1.84864309828277
1,2019,8,2.7458149701229
1,2020,8,1.88931325409068
1,2021,8,1.83503317504657
1,2022,8,1.75497520925466
1,2023,8,1.55519069581893
1,2024,8,1.666124629186
2,1964,3,0.5232895875781
2,1965,3,0.583552491338325
2,1966,3,0.416987987827579
2,1967,3,0.850384014848352
2,1968,3,0.526839938018815
2,1969,3,0.658420384050903
2,1970,3,0.211732150201799
2,1971,3,0.579516142626998
2,1972,3,0.926773052997696
2,1973,3,0.47095770789465
2,1974,3,0.378866752394177
2,1975,3,0.876636195107346
2,1976,3,0.918751870918082
2,1977,3,0.874388346037373
2,1978,3,0.346133481950173
2,1979,3,0.733029552115087
2,1980,3,0.828298223962159
2,1981,3,0.321982824880644
2,1982,3,0.179729239575212
2,1983,3,0.129802882724664
2,1984,3,0.165494536084703
2,1985,3,0.13809727482769
2,1986,3,0.317363888382358
2,1987,3,0.170641283634268
2,1988,3,0.301806370944551
2,1989,3,0.227553474834453
2,1990,3,0.128559941414051
2,1991,3,0.086054866266113
2,1992,3,0.15213035621137
2,1993,3,0.215015770531813
2,1994,3,0.0808273681232157
2,1995,3,0.0418628615262327
2,1996,3,0.0208680218310257
2,1997,3,0.0743791760651072
2,1998,3,0.105678408895533
2,1999,3,0.224275756503961
2,2000,3,0.120324820774554
2,2001,3,0.0694583264526145
2,2002,3,0.0811028406334524
2,2003,3,0.16393646248514
2,2004,3,0.11633717046109
2,2005,3,0.0829948026623485
2,2006,3,0.141917439796022
2,2007,3,0.111118179123317
2,2008,3,0.0881053437186242
2,2009,3,0.111257524100051
2,2010,3,0.0997657135978885
2,2011,3,0.0621835421627318
2,2012,3,0.0958965412870144
2,2013,3,0.136366054887144
2,2014,3,0.0895636067936245
2,2015,3,0.343036306951698
2,2016,3,0.077852584161467
2,2017,3,0.0393407967439646
2,2018,3,0.0159894862666848
2,2019,3,0.00797401682925808
2,2020,3,0.10920494175114
2,2021,3,0.262856614298726
2,2022,3,0.257454490066756
2,2023,3,0.320891897705219
2,2024,3,0.0784044176146941
2,1964,4,0.976299420176241
2,1965,4,1.46566048258592
2,1966,4,1.26722053914362
2,1967,4,1.53343041221271
2,1968,4,1.27391392439495
2,1969,4,1.26035601845737
2,1970,4,0.667505770564338
2,1971,4,1.21342112996028
2,1972,4,1.58852574604219
2,1973,4,1.2321169177353
2,1974,4,0.845284926486399
2,1975,4,1.61214558566166
2,1976,4,1.59098294737228
2,1977,4,1.57589189150409
2,1978,4,0.870521398207614
2,1979,4,1.59523936429354
2,1980,4,1.66453959495121
2,1981,4,0.98182055804028
2,1982,4,0.9639489890233
2,1983,4,0.495908827055751
2,1984,4,0.599387501271294
2,1985,4,0.440465881940564
2,1986,4,1.05302570235187
2,1987,4,0.572919552932742
2,1988,4,0.855543143656316
2,1989,4,0.617229727677706
2,1990,4,0.729278591277003
2,1991,4,0.31712694362639
2,1992,4,0.512209093322059
2,1993,4,1.05398557286239
2,1994,4,0.61390009318297
2,1995,4,0.241268208412308
2,1996,4,0.0820941564409233
2,1997,4,0.205859360488801
2,1998,4,0.337917558810428
2,1999,4,0.606098731670778
2,2000,4,0.487275007641756
2,2001,4,0.403559341005771
2,2002,4,0.382360346985001
2,2003,4,0.574245467042795
2,2004,4,0.800843520353943
2,2005,4,0.631318316810485
2,2006,4,0.643321920139983
2,2007,4,0.613090942024705
2,2008,4,0.467552050017481
2,2009,4,0.709035811496337
2,2010,4,0.778065532938267
2,2011,4,0.364878129689949
2,2012,4,0.439922549082334
2,2013,4,0.721534160685186
2,2014,4,0.569114483994487
2,2015,4,1.32740515281365
2,2016,4,1.67958954241451
2,2017,4,0.49724016803405
2,2018,4,0.296875210838632
2,2019,4,0.0657345759227123
2,2020,4,0.335923436982601
2,2021,4,0.587779172932461
2,2022,4,0.629123137732628
2,2023,4,1.0493697199406
2,2024,4,0.33427854699271
2,1964,5,1.22899881348281
2,1965,5,1.67628491906149
2,1966,5,1.74532163350425
2,1967,5,1.7323912252116
2,1968,5,1.68994542258777
2,1969,5,1.59610592977384
2,1970,5,1.29375114949791
2,1971,5,1.57523832166238
2,1972,5,1.74324010375483
2,1973,5,1.71528689062767
2,1974,5,1.31169190084867
2,1975,5,1.74665621881348
2,1976,5,1.68740021622624
2,1977,5,1.7332465179919
2,1978,5,1.39255095932623
2,1979,5,1.75577294441871
2,1980,5,1.76627710972693
2,1981,5,1.56419354739346
2,1982,5,1.7423466328883
2,1983,5,1.18636112358853
2,1984,5,1.30163181897649
2,1985,5,1.00562039058313
2,1986,5,1.64411087422301
2,1987,5,1.21668299805937
2,1988,5,1.45324286939115
2,1989,5,1.1630132448058
2,1990,5,1.58424863795206
2,1991,5,0.846282484367298
2,1992,5,1.09821541260734
2,1993,5,1.52082541317967
2,1994,5,1.56545529194103
2,1995,5,0.942681411796078
2,1996,5,0.295257376022499
2,1997,5,0.501550835454566
2,1998,5,0.825387723637993
2,1999,5,1.13618595431066
2,2000,5,1.22379138654416
2,2001,5,1.32510502906617
2,2002,5,1.19539774188211
2,2003,5,1.29968884266815
2,2004,5,1.64455429776381
2,2005,5,1.63476181318275
2,2006,5,1.4318578305165
2,2007,5,1.45033376861
2,2008,5,1.26815200715754
2,2009,5,1.48451424807004
2,2010,5,1.53897950480422
2,2011,5,1.17904941580686
2,2012,5,1.17632725142939
2,2013,5,1.44265226466425
2,2014,5,1.42669178616133
2,2015,5,1.5033592225527
2,2016,5,1.74465573481334
2,2017,5,1.8308214130345
2,2018,5,1.74124159108872
2,2019,5,0.467943110223757
2,2020,5,0.819080869927621
2,2021,5,1.03344861085085
2,2022,5,1.14913439058439
2,2023,5,1.62233817302444
2,2024,5,0.970204384016432
2,1964,6,1.29829172145355
2,1965,6,1.64215315338228
2,1966,6,1.78693134034774
2,1967,6,1.70728111666255
2,1968,6,1.74640362264477
2,1969,6,1.66458018831883
2,1970,6,1.6201726092639
2,1971,6,1.64532448903698
2,1972,6,1.70185559238293
2,1973,6,1.79526730261268
2,1974,6,1.54370370936838
2,1975,6,1.69397575395767
2,1976,6,1.63305964625286
2,1977,6,1.69103312165242
2,1978,6,1.61333682051
2,1979,6,1.70346375314982
2,1980,6,1.70009442982809
2,1981,6,1.71886832072112
2,1982,6,1.84844697332501
2,1983,6,1.64697056652269
2,1984,6,1.69391354752376
2,1985,6,1.48939388062016
2,1986,6,1.7598416301512
2,1987,6,1.60981902084667
2,1988,6,1.69736264743251
2,1989,6,1.52210346847622
2,1990,6,1.79269534825441
2,1991,6,1.37615309341447
2,1992,6,1.46671741077082
2,1993,6,1.54127146639304
2,1994,6,1.7862412292975
2,1995,6,1.71202692913352
2,1996,6,0.817579902482354
2,1997,6,0.961662115458896
2,1998,6,1.3417926089016
2,1999,6,1.48216180475547
2,2000,6,1.72450961033611
2,2001,6,1.94987116004962
2,2002,6,1.93825846303511
2,2003,6,1.78994448932089
2,2004,6,1.76660003098215
2,2005,6,1.87305403684789
2,2006,6,1.74041378095935
2,2007,6,1.72498716559204
2,2008,6,1.66917192822795
2,2009,6,1.62852858198427
2,2010,6,1.6208556310563
2,2011,6,1.70272072359685
2,2012,6,1.64230309332375
2,2013,6,1.60320316525673
2,2014,6,1.68602960479845
2,2015,6,1.47449901574346
2,2016,6,1.67595025317496
2,2017,6,2.13751939186624
2,2018,6,2.19867364175013
2,2019,6,1.70655728845832
2,2020,6,1.37998368487765
2,2021,6,1.39849664753109
2,2022,6,1.54093497800193
2,2023,6,1.7333189691741
2,2024,6,1.55776672126177
2,1964,7,1.29829172145346
2,1965,7,1.55415726783401
2,1966,7,1.70073173148303
2,1967,7,1.60408571750828
2,1968,7,1.67281909284176
2,1969,7,1.61150536874925
2,1970,7,1.67274992344414
2,1971,7,1.59459845801495
2,1972,7,1.59123394136571
2,1973,7,1.72237470732053
2,1974,7,1.58840713379466
2,1975,7,1.5824338108272
2,1976,7,1.53114094694493
2,1977,7,1.58378823588128
2,1978,7,1.63164055737559
2,1979,7,1.59451525163213
2,1980,7,1.58411654783292
2,1981,7,1.68343120878118
2,1982,7,1.76882523669965
2,1983,7,1.74528272438426
2,1984,7,1.75480412604817
2,1985,7,1.66909338733377
2,1986,7,1.70241644788453
2,1987,7,1.69345872780262
2,1988,7,1.70718264536793
2,1989,7,1.62951495033771
2,1990,7,1.74636473000261
2,1991,7,1.58707792523666
2,1992,7,1.55686813033242
2,1993,7,1.49114854794297
2,1994,7,1.73736417179684
2,1995,7,1.91186035779054
2,1996,7,1.44106856372789
2,1997,7,1.37892773857836
2,1998,7,1.5917834229515
2,1999,7,1.58662364996017
2,2000,7,1.82420268689009
2,2001,7,2.01660392898612
2,2002,7,2.12118385112171
2,2003,7,1.89893574544418
2,2004,7,1.70206520652243
2,2005,7,1.8146190037424
2,2006,7,1.73966088347584
2,2007,7,1.70650692627932
2,2008,7,1.69973700563318
2,2009,7,1.58998884198097
2,2010,7,1.57084299309604
2,2011,7,1.76492250172138
2,2012,7,1.7182339108218
2,2013,7,1.57424028286408
2,2014,7,1.66432405266025
2,2015,7,1.42180487997989
2,2016,7,1.57883643716938
2,2017,7,2.03745974394648
2,2018,7,2.10058262507933
2,2019,7,2.43483109135591
2,2020,7,1.6919861334718
2,2021,7,1.57423822215053
2,2022,7,1.69464361004679
2,2023,7,1.67861021376273
2,2024,7,1.73648219041253
2,1964,8,1.27528827541626
2,1965,8,1.42771615427931
2,1966,8,1.54982232982598
2,1967,8,1.4445195114898
2,1968,8,1.530712195819
2,1969,8,1.4891227408992
2,1970,8,1.6069221373872
2,1971,8,1.4813037712939
2,1972,8,1.42648790224256
2,1973,8,1.57147695074585
2,1974,8,1.53409012507836
2,1975,8,1.42209106232795
2,1976,8,1.38803945170315
2,1977,8,1.4258844304532
2,1978,8,1.55532213804867
2,1979,8,1.43882699862295
2,1980,8,1.42217742571638
2,1981,8,1.57001353969866
2,1982,8,1.62030263951587
2,1983,8,1.68444095257432
2,1984,8,1.6762387416409
2,1985,8,1.66236523089492
2,1986,8,1.5733606630947
2,1987,8,1.63751308304264
2,1988,8,1.61193175925951
2,1989,8,1.59941207505106
2,1990,8,1.62508247308585
2,1991,8,1.60120292852392
2,1992,8,1.52947534053649
2,1993,8,1.41639108962909
2,1994,8,1.62150907397582
2,1995,8,1.84712158270617
2,1996,8,1.74659057031482
2,1997,8,1.59233732368048
2,1998,8,1.63163581214802
2,1999,8,1.56266429505057
2,2000,8,1.74761613698448
2,2001,8,1.88284955674765
2,2002,8,2.01343585868125
2,2003,8,1.81320915912103
2,2004,8,1.58239460451233
2,2005,8,1.67629839946372
2,2006,8,1.6388146153553
2,2007,8,1.60774672192121
2,2008,8,1.62210976565259
2,2009,8,1.50799983003539
2,2010,8,1.4876828292525
2,2011,8,1.68526349756172
2,2012,8,1.65294801665511
2,2013,8,1.49802469721058
2,2014,8,1.57527712843459
2,2015,8,1.35201190210967
2,2016,8,1.44838413867573
2,2017,8,1.83003346956829
2,2018,8,1.88696613826005
2,2019,8,2.40511523975265
2,2020,8,1.75532396358217
2,2021,8,1.60073505996817
2,2022,8,1.68297401167019
2,2023,8,1.5563593570507
2,2024,8,1.70661236341657
3,1964,3,0.79151813497742
3,1965,3,0.659627952354111
3,1966,3,0.866311145254478
3,1967,3,0.453220235412465
3,1968,3,0.451698350553824
3,1969,3,0.343521926754804
3,1970,3,0.263167729117391
3,1971,3,0.529079149756317
3,1972,3,0.540246463790805
3,1973,3,0.437905895907847
3,1974,3,1.42005965543087
3,1975,3,0.549362353693037
3,1976,3,0.627096589783599
3,1977,3,0.574915421821785
3,1978,3,1.31510255503486
3,1979,3,1.15526791254819
3,1980,3,0.383811386359321
3,1981,3,0.281519340654194
3,1982,3,0.126723656003584
3,1983,3,0.128622943588026
3,1984,3,0.137422450540492
3,1985,3,0.27244935942714
3,1986,3,0.27555560769981
3,1987,3,0.285234607779742
3,1988,3,0.281244613185747
3,1989,3,0.0583366137516166
3,1990,3,0.138794866534853
3,1991,3,0.121416539709542
3,1992,3,0.174269951443064
3,1993,3,0.20289064437442
3,1994,3,0.0897095340019331
3,1995,3,0.0533857371992007
3,1996,3,0.0216892289308112
3,1997,3,0.0688296183353844
3,1998,3,0.0840673238585981
3,1999,3,0.231522098892592
3,2000,3,0.136213943643873
3,2001,3,0.0510151778141777
3,2002,3,0.0953336844591545
3,2003,3,0.145104704289792
3,2004,3,0.148674099899632
3,2005,3,0.0803953514527513
3,2006,3,0.155465756165285
3,2007,3,0.120789055075091
3,2008,3,0.0830038670605751
3,2009,3,0.114373746569087
3,2010,3,0.0927500867110142
3,2011,3,0.0576486912898363
3,2012,3,0.0978253255635251
3,2013,3,0.102204413538624
3,2014,3,0.0726955043888297
3,2015,3,0.389159908678772
3,2016,3,0.0912427191751071
3,2017,3,0.0393474201661219
3,2018,3,0.0156836390507487
3,2019,3,0.0102688805731974
3,2020,3,0.111195070442594
3,2021,3,0.319207288081644
3,2022,3,0.248063564720119
3,2023,3,0.290801756965323
3,2024,3,0.0919309610739142
3,1964,4,1.17220770486166
3,1965,4,1.27246677697133
3,1966,4,1.48989333920329
3,1967,4,1.02066609260574
3,1968,4,1.03652313169466
3,1969,4,0.947656237741929
3,1970,4,0.688951725273894
3,1971,4,1.0734797509892
3,1972,4,1.2962636644237
3,1973,4,1.0892456503247
3,1974,4,1.76114677555953
3,1975,4,1.4705864544272
3,1976,4,1.61673855810548
3,1977,4,1.46164731942945
3,1978,4,1.74318536018366
3,1979,4,1.75869991039799
3,1980,4,1.23688325284776
3,1981,4,1.00318679292789
3,1982,4,0.613998201664065
3,1983,4,0.586205013747131
3,1984,4,0.489515945437309
3,1985,4,0.807767939134137
3,1986,4,0.741115438585565
3,1987,4,0.630456376619662
3,1988,4,0.666575799131719
3,1989,4,0.255758921946383
3,1990,4,0.584188288404
3,1991,4,0.494466417352686
3,1992,4,0.575389542721555
3,1993,4,0.912720845867754
3,1994,4,0.425670812393295
3,1995,4,0.2627188093436
3,1996,4,0.0919658035420594
3,1997,4,0.20056935089104
3,1998,4,0.270342376149638
3,1999,4,0.694129318063036
3,2000,4,0.5582893806274
3,2001,4,0.376448800762436
3,2002,4,0.385028195991837
3,2003,4,0.495851787864443
3,2004,4,0.812275691890283
3,2005,4,0.398069797155776
3,2006,4,0.685839372503261
3,2007,4,0.70518200453385
3,2008,4,0.465951889894197
3,2009,4,0.717065504294427
3,2010,4,0.724255831108415
3,2011,4,0.36207133307284
3,2012,4,0.405933155264836
3,2013,4,0.584776991835311
3,2014,4,0.435683547475467
3,2015,4,1.40389747379522
3,2016,4,1.59055448637977
3,2017,4,0.403558519643142
3,2018,4,0.261107288120026
3,2019,4,0.0638245013816516
3,2020,4,0.327359342971327
3,2021,4,0.706197804137367
3,2022,4,0.595452330114711
3,2023,4,0.785171171087875
3,2024,4,0.320756858729623
3,1964,5,1.26366495490063
3,1965,5,1.50997064965875
3,1966,5,1.72092139236054
3,1967,5,1.48694472867127
3,1968,5,1.52677688101956
3,1969,5,1.54326198351616
3,1970,5,1.23740770861707
3,1971,5,1.48746267056814
3,1972,5,1.6902242106286
3,1973,5,1.55989018638703
3,1974,5,1.74189205516613
3,1975,5,1.77954209461944
3,1976,5,1.82150752042857
3,1977,5,1.75659144526629
3,1978,5,1.72263659222456
3,1979,5,1.74936491802605
3,1980,5,1.71929475295701
3,1981,5,1.6458268026054
3,1982,5,1.45287864839184
3,1983,5,1.39172116220501
3,1984,5,1.1412013843833
3,1985,5,1.43362226227961
3,1986,5,1.32070211033042
3,1987,5,1.08037272553077
3,1988,5,1.17805851732808
3,1989,5,0.847594154588781
3,1990,5,1.39800230041403
3,1991,5,1.15296346421878
3,1992,5,1.17184855946115
3,1993,5,1.57150034197464
3,1994,5,1.16938210923703
3,1995,5,0.928204168555579
3,1996,5,0.349762014367005
3,1997,5,0.51082500578805
3,1998,5,0.699375474836286
3,1999,5,1.28932491452946
3,2000,5,1.26903307475114
3,2001,5,1.30630059138201
3,2002,5,1.05621276470384
3,2003,5,1.15237736601922
3,2004,5,1.60400458449033
3,2005,5,1.16914294471997
3,2006,5,1.57790361093486
3,2007,5,1.51390113813374
3,2008,5,1.25912669331876
3,2009,5,1.46621272247288
3,2010,5,1.50285323308112
3,2011,5,1.21304648095366
3,2012,5,1.05368050735844
3,2013,5,1.35915527071776
3,2014,5,1.24807260113235
3,2015,5,1.46479101230438
3,2016,5,1.79404841899049
3,2017,5,1.52323170274556
3,2018,5,1.63066374416751
3,2019,5,0.364906296249548
3,2020,5,0.784240731709135
3,2021,5,1.21049582363768
3,2022,5,1.09935267557953
3,2023,5,1.38556529978193
3,2024,5,0.848402931077501
3,1964,6,1.26366495490056
3,1965,6,1.52507258695681
3,1966,6,1.7199714007163
3,1967,6,1.65283807858354
3,1968,6,1.70156353352607
3,1969,6,1.75988618818578
3,1970,6,1.56765735714527
3,1971,6,1.63525543185044
3,1972,6,1.73427259303189
3,1973,6,1.67645095509277
3,1974,6,1.64835083315359
3,1975,6,1.75810344927274
3,1976,6,1.7660598682361
3,1977,6,1.73734756441582
3,1978,6,1.63501484373552
3,1979,6,1.6630497620428
3,1980,6,1.75845779277458
3,1981,6,1.78268091912927
3,1982,6,1.79645543880124
3,1983,6,1.7645532897345
3,1984,6,1.60745234636086
3,1985,6,1.70677518983704
3,1986,6,1.63914554331886
3,1987,6,1.42423430485376
3,1988,6,1.54590837707575
3,1989,6,1.61335374802018
3,1990,6,1.84392789989206
3,1991,6,1.5157618930355
3,1992,6,1.50496167521188
3,1993,6,1.68267082676745
3,1994,6,1.64316932683249
3,1995,6,1.716834019356
3,1996,6,0.964750006008184
3,1997,6,1.00203111938052
3,1998,6,1.24347708973464
3,1999,6,1.58896692623869
3,2000,6,1.62695971959763
3,2001,6,1.77399683578167
3,2002,6,1.64823612240683
3,2003,6,1.6606032583991
3,2004,6,1.75718438686749
3,2005,6,1.70745819810858
3,2006,6,1.97549666345131
3,2007,6,1.69836695520098
3,2008,6,1.61714835581482
3,2009,6,1.60042914392451
3,2010,6,1.60335286086091
3,2011,6,1.7392891089817
3,2012,6,1.51611388994787
3,2013,6,1.59164457743735
3,2014,6,1.62538531652463
3,2015,6,1.42987872454998
3,2016,6,1.72449273032222
3,2017,6,1.91147883519698
3,2018,6,2.2131474068867
3,2019,6,1.43770296161761
3,2020,6,1.34408031434553
3,2021,6,1.59506646044849
3,2022,6,1.51238160946582
3,2023,6,1.70035667430937
3,2024,6,1.43333060268023
3,1964,7,1.24252280630277
3,1965,7,1.47058348542409
3,1966,7,1.62421281693598
3,1967,7,1.6445632251656
3,1968,7,1.69018533464095
3,1969,7,1.74965123360875
3,1970,7,1.65370450907523
3,1971,7,1.62574926656798
3,1972,7,1.65783110904194
3,1973,7,1.63772302747413
3,1974,7,1.50880533846374
3,1975,7,1.65415835317264
3,1976,7,1.64702163106694
3,1977,7,1.63733627307535
3,1978,7,1.50750214195779
3,1979,7,1.53665546736913
3,1980,7,1.67641005596756
3,1981,7,1.7275067985424
3,1982,7,1.79567029745806
3,1983,7,1.78346520131659
3,1984,7,1.7277379290535
3,1985,7,1.72604746354831
3,1986,7,1.70357959065067
3,1987,7,1.57634752520595
3,1988,7,1.68415509510755
3,1989,7,1.94461302964477
3,1990,7,1.8906528740774
3,1991,7,1.57537361442595
3,1992,7,1.57217252741665
3,1993,7,1.63196580155765
3,1994,7,1.71843060496427
3,1995,7,1.98487500959924
3,1996,7,1.59695856121503
3,1997,7,1.43408739018383
3,1998,7,1.56803733062034
3,1999,7,1.63674689452681
3,2000,7,1.66817816011664
3,2001,7,1.7857972717156
3,2002,7,1.82415637269353
3,2003,7,1.81021857484257
3,2004,7,1.70336595593871
3,2005,7,1.79809506195895
3,2006,7,1.9758947487134
3,2007,7,1.65956542479182
3,2008,7,1.63689063238686
3,2009,7,1.56420870583525
3,2010,7,1.55923406930789
3,2011,7,1.78928660281573
3,2012,7,1.6240362150958
3,2013,7,1.57974776938115
3,2014,7,1.64588303904146
3,2015,7,1.38161701764213
3,2016,7,1.62107184813902
3,2017,7,1.86788573800907
3,2018,7,2.13430683490126
3,2019,7,2.66059816892006
3,2020,7,1.69167623848001
3,2021,7,1.76025484681986
3,2022,7,1.69760538430213
3,2023,7,1.75354215847944
3,2024,7,1.70508655852939
3,1964,8,1.21315696279388
3,1965,8,1.38003422747735
3,1966,8,1.4625945184414
3,1967,8,1.54839355708342
3,1968,8,1.58240583288732
3,1969,8,1.63321613950125
3,1970,8,1.60881751354475
3,1971,8,1.53029802525729
3,1972,8,1.51698866259853
3,1973,8,1.52754651829135
3,1974,8,1.32287953510534
3,1975,8,1.49582394017783
3,1976,8,1.47559836694559
3,1977,8,1.48460749876665
3,1978,8,1.33817279888107
3,1979,8,1.36770156996005
3,1980,8,1.53549449242038
3,1981,8,1.59580023462676
3,1982,8,1.68317440524849
3,1983,8,1.68172220735051
3,1984,8,1.68053436980018
3,1985,8,1.63229573300848
3,1986,8,1.63759722846083
3,1987,8,1.58788533733572
3,1988,8,1.66631074508782
3,1989,8,1.93862727996491
3,1990,8,1.77667635952374
3,1991,8,1.53241553620247
3,1992,8,1.53250518135159
3,1993,8,1.52885118509758
3,1994,8,1.65280133318784
3,1995,8,1.93701931575313
3,1996,8,1.83757778763932
3,1997,8,1.63750079507008
3,1998,8,1.65169767763566
3,1999,8,1.57570665089226
3,2000,8,1.59947102036537
3,2001,8,1.68568631659094
3,2002,8,1.77911469562708
3,2003,8,1.76191137119794
3,2004,8,1.58652307494382
3,2005,8,1.7217173462373
3,2006,8,1.81952768936567
3,2007,8,1.56178498783029
3,2008,8,1.56897489423388
3,2009,8,1.48844804459831
3,2010,8,1.48224633934569
3,2011,8,1.70056648852419
3,2012,8,1.58922439623344
3,2013,8,1.51155892670849
3,2014,8,1.57696743252216
3,2015,8,1.31979159919227
3,2016,8,1.47954465607222
3,2017,8,1.73043147155922
3,2018,8,1.92192717528225
3,2019,8,2.930911627628
3,2020,8,1.78454532603161
3,2021,8,1.75233469802645
3,2022,8,1.70656552131321
3,2023,8,1.67140805599622
3,2024,8,1.73128439006982
4,1964,3,0.575356223099433
4,1965,3,0.581090457600916
4,1966,3,0.63515364700536
4,1967,3,0.782285551910831
4,1968,3,0.298959539050756
4,1969,3,0.562873763554316
4,1970,3,0.305901505756239
4,1971,3,0.444672741048056
4,1972,3,0.377601084141711
4,1973,3,0.429239783989895
4,1974,3,0.711274609678975
4,1975,3,0.661569049184316
4,1976,3,0.522223975867996
4,1977,3,0.898271149498868
4,1978,3,1.51964734892057
4,1979,3,1.10580053051227
4,1980,3,0.708597038835143
4,1981,3,0.259040979502165
4,1982,3,0.191642294560665
4,1983,3,0.285136902392987
4,1984,3,0.342120391931384
4,1985,3,0.0898790058440828
4,1986,3,0.193983912322816
4,1987,3,0.206925839669321
4,1988,3,0.191394555047027
4,1989,3,0.103703460001521
4,1990,3,0.116271134145097
4,1991,3,0.120017667474518
4,1992,3,0.171949697405947
4,1993,3,0.259847329454239
4,1994,3,0.110971919855828
4,1995,3,0.0497086833012071
4,1996,3,0.0234801716499777
4,1997,3,0.0565418684068139
4,1998,3,0.0763083220223746
4,1999,3,0.250744698264981
4,2000,3,0.160068856739637
4,2001,3,0.111806983008885
4,2002,3,0.0944150161668899
4,2003,3,0.143939755389099
4,2004,3,0.117942976813591
4,2005,3,0.0599623354347805
4,2006,3,0.133160447751963
4,2007,3,0.144014010227456
4,2008,3,0.116026574963287
4,2009,3,0.0944595599563091
4,2010,3,0.120484382431964
4,2011,3,0.0726097885629054
4,2012,3,0.105347935275066
4,2013,3,0.106522441018414
4,2014,3,0.102857770591316
4,2015,3,0.359383677100612
4,2016,3,0.066313977118391
4,2017,3,0.0197140429745989
4,2018,3,0.0204179888375299
4,2019,3,0.00597210314314338
4,2020,3,0.134531985389847
4,2021,3,0.348630535324789
4,2022,3,0.29376061551522
4,2023,3,0.289491251028303
4,2024,3,0.122256249553907
4,1964,4,0.995826872127596
4,1965,4,1.31404468542634
4,1966,4,1.56727636900161
4,1967,4,1.73375204252007
4,1968,4,1.39512507509668
4,1969,4,1.32911733892344
4,1970,4,0.799534156761684
4,1971,4,0.97554458948447
4,1972,4,0.91307432075251
4,1973,4,1.07777175993191
4,1974,4,1.44471619535086
4,1975,4,1.42160027307696
4,1976,4,1.27795508641416
4,1977,4,1.64781082702953
4,1978,4,1.75244140626474
4,1979,4,1.69547344215401
4,1980,4,1.4684880327611
4,1981,4,0.935384615964641
4,1982,4,0.710739632529553
4,1983,4,1.18357514448676
4,1984,4,0.896241373564138
4,1985,4,0.357562736001546
4,1986,4,0.47167215004259
4,1987,4,0.48169771531037
4,1988,4,0.604080221051812
4,1989,4,0.340575455670172
4,1990,4,0.551039475326488
4,1991,4,0.493654013169394
4,1992,4,0.509776892976619
4,1993,4,1.18432917864137
4,1994,4,0.692132829546257
4,1995,4,0.221260589732417
4,1996,4,0.103841631902343
4,1997,4,0.169437494007136
4,1998,4,0.236127773647284
4,1999,4,0.868619910877031
4,2000,4,0.699883487762432
4,2001,4,0.564140399258903
4,2002,4,0.435458681833201
4,2003,4,0.53701074646849
4,2004,4,0.891593503528543
4,2005,4,0.48761541009386
4,2006,4,0.610534320098907
4,2007,4,0.797580836891975
4,2008,4,0.587461329071072
4,2009,4,0.584228373945926
4,2010,4,0.874336026314568
4,2011,4,0.420566582186275
4,2012,4,0.525682983335461
4,2013,4,0.559115836669079
4,2014,4,0.570565169478531
4,2015,4,1.41110037642594
4,2016,4,1.6447186008646
4,2017,4,0.379598489040348
4,2018,4,0.286544521428572
4,2019,4,0.0547486736489033
4,2020,4,0.430162835165356
4,2021,4,0.81692046999272
4,2022,4,0.740405965651265
4,2023,4,0.853968418780902
4,2024,4,0.427997596234583
4,1964,5,1.2215475639989
4,1965,5,1.59041588331098
4,1966,5,1.82905274962755
4,1967,5,1.83248185190811
4,1968,5,1.87145131440337
4,1969,5,1.66981804865516
4,1970,5,1.36997280563341
4,1971,5,1.45603484988988
4,1972,5,1.43199384415071
4,1973,5,1.58548746900922
4,1974,5,1.72839140031498
4,1975,5,1.68646471382753
4,1976,5,1.66595906136149
4,1977,5,1.75348250458007
4,1978,5,1.70220737767427
4,1979,5,1.71679510546461
4,1980,5,1.71809291979488
4,1981,5,1.59508555908675
4,1982,5,1.42717339200222
4,1983,5,1.76403587564912
4,1984,5,1.44390023881992
4,1985,5,0.989070222754914
4,1986,5,0.914211649529345
4,1987,5,0.903954219940974
4,1988,5,1.24798223245677
4,1989,5,0.852077344032924
4,1990,5,1.35639518996587
4,1991,5,1.18194524616833
4,1992,5,1.03748961134205
4,1993,5,1.54832212212812
4,1994,5,1.58020167946498
4,1995,5,0.755031239734517
4,1996,5,0.405607349854065
4,1997,5,0.450368764101262
4,1998,5,0.61179405567893
4,1999,5,1.49421695835042
4,2000,5,1.38278812749501
4,2001,5,1.37566149199485
4,2002,5,1.20386746825232
4,2003,5,1.27191670754732
4,2004,5,1.79277719038281
4,2005,5,1.51870908920259
4,2006,5,1.41779208429782
4,2007,5,1.62252323526174
4,2008,5,1.39642204821378
4,2009,5,1.45124030967433
4,2010,5,1.52699827800941
4,2011,5,1.37206043457391
4,2012,5,1.35610954634416
4,2013,5,1.36206462862091
4,2014,5,1.34571515756232
4,2015,5,1.47887891538451
4,2016,5,1.72522487065012
4,2017,5,1.73316617839843
4,2018,5,1.67650134593137
4,2019,5,0.439187197973556
4,2020,5,1.00275490655053
4,2021,5,1.32600680955098
4,2022,5,1.28508317376707
4,2023,5,1.51506106650995
4,2024,5,1.04624008507609
4,1964,6,1.28503391793112
4,1965,6,1.59633823860379
4,1966,6,1.79075675322212
4,1967,6,1.75541440666375
4,1968,6,1.84782747585638
4,1969,6,1.68997292103059
4,1970,6,1.65900066584767
4,1971,6,1.66272127796413
4,1972,6,1.65230086525952
4,1973,6,1.7274663259454
4,1974,6,1.73132352710326
4,1975,6,1.67963166393256
4,1976,6,1.70695092520359
4,1977,6,1.69161849078507
4,1978,6,1.60653905860668
4,1979,6,1.64102369961478
4,1980,6,1.7039512194194
4,1981,6,1.75828718706122
4,1982,6,1.72775608492291
4,1983,6,1.80522738040121
4,1984,6,1.66022471132554
4,1985,6,1.5798142709486
4,1986,6,1.33393197792603
4,1987,6,1.30234896774446
4,1988,6,1.65815621028616
4,1989,6,1.40098548410426
4,1990,6,1.73955968640388
4,1991,6,1.58080407862094
4,1992,6,1.40704278981297
4,1993,6,1.54225784160113
4,1994,6,1.79254955141234
4,1995,6,1.48552476100869
4,1996,6,1.10025428686712
4,1997,6,0.933415483716582
4,1998,6,1.14407600340825
4,1999,6,1.67173286120168
4,2000,6,1.58753989358769
4,2001,6,1.71285160821683
4,2002,6,1.72874194492105
4,2003,6,1.77058408978908
4,2004,6,1.88707822332639
4,2005,6,1.86193802736972
4,2006,6,1.76553654824495
4,2007,6,1.79323065969728
4,2008,6,1.7087665544311
4,2009,6,1.71798057702197
4,2010,6,1.5744731442796
4,2011,6,2.00975318032077
4,2012,6,1.76273601778253
4,2013,6,1.67372546759132
4,2014,6,1.59985279089624
4,2015,6,1.4427680773211
4,2016,6,1.65965668447726
4,2017,6,1.98869036838697
4,2018,6,2.36536660012233
4,2019,6,1.77486306545651
4,2020,6,1.52336206993371
4,2021,6,1.59632847143743
4,2022,6,1.60063120743437
4,2023,6,1.80444685831102
4,2024,6,1.57643469418301
4,1964,7,1.28503419516758
4,1965,7,1.52850832568572
4,1966,7,1.67282745043374
4,1967,7,1.62572391386805
4,1968,7,1.73255127887426
4,1969,7,1.61186457955032
4,1970,7,1.70616570557397
4,1971,7,1.6780647297324
4,1972,7,1.66837609561499
4,1973,7,1.69205426500283
4,1974,7,1.63782903033159
4,1975,7,1.59228273852988
4,1976,7,1.63386771929977
4,1977,7,1.57665093217119
4,1978,7,1.47280144445365
4,1979,7,1.52429428065051
4,1980,7,1.60882116573433
4,1981,7,1.71528408111584
4,1982,7,1.73894515617961
4,1983,7,1.71620398397982
4,1984,7,1.66702559022066
4,1985,7,1.77409979269824
4,1986,7,1.56146154131374
4,1987,7,1.52547322050574
4,1988,7,1.75461321177302
4,1989,7,1.66221516760473
4,1990,7,1.76275094119678
4,1991,7,1.64666191948878
4,1992,7,1.5251850110582
4,1993,7,1.48552240806419
4,1994,7,1.74500052805516
4,1995,7,1.82079095290883
4,1996,7,1.73775175980907
4,1997,7,1.39701507626138
4,1998,7,1.52312081017929
4,1999,7,1.64734280383475
4,2000,7,1.57642022980109
4,2001,7,1.71913817535716
4,2002,7,1.81989578709251
4,2003,7,1.87607023904621
4,2004,7,1.796614012106
4,2005,7,1.82543704598751
4,2006,7,1.77443262780547
4,2007,7,1.73797410198512
4,2008,7,1.70747337574977
4,2009,7,1.69438434871531
4,2010,7,1.5255645253437
4,2011,7,2.07254757739493
4,2012,7,1.78710003211315
4,2013,7,1.67521307719921
4,2014,7,1.59316405504934
4,2015,7,1.39254597389601
4,2016,7,1.56722225128977
4,2017,7,1.89994129595638
4,2018,7,2.28811172043752
4,2019,7,2.57355850394253
4,2020,7,1.72949124252721
4,2021,7,1.6534612012129
4,2022,7,1.67769176567443
4,2023,7,1.81880341156458
4,2024,7,1.7543069937721
4,1964,8,1.26260822646338
4,1965,8,1.42100115288821
4,1966,8,1.49629774419131
4,1967,8,1.44517397431539
4,1968,8,1.55866401110375
4,1969,8,1.47990681114121
4,1970,8,1.63042505958848
4,1971,8,1.58828561500511
4,1972,8,1.58256909986269
4,1973,8,1.57161745884262
4,1974,8,1.48287791311089
4,1975,8,1.45475803589946
4,1976,8,1.50163044270247
4,1977,8,1.41458324988611
4,1978,8,1.29927780296355
4,1979,8,1.36610698659938
4,1980,8,1.46023337036172
4,1981,8,1.59403676605884
4,1982,8,1.64112888188489
4,1983,8,1.56678212057675
4,1984,8,1.57760351466221
4,1985,8,1.74622721710454
4,1986,8,1.61674144208224
4,1987,8,1.58720916443394
4,1988,8,1.69341398665187
4,1989,8,1.69485010374983
4,1990,8,1.66776237845089
4,1991,8,1.59195982362986
4,1992,8,1.5168267958307
4,1993,8,1.40520636318288
4,1994,8,1.62499608350964
4,1995,8,1.83603701097592
4,1996,8,1.93644206877863
4,1997,8,1.63195431565829
4,1998,8,1.65455455346408
4,1999,8,1.55083625554928
4,2000,8,1.50557087228425
4,2001,8,1.62726151446546
4,2002,8,1.7396609466206
4,2003,8,1.79242445275499
4,2004,8,1.64006083836731
4,2005,8,1.6974880406259
4,2006,8,1.67035334590525
4,2007,8,1.61294955355873
4,2008,8,1.61495134931529
4,2009,8,1.59758992965492
4,2010,8,1.45007267198862
4,2011,8,1.92370656462185
4,2012,8,1.68774164572991
4,2013,8,1.5913088451553
4,2014,8,1.52398947651653
4,2015,8,1.32793523744973
4,2016,8,1.44318995113568
4,2017,8,1.73804431429818
4,2018,8,2.0306306468829
4,2019,8,2.51949391117631
4,2020,8,1.72556158663144
4,2021,8,1.59368545924252
4,2022,8,1.62395300391332
4,2023,8,1.70163525842182
4,2024,8,1.72817280004046
5,1964,3,1.08980226424311
5,1965,3,0.787427840634245
5,1966,3,0.807612302683746
5,1967,3,0.350136423594287
5,1968,3,0.591920060830831
5,1969,3,0.499047635583489
5,1970,3,0.621664193876762
5,1971,3,0.976913045622781
5,1972,3,0.420573254543658
5,1973,3,0.593633357736427
5,1974,3,0.50069801066858
5,1975,3,0.93636232837173
5,1976,3,0.593077083953595
5,1977,3,0.582610133543559
5,1978,3,1.40911854692302
5,1979,3,1.5670043227427
5,1980,3,1.30245028702661
5,1981,3,0.253795970878598
5,1982,3,0.334825121168311
5,1983,3,0.171709027767101
5,1984,3,0.189110452060066
5,1985,3,0.249268791227153
5,1986,3,0.157775286335056
5,1987,3,0.35875877749012
5,1988,3,0.158137899461168
5,1989,3,0.266797729607434
5,1990,3,0.14803586467839
5,1991,3,0.138051517307553
5,1992,3,0.150378845725779
5,1993,3,0.21884961292463
5,1994,3,0.0883035606164849
5,1995,3,0.053875456456453
5,1996,3,0.0276551846909567
5,1997,3,0.0715443683923208
5,1998,3,0.149005036309946
5,1999,3,0.183765231894836
5,2000,3,0.124772500795646
5,2001,3,0.0650089268421807
5,2002,3,0.0872794456211336
5,2003,3,0.167495855811826
5,2004,3,0.109385165021787
5,2005,3,0.103482539412231
5,2006,3,0.114534806487364
5,2007,3,0.0884769784465197
5,2008,3,0.0897107681099277
5,2009,3,0.127375218196601
5,2010,3,0.100353009164076
5,2011,3,0.0566700350899955
5,2012,3,0.139537544497331
5,2013,3,0.121082731339713
5,2014,3,0.0862535438148441
5,2015,3,0.306584317785771
5,2016,3,0.0708323919418677
5,2017,3,0.041668621537286
5,2018,3,0.0358528288262102
5,2019,3,0.0136543878341978
5,2020,3,0.138665599916723
5,2021,3,0.314400622927315
5,2022,3,0.192522697542312
5,2023,3,0.144196121042753
5,2024,3,0.0763986646564243
5,1964,4,1.22424215421517
5,1965,4,1.52886260494418
5,1966,4,1.59482048823653
5,1967,4,0.918282510848355
5,1968,4,1.24844787686515
5,1969,4,1.20334292080963
5,1970,4,1.23981375479301
5,1971,4,1.52923959187663
5,1972,4,1.0422473114684
5,1973,4,1.21059988534227
5,1974,4,1.13003693658786
5,1975,4,1.51712027322879
5,1976,4,1.36976552095939
5,1977,4,1.38809186618015
5,1978,4,1.77011674783456
5,1979,4,1.75634838575962
5,1980,4,1.72050116316402
5,1981,4,1.13271635453285
5,1982,4,1.3125339628607
5,1983,4,0.727442789849431
5,1984,4,0.664660617280212
5,1985,4,0.93093771678119
5,1986,4,0.544556304270786
5,1987,4,0.959680747469498
5,1988,4,0.644497870422468
5,1989,4,0.808502265185749
5,1990,4,0.799259713476648
5,1991,4,0.618456316473908
5,1992,4,0.498560281375467
5,1993,4,0.998381464246926
5,1994,4,0.516164889192152
5,1995,4,0.281668833187184
5,1996,4,0.104126144894764
5,1997,4,0.227301682139862
5,1998,4,0.470851802885631
5,1999,4,0.551966989312444
5,2000,4,0.575990232533306
5,2001,4,0.429005641667441
5,2002,4,0.414982298615501
5,2003,4,0.503799606506461
5,2004,4,0.742330441210046
5,2005,4,0.678784700918445
5,2006,4,0.524541444062672
5,2007,4,0.481326462063223
5,2008,4,0.672033368833848
5,2009,4,0.696489241244597
5,2010,4,0.807231167848436
5,2011,4,0.397480588843169
5,2012,4,0.633009844493342
5,2013,4,0.769774679835287
5,2014,4,0.493283937622957
5,2015,4,1.28963907247618
5,2016,4,1.6604572580281
5,2017,4,0.387930743398509
5,2018,4,0.400395220277559
5,2019,4,0.0879514882950758
5,2020,4,0.460671788362581
5,2021,4,0.784727679772369
5,2022,4,0.533936613563087
5,2023,4,0.551580608654641
5,2024,4,0.312703824323859
5,1964,5,1.22424215421524
5,1965,5,1.648209771965
5,1966,5,1.78996512465422
5,1967,5,1.46304369678561
5,1968,5,1.63737662094652
5,1969,5,1.65075141102983
5,1970,5,1.58610068988819
5,1971,5,1.68836224000926
5,1972,5,1.5569846081464
5,1973,5,1.59079389736261
5,1974,5,1.55179237403049
5,1975,5,1.67740447857853
5,1976,5,1.73746937659955
5,1977,5,1.72816525186632
5,1978,5,1.7287091471064
5,1979,5,1.69793549280593
5,1980,5,1.69437892095987
5,1981,5,1.71200104905007
5,1982,5,1.78399525256898
5,1983,5,1.48993304876618
5,1984,5,1.35193374360065
5,1985,5,1.59812138087853
5,1986,5,1.19283252183994
5,1987,5,1.50395808625827
5,1988,5,1.39480399097584
5,1989,5,1.44653212632607
5,1990,5,1.63868705606242
5,1991,5,1.33121688046226
5,1992,5,1.07552474242027
5,1993,5,1.54123862965979
5,1994,5,1.38479172680271
5,1995,5,1.03815225254745
5,1996,5,0.353249884398007
5,1997,5,0.608219808332698
5,1998,5,1.05027263796303
5,1999,5,1.11982451511229
5,2000,5,1.34951870589983
5,2001,5,1.31507542581941
5,2002,5,1.20161801593223
5,2003,5,1.05644602979883
5,2004,5,1.55294413578253
5,2005,5,1.6599525782032
5,2006,5,1.30446666727706
5,2007,5,1.30445430177963
5,2008,5,1.54950846984517
5,2009,5,1.48344213080842
5,2010,5,1.55288992860553
5,2011,5,1.34638052093338
5,2012,5,1.38292969662039
5,2013,5,1.50182584223633
5,2014,5,1.31399098291955
5,2015,5,1.51224029005851
5,2016,5,1.82162509064691
5,2017,5,1.59787209820655
5,2018,5,1.74725528933745
5,2019,5,0.496658063717333
5,2020,5,1.05582830182931
5,2021,5,1.35014904559032
5,2022,5,1.09785827449612
5,2023,5,1.3543674326762
5,2024,5,0.92629200635262
5,1964,6,1.20542545269549
5,1965,6,1.60226778745453
5,1966,6,1.74842135853093
5,1967,6,1.66760745546048
5,1968,6,1.71575431627014
5,1969,6,1.73738802856804
5,1970,6,1.65417247243464
5,1971,6,1.66410734390469
5,1972,6,1.71900119198875
5,1973,6,1.68005947880812
5,1974,6,1.65558994933927
5,1975,6,1.65160138422301
5,1976,6,1.76525046576069
5,1977,6,1.73828455104021
5,1978,6,1.63488642925339
5,1979,6,1.60080131584651
5,1980,6,1.61032446767521
5,1981,6,1.75210523121774
5,1982,6,1.78543896951343
5,1983,6,1.75398249708798
5,1984,6,1.68608967536441
5,1985,6,1.75651269320812
5,1986,6,1.60383960627033
5,1987,6,1.685120398344
5,1988,6,1.72466284482236
5,1989,6,1.71998475854237
5,1990,6,1.82414796786142
5,1991,6,1.59422908720915
5,1992,6,1.45711672822588
5,1993,6,1.59308340702147
5,1994,6,1.74068925555405
5,1995,6,1.91725238479862
5,1996,6,0.905678929388798
5,1997,6,1.17190032490857
5,1998,6,1.52062489414371
5,1999,6,1.50122005695019
5,2000,6,1.68852990648324
5,2001,6,1.72206436772984
5,2002,6,1.77398406901097
5,2003,6,1.46822839132656
5,2004,6,1.68508014935967
5,2005,6,1.91569182142977
5,2006,6,1.71123750071996
5,2007,6,1.69752810226556
5,2008,6,1.7106931159211
5,2009,6,1.68036849882848
5,2010,6,1.62031739013323
5,2011,6,1.83825847576358
5,2012,6,1.66295944061933
5,2013,6,1.61082381681675
5,2014,6,1.65916901849249
5,2015,6,1.48741279954991
5,2016,6,1.74632645880152
5,2017,6,2.18420309515764
5,2018,6,2.28655254938001
5,2019,6,1.66878907366768
5,2020,6,1.52631944448685
5,2021,6,1.67366867847463
5,2022,6,1.57192894321309
5,2023,6,1.92787464865349
5,2024,6,1.58734041946317
5,1964,7,1.1809378632837
5,1965,7,1.51257607688973
5,1966,7,1.632628668152
5,1967,7,1.66753896486923
5,1968,7,1.65789348963721
5,1969,7,1.6775898778613
5,1970,7,1.6018596707273
5,1971,7,1.56534000022253
5,1972,7,1.69458121561863
5,1973,7,1.63348371299387
5,1974,7,1.61684576759579
5,1975,7,1.55563298347718
5,1976,7,1.67701537928257
5,1977,7,1.64813251685054
5,1978,7,1.50208654687351
5,1979,7,1.46687865257714
5,1980,7,1.49017617955332
5,1981,7,1.67200256058809
5,1982,7,1.68800241477995
5,1983,7,1.73970580604435
5,1984,7,1.72244092044188
5,1985,7,1.71133192842874
5,1986,7,1.69500253238004
5,1987,7,1.67058390482211
5,1988,7,1.74117908053598
5,1989,7,1.73574646373428
5,1990,7,1.76834384965061
5,1991,7,1.5990814468752
5,1992,7,1.55864420721883
5,1993,7,1.54161300481754
5,1994,7,1.74021846924148
5,1995,7,2.1824171721463
5,1996,7,1.49836009433535
5,1997,7,1.58439522793257
5,1998,7,1.68466492816128
5,1999,7,1.61063691669243
5,2000,7,1.70456405132408
5,2001,7,1.73167761099473
5,2002,7,1.8780501761244
5,2003,7,1.60501586776954
5,2004,7,1.63519676427499
5,2005,7,1.85839496091997
5,2006,7,1.75084414216942
5,2007,7,1.71946209020399
5,2008,7,1.66164768806899
5,2009,7,1.64842969242917
5,2010,7,1.56785407390428
5,2011,7,1.85163635658418
5,2012,7,1.66331390960059
5,2013,7,1.56798287474203
5,2014,7,1.6681328700425
5,2015,7,1.43438804090868
5,2016,7,1.63618529008541
5,2017,7,2.14650331613247
5,2018,7,2.20812113984312
5,2019,7,2.55250551452514
5,2020,7,1.67796145311632
5,2021,7,1.74765663902807
5,2022,7,1.76431701788242
5,2023,7,2.04934534696064
5,2024,7,1.83625566515482
5,1964,8,1.15157665498034
5,1965,8,1.38695944621214
5,1966,8,1.45988941003973
5,1967,8,1.57425569806576
5,1968,8,1.52513669785086
5,1969,8,1.5436923341955
5,1970,8,1.48398365775313
5,1971,8,1.41089064799552
5,1972,8,1.57989034161663
5,1973,8,1.51278308155657
5,1974,8,1.5085470300433
5,1975,8,1.40801804495923
5,1976,8,1.52161468810188
5,1977,8,1.49913705952397
5,1978,8,1.3280330528473
5,1979,8,1.29452652603586
5,1980,8,1.33150930006314
5,1981,8,1.53992449955901
5,1982,8,1.53615568150934
5,1983,8,1.63141234462533
5,1984,8,1.63940177197828
5,1985,8,1.59045216652752
5,1986,8,1.64183789896663
5,1987,8,1.568967612403
5,1988,8,1.64646305739013
5,1989,8,1.63832417902741
5,1990,8,1.63572355672984
5,1991,8,1.53078106060091
5,1992,8,1.5356869989505
5,1993,8,1.45622577883971
5,1994,8,1.64271662517172
5,1995,8,2.09012396365282
5,1996,8,1.76811395507319
5,1997,8,1.72545969398857
5,1998,8,1.66827192713951
5,1999,8,1.58298810070441
5,2000,8,1.61890683802219
5,2001,8,1.64143154494611
5,2002,8,1.79047600791523
5,2003,8,1.59098770330139
5,2004,8,1.53829600007946
5,2005,8,1.70788340817487
5,2006,8,1.66487293706953
5,2007,8,1.63459543957457
5,2008,8,1.56133574456516
5,2009,8,1.55560666212013
5,2010,8,1.48370616438663
5,2011,8,1.73684344389402
5,2012,8,1.57961431729652
5,2013,8,1.48772456320897
5,2014,8,1.58974748354848
5,2015,8,1.36339681180539
5,2016,8,1.48577701727102
5,2017,8,1.94027969916332
5,2018,8,1.96699827842048
5,2019,8,2.61659977637693
5,2020,8,1.65522161168469
5,2021,8,1.67879827946098
5,2022,8,1.75641179952357
5,2023,8,1.9353708900677
5,2024,8,1.81885592926138
6,1964,3,0.812131642931916
6,1965,3,0.265755659547602
6,1966,3,0.478096402099596
6,1967,3,0.502857943565264
6,1968,3,0.664445807094191
6,1969,3,0.381194235102002
6,1970,3,0.395588445023022
6,1971,3,0.674147680433707
6,1972,3,0.684085112959504
6,1973,3,0.489637235403123
6,1974,3,1.33171574476031
6,1975,3,0.92185849103873
6,1976,3,0.953179835027972
6,1977,3,0.743863877517586
6,1978,3,1.61343589864277
6,1979,3,1.17146833085013
6,1980,3,1.05053619869397
6,1981,3,0.211225813229309
6,1982,3,0.124724896783252
6,1983,3,0.158224459293948
6,1984,3,0.204284349172513
6,1985,3,0.215738252545395
6,1986,3,0.224654991912244
6,1987,3,0.293901353692041
6,1988,3,0.194643159075423
6,1989,3,0.384475827264763
6,1990,3,0.157306030619065
6,1991,3,0.0891542969380058
6,1992,3,0.128101409589464
6,1993,3,0.243686395356057
6,1994,3,0.0836077328394823
6,1995,3,0.0532356903944965
6,1996,3,0.0316108552265619
6,1997,3,0.0487496771784227
6,1998,3,0.0898759299110507
6,1999,3,0.200639427977863
6,2000,3,0.170977227665514
6,2001,3,0.0972148795372623
6,2002,3,0.0993987899263897
6,2003,3,0.132926842726373
6,2004,3,0.196351043967018
6,2005,3,0.106724165670943
6,2006,3,0.139527218336801
6,2007,3,0.202969050884608
6,2008,3,0.0655371168536452
6,2009,3,0.0815620562794013
6,2010,3,0.0844795509349311
6,2011,3,0.0611773475491009
6,2012,3,0.111322724000733
6,2013,3,0.159375465695614
6,2014,3,0.0816111759188845
6,2015,3,0.389260105319207
6,2016,3,0.0964963296771204
6,2017,3,0.0225864404217112
6,2018,3,0.00895889287443326
6,2019,3,0.00482227620711742
6,2020,3,0.150173444717885
6,2021,3,0.365096066243196
6,2022,3,0.237713427277303
6,2023,3,0.231610266625046
6,2024,3,0.0766655990082607
6,1964,4,1.16940169512016
6,1965,4,0.970607216471775
6,1966,4,1.25460042361005
6,1967,4,1.1108905717779
6,1968,4,1.3772956569641
6,1969,4,0.977479110278067
6,1970,4,0.940727368773546
6,1971,4,1.35819933138352
6,1972,4,1.50436337301085
6,1973,4,1.25473734069248
6,1974,4,1.74632856715084
6,1975,4,1.48327761779669
6,1976,4,1.62433501503906
6,1977,4,1.58584054653427
6,1978,4,1.70699618990037
6,1979,4,1.7045277314104
6,1980,4,1.69053647335689
6,1981,4,0.912626019465061
6,1982,4,0.486760218672444
6,1983,4,0.546767208429056
6,1984,4,0.579177582702893
6,1985,4,0.759095130877497
6,1986,4,0.839847288603874
6,1987,4,0.967976809408059
6,1988,4,0.521901710766791
6,1989,4,0.973776532856714
6,1990,4,0.778707060535479
6,1991,4,0.377442631320848
6,1992,4,0.498398359303916
6,1993,4,1.02053714875713
6,1994,4,0.661192926180688
6,1995,4,0.236722089591413
6,1996,4,0.129978726606446
6,1997,4,0.156913159235349
6,1998,4,0.288004141318268
6,1999,4,0.62399032631
6,2000,4,0.762742652028468
6,2001,4,0.504585905398504
6,2002,4,0.447790583727244
6,2003,4,0.42423433590904
6,2004,4,0.968253492708647
6,2005,4,0.567060583725866
6,2006,4,0.582846866671978
6,2007,4,1.04068000623812
6,2008,4,0.555274229257633
6,2009,4,0.570626045627669
6,2010,4,0.660886091269283
6,2011,4,0.410508270850015
6,2012,4,0.645153917872716
6,2013,4,0.821836182542984
6,2014,4,0.439643266846025
6,2015,4,1.52390309045347
6,2016,4,1.46256614625254
6,2017,4,0.467758710856002
6,2018,4,0.253960211359695
6,2019,4,0.0514149613434204
6,2020,4,0.466855223276033
6,2021,4,0.890062603038638
6,2022,4,0.701045579827619
6,2023,4,0.819330306662385
6,2024,4,0.326817867067892
6,1964,5,1.25519465600088
6,1965,5,1.54264405434892
6,1966,5,1.67563689895388
6,1967,5,1.54506906919789
6,1968,5,1.74962094544445
6,1969,5,1.51546014460813
6,1970,5,1.43838016378966
6,1971,5,1.67304357681543
6,1972,5,1.74327678510897
6,1973,5,1.67701341349367
6,1974,5,1.74505880520978
6,1975,5,1.62446711913251
6,1976,5,1.71505896212829
6,1977,5,1.72014358438908
6,1978,5,1.64610050346888
6,1979,5,1.69769602721692
6,1980,5,1.73018758845963
6,1981,5,1.64647533818818
6,1982,5,1.18608556179652
6,1983,5,1.21380307782193
6,1984,5,1.14802524523791
6,1985,5,1.44922325100877
6,1986,5,1.53734974923961
6,1987,5,1.58823445569061
6,1988,5,1.03349114490979
6,1989,5,1.46928928377188
6,1990,5,1.55689900377561
6,1991,5,1.01456877923685
6,1992,5,1.19886843685262
6,1993,5,1.53781838987888
6,1994,5,1.53503405606916
6,1995,5,0.800723802996212
6,1996,5,0.462257629785382
6,1997,5,0.4457832262265
6,1998,5,0.739651432097661
6,1999,5,1.2399272204017
6,2000,5,1.52562743118857
6,2001,5,1.30403640934904
6,2002,5,1.28680727108158
6,2003,5,0.991779084361344
6,2004,5,1.56827780577012
6,2005,5,1.42104735954085
6,2006,5,1.33734028311924
6,2007,5,1.63593445829009
6,2008,5,1.48357222125217
6,2009,5,1.37324160078752
6,2010,5,1.46752448051372
6,2011,5,1.41526928664201
6,2012,5,1.52125305925646
6,2013,5,1.55603069609187
6,2014,5,1.23213662631458
6,2015,5,1.61637648640186
6,2016,5,1.6584601933244
6,2017,5,1.89837761297775
6,2018,5,1.83893741747617
6,2019,5,0.476639846596351
6,2020,5,1.06707140677576
6,2021,5,1.42841798682773
6,2022,5,1.35280693520955
6,2023,5,1.57975883203777
6,2024,5,0.968693563382017
6,1964,6,1.25519465600086
6,1965,6,1.64631929196692
6,1966,6,1.72216805262214
6,1967,6,1.66858206818684
6,1968,6,1.80000303462608
6,1969,6,1.70303491300368
6,1970,6,1.63498438096789
6,1971,6,1.70307324700409
6,1972,6,1.71653455839166
6,1973,6,1.72829296966145
6,1974,6,1.65732800134685
6,1975,6,1.59715232826889
6,1976,6,1.65585072644028
6,1977,6,1.66649172191107
6,1978,6,1.55145972011084
6,1979,6,1.61873595171518
6,1980,6,1.65667103858923
6,1981,6,1.80353902660012
6,1982,6,1.65700268132083
6,1983,6,1.65243559930351
6,1984,6,1.54973144041257
6,1985,6,1.7221550396494
6,1986,6,1.74898384956033
6,1987,6,1.74643741703839
6,1988,6,1.4438394908364
6,1989,6,1.62754410329812
6,1990,6,1.74525033733289
6,1991,6,1.49611938729431
6,1992,6,1.65629388236928
6,1993,6,1.5893127179332
6,1994,6,1.68572272311585
6,1995,6,1.55259857303175
6,1996,6,1.12725004303527
6,1997,6,0.963174897212965
6,1998,6,1.30327205816899
6,1999,6,1.59813468218466
6,2000,6,1.7488975164997
6,2001,6,1.67245945986841
6,2002,6,1.95327039084881
6,2003,6,1.51489868196645
6,2004,6,1.63106084841671
6,2005,6,1.76763342536169
6,2006,6,1.71198256424964
6,2007,6,1.67907803586075
6,2008,6,1.69030112955468
6,2009,6,1.56520052710114
6,2010,6,1.59622736289498
6,2011,6,1.99998827132939
6,2012,6,1.78144314407059
6,2013,6,1.69464034312129
6,2014,6,1.65201224716791
6,2015,6,1.56505622273067
6,2016,6,1.60585702874119
6,2017,6,2.08182084320948
6,2018,6,2.21969423360485
6,2019,6,2.01641944938803
6,2020,6,1.6138559906203
6,2021,6,1.67534650838154
6,2022,6,1.73675492129664
6,2023,6,1.88346715511277
6,2024,6,1.59924347979078
6,1964,7,1.23478408481047
6,1965,7,1.60106995461918
6,1966,7,1.64859291520563
6,1967,7,1.63776777003841
6,1968,7,1.7155101464698
6,1969,7,1.69126229829572
6,1970,7,1.64176042053502
6,1971,7,1.62592604067339
6,1972,7,1.61524506865014
6,1973,7,1.65549025704872
6,1974,7,1.52267121569926
6,1975,7,1.51048486138082
6,1976,7,1.54687281107808
6,1977,7,1.56370942014499
6,1978,7,1.42280084276797
6,1979,7,1.50339158508095
6,1980,7,1.53947876221209
6,1981,7,1.74762188796726
6,1982,7,1.75635799433481
6,1983,7,1.75285679626285
6,1984,7,1.67679451737252
6,1985,7,1.72630329539192
6,1986,7,1.72282753329101
6,1987,7,1.70598697894258
6,1988,7,1.60891882107437
6,1989,7,1.61311880580119
6,1990,7,1.70394200243278
6,1991,7,1.61561798466747
6,1992,7,1.74845629223754
6,1993,7,1.53831093380866
6,1994,7,1.63793393411633
6,1995,7,1.885878610551
6,1996,7,1.6729537576879
6,1997,7,1.44898023902729
6,1998,7,1.63301994164103
6,1999,7,1.67328504537691
6,2000,7,1.7200124051369
6,2001,7,1.69293018218018
6,2002,7,2.09225821657173
6,2003,7,1.72608371595827
6,2004,7,1.57616416751178
6,2005,7,1.76611609192088
6,2006,7,1.74668502325827
6,2007,7,1.61204323797943
6,2008,7,1.65097373513436
6,2009,7,1.54410054415303
6,2010,7,1.5579948483008
6,2011,7,2.02325248978995
6,2012,7,1.7492826344086
6,2013,7,1.64749089074782
6,2014,7,1.69053645797315
6,2015,7,1.48899902914183
6,2016,7,1.52912626339775
6,2017,7,1.96787792073213
6,2018,7,2.10010584852756
6,2019,7,2.79423362155167
6,2020,7,1.83401465122505
6,2021,7,1.70284471358962
6,2022,7,1.81554871531182
6,2023,7,1.87727534813098
6,2024,7,1.80335050574387
6,1964,8,1.20638386719288
6,1965,8,1.50401994159797
6,1966,8,1.51473034086905
6,1967,8,1.5289203501645
6,1968,8,1.54867418735575
6,1969,8,1.58564436032263
6,1970,8,1.55607671312831
6,1971,8,1.48562419122667
6,1972,8,1.46217979513175
6,1973,8,1.51988232746687
6,1974,8,1.3411377727028
6,1975,8,1.38063224066847
6,1976,8,1.39384655894014
6,1977,8,1.41900704552555
6,1978,8,1.25894239795587
6,1979,8,1.34950089599763
6,1980,8,1.37922206696416
6,1981,8,1.61514686647269
6,1982,8,1.69355885376806
6,1983,8,1.6926248208295
6,1984,8,1.64727766775091
6,1985,8,1.62713789904223
6,1986,8,1.60998711284642
6,1987,8,1.5862828208641
6,1988,8,1.61269534051562
6,1989,8,1.5230429083871
6,1990,8,1.59244157937284
6,1991,8,1.5863054078552
6,1992,8,1.684278503774
6,1993,8,1.4526709948407
6,1994,8,1.54386142448019
6,1995,8,1.88950921155825
6,1996,8,1.83708302597855
6,1997,8,1.6735941843893
6,1998,8,1.71047065195303
6,1999,8,1.61785314089059
6,2000,8,1.60967902034377
6,2001,8,1.61272085044594
6,2002,8,1.9732328561999
6,2003,8,1.72536242921799
6,2004,8,1.48295275561291
6,2005,8,1.66119977742886
6,2006,8,1.65896901051479
6,2007,8,1.50368981394419
6,2008,8,1.56004276086185
6,2009,8,1.4816677548207
6,2010,8,1.48500142119996
6,2011,8,1.87128824255147
6,2012,8,1.63521460003849
6,2013,8,1.54556473525202
6,2014,8,1.61784894171881
6,2015,8,1.38736286121283
6,2016,8,1.42609782742713
6,2017,8,1.77293747372171
6,2018,8,1.87814681211224
6,2019,8,2.65775041697855
6,2020,8,1.8219105511754
6,2021,8,1.61636326729869
6,2022,8,1.73404251797741
6,2023,8,1.73788316632009
6,2024,8,1.77131788007582
7,1964,3,0.86435103918768
7,1965,3,0.575781951696278
7,1966,3,0.669477148100239
7,1967,3,1.03022436290092
7,1968,3,0.964803381234085
7,1969,3,0.875510832059782
7,1970,3,0.653622749633617
7,1971,3,0.55495566485536
7,1972,3,0.704107635427981
7,1973,3,1.06829859286907
7,1974,3,1.07936003051533
7,1975,3,1.00222074805335
7,1976,3,1.16879449777324
7,1977,3,0.788615430939053
7,1978,3,0.528804062145458
7,1979,3,0.871164328292269
7,1980,3,0.5873456473602
7,1981,3,0.964993290391927
7,1982,3,0.643637448772385
7,1983,3,0.225638149295781
7,1984,3,0.289269602948705
7,1985,3,0.289436122879319
7,1986,3,0.148935195391702
7,1987,3,0.195912276961925
7,1988,3,0.416552752612887
7,1989,3,0.107639943807431
7,1990,3,0.44025662433062
7,1991,3,0.212253540489385
7,1992,3,0.191020519205144
7,1993,3,0.167135785584143
7,1994,3,0.085342930146792
7,1995,3,0.0643821861523467
7,1996,3,0.0306488759280892
7,1997,3,0.0640697061842514
7,1998,3,0.074534134831852
7,1999,3,0.242166872074614
7,2000,3,0.121956813505713
7,2001,3,0.0867061724274183
7,2002,3,0.100153180873582
7,2003,3,0.142693985007517
7,2004,3,0.177804365854839
7,2005,3,0.0784156010906032
7,2006,3,0.130447748067737
7,2007,3,0.125485832527374
7,2008,3,0.0760876527872106
7,2009,3,0.0963927541859819
7,2010,3,0.068366019805061
7,2011,3,0.0707233874018615
7,2012,3,0.112497931097273
7,2013,3,0.128890580271307
7,2014,3,0.0845153829218663
7,2015,3,0.378319760071151
7,2016,3,0.0970691963553313
7,2017,3,0.0329368820999315
7,2018,3,0.0030118956401807
7,2019,3,0.00775027943434178
7,2020,3,0.149236696028755
7,2021,3,0.271803998122111
7,2022,3,0.223028488293936
7,2023,3,0.20213950451389
7,2024,3,0.116291322920071
7,1964,4,1.16353696722104
7,1965,4,1.40956511926861
7,1966,4,1.4543248941765
7,1967,4,1.59340733570845
7,1968,4,1.61598708015597
7,1969,4,1.59115820070223
7,1970,4,1.45455783777751
7,1971,4,1.23381392708087
7,1972,4,1.59697114269496
7,1973,4,1.65454992046202
7,1974,4,1.63626286345991
7,1975,4,1.63020526351522
7,1976,4,1.74892010354447
7,1977,4,1.45987837195496
7,1978,4,1.27910181195691
7,1979,4,1.66063416566139
7,1980,4,1.42906373907331
7,1981,4,1.65106896894778
7,1982,4,1.52652258221598
7,1983,4,0.871446486785074
7,1984,4,0.782383153154581
7,1985,4,0.984773412085463
7,1986,4,0.46740866101704
7,1987,4,0.632836433366571
7,1988,4,1.09513893230784
7,1989,4,0.51972963002476
7,1990,4,1.44477206925949
7,1991,4,0.85935859186818
7,1992,4,0.602984413352844
7,1993,4,0.917544108015306
7,1994,4,0.570459328210682
7,1995,4,0.284760264848965
7,1996,4,0.14013661282453
7,1997,4,0.200108626132532
7,1998,4,0.241415555714569
7,1999,4,0.680976130907528
7,2000,4,0.441579771459602
7,2001,4,0.453458417707227
7,2002,4,0.450596234077576
7,2003,4,0.566384024925847
7,2004,4,0.847616348571204
7,2005,4,0.741244142332346
7,2006,4,0.59144163426398
7,2007,4,0.789227370478602
7,2008,4,0.514050976692238
7,2009,4,0.529679924925263
7,2010,4,0.702658468214666
7,2011,4,0.428599144873945
7,2012,4,0.469956960009387
7,2013,4,0.70254473456434
7,2014,4,0.50440254853646
7,2015,4,1.45368553597659
7,2016,4,1.73816019621963
7,2017,4,0.526083147573061
7,2018,4,0.13219913551161
7,2019,4,0.0606683445801413
7,2020,4,0.458546153122904
7,2021,4,0.648943914571063
7,2022,4,0.630893549488124
7,2023,4,0.630172893878664
7,2024,4,0.429281478245189
7,1964,5,1.23713350095923
7,1965,5,1.66842328280349
7,1966,5,1.70537579393956
7,1967,5,1.67534518663077
7,1968,5,1.72957921162108
7,1969,5,1.75128150800536
7,1970,5,1.71026473742935
7,1971,5,1.59534383765347
7,1972,5,1.79098254728725
7,1973,5,1.69105019855348
7,1974,5,1.71392835974779
7,1975,5,1.72692379075436
7,1976,5,1.76206290292012
7,1977,5,1.6885779969093
7,1978,5,1.67127453696314
7,1979,5,1.7815474446492
7,1980,5,1.73598824802389
7,1981,5,1.73088458373482
7,1982,5,1.74952706617482
7,1983,5,1.57071848896844
7,1984,5,1.3576763186516
7,1985,5,1.63692324952964
7,1986,5,1.04297148572294
7,1987,5,1.26909011449196
7,1988,5,1.58916425698799
7,1989,5,1.31069727007112
7,1990,5,1.70824261852618
7,1991,5,1.45658616230744
7,1992,5,1.16959070666468
7,1993,5,1.48037187370769
7,1994,5,1.51533493064442
7,1995,5,0.910885250761135
7,1996,5,0.539877108895454
7,1997,5,0.540134662859528
7,1998,5,0.650512978364156
7,1999,5,1.26183379053571
7,2000,5,1.06153859735623
7,2001,5,1.30997824396047
7,2002,5,1.27369026038232
7,2003,5,1.33973334149569
7,2004,5,1.5402482551573
7,2005,5,1.94413607050128
7,2006,5,1.43950794401998
7,2007,5,1.70848274115188
7,2008,5,1.3526051360187
7,2009,5,1.29760938448124
7,2010,5,1.51207186032855
7,2011,5,1.43637170152482
7,2012,5,1.1692191900624
7,2013,5,1.46625488810005
7,2014,5,1.31808387867564
7,2015,5,1.50033834537654
7,2016,5,1.81018229906955
7,2017,5,1.95413865796194
7,2018,5,1.64289205644033
7,2019,5,0.419720411289242
7,2020,5,1.05253642308414
7,2021,5,1.18791355513777
7,2022,5,1.23246020918611
7,2023,5,1.25498418939104
7,2024,5,1.070512146696
7,1964,6,1.23713350095742
7,1965,6,1.65103456667769
7,1966,6,1.68926284125518
7,1967,6,1.62106727003716
7,1968,6,1.67599578867946
7,1969,6,1.70722190721871
7,1970,6,1.69331521553144
7,1971,6,1.6488884703145
7,1972,6,1.74163788071271
7,1973,6,1.622233193319
7,1974,6,1.65368401517068
7,1975,6,1.66915087724009
7,1976,6,1.67766187430807
7,1977,6,1.68067186531133
7,1978,6,1.71589107914433
7,1979,6,1.71907744383986
7,1980,6,1.7279509230085
7,1981,6,1.66653994519275
7,1982,6,1.7120516660228
7,1983,6,1.75859242916398
7,1984,6,1.64102461913749
7,1985,6,1.79936043842197
7,1986,6,1.5180616715287
7,1987,6,1.62093973086867
7,1988,6,1.70314186573463
7,1989,6,1.69944515105019
7,1990,6,1.67277967049712
7,1991,6,1.57758692256893
7,1992,6,1.46787212200162
7,1993,6,1.53081058528473
7,1994,6,1.81447538869057
7,1995,6,1.62035165762881
7,1996,6,1.31787263757007
7,1997,6,1.08685751350008
7,1998,6,1.23837100829653
7,1999,6,1.59416910439855
7,2000,6,1.5317438376976
7,2001,6,1.82393596427143
7,2002,6,1.90016730830397
7,2003,6,1.80036520840484
7,2004,6,1.67115133047324
7,2005,6,2.13770224240344
7,2006,6,1.86185009540414
7,2007,6,1.88954325279603
7,2008,6,1.61394451797223
7,2009,6,1.5802416145806
7,2010,6,1.58612962280737
7,2011,6,2.09758537874645
7,2012,6,1.60597439731389
7,2013,6,1.64839892030637
7,2014,6,1.62297976973861
7,2015,6,1.46014896445746
7,2016,6,1.73288913061135
7,2017,6,2.18035344439101
7,2018,6,2.11592895698149
7,2019,6,1.62317667037683
7,2020,6,1.6167838674522
7,2021,6,1.62171264599983
7,2022,6,1.6384171818007
7,2023,6,1.61880357675109
7,2024,6,1.59018656810614
7,1964,7,1.21770614964614
7,1965,7,1.56680725036683
7,1966,7,1.59684591314333
7,1967,7,1.5174662970808
7,1968,7,1.56461516885797
7,1969,7,1.59625494454612
7,1970,7,1.60023542279579
7,1971,7,1.5901667340686
7,1972,7,1.62729896253326
7,1973,7,1.51275852970315
7,1974,7,1.53995635654492
7,1975,7,1.55631077083065
7,1976,7,1.54805583023134
7,1977,7,1.59030124212217
7,1978,7,1.64271004874232
7,1979,7,1.59940831229843
7,1980,7,1.63314385887585
7,1981,7,1.55339403654066
7,1982,7,1.60893546699357
7,1983,7,1.72181809243003
7,1984,7,1.68342816939926
7,1985,7,1.75157128132493
7,1986,7,1.6883405810936
7,1987,7,1.68444780451344
7,1988,7,1.65809573314758
7,1989,7,1.72888397799258
7,1990,7,1.58233657654886
7,1991,7,1.54608042859532
7,1992,7,1.52654144139401
7,1993,7,1.4889030113476
7,1994,7,1.78221369883617
7,1995,7,1.88048685850745
7,1996,7,1.85566589630662
7,1997,7,1.54236575550908
7,1998,7,1.64379890073993
7,1999,7,1.66757479114034
7,2000,7,1.66472836272794
7,2001,7,1.87726063560589
7,2002,7,2.02421363402836
7,2003,7,1.86898895743514
7,2004,7,1.62655887170468
7,2005,7,2.02174474207486
7,2006,7,1.88696685215441
7,2007,7,1.81955110100155
7,2008,7,1.60100737533438
7,2009,7,1.5841919441468
7,2010,7,1.54008301738067
7,2011,7,2.1482457182474
7,2012,7,1.68488165153957
7,2013,7,1.61753831213481
7,2014,7,1.62362224987249
7,2015,7,1.40520149022272
7,2016,7,1.62180803367394
7,2017,7,2.05634714940191
7,2018,7,2.01535310540983
7,2019,7,2.48647615215075
7,2020,7,1.8589604288421
7,2021,7,1.8100410895486
7,2022,7,1.75503299077757
7,2023,7,1.69400704939957
7,2024,7,1.74412590758448
7,1964,8,1.19031555995888
7,1965,8,1.44069607846947
7,1966,8,1.45466824846373
7,1967,8,1.37126564363648
7,1968,8,1.40470266706888
7,1969,8,1.43273193087382
7,1970,8,1.45751734530358
7,1971,8,1.47473575161586
7,1972,8,1.46124562051631
7,1973,8,1.36346555172408
7,1974,8,1.37909593044893
7,1975,8,1.39586147679349
7,1976,8,1.3725112428577
7,1977,8,1.44518697892968
7,1978,8,1.50799199094283
7,1979,8,1.42956432762936
7,1980,8,1.48445483463005
7,1981,8,1.39559128455038
7,1982,8,1.45762962872437
7,1983,8,1.60406400268524
7,1984,8,1.60990278437241
7,1985,8,1.6176485704684
7,1986,8,1.67459836623785
7,1987,8,1.62135021613516
7,1988,8,1.5409234010736
7,1989,8,1.64389835039069
7,1990,8,1.45282943278654
7,1991,8,1.47024743700101
7,1992,8,1.4920351778324
7,1993,8,1.42198837444141
7,1994,8,1.66301316013684
7,1995,8,1.85513668298825
7,1996,8,1.95906988187983
7,1997,8,1.72894793876577
7,1998,8,1.76669014181524
7,1999,8,1.61296536545938
7,2000,8,1.6340901159645
7,2001,8,1.7699085169576
7,2002,8,1.91403377724427
7,2003,8,1.76965215245404
7,2004,8,1.52923914700835
7,2005,8,1.799780620022
7,2006,8,1.76451739136255
7,2007,8,1.66943422944514
7,2008,8,1.53004599967274
7,2009,8,1.52111957492304
7,2010,8,1.46768424148906
7,2011,8,1.97528300533265
7,2012,8,1.62758158180654
7,2013,8,1.5317641833559
7,2014,8,1.55191819627505
7,2015,8,1.33424572490379
7,2016,8,1.47144076091133
7,2017,8,1.83047115556913
7,2018,8,1.83199633588463
7,2019,8,2.5059718581663
7,2020,8,1.85585515415815
7,2021,8,1.80382714120173
7,2022,8,1.70607964468186
7,2023,8,1.63457103413419
7,2024,8,1.70743581270548
8,1964,3,0.802976892068425
8,1965,3,0.497292549975504
8,1966,3,0.568985048654024
8,1967,3,0.997320853568288
8,1968,3,0.617409516863471
8,1969,3,0.722055649416198
8,1970,3,0.767643202831244
8,1971,3,0.557631403016775
8,1972,3,0.77921403543139
8,1973,3,0.519823820732027
8,1974,3,1.12346017782171
8,1975,3,1.03009686825777
8,1976,3,0.579057689245685
8,1977,3,0.7400480465356
8,1978,3,0.873398337437454
8,1979,3,0.88571642969137
8,1980,3,0.259874693600351
8,1981,3,0.352586673306431
8,1982,3,0.185910398635007
8,1983,3,0.109214443987902
8,1984,3,0.129331997402725
8,1985,3,0.163276252406185
8,1986,3,0.214463088135055
8,1987,3,0.217627780332251
8,1988,3,0.241633398265736
8,1989,3,0.214406642584397
8,1990,3,0.349302526239754
8,1991,3,0.0938667100841166
8,1992,3,0.176949723552231
8,1993,3,0.228100344761312
8,1994,3,0.124135308577536
8,1995,3,0.048843362156565
8,1996,3,0.0210401924278751
8,1997,3,0.0656960830668734
8,1998,3,0.0968218984597885
8,1999,3,0.203933254063317
8,2000,3,0.159571763480214
8,2001,3,0.0779342655704715
8,2002,3,0.101312681863536
8,2003,3,0.135359726770373
8,2004,3,0.114591490396536
8,2005,3,0.10018816160915
8,2006,3,0.159884658195843
8,2007,3,0.127866509043236
8,2008,3,0.0844155311926132
8,2009,3,0.0995886837997285
8,2010,3,0.119049511314896
8,2011,3,0.0530544734669866
8,2012,3,0.130979899722567
8,2013,3,0.104663541409769
8,2014,3,0.0626841623879227
8,2015,3,0.387544957668829
8,2016,3,0.0752949255695859
8,2017,3,0.0476151662417213
8,2018,3,0.0145357496522675
8,2019,3,0.0118833143546224
8,2020,3,0.106023282993169
8,2021,3,0.280393355316958
8,2022,3,0.229048354349861
8,2023,3,0.165993663887834
8,2024,3,0.0909342641072371
8,1964,4,1.17097232617754
8,1965,4,1.40284139245314
8,1966,4,1.34388247970008
8,1967,4,1.6009492097162
8,1968,4,1.29604725232539
8,1969,4,1.45549139164882
8,1970,4,1.43782637309475
8,1971,4,1.19950257974508
8,1972,4,1.35366845425338
8,1973,4,1.0423925690466
8,1974,4,1.65330397163923
8,1975,4,1.61019110421499
8,1976,4,1.49983168231034
8,1977,4,1.45222488090431
8,1978,4,1.59992696244328
8,1979,4,1.67709238708502
8,1980,4,0.817144480749666
8,1981,4,1.36374589574987
8,1982,4,0.954930364197605
8,1983,4,0.545399144513916
8,1984,4,0.567033932625622
8,1985,4,0.597719179517354
8,1986,4,0.628766267551299
8,1987,4,0.516826125195648
8,1988,4,0.733412128332848
8,1989,4,0.796413591996104
8,1990,4,1.28041760603696
8,1991,4,0.285750258578532
8,1992,4,0.582080401142278
8,1993,4,0.993270095914836
8,1994,4,0.745690468718368
8,1995,4,0.2410376312275
8,1996,4,0.0964654012450273
8,1997,4,0.198052944988108
8,1998,4,0.26898554144134
8,1999,4,0.543867861277407
8,2000,4,0.59541452026267
8,2001,4,0.40460621168269
8,2002,4,0.436246888335234
8,2003,4,0.441963519419368
8,2004,4,1.01986990975054
8,2005,4,0.634107445830409
8,2006,4,0.65232611966588
8,2007,4,0.792593696258585
8,2008,4,0.455659544707533
8,2009,4,0.559875611311574
8,2010,4,0.900893251148353
8,2011,4,0.36033866664338
8,2012,4,0.546458181652879
8,2013,4,0.536901956802098
8,2014,4,0.361690345311079
8,2015,4,1.38386020068206
8,2016,4,1.6575460086874
8,2017,4,0.430546764737103
8,2018,4,0.24011394493787
8,2019,4,0.0877389536067119
8,2020,4,0.34831710972691
8,2021,4,0.664370879279826
8,2022,4,0.591844531020764
8,2023,4,0.545697115380755
8,2024,4,0.339202585701734
8,1964,5,1.25945596353147
8,1965,5,1.646959471599
8,1966,5,1.6649297021694
8,1967,5,1.74481054447025
8,1968,5,1.63170296931209
8,1969,5,1.71253451001289
8,1970,5,1.69656565854178
8,1971,5,1.55898342260921
8,1972,5,1.62396055392442
8,1973,5,1.44114075499757
8,1974,5,1.73047605773703
8,1975,5,1.72357933855471
8,1976,5,1.82230692088541
8,1977,5,1.70400392169823
8,1978,5,1.72521934664971
8,1979,5,1.78289502921305
8,1980,5,1.45585769023431
8,1981,5,1.81356311500079
8,1982,5,1.7167097541608
8,1983,5,1.38021725869827
8,1984,5,1.34106935677377
8,1985,5,1.29360813937993
8,1986,5,1.2184398991389
8,1987,5,0.963052293963724
8,1988,5,1.37703257927654
8,1989,5,1.52709119250634
8,1990,5,1.80119893527392
8,1991,5,0.698319107908143
8,1992,5,1.15872835404683
8,1993,5,1.53725721202571
8,1994,5,1.75086587188363
8,1995,5,0.870064908883797
8,1996,5,0.391962927259401
8,1997,5,0.521031619256299
8,1998,5,0.63333920319184
8,1999,5,1.06413106945474
8,2000,5,1.29039124950567
8,2001,5,1.17716644775534
8,2002,5,1.18878229155078
8,2003,5,1.03708732276461
8,2004,5,1.6370836512239
8,2005,5,1.55720630868702
8,2006,5,1.38635791345028
8,2007,5,1.74792540671079
8,2008,5,1.31309457313686
8,2009,5,1.35531371824957
8,2010,5,1.54402886526163
8,2011,5,1.27359440154242
8,2012,5,1.24691590488621
8,2013,5,1.30701587792918
8,2014,5,1.13912579582661
8,2015,5,1.47108777019066
8,2016,5,1.73854297512589
8,2017,5,1.53909569419533
8,2018,5,1.43449228649902
8,2019,5,0.555038605486469
8,2020,5,0.880696297814008
8,2021,5,1.14915470016208
8,2022,5,1.15565132670319
8,2023,5,1.21656976702944
8,2024,5,0.923387530365053
8,1964,6,1.25945596353153
8,1965,6,1.62044218913751
8,1966,6,1.67615079959363
8,1967,6,1.70341742329297
8,1968,6,1.67363222101489
8,1969,6,1.70539281266704
8,1970,6,1.70196097281326
8,1971,6,1.62398065788122
8,1972,6,1.66091373370731
8,1973,6,1.58763985403252
8,1974,6,1.66870605244062
8,1975,6,1.67390472384077
8,1976,6,1.80247995187369
8,1977,6,1.69858169776228
8,1978,6,1.67269005816761
8,1979,6,1.71640933928787
8,1980,6,1.70587363902611
8,1981,6,1.80464981747875
8,1982,6,1.82864883937798
8,1983,6,1.76830594074451
8,1984,6,1.72279739498827
8,1985,6,1.67069622458977
8,1986,6,1.57696933242993
8,1987,6,1.35226647457844
8,1988,6,1.70245768977303
8,1989,6,1.78916531623916
8,1990,6,1.82642581477085
8,1991,6,1.19459878972852
8,1992,6,1.46218755261631
8,1993,6,1.59621568328688
8,1994,6,2.0201941630992
8,1995,6,1.66080294482137
8,1996,6,1.10071679722281
8,1997,6,1.04436993671191
8,1998,6,1.12522406444609
8,1999,6,1.46958085197297
8,2000,6,1.6549052829126
8,2001,6,1.65838875988308
8,2002,6,1.75620862845565
8,2003,6,1.56337344158317
8,2004,6,1.64097415639542
8,2005,6,1.81903968682656
8,2006,6,1.69247845837759
8,2007,6,1.95042022074592
8,2008,6,1.79551560999791
8,2009,6,1.6270397637469
8,2010,6,1.58123876486137
8,2011,6,1.82788510936994
8,2012,6,1.59262310573157
8,2013,6,1.61904401181211
8,2014,6,1.62482979670097
8,2015,6,1.43736860675963
8,2016,6,1.67122807872313
8,2017,6,1.95770734979069
8,2018,6,1.91468999191142
8,2019,6,1.86188531611404
8,2020,6,1.4716024646458
8,2021,6,1.47143341217301
8,2022,6,1.62610121062911
8,2023,6,1.71328700137309
8,2024,6,1.52721870027672
8,1964,7,1.23864087394893
8,1965,7,1.540453996947
8,1966,7,1.59713677976706
8,1967,7,1.59008269834471
8,1968,7,1.60641820420025
8,1969,7,1.61233132573103
8,1970,7,1.61369314341019
8,1971,7,1.57398423735936
8,1972,7,1.59378412814523
8,1973,7,1.58439503741519
8,1974,7,1.54955238664764
8,1975,7,1.56183052114376
8,1976,7,1.69021642985913
8,1977,7,1.60702139153735
8,1978,7,1.56534122646818
8,1979,7,1.59535214784068
8,1980,7,1.70991218017169
8,1981,7,1.70039570093892
8,1982,7,1.75408605896085
8,1983,7,1.78500575909391
8,1984,7,1.75450875694983
8,1985,7,1.72589158908723
8,1986,7,1.66358080584878
8,1987,7,1.54645653208104
8,1988,7,1.74731174856972
8,1989,7,1.77617594055898
8,1990,7,1.72848909679505
8,1991,7,1.48916937859424
8,1992,7,1.52059421663014
8,1993,7,1.54593284086915
8,1994,7,1.95249876838967
8,1995,7,1.94986488719231
8,1996,7,1.7606162377481
8,1997,7,1.50255473926447
8,1998,7,1.49215566409029
8,1999,7,1.62674521007186
8,2000,7,1.70412606893268
8,2001,7,1.723863546172
8,2002,7,1.87926374555495
8,2003,7,1.75968254890655
8,2004,7,1.57370197418601
8,2005,7,1.77893162426415
8,2006,7,1.70411151910782
8,2007,7,1.87602284188457
8,2008,7,1.83655756183692
8,2009,7,1.62071622187377
8,2010,7,1.52948073943461
8,2011,7,1.86608292463046
8,2012,7,1.63200656760457
8,2013,7,1.62935514691208
8,2014,7,1.68567745016214
8,2015,7,1.38842722140406
8,2016,7,1.57593084655747
8,2017,7,1.91864078236819
8,2018,7,1.86816254715181
8,2019,7,2.64222674470162
8,2020,7,1.76220006382137
8,2021,7,1.58189049200553
8,2022,7,1.82623606869172
8,2023,7,1.85356877104516
8,2024,7,1.76706237546666
8,1964,8,1.20968660085035
8,1965,8,1.42542841548755
8,1966,8,1.4677980840874
8,1967,8,1.41974058123249
8,1968,8,1.47942488912635
8,1969,8,1.46350325144851
8,1970,8,1.46496877049668
8,1971,8,1.46684151504105
8,1972,8,1.46132900611546
8,1973,8,1.50145323282966
8,1974,8,1.37991654178747
8,1975,8,1.39828448642823
8,1976,8,1.51620890145333
8,1977,8,1.45952128582764
8,1978,8,1.41218121222322
8,1979,8,1.42494805122166
8,1980,8,1.61261342982703
8,1981,8,1.53989600609918
8,1982,8,1.61153865030412
8,1983,8,1.6829299750474
8,1984,8,1.66420633303243
8,1985,8,1.65076386312011
8,1986,8,1.61585810260172
8,1987,8,1.58423310381886
8,1988,8,1.66234589854788
8,1989,8,1.65794878843341
8,1990,8,1.5667151994247
8,1991,8,1.57352153617362
8,1992,8,1.48727056645877
8,1993,8,1.45990029692566
8,1994,8,1.77086116807358
8,1995,8,1.91631457515938
8,1996,8,1.96049184418081
8,1997,8,1.7085670740399
8,1998,8,1.63936668899348
8,1999,8,1.62364382654423
8,2000,8,1.63092421014956
8,2001,8,1.65364012867102
8,2002,8,1.8002832732377
8,2003,8,1.74465718758651
8,2004,8,1.47643783736438
8,2005,8,1.65559959210515
8,2006,8,1.6152586262676
8,2007,8,1.70961805332203
8,2008,8,1.73355825358355
8,2009,8,1.54605136852426
8,2010,8,1.45142444689161
8,2011,8,1.75688816552599
8,2012,8,1.57008366645252
8,2013,8,1.55850645729167
8,2014,8,1.62189352751842
8,2015,8,1.32530565879021
8,2016,8,1.4478096274885
8,2017,8,1.76940124682396
8,2018,8,1.73628087269261
8,2019,8,2.60533915313454
8,2020,8,1.7949698451173
8,2021,8,1.56473058515586
8,2022,8,1.8183137138092
8,2023,8,1.79381336559691
8,2024,8,1.76332933236015
9,1964,3,0.596513584250722
9,1965,3,0.290790029951157
9,1966,3,0.550161226691611
9,1967,3,0.675888547873258
9,1968,3,0.974850067416408
9,1969,3,0.487914856508802
9,1970,3,0.312866889715677
9,1971,3,0.748061504514442
9,1972,3,0.6009740780488
9,1973,3,0.380463974039088
9,1974,3,0.323165995057148
9,1975,3,0.812678645418513
9,1976,3,0.486827678023389
9,1977,3,1.11691929918294
9,1978,3,1.49568305344967
9,1979,3,1.07427872502509
9,1980,3,0.586548133363736
9,1981,3,0.379651644556788
9,1982,3,0.188679024922999
9,1983,3,0.313319095669246
9,1984,3,0.155318626440389
9,1985,3,0.145270956030062
9,1986,3,0.155437173818519
9,1987,3,0.101225589860951
9,1988,3,0.151504232824952
9,1989,3,0.136023904107998
9,1990,3,0.222338850537171
9,1991,3,0.121498001569692
9,1992,3,0.120041882991905
9,1993,3,0.273391134094583
9,1994,3,0.0828718969134411
9,1995,3,0.0500035918356794
9,1996,3,0.021663888211607
9,1997,3,0.0793504769082252
9,1998,3,0.096156106166604
9,1999,3,0.262429610613182
9,2000,3,0.13776923311226
9,2001,3,0.0606800962395485
9,2002,3,0.094679952118496
9,2003,3,0.128428330865621
9,2004,3,0.154070344065976
9,2005,3,0.0956513100195941
9,2006,3,0.127159797883866
9,2007,3,0.0801042017848379
9,2008,3,0.117092001332669
9,2009,3,0.100218973473336
9,2010,3,0.11286194923385
9,2011,3,0.0618875121099013
9,2012,3,0.118075162208281
9,2013,3,0.100312484509325
9,2014,3,0.0706333321116381
9,2015,3,0.350023604115313
9,2016,3,0.0640074705860751
9,2017,3,0.0341477094859563
9,2018,3,0.00928522264935745
9,2019,3,0.0109663958999225
9,2020,3,0.126825498747962
9,2021,3,0.349901705235975
9,2022,3,0.212758340452358
9,2023,3,0.217104563079618
9,2024,3,0.101308691747426
9,1964,4,1.00298745690157
9,1965,4,0.828153902285019
9,1966,4,1.51014596795559
9,1967,4,1.41086388951838
9,1968,4,1.75873929707752
9,1969,4,1.29036881233376
9,1970,4,0.84868577575554
9,1971,4,1.50674141798939
9,1972,4,1.40149016060529
9,1973,4,0.957005816199196
9,1974,4,0.871046917770547
9,1975,4,1.58716285694068
9,1976,4,1.33737754246524
9,1977,4,1.65307673600668
9,1978,4,1.77201213348937
9,1979,4,1.67205095998369
9,1980,4,1.45228439156049
9,1981,4,1.26627830621782
9,1982,4,0.956556515065606
9,1983,4,0.99680962911757
9,1984,4,0.58877417216011
9,1985,4,0.46564377486519
9,1986,4,0.576763785988754
9,1987,4,0.279902067214445
9,1988,4,0.451934419453429
9,1989,4,0.601830508679382
9,1990,4,1.21906337632972
9,1991,4,0.455399786837244
9,1992,4,0.412555618257046
9,1993,4,1.13500536174554
9,1994,4,0.535908965016519
9,1995,4,0.23125240519219
9,1996,4,0.0856695091935628
9,1997,4,0.221166632390227
9,1998,4,0.341269519939788
9,1999,4,0.704905974471147
9,2000,4,0.549675782085437
9,2001,4,0.403164606329915
9,2002,4,0.41898271491818
9,2003,4,0.472043154964696
9,2004,4,0.877446303844955
9,2005,4,0.499230515180429
9,2006,4,0.445988142756882
9,2007,4,0.422330707033089
9,2008,4,0.765211182978322
9,2009,4,0.666014711900192
9,2010,4,0.919094097968189
9,2011,4,0.403908544688235
9,2012,4,0.546871441586223
9,2013,4,0.528207940773006
9,2014,4,0.44911112037489
9,2015,4,1.38320119683167
9,2016,4,1.47552363822538
9,2017,4,0.408206846237652
9,2018,4,0.204517416207172
9,2019,4,0.0764613564649419
9,2020,4,0.44891549855437
9,2021,4,0.81355206813449
9,2022,4,0.563108291594189
9,2023,4,0.709182574815503
9,2024,4,0.360895913353733
9,1964,5,1.21907489257448
9,1965,5,1.35838888787545
9,1966,5,1.88281798663214
9,1967,5,1.66608442091822
9,1968,5,1.82331865239873
9,1969,5,1.73828927967286
9,1970,5,1.40741843334666
9,1971,5,1.76965423391263
9,1972,5,1.76592107780225
9,1973,5,1.47354862941022
9,1974,5,1.42459070697872
9,1975,5,1.77960921158503
9,1976,5,1.71783355078416
9,1977,5,1.70346063568057
9,1978,5,1.72092501407741
9,1979,5,1.70172608662984
9,1980,5,1.73259552033514
9,1981,5,1.74054432752726
9,1982,5,1.70357126939511
9,1983,5,1.5774951042914
9,1984,5,1.30275066862809
9,1985,5,1.05017320217716
9,1986,5,1.28798185077607
9,1987,5,0.65151578559841
9,1988,5,0.997825340828215
9,1989,5,1.41021467647609
9,1990,5,1.84667935394931
9,1991,5,1.1002345150295
9,1992,5,0.974593595725844
9,1993,5,1.53157143765124
9,1994,5,1.43206015596456
9,1995,5,0.795490802823548
9,1996,5,0.308119411631694
9,1997,5,0.537229050085857
9,1998,5,0.888289382474539
9,1999,5,1.24046065646311
9,2000,5,1.23139943437069
9,2001,5,1.30267042588456
9,2002,5,1.20210368476141
9,2003,5,1.20618585473732
9,2004,5,1.73220586862249
9,2005,5,1.35621780430982
9,2006,5,1.05152692645619
9,2007,5,1.23007352266115
9,2008,5,1.74457963851648
9,2009,5,1.50088623850923
9,2010,5,1.60661526589503
9,2011,5,1.33486871766202
9,2012,5,1.39583556182383
9,2013,5,1.33985012463326
9,2014,5,1.28706887439326
9,2015,5,1.5176747600375
9,2016,5,1.65606142906025
9,2017,5,1.65513661595411
9,2018,5,1.60374161283221
9,2019,5,0.473223175108592
9,2020,5,1.09815709851527
9,2021,5,1.32664407145175
9,2022,5,1.1023007327742
9,2023,5,1.4459542267641
9,2024,5,0.940535414343842
9,1964,6,1.28076374212559
9,1965,6,1.54900196458044
9,1966,6,1.86798771596202
9,1967,6,1.66063057823742
9,1968,6,1.74184002701267
9,1969,6,1.78852523113046
9,1970,6,1.63755847944415
9,1971,6,1.7575216786997
9,1972,6,1.78589094071518
9,1973,6,1.65729696086376
9,1974,6,1.64322702655649
9,1975,6,1.73919425102132
9,1976,6,1.73061341148648
9,1977,6,1.63657379182641
9,1978,6,1.62411975375085
9,1979,6,1.62994744213104
9,1980,6,1.71340548606414
9,1981,6,1.76755872180037
9,1982,6,1.81234852847333
9,1983,6,1.71362365400265
9,1984,6,1.68806187399827
9,1985,6,1.52597277588904
9,1986,6,1.69913277571814
9,1987,6,1.13863254629999
9,1988,6,1.48772459635574
9,1989,6,1.79090490092518
9,1990,6,1.85838842435973
9,1991,6,1.5615490789708
9,1992,6,1.4281314368262
9,1993,6,1.54089481953124
9,1994,6,1.73868167452531
9,1995,6,1.51378713958272
9,1996,6,0.842811745946195
9,1997,6,1.01309138019241
9,1998,6,1.44124450351911
9,1999,6,1.52421157071739
9,2000,6,1.57903361174315
9,2001,6,1.76354716246352
9,2002,6,1.84592548051173
9,2003,6,1.85115431912858
9,2004,6,1.87988622506545
9,2005,6,1.79751759319987
9,2006,6,1.51554571623488
9,2007,6,1.71916532903221
9,2008,6,1.95354959389665
9,2009,6,1.677861725265
9,2010,6,1.64052306438668
9,2011,6,1.85234247139335
9,2012,6,1.85812516393719
9,2013,6,1.6872027039487
9,2014,6,1.63913268400099
9,2015,6,1.48230478108627
9,2016,6,1.60253855170327
9,2017,6,2.04382480340864
9,2018,6,2.1826031265251
9,2019,6,1.74097367611631
9,2020,6,1.64224249311629
9,2021,6,1.60936204178186
9,2022,6,1.53058233937224
9,2023,6,1.86219572111912
9,2024,6,1.52325035440476
9,1964,7,1.28076374212545
9,1965,7,1.55392210861126
9,1966,7,1.74568935722921
9,1967,7,1.57675253654662
9,1968,7,1.60707480590975
9,1969,7,1.70517196090649
9,1970,7,1.65178972559074
9,1971,7,1.65273233885901
9,1972,7,1.69091277427489
9,1973,7,1.65103126413264
9,1974,7,1.6514912558865
9,1975,7,1.62541922230286
9,1976,7,1.64391557586203
9,1977,7,1.52266025274023
9,1978,7,1.48872488328879
9,1979,7,1.51784914639115
9,1980,7,1.61745059252563
9,1981,7,1.68018623655674
9,1982,7,1.73973342636439
9,1983,7,1.67103594219509
9,1984,7,1.74092537252677
9,1985,7,1.69016266578247
9,1986,7,1.76610882059948
9,1987,7,1.49018539775708
9,1988,7,1.69223987608185
9,1989,7,1.81166128490648
9,1990,7,1.75278700964835
9,1991,7,1.67733391733191
9,1992,7,1.57813053035768
9,1993,7,1.48750508914792
9,1994,7,1.72036886567855
9,1995,7,1.80443478539751
9,1996,7,1.45597239712886
9,1997,7,1.42228716388004
9,1998,7,1.66869724436914
9,1999,7,1.58317576567943
9,2000,7,1.62484436878314
9,2001,7,1.78271372649061
9,2002,7,1.99561623241916
9,2003,7,2.0534405536628
9,2004,7,1.80487181575671
9,2005,7,1.82580908665829
9,2006,7,1.65313890856303
9,2007,7,1.7769980161649
9,2008,7,1.87910384733408
9,2009,7,1.638299005739
9,2010,7,1.57885226934863
9,2011,7,1.87825535614147
9,2012,7,1.89856354612188
9,2013,7,1.69774470295197
9,2014,7,1.64720781708106
9,2015,7,1.42629970891213
9,2016,7,1.52641670074431
9,2017,7,1.97454004945392
9,2018,7,2.09704935010192
9,2019,7,2.74323761925752
9,2020,7,1.81518619153939
9,2021,7,1.67429579057512
9,2022,7,1.6997444597574
9,2023,7,1.92581550417634
9,2024,7,1.75780324248446
9,1964,8,1.25828310469363
9,1965,8,1.48876380980906
9,1966,8,1.55222994423346
9,1967,8,1.44440785659773
9,1968,8,1.4204612620913
9,1969,8,1.55129881932613
9,1970,8,1.57012613386007
9,1971,8,1.48498742499561
9,1972,8,1.52738731714522
9,1973,8,1.55707871645084
9,1974,8,1.56664852832469
9,1975,8,1.45562679864556
9,1976,8,1.50259015186506
9,1977,8,1.36491903454054
9,1978,8,1.31278779858098
9,1979,8,1.36550990089009
9,1980,8,1.47161392525084
9,1981,8,1.5351358004508
9,1982,8,1.60141744640961
9,1983,8,1.5572452818268
9,1984,8,1.66175250845128
9,1985,8,1.67234563935053
9,1986,8,1.68789246715262
9,1987,8,1.62635268520246
9,1988,8,1.69782467283112
9,1989,8,1.70415141879248
9,1990,8,1.58668301111505
9,1991,8,1.63678926576796
9,1992,8,1.57102297831942
9,1993,8,1.40894004737283
9,1994,8,1.62094848378683
9,1995,8,1.80133352730901
9,1996,8,1.74246523280218
9,1997,8,1.617579350294
9,1998,8,1.67857101810394
9,1999,8,1.53766959005325
9,2000,8,1.56664491987577
9,2001,8,1.68494733025662
9,2002,8,1.90295710028276
9,2003,8,1.98030685815237
9,2004,8,1.65277054067897
9,2005,8,1.71988272232451
9,2006,8,1.62719340308766
9,2007,8,1.69305036234166
9,2008,8,1.71306748101202
9,2009,8,1.5464953349105
9,2010,8,1.485501596308
9,2011,8,1.76148217766188
9,2012,8,1.78047840597602
9,2013,8,1.61273617135803
9,2014,8,1.57408071393245
9,2015,8,1.35257259420905
9,2016,8,1.42459249254781
9,2017,8,1.8009447795064
9,2018,8,1.89544539600974
9,2019,8,2.79723698995384
9,2020,8,1.77551215502111
9,2021,8,1.61503904005266
9,2022,8,1.69191936407766
9,2023,8,1.8118188339406
9,2024,8,1.75616319379098
10,1964,3,0.851316654489572
10,1965,3,0.751666459532994
10,1966,3,0.346694953007177
10,1967,3,0.188018443255978
10,1968,3,0.352092247637132
10,1969,3,0.422048224224479
10,1970,3,0.709624765193708
10,1971,3,0.838162019565256
10,1972,3,1.0710127761121
10,1973,3,0.451602114999236
10,1974,3,0.974833944191739
10,1975,3,0.980351059254689
10,1976,3,0.794711825749826
10,1977,3,0.845759051897431
10,1978,3,0.816767434686136
10,1979,3,1.11295356423452
10,1980,3,0.460626125700431
10,1981,3,0.471848201417802
10,1982,3,0.214723433159018
10,1983,3,0.166114746886299
10,1984,3,0.192434049836836
10,1985,3,0.237269685455539
10,1986,3,0.211263749089125
10,1987,3,0.194195295430977
10,1988,3,0.156608707848263
10,1989,3,0.0781079499756765
10,1990,3,0.0583032139151793
10,1991,3,0.117553057551471
10,1992,3,0.176185222497086
10,1993,3,0.224354936180337
10,1994,3,0.0705841912972479
10,1995,3,0.0499796761515343
10,1996,3,0.0251593624899947
10,1997,3,0.0587923819707052
10,1998,3,0.0842654623633254
10,1999,3,0.231484956480113
10,2000,3,0.119483895939854
10,2001,3,0.0750736835347144
10,2002,3,0.0860363546564607
10,2003,3,0.149841091121459
10,2004,3,0.15185149547409
10,2005,3,0.104069253190965
10,2006,3,0.134527339592263
10,2007,3,0.10166168746733
10,2008,3,0.0694155622614327
10,2009,3,0.088425778506489
10,2010,3,0.11878454637835
10,2011,3,0.0552267766931943
10,2012,3,0.117153481143579
10,2013,3,0.107673566184519
10,2014,3,0.0854684894758622
10,2015,3,0.380927807382201
10,2016,3,0.0912825164592577
10,2017,3,0.0357249345289983
10,2018,3,0.0124130690681253
10,2019,3,0.00946388747018088
10,2020,3,0.168083084998267
10,2021,3,0.277719613611641
10,2022,3,0.200767786487939
10,2023,3,0.197176609074969
10,2024,3,0.0926826539703534
10,1964,4,1.16825019483994
10,1965,4,1.47789166402273
10,1966,4,1.1139499569732
10,1967,4,0.816178737656822
10,1968,4,0.995647927921
10,1969,4,1.19193062788336
10,1970,4,1.37498520337913
10,1971,4,1.51739450617718
10,1972,4,1.54489463229363
10,1973,4,1.31439936614798
10,1974,4,1.54274834705804
10,1975,4,1.59701274934049
10,1976,4,1.53493879557387
10,1977,4,1.55580602299357
10,1978,4,1.60515399991846
10,1979,4,1.70645706669212
10,1980,4,1.26640696776729
10,1981,4,1.39196586857487
10,1982,4,0.759286444732412
10,1983,4,0.569723916011983
10,1984,4,0.622906293578416
10,1985,4,0.68545950043816
10,1986,4,0.628224361403438
10,1987,4,0.61152053111339
10,1988,4,0.477402256009992
10,1989,4,0.375446486227526
10,1990,4,0.404253127765128
10,1991,4,0.385461680845282
10,1992,4,0.611166862521391
10,1993,4,1.15858373426613
10,1994,4,0.407419005076758
10,1995,4,0.242157617703546
10,1996,4,0.102460622154056
10,1997,4,0.163269614854238
10,1998,4,0.314643461546828
10,1999,4,0.670394642796214
10,2000,4,0.476409631897181
10,2001,4,0.391543007261023
10,2002,4,0.369519997792903
10,2003,4,0.47360533874068
10,2004,4,1.14108276543895
10,2005,4,0.655947274373929
10,2006,4,0.658249674677462
10,2007,4,0.539179262736945
10,2008,4,0.379986745143915
10,2009,4,0.546451542748487
10,2010,4,0.861443561398259
10,2011,4,0.449158723410038
10,2012,4,0.501017013077578
10,2013,4,0.554146264699317
10,2014,4,0.543837619257947
10,2015,4,1.39820901716087
10,2016,4,1.68784654480938
10,2017,4,0.530064809924029
10,2018,4,0.293167480692937
10,2019,4,0.0749215819529585
10,2020,4,0.555830513632131
10,2021,4,0.675874455429459
10,2022,4,0.50310357304377
10,2023,4,0.529568409377985
10,2024,4,0.312580039656786
10,1964,5,1.24665308336936
10,1965,5,1.63497220292016
10,1966,5,1.70276273026044
10,1967,5,1.60510641643402
10,1968,5,1.58129992394502
10,1969,5,1.72324363699858
10,1970,5,1.68300845547366
10,1971,5,1.70398762798796
10,1972,5,1.6346972210901
10,1973,5,1.71344919213286
10,1974,5,1.67276775421025
10,1975,5,1.71927225909845
10,1976,5,1.73762295501759
10,1977,5,1.72614989909829
10,1978,5,1.75218336177405
10,1979,5,1.74006479276495
10,1980,5,1.68915828032744
10,1981,5,1.75606173863553
10,1982,5,1.45545882127642
10,1983,5,1.23386818395894
10,1984,5,1.27493101124698
10,1985,5,1.2887436792116
10,1986,5,1.23940755914046
10,1987,5,1.24623112883626
10,1988,5,1.03744902181388
10,1989,5,1.1086260795898
10,1990,5,1.34615208276576
10,1991,5,0.90647110588962
10,1992,5,1.23068920558121
10,1993,5,1.62052919894067
10,1994,5,1.23768297800066
10,1995,5,0.846420765372544
10,1996,5,0.371619482227826
10,1997,5,0.409886362315594
10,1998,5,0.865649373966014
10,1999,5,1.22333071698291
10,2000,5,1.14495375999411
10,2001,5,1.19565546290114
10,2002,5,1.06577879800285
10,2003,5,1.07375920859409
10,2004,5,1.725287612875
10,2005,5,1.55720206051399
10,2006,5,1.62880271335447
10,2007,5,1.46837569997675
10,2008,5,1.19788678950951
10,2009,5,1.36684331093372
10,2010,5,1.50063180590229
10,2011,5,1.48606077292802
10,2012,5,1.2876196178018
10,2013,5,1.32364533937252
10,2014,5,1.37367853027156
10,2015,5,1.50299206345481
10,2016,5,1.76604920451162
10,2017,5,1.84257749848441
10,2018,5,1.86931437085501
10,2019,5,0.513233497252666
10,2020,5,1.28773547304666
10,2021,5,1.20857938304794
10,2022,5,0.991583591698745
10,2023,5,1.07027823214339
10,2024,5,0.818753590157414
10,1964,6,1.24665308336932
10,1965,6,1.60085268023068
10,1966,6,1.81094910420593
10,1967,6,1.83235085094936
10,1968,6,1.7615466852901
10,1969,6,1.81747308086959
10,1970,6,1.71452759132405
10,1971,6,1.67682822700024
10,1972,6,1.59121025937733
10,1973,6,1.72827053171592
10,1974,6,1.63575560020681
10,1975,6,1.67140052829283
10,1976,6,1.70752138721785
10,1977,6,1.68844899551553
10,1978,6,1.70007793695731
10,1979,6,1.66364155587411
10,1980,6,1.72678475500619
10,1981,6,1.74941656411041
10,1982,6,1.7315375665639
10,1983,6,1.64551159944669
10,1984,6,1.65728849679373
10,1985,6,1.6303123714616
10,1986,6,1.6211784687578
10,1987,6,1.63551041979352
10,1988,6,1.49132773247546
10,1989,6,1.65998517259301
10,1990,6,1.82527479106464
10,1991,6,1.36713238257998
10,1992,6,1.53341159062423
10,1993,6,1.62198204141679
10,1994,6,1.71042145024466
10,1995,6,1.56677782573698
10,1996,6,0.975350982386689
10,1997,6,0.838356178280518
10,1998,6,1.4532488279959
10,1999,6,1.50673023914849
10,2000,6,1.56108752560799
10,2001,6,1.75640909383439
10,2002,6,1.68650059152527
10,2003,6,1.58623965898958
10,2004,6,1.71893524914498
10,2005,6,1.79312742657297
10,2006,6,2.06368090585505
10,2007,6,1.93345781978484
10,2008,6,1.76125751592674
10,2009,6,1.62724575181101
10,2010,6,1.54825346539721
10,2011,6,1.88110968201514
10,2012,6,1.79804133840426
10,2013,6,1.61878043641199
10,2014,6,1.63088000359889
10,2015,6,1.46684164974099
10,2016,6,1.69495463420508
10,2017,6,2.04896910102862
10,2018,6,2.26659705176685
10,2019,6,1.84602097120832
10,2020,6,1.89043583657218
10,2021,6,1.58334879230234
10,2022,6,1.44697670632785
10,2023,6,1.53336412375937
10,2024,6,1.41033377931511
10,1964,7,1.22617485653734
10,1965,7,1.51602455779081
10,1966,7,1.74334973516387
10,1967,7,1.79347204303078
10,1968,7,1.73314575347045
10,1969,7,1.74554352218261
10,1970,7,1.6360075254802
10,1971,7,1.57865132805583
10,1972,7,1.4947423757286
10,1973,7,1.64306591954179
10,1974,7,1.53719575713512
10,1975,7,1.56229955191267
10,1976,7,1.60389245493762
10,1977,7,1.58414642656716
10,1978,7,1.58942141557281
10,1979,7,1.54168335591407
10,1980,7,1.64930740953694
10,1981,7,1.65341953479139
10,1982,7,1.73535905206686
10,1983,7,1.73168966781939
10,1984,7,1.73273502684104
10,1985,7,1.70073238884288
10,1986,7,1.71432031407216
10,1987,7,1.7223802546504
10,1988,7,1.65550994580894
10,1989,7,1.77030112642686
10,1990,7,1.83764929929815
10,1991,7,1.54558514158569
10,1992,7,1.57719271738694
10,1993,7,1.5545918207609
10,1994,7,1.75356229543509
10,1995,7,1.82268287625885
10,1996,7,1.56991237416079
10,1997,7,1.29320228749668
10,1998,7,1.69731868200884
10,1999,7,1.56024634448683
10,2000,7,1.6420488176739
10,2001,7,1.84221282108109
10,2002,7,1.86035746351232
10,2003,7,1.77412573227785
10,2004,7,1.63534788785348
10,2005,7,1.75075724766004
10,2006,7,2.0550831116397
10,2007,7,1.94885369788199
10,2008,7,1.8403436001335
10,2009,7,1.61486504793422
10,2010,7,1.50349811293079
10,2011,7,1.85332627088874
10,2012,7,1.88222223891248
10,2013,7,1.62383815387174
10,2014,7,1.61636246136611
10,2015,7,1.41248259133579
10,2016,7,1.59358217889472
10,2017,7,1.94628701456757
10,2018,7,2.14347565489877
10,2019,7,2.6579311865897
10,2020,7,2.08166447716758
10,2021,7,1.71562011182833
10,2022,7,1.68052670672191
10,2023,7,1.73244823056917
10,2024,7,1.71297544983881
10,1964,8,1.19725064881855
10,1965,8,1.39412227913916
10,1966,8,1.59724189160137
10,1967,8,1.66036429114557
10,1968,8,1.61051754494766
10,1969,8,1.5921628194819
10,1970,8,1.49049489937118
10,1971,8,1.42936237652358
10,1972,8,1.355072454429
10,1973,8,1.504502751882
10,1974,8,1.3909872415173
10,1975,8,1.40334480931028
10,1976,8,1.44701871821567
10,1977,8,1.4293836081977
10,1978,8,1.43052219676536
10,1979,8,1.37490035232417
10,1980,8,1.51377956911148
10,1981,8,1.50422326200551
10,1982,8,1.63410127292192
10,1983,8,1.66927640408078
10,1984,8,1.66559364503474
10,1985,8,1.63806649921225
10,1986,8,1.66004168541724
10,1987,8,1.66286535916808
10,1988,8,1.64553520469687
10,1989,8,1.7067835032135
10,1990,8,1.7255214593539
10,1991,8,1.55763133926493
10,1992,8,1.52694965549576
10,1993,8,1.45566656486814
10,1994,8,1.66966469707751
10,1995,8,1.80061390918998
10,1996,8,1.79658725806365
10,1997,8,1.56899206762817
10,1998,8,1.70686475311934
10,1999,8,1.5167080344081
10,2000,8,1.59405185505503
10,2001,8,1.75469434753429
10,2002,8,1.80559193423042
10,2003,8,1.754209523365
10,2004,8,1.51252253551558
10,2005,8,1.63248361326482
10,2006,8,1.87535652504238
10,2007,8,1.80903960985795
10,2008,8,1.75065864969474
10,2009,8,1.54009061733821
10,2010,8,1.43476580321213
10,2011,8,1.72305521436556
10,2012,8,1.78654540450001
10,2013,8,1.55209493081522
10,2014,8,1.54072917948718
10,2015,8,1.34148216478077
10,2016,8,1.4568550169616
10,2017,8,1.76025055734758
10,2018,8,1.90590641682344
10,2019,8,2.61557634350855
10,2020,8,2.00286062142287
10,2021,8,1.6876372004708
10,2022,8,1.71991323187993
10,2023,8,1.73591011831504
10,2024,8,1.7570633860669
11,1964,3,0.840858967888573
11,1965,3,0.750858290649723
11,1966,3,0.525788985862267
11,1967,3,0.629173712601001
11,1968,3,0.577938006113067
11,1969,3,0.304621882616413
11,1970,3,0.470069205268416
11,1971,3,0.55778012093666
11,1972,3,0.556451915043892
11,1973,3,0.432088408683474
11,1974,3,0.716681027152894
11,1975,3,1.12441760248161
11,1976,3,0.583010294875107
11,1977,3,0.947252706917601
11,1978,3,0.841655662989135
11,1979,3,0.937692948557128
11,1980,3,0.428787599640973
11,1981,3,0.46635928241896
11,1982,3,0.242842116759223
11,1983,3,0.180617205504689
11,1984,3,0.128032457697041
11,1985,3,0.291291905573796
11,1986,3,0.169689440712826
11,1987,3,0.125619145985851
11,1988,3,0.363601526431851
11,1989,3,0.181158208601907
11,1990,3,0.204332132763615
11,1991,3,0.0839017740180975
11,1992,3,0.142861061562537
11,1993,3,0.163014941682658
11,1994,3,0.0877050933348137
11,1995,3,0.0674085195163097
11,1996,3,0.0251621921718483
11,1997,3,0.0567393415115238
11,1998,3,0.0702829382247191
11,1999,3,0.195649560592652
11,2000,3,0.165320265503825
11,2001,3,0.0954452088476749
11,2002,3,0.0981188640482889
11,2003,3,0.14549163409491
11,2004,3,0.141512740784818
11,2005,3,0.117763269224445
11,2006,3,0.121640206356201
11,2007,3,0.0977187344883317
11,2008,3,0.0823040288899577
11,2009,3,0.0937429474742377
11,2010,3,0.139382715786665
11,2011,3,0.0643851831684778
11,2012,3,0.133203471564603
11,2013,3,0.112159222304956
11,2014,3,0.0791276907940496
11,2015,3,0.392846584676555
11,2016,3,0.0695302522386086
11,2017,3,0.0405026451612968
11,2018,3,0.0117222231628254
11,2019,3,0.00866796856721943
11,2020,3,0.148795365637512
11,2021,3,0.283623941028025
11,2022,3,0.26217643516111
11,2023,3,0.284214777531239
11,2024,3,0.0513674571326397
11,1964,4,1.16819086879968
11,1965,4,1.47712996650957
11,1966,4,1.27427125260014
11,1967,4,1.33969323353817
11,1968,4,1.4495470955909
11,1969,4,0.767389435729611
11,1970,4,1.03159425420104
11,1971,4,1.251108768845
11,1972,4,1.30191741651258
11,1973,4,1.1374021003619
11,1974,4,1.54860743816348
11,1975,4,1.75622117605658
11,1976,4,1.42984165627323
11,1977,4,1.63856340656035
11,1978,4,1.69077957550314
11,1979,4,1.64715047290975
11,1980,4,1.10916406168096
11,1981,4,1.2290602757561
11,1982,4,0.674139288473041
11,1983,4,0.791810261026273
11,1984,4,0.518275834202431
11,1985,4,0.839326857925126
11,1986,4,0.572790791480402
11,1987,4,0.28003086014042
11,1988,4,0.844103820353553
11,1989,4,0.699104029642765
11,1990,4,1.04418975807056
11,1991,4,0.283180730680336
11,1992,4,0.492693666306729
11,1993,4,0.823016411329241
11,1994,4,0.446023149088866
11,1995,4,0.294100223090034
11,1996,4,0.109921781660618
11,1997,4,0.208776734657186
11,1998,4,0.234602151554891
11,1999,4,0.597123703674899
11,2000,4,0.72250059789643
11,2001,4,0.46472448627469
11,2002,4,0.486624338221039
11,2003,4,0.582960146836859
11,2004,4,0.79983470376829
11,2005,4,0.628700799306318
11,2006,4,0.543610737268043
11,2007,4,0.607054617628793
11,2008,4,0.471043248949278
11,2009,4,0.539363272139513
11,2010,4,0.960559000802578
11,2011,4,0.446882686880936
11,2012,4,0.640991315262529
11,2013,4,0.596881120171828
11,2014,4,0.441160344401966
11,2015,4,1.49538896581358
11,2016,4,1.64145043999412
11,2017,4,0.473063859888157
11,2018,4,0.242208637920034
11,2019,4,0.0678823299241015
11,2020,4,0.449295347737887
11,2021,4,0.649338111367414
11,2022,4,0.639738902558398
11,2023,4,0.86173043301726
11,2024,4,0.203840494496173
11,1964,5,1.24828864943959
11,1965,5,1.63197371282297
11,1966,5,1.6653969756666
11,1967,5,1.67257322673964
11,1968,5,1.82163427373584
11,1969,5,1.30596279353935
11,1970,5,1.48010592243572
11,1971,5,1.6271325791991
11,1972,5,1.681521433551
11,1973,5,1.63890277164916
11,1974,5,1.76847942804288
11,1975,5,1.81582310600502
11,1976,5,1.72674999901638
11,1977,5,1.7336379838272
11,1978,5,1.78380631560254
11,1979,5,1.74740426778377
11,1980,5,1.60454376446907
11,1981,5,1.69483551598538
11,1982,5,1.24973618644566
11,1983,5,1.57773004452262
11,1984,5,1.24678704167024
11,1985,5,1.44293945682041
11,1986,5,1.23622006645507
11,1987,5,0.557451364964591
11,1988,5,1.34445977482687
11,1989,5,1.43871198488383
11,1990,5,1.7786741047764
11,1991,5,0.73873325648542
11,1992,5,1.08440759612616
11,1993,5,1.47410824684292
11,1994,5,1.22773635964461
11,1995,5,0.920649268762101
11,1996,5,0.421667273642219
11,1997,5,0.627083885352584
11,1998,5,0.640767898286607
11,1999,5,1.17578984069451
11,2000,5,1.4270797711988
11,2001,5,1.3123556426038
11,2002,5,1.34042682573026
11,2003,5,1.33279107028383
11,2004,5,1.60237626311906
11,2005,5,1.64158630493757
11,2006,5,1.38043354731941
11,2007,5,1.58974128742327
11,2008,5,1.37557140015588
11,2009,5,1.37131012217976
11,2010,5,1.62840133340674
11,2011,5,1.38793128485813
11,2012,5,1.4226667877087
11,2013,5,1.34865639203249
11,2014,5,1.21577152934171
11,2015,5,1.57365071699767
11,2016,5,1.74708428654813
11,2017,5,1.54028967780935
11,2018,5,1.77431732141639
11,2019,5,0.466590636266654
11,2020,5,1.00167337483934
11,2021,5,1.12203335874259
11,2022,5,1.17922945494268
11,2023,5,1.58285495205543
11,2024,5,0.652442009625058
11,1964,6,1.24828864943956
11,1965,6,1.59751833042498
11,1966,6,1.71000250341926
11,1967,6,1.70390013479519
11,1968,6,1.82640809809801
11,1969,6,1.59616665212982
11,1970,6,1.63775031004859
11,1971,6,1.68329317714302
11,1972,6,1.72289809264648
11,1973,6,1.74743504499055
11,1974,6,1.73280396015113
11,1975,6,1.73514661409964
11,1976,6,1.71527763650186
11,1977,6,1.67284428463109
11,1978,6,1.7133186742048
11,1979,6,1.6858650862138
11,1980,6,1.72081692925741
11,1981,6,1.76502074076847
11,1982,6,1.58909359077478
11,1983,6,1.81040598623896
11,1984,6,1.68616558150435
11,1985,6,1.69219663242571
11,1986,6,1.65661004658595
11,1987,6,0.929920433287961
11,1988,6,1.59584865363573
11,1989,6,1.74843323130082
11,1990,6,1.85974805565333
11,1991,6,1.26347323028734
11,1992,6,1.46759941806353
11,1993,6,1.58255090160951
11,1994,6,1.66684964578727
11,1995,6,1.60742360043449
11,1996,6,1.11563270653447
11,1997,6,1.24754505697487
11,1998,6,1.20426420744865
11,1999,6,1.5169883270207
11,2000,6,1.63646908088249
11,2001,6,1.86162740379655
11,2002,6,1.84078140734582
11,2003,6,1.73145073922262
11,2004,6,1.75579812274834
11,2005,6,2.08759542868294
11,2006,6,1.86157607557388
11,2007,6,1.92616102340238
11,2008,6,1.84741157141227
11,2009,6,1.6791201545355
11,2010,6,1.66792679713932
11,2011,6,1.79500116658001
11,2012,6,1.69660305729717
11,2013,6,1.5850621535122
11,2014,6,1.58787839826039
11,2015,6,1.52650083255806
11,2016,6,1.67953223006121
11,2017,6,1.76428178611187
11,2018,6,2.38819129587204
11,2019,6,1.75726668386024
11,2020,6,1.49888362039189
11,2021,6,1.46282372930674
11,2022,6,1.60089116491928
11,2023,6,1.91817567820696
11,2024,6,1.32659233073456
11,1964,7,1.22795954287368
11,1965,7,1.51319175779843
11,1966,7,1.6377843320804
11,1967,7,1.62732359080856
11,1968,7,1.71860609420172
11,1969,7,1.6570324459475
11,1970,7,1.62866871717663
11,1971,7,1.62017580646885
11,1972,7,1.6473172058369
11,1973,7,1.69347760720938
11,1974,7,1.62458518160781
11,1975,7,1.59619581606017
11,1976,7,1.62162677608745
11,1977,7,1.56025892012963
11,1978,7,1.59276704968849
11,1979,7,1.57082005135005
11,1980,7,1.67444579388054
11,1981,7,1.69319709038506
11,1982,7,1.6695051361781
11,1983,7,1.77614756453758
11,1984,7,1.758379811414
11,1985,7,1.703990784153
11,1986,7,1.74883811509527
11,1987,7,1.27060423550643
11,1988,7,1.64181597757804
11,1989,7,1.75758543740916
11,1990,7,1.77206886787935
11,1991,7,1.5314189195577
11,1992,7,1.56312345243587
11,1993,7,1.54521041175133
11,1994,7,1.71581641130508
11,1995,7,1.8536574651711
11,1996,7,1.73102630732164
11,1997,7,1.63682753040239
11,1998,7,1.56557763793908
11,1999,7,1.5960289585195
11,2000,7,1.61994721506924
11,2001,7,1.9350836712722
11,2002,7,1.89225360803191
11,2003,7,1.778310968751
11,2004,7,1.7017740079653
11,2005,7,2.07110331049557
11,2006,7,1.91454817460179
11,2007,7,1.89004085036646
11,2008,7,1.87082969732694
11,2009,7,1.6743715369529
11,2010,7,1.60249579798
11,2011,7,1.79118978779656
11,2012,7,1.68759017110361
11,2013,7,1.57714001623642
11,2014,7,1.6165789921452
11,2015,7,1.45822872433056
11,2016,7,1.58332653775369
11,2017,7,1.71230801296034
11,2018,7,2.27382011266797
11,2019,7,2.63341439611551
11,2020,7,1.70459397785153
11,2021,7,1.59743624286813
11,2022,7,1.77361912774423
11,2023,7,1.93744048708976
11,2024,7,1.7214842452106
11,1964,8,1.19939352846986
11,1965,8,1.39228769880016
11,1966,8,1.50495037905582
11,1967,8,1.48933103486029
11,1968,8,1.54084696925246
11,1969,8,1.59844576740282
11,1970,8,1.53488355946932
11,1971,8,1.49514883273205
11,1972,8,1.50871236323802
11,1973,8,1.562440374001
11,1974,8,1.46312057852247
11,1975,8,1.4023874430148
11,1976,8,1.47657564520639
11,1977,8,1.40177343621005
11,1978,8,1.42494360901755
11,1979,8,1.40845768522219
11,1980,8,1.55219121501279
11,1981,8,1.55029974529785
11,1982,8,1.61813832664197
11,1983,8,1.64982609178138
11,1984,8,1.68379729681295
11,1985,8,1.61072282055661
11,1986,8,1.68595609646715
11,1987,8,1.47981267084201
11,1988,8,1.57797001564988
11,1989,8,1.65519449921196
11,1990,8,1.61590993266969
11,1991,8,1.58557336458554
11,1992,8,1.53656716430376
11,1993,8,1.46962135429902
11,1994,8,1.64132186849613
11,1995,8,1.82827034625654
11,1996,8,1.91805538858941
11,1997,8,1.72946768531674
11,1998,8,1.6667297055682
11,1999,8,1.55713680177729
11,2000,8,1.53732616823939
11,2001,8,1.82285672198816
11,2002,8,1.78062396471571
11,2003,8,1.68884922567119
11,2004,8,1.58573354939951
11,2005,8,1.88463558081969
11,2006,8,1.79817460779578
11,2007,8,1.742454887881
11,2008,8,1.75357893052129
11,2009,8,1.58921088166799
11,2010,8,1.50061553472135
11,2011,8,1.68316234475344
11,2012,8,1.5952876089332
11,2013,8,1.51026904231361
11,2014,8,1.55604952089636
11,2015,8,1.36795102041759
11,2016,8,1.45358052970124
11,2017,8,1.60603159335288
11,2018,8,2.00706497473615
11,2019,8,2.62445160337472
11,2020,8,1.70805056262869
11,2021,8,1.59299032795772
11,2022,8,1.76113172262291
11,2023,8,1.79528064505792
11,2024,8,1.79335142006593
12,1964,3,0.82939491702421
12,1965,3,0.190506523218116
12,1966,3,0.52054909657011
12,1967,3,0.295729443071813
12,1968,3,0.293932450586342
12,1969,3,0.483858035680629
12,1970,3,0.863203268199036
12,1971,3,0.652739688372005
12,1972,3,0.659218872439073
12,1973,3,0.411833049080386
12,1974,3,0.693957619835215
12,1975,3,0.881389979542197
12,1976,3,0.776962444222182
12,1977,3,0.827517409640493
12,1978,3,0.885979253807173
12,1979,3,0.600060603668937
12,1980,3,0.612589224501257
12,1981,3,0.322812862130716
12,1982,3,0.234722358690404
12,1983,3,0.204356671702072
12,1984,3,0.262105887703246
12,1985,3,0.178816603958671
12,1986,3,0.176232809062364
12,1987,3,0.155179698416534
12,1988,3,0.196891643838733
12,1989,3,0.168757728164131
12,1990,3,0.195980565848091
12,1991,3,0.110380261323744
12,1992,3,0.150376182527216
12,1993,3,0.353958676501409
12,1994,3,0.10545772039735
12,1995,3,0.052894146691158
12,1996,3,0.0201630494825006
12,1997,3,0.0581827013090389
12,1998,3,0.0759429019403135
12,1999,3,0.170899192711998
12,2000,3,0.138138483253289
12,2001,3,0.0546791955607414
12,2002,3,0.0810485727963932
12,2003,3,0.16749248146568
12,2004,3,0.112542788727342
12,2005,3,0.0655509978951744
12,2006,3,0.119281506128676
12,2007,3,0.117241129751027
12,2008,3,0.106575680160379
12,2009,3,0.119884165280986
12,2010,3,0.101772954541838
12,2011,3,0.0482320111191712
12,2012,3,0.112023477796493
12,2013,3,0.144703244274833
12,2014,3,0.0901321253838332
12,2015,3,0.415899993512709
12,2016,3,0.0767158366812871
12,2017,3,0.031854488837226
12,2018,3,0.0141523912661366
12,2019,3,0.00944580953351237
12,2020,3,0.131574015391998
12,2021,3,0.318748797015926
12,2022,3,0.30719339267916
12,2023,3,0.208146632788454
12,2024,3,0.105931391509651
12,1964,4,1.17332642559207
12,1965,4,0.560014975408083
12,1966,4,1.50430270689605
12,1967,4,0.832362224744921
12,1968,4,0.956295871092527
12,1969,4,1.16846474911568
12,1970,4,1.53550507625421
12,1971,4,1.28765437462008
12,1972,4,1.37824487429628
12,1973,4,1.04866583158904
12,1974,4,1.33844667716589
12,1975,4,1.61049278729235
12,1976,4,1.61903137651324
12,1977,4,1.53955963663205
12,1978,4,1.69208924031091
12,1979,4,1.58543123431814
12,1980,4,1.64423631170418
12,1981,4,1.13260243657861
12,1982,4,0.700393393971957
12,1983,4,0.873426366041668
12,1984,4,0.717276023029809
12,1985,4,0.540496227525424
12,1986,4,0.485862376022411
12,1987,4,0.448321505882405
12,1988,4,0.491842301386169
12,1989,4,0.594920445246682
12,1990,4,0.773048460589469
12,1991,4,0.440790055478159
12,1992,4,0.525733722026822
12,1993,4,1.31480434607873
12,1994,4,0.500195426359403
12,1995,4,0.250625269512956
12,1996,4,0.106867763642032
12,1997,4,0.180523954052642
12,1998,4,0.218861553671403
12,1999,4,0.504125227909047
12,2000,4,0.540715833299001
12,2001,4,0.416119748439775
12,2002,4,0.397923111856821
12,2003,4,0.562748851807853
12,2004,4,0.713487158470603
12,2005,4,0.512706366252799
12,2006,4,0.609278867044246
12,2007,4,0.57156911245006
12,2008,4,0.608152137716973
12,2009,4,0.740203533717418
12,2010,4,0.770022263779175
12,2011,4,0.357274456763154
12,2012,4,0.617930894007213
12,2013,4,0.82615776967325
12,2014,4,0.552185982332219
12,2015,4,1.47488519223399
12,2016,4,1.6281051880348
12,2017,4,0.407117226959567
12,2018,4,0.330546851394848
12,2019,4,0.0685882836899305
12,2020,4,0.445501412082491
12,2021,4,0.771956661549949
12,2022,4,0.835653580395716
12,2023,4,0.689274524643125
12,2024,4,0.422367336472342
12,1964,5,1.25850664819914
12,1965,5,1.102106670684
12,1966,5,1.90035096552662
12,1967,5,1.41943260059643
12,1968,5,1.59959919845114
12,1969,5,1.59328665944769
12,1970,5,1.71116486637749
12,1971,5,1.60680248372918
12,1972,5,1.69421282188525
12,1973,5,1.56873665498308
12,1974,5,1.65730585208115
12,1975,5,1.75660161551111
12,1976,5,1.79848543756065
12,1977,5,1.71206792062611
12,1978,5,1.78123363872852
12,1979,5,1.80983531255106
12,1980,5,1.8268668678548
12,1981,5,1.70487923659305
12,1982,5,1.31533372298845
12,1983,5,1.621674783259
12,1984,5,1.2856197844273
12,1985,5,1.13047697565452
12,1986,5,1.00331195372267
12,1987,5,0.968785691760622
12,1988,5,0.94916412066435
12,1989,5,1.25651805999242
12,1990,5,1.45803842967824
12,1991,5,1.08108437295606
12,1992,5,1.13899210327884
12,1993,5,1.56355581651772
12,1994,5,1.27931449202211
12,1995,5,0.861209685926411
12,1996,5,0.47986950956152
12,1997,5,0.492031626415368
12,1998,5,0.547519198976029
12,1999,5,1.06166670411935
12,2000,5,1.2177635201206
12,2001,5,1.45895264774276
12,2002,5,1.22669222358713
12,2003,5,1.30563594264265
12,2004,5,1.59074162573725
12,2005,5,1.58375846004126
12,2006,5,1.50021157898035
12,2007,5,1.33052819753754
12,2008,5,1.49712062240208
12,2009,5,1.50337108475058
12,2010,5,1.53368481501027
12,2011,5,1.28859042637885
12,2012,5,1.37369483289532
12,2013,5,1.55542100297219
12,2014,5,1.40766277348794
12,2015,5,1.50960077266431
12,2016,5,1.69051412380596
12,2017,5,1.63293043829634
12,2018,5,1.85799012319848
12,2019,5,0.429811996366793
12,2020,5,1.04612863856431
12,2021,5,1.2791011212678
12,2022,5,1.37809774805297
12,2023,5,1.33304619522927
12,2024,5,1.09450447930491
12,1964,6,1.25850664819908
12,1965,6,1.44859626738912
12,1966,6,1.88670579393264
12,1967,6,1.66728117116421
12,1968,6,1.78149846815446
12,1969,6,1.67365601473194
12,1970,6,1.67987616890523
12,1971,6,1.65390607777602
12,1972,6,1.71542598380569
12,1973,6,1.7227546877568
12,1974,6,1.70113119271857
12,1975,6,1.7066353031813
12,1976,6,1.74755544754697
12,1977,6,1.6762934840567
12,1978,6,1.71081497977097
12,1979,6,1.75995159088684
12,1980,6,1.76451412104605
12,1981,6,1.78138954592547
12,1982,6,1.63888523117764
12,1983,6,1.80419217303446
12,1984,6,1.59299686335183
12,1985,6,1.56089058423678
12,1986,6,1.45141088541243
12,1987,6,1.43829556106148
12,1988,6,1.34772041268677
12,1989,6,1.61650899648541
12,1990,6,1.66850585157592
12,1991,6,1.50269767117599
12,1992,6,1.50700006571778
12,1993,6,1.5392813773678
12,1994,6,1.69006760631572
12,1995,6,1.59057928074159
12,1996,6,1.29776432364694
12,1997,6,1.02289811777808
12,1998,6,1.04936957700594
12,1999,6,1.50143803645632
12,2000,6,1.58108867058706
12,2001,6,1.96367919266823
12,2002,6,1.8946964645849
12,2003,6,1.89842223346607
12,2004,6,1.78153752247075
12,2005,6,1.95405853527099
12,2006,6,1.86796133825467
12,2007,6,1.62882400510889
12,2008,6,1.80056672809753
12,2009,6,1.63879036495726
12,2010,6,1.62279328506763
12,2011,6,1.796180803924
12,2012,6,1.58789136988426
12,2013,6,1.66815469369038
12,2014,6,1.69402317488306
12,2015,6,1.46729040364134
12,2016,6,1.62878208891964
12,2017,6,1.97110707437447
12,2018,6,2.17018113991108
12,2019,6,1.46530240631202
12,2020,6,1.53672292323085
12,2021,6,1.5499905296596
12,2022,6,1.59629050967688
12,2023,6,1.63444297397826
12,2024,6,1.61151579035845
12,1964,7,1.23689425658554
12,1965,7,1.5458350781522
12,1966,7,1.76185360605563
12,1967,7,1.68356304466167
12,1968,7,1.74506841178103
12,1969,7,1.62110615305353
12,1970,7,1.5789460649326
12,1971,7,1.59223244756993
12,1972,7,1.63262429106519
12,1973,7,1.6928945970504
12,1974,7,1.63049002727287
12,1975,7,1.59348207378118
12,1976,7,1.62941839587036
12,1977,7,1.57541573701562
12,1978,7,1.58942155131718
12,1979,7,1.64479449161131
12,1980,7,1.6436559384837
12,1981,7,1.70719423631351
12,1982,7,1.69344906002341
12,1983,7,1.75604094635569
12,1984,7,1.65467085119077
12,1985,7,1.69530613751711
12,1986,7,1.64447835658528
12,1987,7,1.64267133542411
12,1988,7,1.53858245122319
12,1989,7,1.67494738065077
12,1990,7,1.65129311589133
12,1991,7,1.59535166433181
12,1992,7,1.58629627521525
12,1993,7,1.47675395614209
12,1994,7,1.73100243508603
12,1995,7,1.85566070640574
12,1996,7,1.85036280772942
12,1997,7,1.50643745665943
12,1998,7,1.47413694251364
12,1999,7,1.65930898382721
12,2000,7,1.63536952530946
12,2001,7,1.95548616944434
12,2002,7,2.02577624103021
12,2003,7,2.07441286035057
12,2004,7,1.73038429316331
12,2005,7,1.91146552909347
12,2006,7,1.86148441638783
12,2007,7,1.63611706550409
12,2008,7,1.77785412869248
12,2009,7,1.59729234227714
12,2010,7,1.57380679826455
12,2011,7,1.81595093078731
12,2012,7,1.57302283614433
12,2013,7,1.61810533346183
12,2014,7,1.67898839796467
12,2015,7,1.4096899840483
12,2016,7,1.54264613973996
12,2017,7,1.90317738555664
12,2018,7,2.05480177405308
12,2019,7,2.12764725285047
12,2020,7,1.6981020127976
12,2021,7,1.60945308945451
12,2022,7,1.60995085874248
12,2023,7,1.66776709468572
12,2024,7,1.74348283441931
12,1964,8,1.20639692983447
12,1965,8,1.52458544390295
12,1966,8,1.56394661318021
12,1967,8,1.59672947315369
12,1968,8,1.61834944041062
12,1969,8,1.50523264579219
12,1970,8,1.42664506908103
12,1971,8,1.46993233243534
12,1972,8,1.48812912587382
12,1973,8,1.57604133612516
12,1974,8,1.49174524547346
12,1975,8,1.42902582314232
12,1976,8,1.45721334435611
12,1977,8,1.42587975380171
12,1978,8,1.42021104508158
12,1979,8,1.4779093794082
12,1980,8,1.47180290295328
12,1981,8,1.56718612242508
12,1982,8,1.62432821182369
12,1983,8,1.62604696709381
12,1984,8,1.59677150012638
12,1985,8,1.66434245091569
12,1986,8,1.6564274718681
12,1987,8,1.65804970317916
12,1988,8,1.57176846424345
12,1989,8,1.61149091578569
12,1990,8,1.55992240637464
12,1991,8,1.56069126613859
12,1992,8,1.54879168862997
12,1993,8,1.39047130297913
12,1994,8,1.64996065484052
12,1995,8,1.83244151804649
12,1996,8,1.93512816874772
12,1997,8,1.72775240701949
12,1998,8,1.66618037197987
12,1999,8,1.64691957202562
12,2000,8,1.5783269381618
12,2001,8,1.8085582374098
12,2002,8,1.9166733176809
12,2003,8,1.9877849606821
12,2004,8,1.61181205601597
12,2005,8,1.75964903512395
12,2006,8,1.73190194136021
12,2007,8,1.56204565251961
12,2008,8,1.66170143371588
12,2009,8,1.51170223004803
12,2010,8,1.49051587943399
12,2011,8,1.71207610641922
12,2012,8,1.50443670778658
12,2013,8,1.52203881627171
12,2014,8,1.58926769037118
12,2015,8,1.33518178327757
12,2016,8,1.42777427272162
12,2017,8,1.74815236299504
12,2018,8,1.84293332047692
12,2019,8,2.15636334172334
12,2020,8,1.67560068587616
12,2021,8,1.55929572020066
12,2022,8,1.53680005560602
12,2023,8,1.59429891438795
12,2024,8,1.69600161888011
13,1964,3,0.801481055220678
13,1965,3,0.644339259464837
13,1966,3,0.334301667106908
13,1967,3,0.552523784422261
13,1968,3,0.324743674520851
13,1969,3,0.529460644454871
13,1970,3,0.502174814729127
13,1971,3,0.442185074878472
13,1972,3,0.237994651496748
13,1973,3,0.769758650592086
13,1974,3,1.04312932248765
13,1975,3,1.17336165354458
13,1976,3,1.14782227070934
13,1977,3,1.00672070957049
13,1978,3,1.21216602107287
13,1979,3,0.880178668178028
13,1980,3,0.442893661488742
13,1981,3,0.578946318091638
13,1982,3,0.214808720702971
13,1983,3,0.152326442541568
13,1984,3,0.147299351612132
13,1985,3,0.139632082486789
13,1986,3,0.127754541668054
13,1987,3,0.164119169329415
13,1988,3,0.271817294297484
13,1989,3,0.310119710367524
13,1990,3,0.0753204197652754
13,1991,3,0.103759930137409
13,1992,3,0.186655649245876
13,1993,3,0.236086202764
13,1994,3,0.109167219007503
13,1995,3,0.0508767895194291
13,1996,3,0.0207642379073655
13,1997,3,0.0698401766932299
13,1998,3,0.0947420217976636
13,1999,3,0.182033017394406
13,2000,3,0.118282193492936
13,2001,3,0.0760719955367486
13,2002,3,0.0850175079712336
13,2003,3,0.145472580953103
13,2004,3,0.175810155396189
13,2005,3,0.1488813234311
13,2006,3,0.147491528916828
13,2007,3,0.155964478582419
13,2008,3,0.0909252849027508
13,2009,3,0.10836500403154
13,2010,3,0.103664932247744
13,2011,3,0.0476110652031177
13,2012,3,0.10275712099403
13,2013,3,0.0960211966881255
13,2014,3,0.0656396285460027
13,2015,3,0.404420652972151
13,2016,3,0.0816007555547533
13,2017,3,0.0288285272670682
13,2018,3,0.0216192368392746
13,2019,3,0.0183699134303661
13,2020,3,0.158407023943338
13,2021,3,0.352412632862736
13,2022,3,0.261312818861753
13,2023,3,0.240446911496329
13,2024,3,0.099598425677668
13,1964,4,1.16975937554951
13,1965,4,1.55502861579377
13,1966,4,1.18651751337848
13,1967,4,1.3652597737291
13,1968,4,0.96181685937829
13,1969,4,1.0927098718695
13,1970,4,1.20635596602638
13,1971,4,0.928649235781434
13,1972,4,0.785651532683024
13,1973,4,1.54168815419901
13,1974,4,1.63354767331065
13,1975,4,1.71102035785947
13,1976,4,1.69229374307844
13,1977,4,1.63265041751322
13,1978,4,1.74295606043876
13,1979,4,1.69351886267657
13,1980,4,1.39104578610822
13,1981,4,1.42115723129843
13,1982,4,0.894753640580835
13,1983,4,1.06024093295244
13,1984,4,0.774299042301902
13,1985,4,0.574711231868456
13,1986,4,0.517832500226079
13,1987,4,0.384128424108814
13,1988,4,0.77217274620771
13,1989,4,1.02597466700919
13,1990,4,0.397475052685785
13,1991,4,0.39469864921875
13,1992,4,0.640983751173943
13,1993,4,1.05727338993404
13,1994,4,0.653657474495678
13,1995,4,0.232757370283799
13,1996,4,0.0963641207550166
13,1997,4,0.207647858217534
13,1998,4,0.309281833449778
13,1999,4,0.551336652353998
13,2000,4,0.498672120453993
13,2001,4,0.432682609409968
13,2002,4,0.41687123866639
13,2003,4,0.51214518885105
13,2004,4,0.709433111527402
13,2005,4,0.773146744192703
13,2006,4,0.593158676057187
13,2007,4,0.777344198340775
13,2008,4,0.554718714283876
13,2009,4,0.611531476120778
13,2010,4,0.666024291671092
13,2011,4,0.344968274489183
13,2012,4,0.507094068361443
13,2013,4,0.559990467980699
13,2014,4,0.38134775711628
13,2015,4,1.46850948539427
13,2016,4,1.66704333241993
13,2017,4,0.363748407281737
13,2018,4,0.420564572511712
13,2019,4,0.100313217570182
13,2020,4,0.498943109609664
13,2021,4,0.87085919298745
13,2022,4,0.689958330649804
13,2023,4,0.749258810700782
13,2024,4,0.367701621349861
13,1964,5,1.25770186865437
13,1965,5,1.71909308867252
13,1966,5,1.71652770877405
13,1967,5,1.74315970317433
13,1968,5,1.57080141109018
13,1969,5,1.52177939226745
13,1970,5,1.68761811321332
13,1971,5,1.36136782150945
13,1972,5,1.43633095568335
13,1973,5,1.72934118744441
13,1974,5,1.69649305059564
13,1975,5,1.73411177365132
13,1976,5,1.73038130619651
13,1977,5,1.71645866128765
13,1978,5,1.73392488423356
13,1979,5,1.77454253890001
13,1980,5,1.76794025352466
13,1981,5,1.73199017371883
13,1982,5,1.60764073554529
13,1983,5,1.81409953406714
13,1984,5,1.59877470612438
13,1985,5,1.33466235591891
13,1986,5,1.25949009678784
13,1987,5,0.754639179460446
13,1988,5,1.37244401678604
13,1989,5,1.64803375887762
13,1990,5,1.18715824116961
13,1991,5,0.987543857412011
13,1992,5,1.22867090545013
13,1993,5,1.4974660684952
13,1994,5,1.62848326634132
13,1995,5,0.803904088171868
13,1996,5,0.39208763785732
13,1997,5,0.535712216898006
13,1998,5,0.798033459033185
13,1999,5,1.14565897868589
13,2000,5,1.1983993425969
13,2001,5,1.29516869960693
13,2002,5,1.18872335220596
13,2003,5,1.2178188612742
13,2004,5,1.55167366202274
13,2005,5,1.76828888572247
13,2006,5,1.34040702583101
13,2007,5,1.50551564361746
13,2008,5,1.38306886768824
13,2009,5,1.42529416531472
13,2010,5,1.45731151890585
13,2011,5,1.25598391399289
13,2012,5,1.29703242007086
13,2013,5,1.38832006329832
13,2014,5,1.16674727744216
13,2015,5,1.50271035830251
13,2016,5,1.70105931440302
13,2017,5,1.49242863378911
13,2018,5,2.15231667929207
13,2019,5,0.480300964573892
13,2020,5,1.14062044703094
13,2021,5,1.40345786209154
13,2022,5,1.28436970377598
13,2023,5,1.41127502285866
13,2024,5,0.96671426196225
13,1964,6,1.25770186865431
13,1965,6,1.66948045298919
13,1966,6,1.76533949000063
13,1967,6,1.7649263335556
13,1968,6,1.76205559069992
13,1969,6,1.67123624768585
13,1970,6,1.79527000380398
13,1971,6,1.55452350098988
13,1972,6,1.68942048302743
13,1973,6,1.69230273809473
13,1974,6,1.63348848864341
13,1975,6,1.65576285093267
13,1976,6,1.65636987423609
13,1977,6,1.65615104208513
13,1978,6,1.64882811403758
13,1979,6,1.7031694923254
13,1980,6,1.75874242985775
13,1981,6,1.72524105955598
13,1982,6,1.77034929046579
13,1983,6,1.84943065740115
13,1984,6,1.79548411011274
13,1985,6,1.73574953101655
13,1986,6,1.71921493108237
13,1987,6,1.16417735405411
13,1988,6,1.6618577864643
13,1989,6,1.78886401464809
13,1990,6,1.69645797157667
13,1991,6,1.44426669730585
13,1992,6,1.48164137158066
13,1993,6,1.51964298438988
13,1994,6,1.94040857997894
13,1995,6,1.56073722262834
13,1996,6,1.07539420020869
13,1997,6,1.04959972752696
13,1998,6,1.38841135237988
13,1999,6,1.56827130069376
13,2000,6,1.58911385661252
13,2001,6,1.78022517673112
13,2002,6,1.69702196395641
13,2003,6,1.76609361405748
13,2004,6,1.93652065495082
13,2005,6,2.08788720087069
13,2006,6,1.72211667927319
13,2007,6,1.66514637166529
13,2008,6,1.64864667801566
13,2009,6,1.673866606469
13,2010,6,1.62282958471322
13,2011,6,1.78394165146137
13,2012,6,1.68461827990965
13,2013,6,1.66968748637051
13,2014,6,1.61836096037539
13,2015,6,1.46131609328823
13,2016,6,1.63691443618026
13,2017,6,1.82986446593323
13,2018,6,2.53114360647336
13,2019,6,1.46161687657258
13,2020,6,1.70756953898751
13,2021,6,1.64476011780723
13,2022,6,1.68187204396375
13,2023,6,1.73101531598288
13,2024,6,1.53622687424346
13,1964,7,1.23724252288315
13,1965,7,1.57013613297318
13,1966,7,1.68522390002661
13,1967,7,1.67474534798385
13,1968,7,1.73615863854889
13,1969,7,1.65677204076937
13,1970,7,1.73556341166376
13,1971,7,1.57947903690025
13,1972,7,1.69388175403769
13,1973,7,1.58966159889918
13,1974,7,1.52439120111443
13,1975,7,1.53228745004107
13,1976,7,1.53505749863603
13,1977,7,1.54484145953478
13,1978,7,1.52363211632306
13,1979,7,1.58311034258805
13,1980,7,1.66084218169877
13,1981,7,1.63150673990337
13,1982,7,1.72192984834039
13,1983,7,1.75244439281635
13,1984,7,1.7475341218566
13,1985,7,1.78019675310771
13,1986,7,1.7968292115598
13,1987,7,1.44263795733666
13,1988,7,1.69971675382172
13,1989,7,1.73570380924374
13,1990,7,1.76635706437861
13,1991,7,1.57494284204425
13,1992,7,1.51164821196199
13,1993,7,1.47299600252172
13,1994,7,1.89710885274892
13,1995,7,1.88353016258841
13,1996,7,1.66765756765809
13,1997,7,1.48537982955496
13,1998,7,1.71314306786385
13,1999,7,1.69512137660007
13,2000,7,1.64741978717151
13,2001,7,1.81909084122011
13,2002,7,1.77598253164445
13,2003,7,1.91938975329463
13,2004,7,1.94618067017023
13,2005,7,2.03026237726429
13,2006,7,1.76215101428533
13,2007,7,1.62797405657523
13,2008,7,1.63493908578522
13,2009,7,1.65489450815487
13,2010,7,1.58938768173034
13,2011,7,1.8136650838972
13,2012,7,1.71393348907063
13,2013,7,1.65861128418392
13,2014,7,1.66667366077489
13,2015,7,1.40519463440105
13,2016,7,1.54764963035563
13,2017,7,1.78343949679606
13,2018,7,2.35684753670437
13,2019,7,2.26251504543952
13,2020,7,1.92177306107091
13,2021,7,1.67172595615812
13,2022,7,1.79943248915665
13,2023,7,1.765976451849
13,2024,7,1.74331533645423
13,1964,8,1.20886528211715
13,1965,8,1.42982409708038
13,1966,8,1.54602890699655
13,1967,8,1.52074509655764
13,1968,8,1.6154153288643
13,1969,8,1.55176018131445
13,1970,8,1.58746930513726
13,1971,8,1.51514211190992
13,1972,8,1.60104158429002
13,1973,8,1.43811554564902
13,1974,8,1.37295379347322
13,1975,8,1.36410238073611
13,1976,8,1.36826391022529
13,1977,8,1.3882923778439
13,1978,8,1.35630083394772
13,1979,8,1.41658226981473
13,1980,8,1.5098319220661
13,1981,8,1.48428864714369
13,1982,8,1.59904585784842
13,1983,8,1.59755029078957
13,1984,8,1.62369026342898
13,1985,8,1.68940600714756
13,1986,8,1.71659803496927
13,1987,8,1.55593124408011
13,1988,8,1.62076236135004
13,1989,8,1.60151712575791
13,1990,8,1.68894626893529
13,1991,8,1.55868844053663
13,1992,8,1.46879598752221
13,1993,8,1.40301225493435
13,1994,8,1.74330417127065
13,1995,8,1.88065696326764
13,1996,8,1.83552336894125
13,1997,8,1.67744328246621
13,1998,8,1.77331478126712
13,1999,8,1.66045916754396
13,2000,8,1.58972755373846
13,2001,8,1.71941660825259
13,2002,8,1.69993128290522
13,2003,8,1.85089083222882
13,2004,8,1.80064078617137
13,2005,8,1.83075206038575
13,2006,8,1.67318498029747
13,2007,8,1.53527285946627
13,2008,8,1.55517313164651
13,2009,8,1.56743988186225
13,2010,8,1.51043593538409
13,2011,8,1.7135981117652
13,2012,8,1.63225452298965
13,2013,8,1.57432987850783
13,2014,8,1.60271876589674
13,2015,8,1.3327660072688
13,2016,8,1.42880059021865
13,2017,8,1.66643987638761
13,2018,8,2.01832140587383
13,2019,8,2.39549287315083
13,2020,8,1.89012517118795
13,2021,8,1.59160117986097
13,2022,8,1.74468109767607
13,2023,8,1.67216445388566
13,2024,8,1.7296264675746
14,1964,3,0.845383912379012
14,1965,3,0.893093523433646
14,1966,3,0.348997940538149
14,1967,3,0.984132324494861
14,1968,3,0.502125381082182
14,1969,3,0.68686264618649
14,1970,3,0.868119983455321
14,1971,3,0.777103447626744
14,1972,3,0.798630691542086
14,1973,3,0.559889915007366
14,1974,3,1.46562251132354
14,1975,3,1.24414614377759
14,1976,3,0.906753657587786
14,1977,3,0.763313983946516
14,1978,3,0.834120035549865
14,1979,3,0.71345455774085
14,1980,3,0.453930384772392
14,1981,3,0.287766826548484
14,1982,3,0.282439780161694
14,1983,3,0.117913450690282
14,1984,3,0.208209181313474
14,1985,3,0.156093711165872
14,1986,3,0.130800857700565
14,1987,3,0.169071150007833
14,1988,3,0.344896057078798
14,1989,3,0.294505333622142
14,1990,3,0.0615075339402262
14,1991,3,0.138317021521458
14,1992,3,0.21565788763176
14,1993,3,0.277219594653832
14,1994,3,0.0610627046794378
14,1995,3,0.050537095954958
14,1996,3,0.011864278596509
14,1997,3,0.0697024054767153
14,1998,3,0.144348001427711
14,1999,3,0.221476625643357
14,2000,3,0.144259972875891
14,2001,3,0.0586713494786151
14,2002,3,0.0809208290596901
14,2003,3,0.125631700627604
14,2004,3,0.193656448045751
14,2005,3,0.124189133174396
14,2006,3,0.138521379469839
14,2007,3,0.119935113201111
14,2008,3,0.0885883454823108
14,2009,3,0.110164182888335
14,2010,3,0.093049229914197
14,2011,3,0.0522991237038068
14,2012,3,0.0944948096621881
14,2013,3,0.115346375912649
14,2014,3,0.0752577556767919
14,2015,3,0.345128108674793
14,2016,3,0.0704716713905059
14,2017,3,0.0382861535769978
14,2018,3,0.0188808096365061
14,2019,3,0.00831334428055041
14,2020,3,0.196601125724866
14,2021,3,0.437687905921461
14,2022,3,0.396012131458111
14,2023,3,0.238557424669311
14,2024,3,0.0865478801764343
14,1964,4,1.16715962507749
14,1965,4,1.54297623755523
14,1966,4,1.13686299182425
14,1967,4,1.70201503867567
14,1968,4,1.22248094833658
14,1969,4,1.6295563893825
14,1970,4,1.52223830751397
14,1971,4,1.43973152412426
14,1972,4,1.40889415021956
14,1973,4,1.21508197158864
14,1974,4,1.78268289716664
14,1975,4,1.69727699410255
14,1976,4,1.56390508616354
14,1977,4,1.59190204543637
14,1978,4,1.66905713620036
14,1979,4,1.64188460198112
14,1980,4,1.3519906427255
14,1981,4,1.03660162158956
14,1982,4,0.919250823632791
14,1983,4,0.424644258666459
14,1984,4,0.705269312661408
14,1985,4,0.596045124387501
14,1986,4,0.523648127913095
14,1987,4,0.508842790983576
14,1988,4,1.04687829114622
14,1989,4,1.01653706077893
14,1990,4,0.231200581360633
14,1991,4,0.529989148374179
14,1992,4,0.778792854501777
14,1993,4,1.05369939554949
14,1994,4,0.379059550174272
14,1995,4,0.286121312144334
14,1996,4,0.0761016972758306
14,1997,4,0.218311731063468
14,1998,4,0.504856421076836
14,1999,4,0.634440406115548
14,2000,4,0.603929126458655
14,2001,4,0.329873346291407
14,2002,4,0.360310310296965
14,2003,4,0.469761807828386
14,2004,4,1.02320171216791
14,2005,4,0.665923764698716
14,2006,4,0.650781054301375
14,2007,4,0.550705537825994
14,2008,4,0.606338202092355
14,2009,4,0.604573089404641
14,2010,4,0.837406531397147
14,2011,4,0.37712832606166
14,2012,4,0.45416174302445
14,2013,4,0.696839393801162
14,2014,4,0.355838013306989
14,2015,4,1.37148426640214
14,2016,4,1.28153417439517
14,2017,4,0.512217172479169
14,2018,4,0.290588184354231
14,2019,4,0.0686645722360316
14,2020,4,0.574532744266217
14,2021,4,1.01949370221084
14,2022,4,0.966591707399866
14,2023,4,0.864404148539491
14,2024,4,0.339671398793342
14,1964,5,1.24588849839639
14,1965,5,1.65148339862369
14,1966,5,1.65067191706848
14,1967,5,1.80705373372312
14,1968,5,1.63600002453456
14,1969,5,1.83299837164942
14,1970,5,1.67350265761511
14,1971,5,1.66415532837727
14,1972,5,1.62620968920617
14,1973,5,1.5565285534399
14,1974,5,1.75382261010987
14,1975,5,1.6935406947373
14,1976,5,1.69934849741004
14,1977,5,1.77005285499111
14,1978,5,1.78837401173769
14,1979,5,1.7763887838735
14,1980,5,1.77727293133448
14,1981,5,1.68339318703598
14,1982,5,1.57126507847772
14,1983,5,1.05089274394406
14,1984,5,1.39560362145108
14,1985,5,1.32973772145084
14,1986,5,1.25086998584567
14,1987,5,1.07639196688471
14,1988,5,1.6311864353165
14,1989,5,1.65359253864787
14,1990,5,0.684666402973895
14,1991,5,1.1575287409456
14,1992,5,1.35006831906397
14,1993,5,1.49469062474282
14,1994,5,1.22002423397759
14,1995,5,1.07913051017268
14,1996,5,0.417321400624086
14,1997,5,0.584366859232313
14,1998,5,1.17183828271392
14,1999,5,1.22166676798952
14,2000,5,1.32737235573893
14,2001,5,1.0818351734148
14,2002,5,1.02209583689351
14,2003,5,1.16822450722364
14,2004,5,1.71964725722055
14,2005,5,1.52752208516738
14,2006,5,1.44201378170426
14,2007,5,1.35240799467034
14,2008,5,1.44097889790205
14,2009,5,1.35648708547581
14,2010,5,1.62217301451763
14,2011,5,1.32591762251227
14,2012,5,1.19829641962026
14,2013,5,1.51220072988298
14,2014,5,1.03225072472896
14,2015,5,1.50566350651061
14,2016,5,1.69002062749552
14,2017,5,1.74387853084366
14,2018,5,1.75276671441995
14,2019,5,0.489052106045712
14,2020,5,1.18937788722258
14,2021,5,1.44192482491098
14,2022,5,1.48906290786486
14,2023,5,1.67134333929064
14,2024,5,0.949378335069774
14,1964,6,1.24588849839635
14,1965,6,1.60530551157319
14,1966,6,1.71721432884682
14,1967,6,1.73913495217737
14,1968,6,1.69884549186303
14,1969,6,1.77874627003523
14,1970,6,1.6383463521901
14,1971,6,1.65726672879517
14,1972,6,1.62654089030948
14,1973,6,1.60777250067874
14,1974,6,1.65523918642067
14,1975,6,1.61429081053312
14,1976,6,1.6559842601436
14,1977,6,1.72248744575511
14,1978,6,1.72341420687794
14,1979,6,1.71381826562664
14,1980,6,1.79109565423281
14,1981,6,1.81024059188339
14,1982,6,1.77287826849844
14,1983,6,1.57453709842803
14,1984,6,1.72618142919344
14,1985,6,1.72890457818734
14,1986,6,1.69024839441129
14,1987,6,1.51037060658644
14,1988,6,1.77011540826173
14,1989,6,1.79292178061153
14,1990,6,1.28909215949018
14,1991,6,1.48118870235507
14,1992,6,1.50994141315643
14,1993,6,1.53158270835447
14,1994,6,1.70306638529105
14,1995,6,1.89786803295227
14,1996,6,1.29106594432781
14,1997,6,1.14975820689905
14,1998,6,1.66098557131779
14,1999,6,1.58921909744425
14,2000,6,1.64554805983602
14,2001,6,1.62759210860581
14,2002,6,1.54492470674497
14,2003,6,1.71338454167765
14,2004,6,1.78798701069893
14,2005,6,1.79830939394254
14,2006,6,1.72902893600264
14,2007,6,1.7538521989094
14,2008,6,1.6376464475595
14,2009,6,1.5772942684594
14,2010,6,1.67694246277166
14,2011,6,1.83647075931642
14,2012,6,1.61518597598019
14,2013,6,1.69350800055116
14,2014,6,1.53527133942706
14,2015,6,1.47168936844074
14,2016,6,1.64357642502243
14,2017,6,1.96602939631921
14,2018,6,2.40979704207234
14,2019,6,1.77598822820995
14,2020,6,1.6568556750062
14,2021,6,1.56118647317608
14,2022,6,1.68843802145636
14,2023,6,1.97928010311343
14,2024,6,1.55634623080671
14,1964,7,1.22578428882339
14,1965,7,1.51191193318634
14,1966,7,1.6506453183936
14,1967,7,1.60959037840608
14,1968,7,1.63541716617861
14,1969,7,1.65598432880106
14,1970,7,1.54334917334897
14,1971,7,1.57152178474272
14,1972,7,1.54835813487403
14,1973,7,1.55459328994502
14,1974,7,1.51018414846036
14,1975,7,1.49641101613622
14,1976,7,1.55380017115644
14,1977,7,1.61073729306349
14,1978,7,1.60316046854489
14,1979,7,1.59980960384054
14,1980,7,1.6946019777032
14,1981,7,1.74726362468809
14,1982,7,1.74535216549014
14,1983,7,1.74036823982567
14,1984,7,1.75879948259198
14,1985,7,1.78184847736223
14,1986,7,1.76331749932329
14,1987,7,1.6572791700914
14,1988,7,1.72123996364309
14,1989,7,1.73766075487499
14,1990,7,1.61537495576506
14,1991,7,1.53362177818696
14,1992,7,1.50110062079583
14,1993,7,1.48590407406586
14,1994,7,1.74408731842982
14,1995,7,2.09098063363583
14,1996,7,1.86033590471195
14,1997,7,1.59426790476374
14,1998,7,1.79140220898928
14,1999,7,1.68357080955656
14,2000,7,1.66649373564225
14,2001,7,1.71671534317789
14,2002,7,1.67227837062361
14,2003,7,1.85977768834106
14,2004,7,1.70910707740561
14,2005,7,1.7693982222974
14,2006,7,1.72073920732663
14,2007,7,1.78492340472731
14,2008,7,1.60744292704484
14,2009,7,1.56565318014114
14,2010,7,1.61339544741385
14,2011,7,1.85344309248836
14,2012,7,1.66813373259208
14,2013,7,1.65409612084283
14,2014,7,1.64320678025524
14,2015,7,1.41794356253422
14,2016,7,1.56547730227908
14,2017,7,1.8807128967046
14,2018,7,2.31268341638763
14,2019,7,2.52275820796508
14,2020,7,1.81231754444993
14,2021,7,1.54161204463302
14,2022,7,1.68769369399051
14,2023,7,1.95842445115229
14,2024,7,1.77489617740643
14,1964,8,1.19752805701472
14,1965,8,1.37986339341068
14,1966,8,1.52677055371931
14,1967,8,1.42526516056106
14,1968,8,1.50933385765147
14,1969,8,1.47757236534176
14,1970,8,1.40347916245288
14,1971,8,1.4344155260426
14,1972,8,1.42007301621471
14,1973,8,1.45009239377624
14,1974,8,1.31817331398038
14,1975,8,1.33863030712738
14,1976,8,1.40512905517851
14,1977,8,1.44814186938996
14,1978,8,1.4334291102529
14,1979,8,1.4396290742615
14,1980,8,1.53649508574155
14,1981,8,1.60625373214163
14,1982,8,1.623693768759
14,1983,8,1.71025995013112
14,1984,8,1.66599158729298
14,1985,8,1.69415528966821
14,1986,8,1.6881088707447
14,1987,8,1.63911160947718
14,1988,8,1.59089083615421
14,1989,8,1.6027632877866
14,1990,8,1.67545101584467
14,1991,8,1.49603426918168
14,1992,8,1.44421615547448
14,1993,8,1.41238886747641
14,1994,8,1.66187375939073
14,1995,8,1.98776137897211
14,1996,8,1.92073501988947
14,1997,8,1.76184762879385
14,1998,8,1.73710276872091
14,1999,8,1.63618487991794
14,2000,8,1.58997291515071
14,2001,8,1.65570168504503
14,2002,8,1.63449818967413
14,2003,8,1.79781573822308
14,2004,8,1.57339725714933
14,2005,8,1.65110781016742
14,2006,8,1.62114390062472
14,2007,8,1.68812333159026
14,2008,8,1.52733320407588
14,2009,8,1.49997531616786
14,2010,8,1.51402351600761
14,2011,8,1.73987997331635
14,2012,8,1.60466622089113
14,2013,8,1.55766906416549
14,2014,8,1.60362140927548
14,2015,8,1.34745249531612
14,2016,8,1.45871782574064
14,2017,8,1.71995633703123
14,2018,8,2.03871488212721
14,2019,8,2.47993289374716
14,2020,8,1.77258286381578
14,2021,8,1.46219364729799
14,2022,8,1.58820981493955
14,2023,8,1.79077023226117
14,2024,8,1.75761700152022
15,1964,3,0.834580116221091
15,1965,3,0.458803481201372
15,1966,3,0.521285368640877
15,1967,3,0.491791463296263
15,1968,3,0.507091454388583
15,1969,3,1.19601910949304
15,1970,3,0.83388659983404
15,1971,3,0.550569546298569
15,1972,3,0.597995863075106
15,1973,3,0.762592408055622
15,1974,3,1.02756184037962
15,1975,3,1.38657164495209
15,1976,3,1.23974361332491
15,1977,3,1.3010562576221
15,1978,3,1.34083361871624
15,1979,3,1.09195937755601
15,1980,3,0.529602923534078
15,1981,3,0.454659407931693
15,1982,3,0.312251550185255
15,1983,3,0.196854135248768
15,1984,3,0.1800967369451
15,1985,3,0.204461183806401
15,1986,3,0.290361348200359
15,1987,3,0.378498068394472
15,1988,3,0.359945669691916
15,1989,3,0.245610382428105
15,1990,3,0.173326587040738
15,1991,3,0.122928629024525
15,1992,3,0.138717780387943
15,1993,3,0.230861628722457
15,1994,3,0.164522065118683
15,1995,3,0.0578475587950799
15,1996,3,0.0262549731725627
15,1997,3,0.051812022722182
15,1998,3,0.111350497600993
15,1999,3,0.2175938417288
15,2000,3,0.136754500117891
15,2001,3,0.107952716606738
15,2002,3,0.0805830731541133
15,2003,3,0.151886766538152
15,2004,3,0.134760714883752
15,2005,3,0.107038544617742
15,2006,3,0.144029684874857
15,2007,3,0.110190015869927
15,2008,3,0.0833426186373356
15,2009,3,0.0920782725966275
15,2010,3,0.0745470513975183
15,2011,3,0.0483822414417555
15,2012,3,0.114663590053856
15,2013,3,0.133153891479643
15,2014,3,0.0777555134620279
15,2015,3,0.387872449745413
15,2016,3,0.0558688964686728
15,2017,3,0.0549753252576089
15,2018,3,0.0150458011350351
15,2019,3,0.00375285750366174
15,2020,3,0.16089258752867
15,2021,3,0.305495459391195
15,2022,3,0.276885739560264
15,2023,3,0.239482574546387
15,2024,3,0.112010743069765
15,1964,4,1.16995007472426
15,1965,4,1.0646037728805
15,1966,4,1.21714430159427
15,1967,4,1.35290479327733
15,1968,4,1.11301170463383
15,1969,4,1.69511943866712
15,1970,4,1.43999005647085
15,1971,4,1.22980402861604
15,1972,4,1.36641246439188
15,1973,4,1.41044235758434
15,1974,4,1.60517553747889
15,1975,4,1.67786934335518
15,1976,4,1.70203974214965
15,1977,4,1.67568395968194
15,1978,4,1.68923455230394
15,1979,4,1.69617044323849
15,1980,4,1.48749744390949
15,1981,4,1.21916887561732
15,1982,4,1.07632247891759
15,1983,4,0.83355475886398
15,1984,4,0.577348213289731
15,1985,4,0.61223728260542
15,1986,4,0.739126380193743
15,1987,4,0.938147906045572
15,1988,4,1.03344316831198
15,1989,4,0.918025492382223
15,1990,4,0.590407197758944
15,1991,4,0.432018951919745
15,1992,4,0.421057570902425
15,1993,4,0.886537673199299
15,1994,4,0.802914689191454
15,1995,4,0.243310530888252
15,1996,4,0.129117633300445
15,1997,4,0.146459705948706
15,1998,4,0.304928354854293
15,1999,4,0.574344178219161
15,2000,4,0.61989564039361
15,2001,4,0.537032231354148
15,2002,4,0.34982596062703
15,2003,4,0.544605147951772
15,2004,4,0.754971565210251
15,2005,4,0.666184970603424
15,2006,4,0.523598330356325
15,2007,4,0.618315955258624
15,2008,4,0.469137578397072
15,2009,4,0.635264904068858
15,2010,4,0.844415721839179
15,2011,4,0.378254785456442
15,2012,4,0.537916618075644
15,2013,4,0.742002373450232
15,2014,4,0.48641284681098
15,2015,4,1.4339124937995
15,2016,4,1.68105208274622
15,2017,4,0.516840873627903
15,2018,4,0.286487459307988
15,2019,4,0.0380747721667051
15,2020,4,0.485035620834238
15,2021,4,0.678067232464451
15,2022,4,0.729727226543602
15,2023,4,0.770883114338895
15,2024,4,0.444985955551969
15,1964,5,1.25217757361877
15,1965,5,1.47302010435976
15,1966,5,1.6596278889713
15,1967,5,1.76958716998976
15,1968,5,1.54387778999099
15,1969,5,1.76786521983091
15,1970,5,1.66574067238859
15,1971,5,1.60046663726561
15,1972,5,1.67844992103286
15,1973,5,1.62910924285342
15,1974,5,1.69643014577533
15,1975,5,1.66894237614931
15,1976,5,1.70924238723765
15,1977,5,1.6730115422819
15,1978,5,1.66287040435241
15,1979,5,1.71062957543174
15,1980,5,1.78707625121697
15,1981,5,1.6701362799446
15,1982,5,1.67278606337844
15,1983,5,1.59418550363889
15,1984,5,1.21214144917735
15,1985,5,1.22319977245878
15,1986,5,1.28622439668093
15,1987,5,1.45216571828172
15,1988,5,1.57347587973531
15,1989,5,1.61085279826005
15,1990,5,1.24853323236984
15,1991,5,1.01444233206759
15,1992,5,0.926544332465642
15,1993,5,1.45759417528304
15,1994,5,1.67752090612431
15,1995,5,0.777926735253745
15,1996,5,0.528929072011922
15,1997,5,0.377219531051621
15,1998,5,0.692331783593131
15,1999,5,1.07556581103176
15,2000,5,1.36700486241666
15,2001,5,1.33261758954476
15,2002,5,1.01048811806104
15,2003,5,1.24563172543065
15,2004,5,1.51457765638043
15,2005,5,1.71565302770308
15,2006,5,1.21199759517119
15,2007,5,1.55015282836637
15,2008,5,1.27203257053793
15,2009,5,1.4792038763274
15,2010,5,1.60164829737987
15,2011,5,1.33596263157533
15,2012,5,1.28759464736136
15,2013,5,1.44010171061514
15,2014,5,1.28412216421132
15,2015,5,1.48539424176117
15,2016,5,1.72409489354332
15,2017,5,1.66705368969235
15,2018,5,1.68501463290488
15,2019,5,0.347684174146588
15,2020,5,1.05849948245219
15,2021,5,1.13271660749906
15,2022,5,1.29837520787086
15,2023,5,1.42530888116341
15,2024,5,1.1367706913983
15,1964,6,1.25217757361887
15,1965,6,1.57411290910441
15,1966,6,1.74917357960219
15,1967,6,1.79116936335343
15,1968,6,1.66660412822834
15,1969,6,1.70053331693003
15,1970,6,1.66855869534389
15,1971,6,1.65833116451004
15,1972,6,1.68746775948734
15,1973,6,1.62416449135811
15,1974,6,1.64219055214715
15,1975,6,1.58803815203624
15,1976,6,1.63004779928026
15,1977,6,1.59544705901964
15,1978,6,1.58190245063765
15,1979,6,1.63454066963552
15,1980,6,1.75821709945008
15,1981,6,1.731659886708
15,1982,6,1.77605410258212
15,1983,6,1.80404319399073
15,1984,6,1.62409682017839
15,1985,6,1.6150211367101
15,1986,6,1.59903095135388
15,1987,6,1.64641767322201
15,1988,6,1.70540387810399
15,1989,6,1.78910323672088
15,1990,6,1.63337977002661
15,1991,6,1.45417616568778
15,1992,6,1.35826468089734
15,1993,6,1.57069512568598
15,1994,6,1.92091756854146
15,1995,6,1.46327133228902
15,1996,6,1.31075115036998
15,1997,6,0.798117384019867
15,1998,6,1.16840959660709
15,1999,6,1.42012577944099
15,2000,6,1.65409267194992
15,2001,6,1.6881026202578
15,2002,6,1.58913364356616
15,2003,6,1.71193418824493
15,2004,6,1.66657391996861
15,2005,6,2.05503480602613
15,2006,6,1.67349859240187
15,2007,6,1.89110211575721
15,2008,6,1.63523089764806
15,2009,6,1.66396628969515
15,2010,6,1.62936141278231
15,2011,6,1.78958795451781
15,2012,6,1.62725658916125
15,2013,6,1.57080751864385
15,2014,6,1.56962197606056
15,2015,6,1.44731164348958
15,2016,6,1.6574630005551
15,2017,6,1.99041771412272
15,2018,6,2.11546947360559
15,2019,6,1.67304261151293
15,2020,6,1.54154528385291
15,2021,6,1.44379781308721
15,2022,6,1.62378135041021
15,2023,6,1.70338570770754
15,2024,6,1.65105431655367
15,1964,7,1.23143579461505
15,1965,7,1.54516151944962
15,1966,7,1.68931530736735
15,1967,7,1.69688299520054
15,1968,7,1.63592832600252
15,1969,7,1.56950343712503
15,1970,7,1.58383113540844
15,1971,7,1.5998491408018
15,1972,7,1.60541059741915
15,1973,7,1.54499348790086
15,1974,7,1.534695568484
15,1975,7,1.46508331877521
15,1976,7,1.50870290183661
15,1977,7,1.47836875234532
15,1978,7,1.46644012944662
15,1979,7,1.51960617902647
15,1980,7,1.65226579826943
15,1981,7,1.66191997639746
15,1982,7,1.71142519427034
15,1983,7,1.76470674258274
15,1984,7,1.72434139867278
15,1985,7,1.7146805636639
15,1986,7,1.67297797119282
15,1987,7,1.64768034124249
15,1988,7,1.66494436202502
15,1989,7,1.74559995499137
15,1990,7,1.70682925605264
15,1991,7,1.58517606666583
15,1992,7,1.53049992313415
15,1993,7,1.53865815972068
15,1994,7,1.86918564766431
15,1995,7,1.773757068645
15,1996,7,1.8089423789005
15,1997,7,1.27032490016031
15,1998,7,1.48830129522637
15,1999,7,1.53682875029675
15,2000,7,1.65803053340822
15,2001,7,1.70488970842589
15,2002,7,1.7500789141076
15,2003,7,1.81392963642528
15,2004,7,1.62564645687538
15,2005,7,1.9994194802676
15,2006,7,1.77629238326128
15,2007,7,1.8668163960989
15,2008,7,1.65389743111763
15,2009,7,1.62744742915555
15,2010,7,1.56937997097183
15,2011,7,1.79145582052005
15,2012,7,1.65090483905365
15,2013,7,1.53926541361049
15,2014,7,1.57091419888306
15,2015,7,1.39508669547731
15,2016,7,1.56425138185117
15,2017,7,1.92531822410965
15,2018,7,2.02716481156341
15,2019,7,2.60459521045051
15,2020,7,1.72474350234071
15,2021,7,1.56126596838196
15,2022,7,1.69770079238694
15,2023,7,1.71876556393981
15,2024,7,1.77491299000742
15,1964,8,1.20227800255194
15,1965,8,1.45954394028544
15,1966,8,1.55143444499932
15,1967,8,1.53787448192876
15,1968,8,1.52738678507189
15,1969,8,1.38193424749463
15,1970,8,1.44098926124657
15,1971,8,1.48250574628204
15,1972,8,1.47094908463069
15,1973,8,1.41890383409013
15,1974,8,1.38169913083805
15,1975,8,1.300365354419
15,1976,8,1.34491219903232
15,1977,8,1.32137162034317
15,1978,8,1.31433959388868
15,1979,8,1.36459834093329
15,1980,8,1.49360605324637
15,1981,8,1.52831611536623
15,1982,8,1.57655709036797
15,1983,8,1.63754880998809
15,1984,8,1.67052758931481
15,1985,8,1.66343562405665
15,1986,8,1.61834179860538
15,1987,8,1.55838752319479
15,1988,8,1.55132402210328
15,1989,8,1.61782990884478
15,1990,8,1.64366275081172
15,1991,8,1.56857548338063
15,1992,8,1.54516867461298
15,1993,8,1.46320107251419
15,1994,8,1.71309317413544
15,1995,8,1.79109220078673
15,1996,8,1.88693850038209
15,1997,8,1.56981546775208
15,1998,8,1.60262054205355
15,1999,8,1.52798812765225
15,2000,8,1.57700619017208
15,2001,8,1.62025242235184
15,2002,8,1.71056107558117
15,2003,8,1.74189153779569
15,2004,8,1.53318504660582
15,2005,8,1.81381978108034
15,2006,8,1.71187953814141
15,2007,8,1.72892593316413
15,2008,8,1.58203811029283
15,2009,8,1.54005410672664
15,2010,8,1.48140961759141
15,2011,8,1.68703029329326
15,2012,8,1.5798464607083
15,2013,8,1.46950850075049
15,2014,8,1.51109441514717
15,2015,8,1.32785877909196
15,2016,8,1.43969578666614
15,2017,8,1.76138713874752
15,2018,8,1.83787099270285
15,2019,8,2.5692322139933
15,2020,8,1.71329310839701
15,2021,8,1.55351614795053
15,2022,8,1.63803346946681
15,2023,8,1.62561310773529
15,2024,8,1.71828342816957
16,1964,3,0.843703245965088
16,1965,3,0.248009115750571
16,1966,3,0.612818536821701
16,1967,3,0.751246591378009
16,1968,3,1.1598939521993
16,1969,3,0.937703166959635
16,1970,3,1.33315105716846
16,1971,3,0.872206229876409
16,1972,3,1.47900350381056
16,1973,3,0.953839987446669
16,1974,3,1.51175577347082
16,1975,3,1.12527114515053
16,1976,3,1.26332027628816
16,1977,3,1.41015659147279
16,1978,3,1.47311172029427
16,1979,3,0.859779458732299
16,1980,3,1.06507414370623
16,1981,3,0.28738979630939
16,1982,3,0.509491383539048
16,1983,3,0.10276960803335
16,1984,3,0.167171783419032
16,1985,3,0.195482310931424
16,1986,3,0.10630486664925
16,1987,3,0.159835379787833
16,1988,3,0.339648929121405
16,1989,3,0.201726631237635
16,1990,3,0.157274466536165
16,1991,3,0.158236938182869
16,1992,3,0.171446718147832
16,1993,3,0.176616900767833
16,1994,3,0.0814887102456395
16,1995,3,0.0460260760459096
16,1996,3,0.0176433640198285
16,1997,3,0.0729079070789543
16,1998,3,0.126094351104111
16,1999,3,0.250558982256404
16,2000,3,0.104134555373347
16,2001,3,0.066704379122331
16,2002,3,0.104927795088321
16,2003,3,0.151814243818711
16,2004,3,0.131566282716697
16,2005,3,0.102992246350292
16,2006,3,0.10471530381039
16,2007,3,0.108126440552095
16,2008,3,0.0795583934382273
16,2009,3,0.105402687235228
16,2010,3,0.104992838048757
16,2011,3,0.0625626083441542
16,2012,3,0.122740926844051
16,2013,3,0.12415436790213
16,2014,3,0.0799759865801024
16,2015,3,0.385206444069683
16,2016,3,0.063311231925917
16,2017,3,0.0232225530545696
16,2018,3,0.00974866699863177
16,2019,3,0.00924334936540106
16,2020,3,0.153204313468038
16,2021,3,0.501212020223385
16,2022,3,0.363788994932714
16,2023,3,0.210288076699439
16,2024,3,0.110690754275769
16,1964,4,1.16595021024373
16,1965,4,0.9147776851075
16,1966,4,1.45737215458495
16,1967,4,1.60790220823953
16,1968,4,1.69233715994727
16,1969,4,1.510153287677
16,1970,4,1.63303562831442
16,1971,4,1.77056246057116
16,1972,4,1.8530516756619
16,1973,4,1.63235721450399
16,1974,4,1.61699824226736
16,1975,4,1.70026535126676
16,1976,4,1.65146771456943
16,1977,4,1.70820543382818
16,1978,4,1.70610557070515
16,1979,4,1.60990373872137
16,1980,4,1.65125842397506
16,1981,4,1.0735450442659
16,1982,4,1.51043327643452
16,1983,4,0.483053123096661
16,1984,4,0.579246338202948
16,1985,4,0.71025074003167
16,1986,4,0.564260174874207
16,1987,4,0.454773216036588
16,1988,4,0.843751357182786
16,1989,4,0.565625545707051
16,1990,4,0.619579936425669
16,1991,4,0.623658295450757
16,1992,4,0.520667578641854
16,1993,4,1.03567688561706
16,1994,4,0.482430992974334
16,1995,4,0.24972663965266
16,1996,4,0.0964868412765251
16,1997,4,0.211249159711485
16,1998,4,0.403489169820234
16,1999,4,0.788779732252588
16,2000,4,0.595111728560383
16,2001,4,0.406551187023744
16,2002,4,0.516362641213839
16,2003,4,0.562266120932512
16,2004,4,0.785715443086662
16,2005,4,0.605428199919316
16,2006,4,0.571998746307032
16,2007,4,0.60854645310767
16,2008,4,0.421567341321967
16,2009,4,0.616225694910251
16,2010,4,0.876688053706348
16,2011,4,0.426819732769704
16,2012,4,0.561229080682607
16,2013,4,0.836032781786385
16,2014,4,0.422542988629976
16,2015,4,1.38866196030281
16,2016,4,1.60351487198572
16,2017,4,0.433012811821446
16,2018,4,0.239684676753197
16,2019,4,0.0635580230515206
16,2020,4,0.425019097892472
16,2021,4,1.19361534112025
16,2022,4,0.930376620329833
16,2023,4,0.694517917804405
16,2024,4,0.403897346532179
16,1964,5,1.24421739730067
16,1965,5,1.5139913444195
16,1966,5,1.75905538188758
16,1967,5,1.8265930517224
16,1968,5,1.7236677680447
16,1969,5,1.6236168605508
16,1970,5,1.62860426526981
16,1971,5,1.85613607953285
16,1972,5,1.81225915907861
16,1973,5,1.68869268258533
16,1974,5,1.56920036728598
16,1975,5,1.71665073824816
16,1976,5,1.63954161229845
16,1977,5,1.67554687348377
16,1978,5,1.66571431030537
16,1979,5,1.71614134710652
16,1980,5,1.71228235730449
16,1981,5,1.68081048142414
16,1982,5,1.79987289931306
16,1983,5,1.27095443100741
16,1984,5,1.24609930119793
16,1985,5,1.41897544675473
16,1986,5,1.43698186049836
16,1987,5,0.964531671555628
16,1988,5,1.35698318582947
16,1989,5,1.11241182816478
16,1990,5,1.35065722979823
16,1991,5,1.28551718102953
16,1992,5,1.06092859668785
16,1993,5,1.51709119112138
16,1994,5,1.34989462682615
16,1995,5,0.970477228396697
16,1996,5,0.45754226146758
16,1997,5,0.535119830731531
16,1998,5,0.956591412436713
16,1999,5,1.42482279861996
16,2000,5,1.50034052118863
16,2001,5,1.3222593494216
16,2002,5,1.39592290840906
16,2003,5,1.31785019189744
16,2004,5,1.57379378028626
16,2005,5,1.54683539236892
16,2006,5,1.46359167924342
16,2007,5,1.45623805063281
16,2008,5,1.2129585541202
16,2009,5,1.38702043735489
16,2010,5,1.62253017719768
16,2011,5,1.34050412899601
16,2012,5,1.2761946150565
16,2013,5,1.57581961633014
16,2014,5,1.1757963129823
16,2015,5,1.46617556976673
16,2016,5,1.71867123741902
16,2017,5,1.84087787097041
16,2018,5,1.71238921465952
16,2019,5,0.391529937022935
16,2020,5,0.930563392458569
16,2021,5,1.59954860356545
16,2022,5,1.48140705481508
16,2023,5,1.3501313624381
16,2024,5,1.02164536808228
16,1964,6,1.24421739730067
16,1965,6,1.64283410584696
16,1966,6,1.74789028869687
16,1967,6,1.78325242073854
16,1968,6,1.64884569485882
16,1969,6,1.58525409986054
16,1970,6,1.55546810868436
16,1971,6,1.77372668805048
16,1972,6,1.7034418233354
16,1973,6,1.62445300736907
16,1974,6,1.48937843143845
16,1975,6,1.63974765909994
16,1976,6,1.56574081180869
16,1977,6,1.58961015845466
16,1978,6,1.57736951437825
16,1979,6,1.65894856512591
16,1980,6,1.64672678419961
16,1981,6,1.77141156584404
16,1982,6,1.76323617681436
16,1983,6,1.72557369308298
16,1984,6,1.64273344162902
16,1985,6,1.72359285192283
16,1986,6,1.80600539561711
16,1987,6,1.41267821387396
16,1988,6,1.58588470716235
16,1989,6,1.49851580284711
16,1990,6,1.70118519026484
16,1991,6,1.55785741768669
16,1992,6,1.42142200412839
16,1993,6,1.53045026626636
16,1994,6,1.73567790331162
16,1995,6,1.86784167192858
16,1996,6,1.34702988220293
16,1997,6,1.04590898420705
16,1998,6,1.48676271407573
16,1999,6,1.68611277691759
16,2000,6,1.82751921522933
16,2001,6,1.87685262261929
16,2002,6,1.89309216275479
16,2003,6,1.82206831094665
16,2004,6,1.71187382739844
16,2005,6,1.88080686517195
16,2006,6,1.82593171339246
16,2007,6,1.73313520799498
16,2008,6,1.67402601522466
16,2009,6,1.59214104442302
16,2010,6,1.67098761840006
16,2011,6,1.75911640633462
16,2012,6,1.57304640513659
16,2013,6,1.66009604392487
16,2014,6,1.58335241329647
16,2015,6,1.43229047847573
16,2016,6,1.65510467053061
16,2017,6,2.07871239634488
16,2018,6,2.14576892667297
16,2019,6,1.48044335288396
16,2020,6,1.45793326597109
16,2021,6,1.66835552720085
16,2022,6,1.69933857124745
16,2023,6,1.66328872807379
16,2024,6,1.55776613119422
16,1964,7,1.22446804944372
16,1965,7,1.60539336642257
16,1966,7,1.64795800825318
16,1967,7,1.66174024974282
16,1968,7,1.52835096911462
16,1969,7,1.49646972744718
16,1970,7,1.44474069051917
16,1971,7,1.6354213862744
16,1972,7,1.5455757561211
16,1973,7,1.51991599183716
16,1974,7,1.38086242544319
16,1975,7,1.52220416543027
16,1976,7,1.4586602231363
16,1977,7,1.46723674471926
16,1978,7,1.45288164597267
16,1979,7,1.55305555447907
16,1980,7,1.5333761187191
16,1981,7,1.70275864381465
16,1982,7,1.6543085147504
16,1983,7,1.78079339523762
16,1984,7,1.71917753328892
16,1985,7,1.73860033673426
16,1986,7,1.80631054725396
16,1987,7,1.60524278662248
16,1988,7,1.61313686700039
16,1989,7,1.62391445636863
16,1990,7,1.73236385030881
16,1991,7,1.57725093989055
16,1992,7,1.52741674609813
16,1993,7,1.4813318034447
16,1994,7,1.74407061127737
16,1995,7,2.15185624698211
16,1996,7,2.02416572956677
16,1997,7,1.49542163302684
16,1998,7,1.7113122681184
16,1999,7,1.6978400395243
16,2000,7,1.80755681691243
16,2001,7,1.91977347089927
16,2002,7,1.93605275965155
16,2003,7,1.923860937738
16,2004,7,1.6603583143595
16,2005,7,1.85354742529637
16,2006,7,1.81934963787111
16,2007,7,1.71334570971991
16,2008,7,1.72658201474296
16,2009,7,1.5732151121904
16,2010,7,1.60715486408683
16,2011,7,1.76464740084002
16,2012,7,1.59087151212534
16,2013,7,1.60471779388637
16,2014,7,1.62883396779964
16,2015,7,1.38412843572537
16,2016,7,1.56505370073647
16,2017,7,1.97300113037865
16,2018,7,2.04688018616802
16,2019,7,2.41713612566876
16,2020,7,1.74118266364579
16,2021,7,1.61219245642698
16,2022,7,1.70340887406271
16,2023,7,1.69855307505212
16,2024,7,1.73395524761289
16,1964,8,1.19679747324526
16,1965,8,1.51213800015791
16,1966,8,1.49117552041812
16,1967,8,1.48029271204365
16,1968,8,1.36341820081394
16,1969,8,1.36854750360074
16,1970,8,1.29651601266885
16,1971,8,1.4429185143025
16,1972,8,1.33784148438836
16,1973,8,1.37668857582678
16,1974,8,1.24190070295919
16,1975,8,1.36326419732734
16,1976,8,1.31663975863879
16,1977,8,1.30652780082332
16,1978,8,1.29052458185146
16,1979,8,1.4044488477797
16,1980,8,1.37588137930808
16,1981,8,1.56902561461592
16,1982,8,1.49358688325811
16,1983,8,1.69477866923865
16,1984,8,1.65482667233219
16,1985,8,1.64242625675134
16,1986,8,1.69313014165166
16,1987,8,1.62110155369752
16,1988,8,1.54524429719559
16,1989,8,1.60304274444504
16,1990,8,1.64573840326081
16,1991,8,1.51803834302082
16,1992,8,1.51298113798017
16,1993,8,1.41047733970975
16,1994,8,1.64946907923646
16,1995,8,2.07107166056326
16,1996,8,2.1343837872343
16,1997,8,1.70586662761734
16,1998,8,1.71955086255335
16,1999,8,1.60709807834231
16,2000,8,1.68594361108468
16,2001,8,1.79948708271095
16,2002,8,1.81077812548522
16,2003,8,1.8285406203795
16,2004,8,1.55546506103312
16,2005,8,1.71815015030144
16,2006,8,1.70051464712496
16,2007,8,1.61277275425316
16,2008,8,1.65130210454386
16,2009,8,1.50351583500456
16,2010,8,1.50780585605748
16,2011,8,1.66600481372165
16,2012,8,1.52978678836479
16,2013,8,1.50992894114525
16,2014,8,1.57120378152438
16,2015,8,1.32223436662099
16,2016,8,1.44397325035854
16,2017,8,1.78258455231845
16,2018,8,1.85016198003399
16,2019,8,2.52057834519387
16,2020,8,1.79255139094831
16,2021,8,1.49559619891793
16,2022,8,1.60411679977695
16,2023,8,1.61958140431511
16,2024,8,1.70898020500608
17,1964,3,0.586915633581441
17,1965,3,0.410145881320166
17,1966,3,0.368486686061742
17,1967,3,0.263752819433262
17,1968,3,0.562221329758516
17,1969,3,0.629418025630843
17,1970,3,0.566937459247332
17,1971,3,0.442288859975421
17,1972,3,0.753852745444793
17,1973,3,0.555049072215958
17,1974,3,0.662845281678738
17,1975,3,1.06485719422808
17,1976,3,0.70974450387328
17,1977,3,0.453344611527039
17,1978,3,1.52489784882768
17,1979,3,0.757873337330617
17,1980,3,0.431917503450063
17,1981,3,0.369607083351644
17,1982,3,0.103390080218935
17,1983,3,0.141652813257997
17,1984,3,0.167285408171457
17,1985,3,0.201898693866926
17,1986,3,0.144679954213291
17,1987,3,0.160439141093888
17,1988,3,0.17687326479152
17,1989,3,0.167870421589111
17,1990,3,0.11214546036139
17,1991,3,0.115565772813072
17,1992,3,0.211572393522006
17,1993,3,0.288724280248721
17,1994,3,0.146159516353928
17,1995,3,0.0474109757647362
17,1996,3,0.0193394136877135
17,1997,3,0.0646166987167031
17,1998,3,0.0925120078785064
17,1999,3,0.166860790799114
17,2000,3,0.13169797846902
17,2001,3,0.0635415774764205
17,2002,3,0.0820428581199247
17,2003,3,0.123954506679416
17,2004,3,0.128848852606737
17,2005,3,0.0878715166430332
17,2006,3,0.151644096763027
17,2007,3,0.106353422194167
17,2008,3,0.088559173540628
17,2009,3,0.100390477800001
17,2010,3,0.0943991519685913
17,2011,3,0.0571338815375992
17,2012,3,0.142347833160124
17,2013,3,0.106247144746646
17,2014,3,0.106283190346891
17,2015,3,0.371090552914306
17,2016,3,0.0685109424718357
17,2017,3,0.0376832723496073
17,2018,3,0.0261663430794224
17,2019,3,0.0093910806801094
17,2020,3,0.147633023924456
17,2021,3,0.275955961416606
17,2022,3,0.233454477559914
17,2023,3,0.213437319728554
17,2024,3,0.100432847281374
17,1964,4,0.999803861812901
17,1965,4,1.06086533590057
17,1966,4,1.02644507750686
17,1967,4,0.973247146065726
17,1968,4,1.37936098666424
17,1969,4,1.18435207848457
17,1970,4,1.21077414113645
17,1971,4,1.07342349445693
17,1972,4,1.47655007347268
17,1973,4,1.30033649941134
17,1974,4,1.37630252775569
17,1975,4,1.66105012095672
17,1976,4,1.40712855628995
17,1977,4,1.24518048752049
17,1978,4,1.75678050381843
17,1979,4,1.6036382440743
17,1980,4,1.312576988449
17,1981,4,1.13793955913066
17,1982,4,0.587097114076338
17,1983,4,0.608244596574463
17,1984,4,0.623386029126714
17,1985,4,0.580621028132442
17,1986,4,0.573789730181801
17,1987,4,0.484934700433674
17,1988,4,0.57835469523451
17,1989,4,0.770370971132896
17,1990,4,0.693257374758461
17,1991,4,0.495483814256517
17,1992,4,0.63272169861107
17,1993,4,1.05973674556779
17,1994,4,0.817225261377113
17,1995,4,0.266390667406075
17,1996,4,0.0881654095838276
17,1997,4,0.198353577561348
17,1998,4,0.269091194321422
17,1999,4,0.519920431867898
17,2000,4,0.501073877984047
17,2001,4,0.39269235546199
17,2002,4,0.351820294539048
17,2003,4,0.453492319814483
17,2004,4,0.931979660234645
17,2005,4,0.575706436080777
17,2006,4,0.584609189363111
17,2007,4,0.494089375621482
17,2008,4,0.501984681612268
17,2009,4,0.583833105613941
17,2010,4,0.797455575737562
17,2011,4,0.337708595438742
17,2012,4,0.703975305135431
17,2013,4,0.679339849799364
17,2014,4,0.59558459923589
17,2015,4,1.40499740993262
17,2016,4,1.54657827850525
17,2017,4,0.462638430303565
17,2018,4,0.314091681957202
17,2019,4,0.064254682336602
17,2020,4,0.48168887425514
17,2021,4,0.689031175854693
17,2022,4,0.593276687841897
17,2023,4,0.627499785320356
17,2024,4,0.365020579037569
17,1964,5,1.22056176104316
17,1965,5,1.49287035174232
17,1966,5,1.58379423936109
17,1967,5,1.64301632711242
17,1968,5,1.7512084607373
17,1969,5,1.54428949673109
17,1970,5,1.61652782730167
17,1971,5,1.54292749067627
17,1972,5,1.72831078921996
17,1973,5,1.68861853294363
17,1974,5,1.67596738660917
17,1975,5,1.74463745541632
17,1976,5,1.6599816846342
17,1977,5,1.67749239358946
17,1978,5,1.70647453286292
17,1979,5,1.76859131057785
17,1980,5,1.73114101327437
17,1981,5,1.68082372538562
17,1982,5,1.49068917307351
17,1983,5,1.38177104252301
17,1984,5,1.33271317500269
17,1985,5,1.15245246662387
17,1986,5,1.31391033500542
17,1987,5,1.04537374794759
17,1988,5,1.23078401597818
17,1989,5,1.5892790585617
17,1990,5,1.54026602407753
17,1991,5,1.16014224900702
17,1992,5,1.19485850871092
17,1993,5,1.51351518820026
17,1994,5,1.6827197055081
17,1995,5,1.06288215884275
17,1996,5,0.358541086530581
17,1997,5,0.530265085519746
17,1998,5,0.654007979258588
17,1999,5,1.11070118555279
17,2000,5,1.18125354694151
17,2001,5,1.26328483906697
17,2002,5,1.0526590480291
17,2003,5,1.13426685088871
17,2004,5,1.61208776745556
17,2005,5,1.58754338275802
17,2006,5,1.34468980223272
17,2007,5,1.28334190481433
17,2008,5,1.33290585659617
17,2009,5,1.401161227668
17,2010,5,1.58002639967242
17,2011,5,1.11393238107655
17,2012,5,1.49007853806197
17,2013,5,1.44898093797994
17,2014,5,1.36623733850558
17,2015,5,1.48732892002431
17,2016,5,1.64378660421667
17,2017,5,1.66875839562581
17,2018,5,1.67626818426773
17,2019,5,0.393202704288512
17,2020,5,1.12667006366185
17,2021,5,1.24843421679629
17,2022,5,1.11562263058795
17,2023,5,1.22973346645156
17,2024,5,0.954820789239512
17,1964,6,1.28325438762474
17,1965,6,1.58245271028519
17,1966,6,1.73911315751833
17,1967,6,1.79343704700203
17,1968,6,1.7696660208742
17,1969,6,1.64953449805177
17,1970,6,1.70939396611868
17,1971,6,1.67000992288459
17,1972,6,1.71978713858551
17,1973,6,1.73390244342217
17,1974,6,1.69176702022951
17,1975,6,1.68142282162523
17,1976,6,1.65982103663681
17,1977,6,1.72238686462033
17,1978,6,1.6098613142403
17,1979,6,1.7167522507634
17,1980,6,1.74667806547014
17,1981,6,1.77136118437901
17,1982,6,1.82705322565657
17,1983,6,1.73601536590579
17,1984,6,1.69030164595096
17,1985,6,1.54539397041767
17,1986,6,1.7173616022263
17,1987,6,1.49655068328103
17,1988,6,1.65397978945419
17,1989,6,1.83719124528779
17,1990,6,1.73261365751451
17,1991,6,1.49747444545629
17,1992,6,1.49718927809529
17,1993,6,1.55646464119423
17,1994,6,1.86315932189963
17,1995,6,2.04755414020205
17,1996,6,1.0232642206517
17,1997,6,1.07209798983227
17,1998,6,1.16743621117814
17,1999,6,1.54209333975083
17,2000,6,1.6201922278173
17,2001,6,1.76555568765225
17,2002,6,1.75033974848007
17,2003,6,1.70118363957243
17,2004,6,1.65396888300945
17,2005,6,1.94704256547647
17,2006,6,1.78740406575123
17,2007,6,1.73309793347265
17,2008,6,1.68424265808276
17,2009,6,1.65813904216698
17,2010,6,1.65111104520516
17,2011,6,1.63325790861788
17,2012,6,1.71853079704775
17,2013,6,1.60069008140902
17,2014,6,1.59732608343938
17,2015,6,1.45119159830454
17,2016,6,1.58915035188133
17,2017,6,1.95294286968172
17,2018,6,2.4085424723666
17,2019,6,1.47274103331482
17,2020,6,1.69173192599884
17,2021,6,1.63629005857512
17,2022,6,1.51295174898058
17,2023,6,1.60710324468841
17,2024,6,1.52720319117598
17,1964,7,1.2832543876247
17,1965,7,1.54601502033601
17,1966,7,1.70398709127137
17,1967,7,1.74034591370698
17,1968,7,1.67734064079203
17,1969,7,1.61821047265135
17,1970,7,1.65902907817125
17,1971,7,1.63743413082805
17,1972,7,1.6230478571246
17,1973,7,1.65803533470479
17,1974,7,1.61075626134865
17,1975,7,1.5619029740044
17,1976,7,1.57741370080397
17,1977,7,1.64817119673409
17,1978,7,1.47459817722118
17,1979,7,1.60474766555866
17,1980,7,1.65877752767677
17,1981,7,1.70448653716914
17,1982,7,1.81015686072214
17,1983,7,1.75655522268208
17,1984,7,1.73140263367951
17,1985,7,1.66374711128713
17,1986,7,1.76967884820501
17,1987,7,1.65942142440498
17,1988,7,1.75359007675865
17,1989,7,1.80199113878238
17,1990,7,1.68954309944176
17,1991,7,1.54469034986334
17,1992,7,1.55911925019252
17,1993,7,1.50833755754135
17,1994,7,1.79931587056753
17,1995,7,2.3372372878836
17,1996,7,1.67199934429322
17,1997,7,1.54198252674754
17,1998,7,1.52766554004826
17,1999,7,1.67428887891434
17,2000,7,1.71081143115892
17,2001,7,1.80454790476222
17,2002,7,1.97252456491439
17,2003,7,1.87191488855616
17,2004,7,1.5913639299287
17,2005,7,1.91134271641033
17,2006,7,1.85270047596793
17,2007,7,1.78638732272636
17,2008,7,1.69206233126917
17,2009,7,1.64253167101008
17,2010,7,1.59446013873917
17,2011,7,1.70364199164454
17,2012,7,1.69207124335906
17,2013,7,1.5677343117157
17,2014,7,1.5848624244721
17,2015,7,1.39948257239472
17,2016,7,1.51333207189539
17,2017,7,1.88040139727222
17,2018,7,2.34481123089189
17,2019,7,2.39134188084796
17,2020,7,1.89608253088154
17,2021,7,1.76558011694354
17,2022,7,1.66674414629237
17,2023,7,1.70124241202856
17,2024,7,1.74394697024271
17,1964,8,1.2606781614613
17,1965,8,1.45863446580354
17,1966,8,1.58378054570346
17,1967,8,1.6077692502469
17,1968,8,1.5208550597047
17,1969,8,1.50796860824935
17,1970,8,1.53150104058588
17,1971,8,1.53035436643922
17,1972,8,1.46764022214983
17,1973,8,1.51673702074894
17,1974,8,1.47251526567506
17,1975,8,1.39252057795881
17,1976,8,1.44417326172548
17,1977,8,1.51523037136875
17,1978,8,1.29906116749551
17,1979,8,1.44357854359967
17,1980,8,1.51575941349576
17,1981,8,1.56684053895779
17,1982,8,1.68928528902244
17,1983,8,1.66082619622089
17,1984,8,1.6489844260721
17,1985,8,1.63179029283653
17,1986,8,1.68437502777542
17,1987,8,1.64850046668518
17,1988,8,1.69359459250113
17,1989,8,1.67002935825645
17,1990,8,1.58394235113616
17,1991,8,1.5035705494515
17,1992,8,1.51964194433998
17,1993,8,1.42841918141995
17,1994,8,1.65540549234491
17,1995,8,2.2154698691331
17,1996,8,1.88512487289225
17,1997,8,1.7464028658199
17,1998,8,1.65565051763856
17,1999,8,1.64512966363
17,2000,8,1.65355075110812
17,2001,8,1.70861383217925
17,2002,8,1.91630826416349
17,2003,8,1.81940403652756
17,2004,8,1.49415546036873
17,2005,8,1.75980386583608
17,2006,8,1.75543075940638
17,2007,8,1.69839483903426
17,2008,8,1.60801364465545
17,2009,8,1.55966664159139
17,2010,8,1.50313129865952
17,2011,8,1.6392844634318
17,2012,8,1.59094161805259
17,2013,8,1.49334594798621
17,2014,8,1.51507937439499
17,2015,8,1.33257989720054
17,2016,8,1.41268796226105
17,2017,8,1.72697947787749
17,2018,8,2.07389644615667
17,2019,8,2.4927275587305
17,2020,8,1.86138253999937
17,2021,8,1.72598067341262
17,2022,8,1.65759334096618
17,2023,8,1.65008145605623
17,2024,8,1.73525358962852
18,1964,3,0.837448907640517
18,1965,3,0.652611611598706
18,1966,3,0.555830113944874
18,1967,3,0.647291574669869
18,1968,3,0.487176507449392
18,1969,3,0.561975592966301
18,1970,3,0.739929504879849
18,1971,3,1.09364668892888
18,1972,3,0.509626531405154
18,1973,3,1.34671150426982
18,1974,3,0.919953154084747
18,1975,3,1.0069180760153
18,1976,3,0.766018863506061
18,1977,3,1.1540432059358
18,1978,3,0.872628688952626
18,1979,3,0.829709787349898
18,1980,3,0.492572980179552
18,1981,3,0.474549127296909
18,1982,3,0.141006620849231
18,1983,3,0.215979386099567
18,1984,3,0.133635705635914
18,1985,3,0.168445458169098
18,1986,3,0.161592182860708
18,1987,3,0.391234455387669
18,1988,3,0.110075077756159
18,1989,3,0.153675200080338
18,1990,3,0.560416336988136
18,1991,3,0.112807162772343
18,1992,3,0.14839686878445
18,1993,3,0.242400214996372
18,1994,3,0.06809747235575
18,1995,3,0.056709200660156
18,1996,3,0.0292363405652555
18,1997,3,0.0721605668400389
18,1998,3,0.0926754512456376
18,1999,3,0.252417564153091
18,2000,3,0.134925131801733
18,2001,3,0.0702232102756827
18,2002,3,0.0794766912344611
18,2003,3,0.171547143800009
18,2004,3,0.155861543455557
18,2005,3,0.0875693766980264
18,2006,3,0.14625300671883
18,2007,3,0.10517292843657
18,2008,3,0.097409262137441
18,2009,3,0.104696831663913
18,2010,3,0.119767627106631
18,2011,3,0.0679073043455303
18,2012,3,0.103847956729984
18,2013,3,0.150201386710231
18,2014,3,0.0949481391771278
18,2015,3,0.371797233324681
18,2016,3,0.069625876604971
18,2017,3,0.0368619686699834
18,2018,3,0.0149981710361222
18,2019,3,0.0157742444251923
18,2020,3,0.185904190588409
18,2021,3,0.261850491848891
18,2022,3,0.221177777321303
18,2023,3,0.257086149939367
18,2024,3,0.115914261719938
18,1964,4,1.16790824432327
18,1965,4,1.44068444345504
18,1966,4,1.3767879384057
18,1967,4,1.48755692512469
18,1968,4,1.22889888865147
18,1969,4,1.46012636744029
18,1970,4,1.44505102656522
18,1971,4,1.61926066861305
18,1972,4,1.17825032156402
18,1973,4,1.7852240810986
18,1974,4,1.59890787373549
18,1975,4,1.64489797886287
18,1976,4,1.47375781327848
18,1977,4,1.67971888686437
18,1978,4,1.66724570984635
18,1979,4,1.62908491703128
18,1980,4,1.25125560600799
18,1981,4,1.32680457007626
18,1982,4,0.688972790106763
18,1983,4,0.74776878444581
18,1984,4,0.500965385071265
18,1985,4,0.580647607621106
18,1986,4,0.625383799239157
18,1987,4,1.07030374946306
18,1988,4,0.561455259295301
18,1989,4,0.762785953532144
18,1990,4,1.56753449474641
18,1991,4,0.429690120950413
18,1992,4,0.516586826925309
18,1993,4,1.02846816936579
18,1994,4,0.457616390032667
18,1995,4,0.306777678110209
18,1996,4,0.112447836837821
18,1997,4,0.224985586176028
18,1998,4,0.308867043251997
18,1999,4,0.674575485786598
18,2000,4,0.622615286188746
18,2001,4,0.381361113019459
18,2002,4,0.388676218275614
18,2003,4,0.508858451907987
18,2004,4,0.811554673304369
18,2005,4,0.534489817228238
18,2006,4,0.609732555787417
18,2007,4,0.455024744279239
18,2008,4,0.458807019143649
18,2009,4,0.566748733807432
18,2010,4,0.788377631809254
18,2011,4,0.474381651392225
18,2012,4,0.556107930505843
18,2013,4,0.72524442027909
18,2014,4,0.532055040774234
18,2015,4,1.44193747447419
18,2016,4,1.5729476137433
18,2017,4,0.40582230700048
18,2018,4,0.295717653203403
18,2019,4,0.104295983409555
18,2020,4,0.674467370286078
18,2021,4,0.659492812732449
18,2022,4,0.540145279887055
18,2023,4,0.739423911891104
18,2024,4,0.391076197239725
18,1964,5,1.24840189237892
18,1965,5,1.64448097139729
18,1966,5,1.72328480787277
18,1967,5,1.79983738828605
18,1968,5,1.66246069310001
18,1969,5,1.82604595148398
18,1970,5,1.68391492319629
18,1971,5,1.67999443875796
18,1972,5,1.58075499303316
18,1973,5,1.79041779113193
18,1974,5,1.71907345096278
18,1975,5,1.72105204660366
18,1976,5,1.65150127853018
18,1977,5,1.70926279714248
18,1978,5,1.76489047053883
18,1979,5,1.77341628809602
18,1980,5,1.68708189079514
18,1981,5,1.76094995360056
18,1982,5,1.54778302473328
18,1983,5,1.43273916608012
18,1984,5,1.17974828264187
18,1985,5,1.25078509468778
18,1986,5,1.36321406365313
18,1987,5,1.5774241402833
18,1988,5,1.42373924789045
18,1989,5,1.61448803498545
18,1990,5,1.83858431510109
18,1991,5,1.04455401686664
18,1992,5,1.11935607628767
18,1993,5,1.52591541534949
18,1994,5,1.46064369009216
18,1995,5,1.06766508239861
18,1996,5,0.387335054074315
18,1997,5,0.59938557785981
18,1998,5,0.802449695752649
18,1999,5,1.19543740684956
18,2000,5,1.34763466676469
18,2001,5,1.16177862177368
18,2002,5,1.21208845012315
18,2003,5,1.0723540613942
18,2004,5,1.51830568589651
18,2005,5,1.37806252740929
18,2006,5,1.37346972597065
18,2007,5,1.16423693686286
18,2008,5,1.19778863054445
18,2009,5,1.30183565494844
18,2010,5,1.48529640191971
18,2011,5,1.50137482819892
18,2012,5,1.33684879159656
18,2013,5,1.43050788239575
18,2014,5,1.31204361458765
18,2015,5,1.49637739927006
18,2016,5,1.72000878899784
18,2017,5,1.56355319595938
18,2018,5,1.74376787447818
18,2019,5,0.58842894333302
18,2020,5,1.3766023989979
18,2021,5,1.21450770702624
18,2022,5,1.02263072111659
18,2023,5,1.39024759515768
18,2024,5,0.963973535370354
18,1964,6,1.24840189237892
18,1965,6,1.61824880661569
18,1966,6,1.73228368731832
18,1967,6,1.79105532550666
18,1968,6,1.72652405638106
18,1969,6,1.82295050365543
18,1970,6,1.67554395511952
18,1971,6,1.61935294923018
18,1972,6,1.65711573558577
18,1973,6,1.69745977806
18,1974,6,1.66762086865059
18,1975,6,1.65777990962589
18,1976,6,1.62330652503423
18,1977,6,1.63603713912995
18,1978,6,1.69869454995114
18,1979,6,1.71773283587333
18,1980,6,1.74676812153739
18,1981,6,1.79025880622127
18,1982,6,1.84645639158613
18,1983,6,1.71585385348135
18,1984,6,1.62962497811417
18,1985,6,1.65507287139528
18,1986,6,1.72861679628839
18,1987,6,1.69396257422145
18,1988,6,1.81075536433755
18,1989,6,1.85573730089832
18,1990,6,1.79464238163087
18,1991,6,1.47894315249571
18,1992,6,1.48479388649284
18,1993,6,1.56935462497182
18,1994,6,1.94615079528185
18,1995,6,1.76393214915139
18,1996,6,0.991227477906473
18,1997,6,1.17508037155828
18,1998,6,1.38102514681531
18,1999,6,1.4822716618595
18,2000,6,1.60529119710637
18,2001,6,1.66358501341947
18,2002,6,1.90270192760877
18,2003,6,1.51212532813533
18,2004,6,1.64591085280386
18,2005,6,1.67109116072646
18,2006,6,1.73433834954033
18,2007,6,1.61098928506087
18,2008,6,1.61582025059258
18,2009,6,1.53847701129167
18,2010,6,1.57290465795456
18,2011,6,1.95650478996954
18,2012,6,1.62132673771095
18,2013,6,1.60659992168891
18,2014,6,1.59405860533978
18,2015,6,1.4571919270299
18,2016,6,1.65738972670812
18,2017,6,1.93693408287438
18,2018,6,2.16611259708522
18,2019,6,1.83798230340175
18,2020,6,1.70053017326625
18,2021,6,1.61439812909578
18,2022,6,1.437835704804
18,2023,6,1.76076441562492
18,2024,6,1.51294064906071
18,1964,7,1.22818990568973
18,1965,7,1.53525299775773
18,1966,7,1.64312363826648
18,1967,7,1.68346894372786
18,1968,7,1.65891192217505
18,1969,7,1.71316801047635
18,1970,7,1.58684602002767
18,1971,7,1.51160179717282
18,1972,7,1.6060074333617
18,1973,7,1.55128674203701
18,1974,7,1.56009305596266
18,1975,7,1.54520142332622
18,1976,7,1.53608012961032
18,1977,7,1.51892233777223
18,1978,7,1.58163698112529
18,1979,7,1.60204950358388
18,1980,7,1.67414407252628
18,1981,7,1.69898523988603
18,1982,7,1.82309188137296
18,1983,7,1.72629818724926
18,1984,7,1.72734465845195
18,1985,7,1.73478077619297
18,1986,7,1.76417847789191
18,1987,7,1.65040549409573
18,1988,7,1.81934135035323
18,1989,7,1.81275452584041
18,1990,7,1.67598927649502
18,1991,7,1.58926471888234
18,1992,7,1.56646505429984
18,1993,7,1.5195537472177
18,1994,7,1.94499310564351
18,1995,7,1.9169614291727
18,1996,7,1.61162428550843
18,1997,7,1.62709100626626
18,1998,7,1.68215905430682
18,1999,7,1.54925613448563
18,2000,7,1.60567292378657
18,2001,7,1.73182916577772
18,2002,7,2.04729610287314
18,2003,7,1.66674484054214
18,2004,7,1.60329634255529
18,2005,7,1.6610836955087
18,2006,7,1.76027035219206
18,2007,7,1.68971951269044
18,2008,7,1.67112361374198
18,2009,7,1.53660273778037
18,2010,7,1.5315823961773
18,2011,7,1.94182134866304
18,2012,7,1.62118173054753
18,2013,7,1.58255251715782
18,2014,7,1.59515715865637
18,2015,7,1.40326123051348
18,2016,7,1.56784154183582
18,2017,7,1.88432268779672
18,2018,7,2.06748593100166
18,2019,7,2.6157821924217
18,2020,7,1.72729721535856
18,2021,7,1.75563808124019
18,2022,7,1.63493854608861
18,2023,7,1.83135244863757
18,2024,7,1.73331698603224
18,1964,8,1.19984828026708
18,1965,8,1.41398649827029
18,1966,8,1.4972235688225
18,1967,8,1.51119259810943
18,1968,8,1.52562676448657
18,1969,8,1.53618710020562
18,1970,8,1.44609641972476
18,1971,8,1.36133592642548
18,1972,8,1.49317330761377
18,1973,8,1.3529263132953
18,1974,8,1.4059900588509
18,1975,8,1.38789225264138
18,1976,8,1.40738728940049
18,1977,8,1.35896359967925
18,1978,8,1.41791569792217
18,1979,8,1.43605424390285
18,1980,8,1.53402894936217
18,1981,8,1.5423048389969
18,1982,8,1.6935535285141
18,1983,8,1.63000316579749
18,1984,8,1.66993858402169
18,1985,8,1.66882371301887
18,1986,8,1.67255882823079
18,1987,8,1.53699046161601
18,1988,8,1.70632693379001
18,1989,8,1.6755636994429
18,1990,8,1.50102521410808
18,1991,8,1.56269932863749
18,1992,8,1.53369759524882
18,1993,8,1.43844568798818
18,1994,8,1.80187390674742
18,1995,8,1.83726543984815
18,1996,8,1.871597984778
18,1997,8,1.79649784901569
18,1998,8,1.73138401120401
18,1999,8,1.51400204588421
18,2000,8,1.53447187965403
18,2001,8,1.66096188197832
18,2002,8,1.93897627330448
18,2003,8,1.65127123032272
18,2004,8,1.51336182629414
18,2005,8,1.57733185171304
18,2006,8,1.66581618953526
18,2007,8,1.6312946862026
18,2008,8,1.60783315159792
18,2009,8,1.4809639345543
18,2010,8,1.45953107925954
18,2011,8,1.79405726103739
18,2012,8,1.54836644666664
18,2013,8,1.50574186465125
18,2014,8,1.52888364866507
18,2015,8,1.33362454765453
18,2016,8,1.44707970883765
18,2017,8,1.73965571549992
18,2018,8,1.86251206316723
18,2019,8,2.60797505899773
18,2020,8,1.63906603557103
18,2021,8,1.72461688021409
18,2022,8,1.65953300968563
18,2023,8,1.74232553488562
18,2024,8,1.73245683248254
19,1964,3,0.62207919319184
19,1965,3,0.523199121464409
19,1966,3,0.251953376219545
19,1967,3,0.811517938645667
19,1968,3,1.03148330498207
19,1969,3,1.04832264042733
19,1970,3,0.74418208419593
19,1971,3,0.861328135595433
19,1972,3,0.717837881167568
19,1973,3,0.477813570186651
19,1974,3,0.844784055289666
19,1975,3,1.22788093414047
19,1976,3,0.711530011729572
19,1977,3,0.65092360473292
19,1978,3,0.813615615469956
19,1979,3,0.481418787429614
19,1980,3,0.689638845966409
19,1981,3,0.342824399080372
19,1982,3,0.362939469629087
19,1983,3,0.251752526008607
19,1984,3,0.146706019081975
19,1985,3,0.254847577131848
19,1986,3,0.188524141444531
19,1987,3,0.216315239993318
19,1988,3,0.335098752940557
19,1989,3,0.319554388164293
19,1990,3,0.306384952217134
19,1991,3,0.131070836598009
19,1992,3,0.140432499648263
19,1993,3,0.193446060515665
19,1994,3,0.115462149193713
19,1995,3,0.0520709561407543
19,1996,3,0.035502109863929
19,1997,3,0.067578844355568
19,1998,3,0.055415537701358
19,1999,3,0.21325714562331
19,2000,3,0.140390981004915
19,2001,3,0.0860739868342334
19,2002,3,0.0716426029836786
19,2003,3,0.156388082372695
19,2004,3,0.190676106500864
19,2005,3,0.0999103237091386
19,2006,3,0.157444769547005
19,2007,3,0.119688526095998
19,2008,3,0.0599576704279036
19,2009,3,0.104535957729937
19,2010,3,0.131259478083581
19,2011,3,0.0473848587712205
19,2012,3,0.116583675118243
19,2013,3,0.118869693732416
19,2014,3,0.0850976787989218
19,2015,3,0.323988706832529
19,2016,3,0.054183182011117
19,2017,3,0.0280625673836468
19,2018,3,0.0202665966980772
19,2019,3,0.0113642257026485
19,2020,3,0.12364346915934
19,2021,3,0.278321958219676
19,2022,3,0.245473209805835
19,2023,3,0.296989407865277
19,2024,3,0.0826585340579088
19,1964,4,1.01104667672514
19,1965,4,1.12911762023326
19,1966,4,1.00012226440114
19,1967,4,1.5603928023549
19,1968,4,1.63777001873942
19,1969,4,1.63179250286201
19,1970,4,1.48426130913863
19,1971,4,1.6788579881601
19,1972,4,1.42386863427095
19,1973,4,1.39940317165203
19,1974,4,1.53094869197683
19,1975,4,1.75000706991637
19,1976,4,1.36650247499847
19,1977,4,1.48059739062117
19,1978,4,1.5487764818208
19,1979,4,1.34403274504954
19,1980,4,1.60698549767742
19,1981,4,1.08844742305887
19,1982,4,1.04145526790068
19,1983,4,0.999159320023747
19,1984,4,0.484964248020754
19,1985,4,0.790381681405979
19,1986,4,0.460033161812715
19,1987,4,0.587912910445049
19,1988,4,0.838292818396128
19,1989,4,0.978047443773468
19,1990,4,1.08718304960333
19,1991,4,0.554606053932797
19,1992,4,0.455951200009754
19,1993,4,0.913087655756897
19,1994,4,0.71969589472068
19,1995,4,0.250493044461783
19,1996,4,0.140260212039082
19,1997,4,0.196547433940686
19,1998,4,0.177369402570486
19,1999,4,0.643553477017435
19,2000,4,0.545605523967353
19,2001,4,0.48690274554527
19,2002,4,0.340899400819439
19,2003,4,0.491741929020743
19,2004,4,1.14041350738041
19,2005,4,0.753940326907525
19,2006,4,0.608769280449172
19,2007,4,0.605498508530062
19,2008,4,0.41379798322535
19,2009,4,0.550210783143341
19,2010,4,1.04528168489991
19,2011,4,0.338161983458716
19,2012,4,0.541912367165536
19,2013,4,0.626018899500372
19,2014,4,0.468824170699345
19,2015,4,1.32612155204828
19,2016,4,1.56389254906777
19,2017,4,0.408562643940599
19,2018,4,0.303315334094903
19,2019,4,0.0842729827140592
19,2020,4,0.385312077530767
19,2021,4,0.674626630394109
19,2022,4,0.598350704538506
19,2023,4,1.02546756749023
19,2024,4,0.345220857870426
19,1964,5,1.21512262760837
19,1965,5,1.481811983058
19,1966,5,1.66645403791829
19,1967,5,1.75856424180204
19,1968,5,1.70967742369918
19,1969,5,1.68510548374231
19,1970,5,1.68544829659789
19,1971,5,1.79665147486935
19,1972,5,1.68259508893939
19,1973,5,1.80114633904094
19,1974,5,1.70893956804617
19,1975,5,1.76179473618206
19,1976,5,1.63107804462722
19,1977,5,1.74904045049191
19,1978,5,1.7226794471241
19,1979,5,1.73253883898622
19,1980,5,1.79135120572408
19,1981,5,1.6499430223242
19,1982,5,1.58738810222858
19,1983,5,1.67164029636773
19,1984,5,1.0885395159004
19,1985,5,1.42694217468268
19,1986,5,0.893520867978122
19,1987,5,1.12974784763524
19,1988,5,1.35643682451835
19,1989,5,1.57291319830473
19,1990,5,1.64503768575945
19,1991,5,1.29166868488153
19,1992,5,1.03885566125634
19,1993,5,1.50805791035644
19,1994,5,1.5324211025757
19,1995,5,0.86183752489603
19,1996,5,0.477036997611625
19,1997,5,0.501380386466758
19,1998,5,0.494021163925841
19,1999,5,1.2789916903385
19,2000,5,1.28031943312647
19,2001,5,1.41850480827811
19,2002,5,1.0787819130041
19,2003,5,1.10882057931105
19,2004,5,1.77603174372328
19,2005,5,1.73628014304391
19,2006,5,1.36940920010757
19,2007,5,1.46747478629002
19,2008,5,1.28411360552468
19,2009,5,1.3073031204648
19,2010,5,1.66460329184982
19,2011,5,1.25111217557394
19,2012,5,1.34010803599398
19,2013,5,1.42541748499577
19,2014,5,1.27338356098131
19,2015,5,1.51737306483385
19,2016,5,1.66235426339842
19,2017,5,1.52455734214931
19,2018,5,1.47582415791409
19,2019,5,0.525629816459723
19,2020,5,0.929245070967228
19,2021,5,1.19400647567298
19,2022,5,1.1178420087796
19,2023,5,1.67147707570307
19,2024,5,0.986481318675565
19,1964,6,1.27428163830315
19,1965,6,1.5543870392863
19,1966,6,1.78708690202957
19,1967,6,1.72423776884458
19,1968,6,1.64721500776822
19,1969,6,1.62113541945304
19,1970,6,1.65922125809163
19,1971,6,1.73074836592861
19,1972,6,1.68222346286579
19,1973,6,1.8032824684768
19,1974,6,1.6774906763589
19,1975,6,1.6764112751958
19,1976,6,1.64513798116837
19,1977,6,1.73001552243703
19,1978,6,1.68464456424076
19,1979,6,1.74478513264279
19,1980,6,1.73827949799646
19,1981,6,1.75325454817777
19,1982,6,1.72112395905931
19,1983,6,1.79550249473333
19,1984,6,1.5407002435433
19,1985,6,1.69587645862869
19,1986,6,1.30403399914689
19,1987,6,1.50939715234696
19,1988,6,1.58948099966329
19,1989,6,1.7359514758198
19,1990,6,1.72293201150835
19,1991,6,1.66506352811572
19,1992,6,1.51497110494118
19,1993,6,1.58697900665293
19,1994,6,1.69422633646649
19,1995,6,1.56871977484293
19,1996,6,1.11929075646538
19,1997,6,0.989865938150913
19,1998,6,1.02773845230487
19,1999,6,1.67226409120889
19,2000,6,1.72729134450635
19,2001,6,1.91079788593886
19,2002,6,1.76348688841015
19,2003,6,1.63266882411188
19,2004,6,1.7933876942279
19,2005,6,1.905081613174
19,2006,6,1.78224758023769
19,2007,6,1.8156074746147
19,2008,6,1.66682914446092
19,2009,6,1.58412938101424
19,2010,6,1.67176231951902
19,2011,6,1.81497459065483
19,2012,6,1.73853046258467
19,2013,6,1.68292745916157
19,2014,6,1.65233098201442
19,2015,6,1.48813183438407
19,2016,6,1.60542173568723
19,2017,6,1.74870059925626
19,2018,6,1.850743939636
19,2019,6,1.6675854402704
19,2020,6,1.5176593045165
19,2021,6,1.54937923559063
19,2022,6,1.54557003793607
19,2023,6,1.81326567178537
19,2024,6,1.57893673572782
19,1964,7,1.27428163830253
19,1965,7,1.51771745765613
19,1966,7,1.72433468196688
19,1967,7,1.61553348423326
19,1968,7,1.53603443375011
19,1969,7,1.51399819802218
19,1970,7,1.56690079258643
19,1971,7,1.60785194392125
19,1972,7,1.59580728400618
19,1973,7,1.70037271224739
19,1974,7,1.57745114178742
19,1975,7,1.54401049610836
19,1976,7,1.57064065185017
19,1977,7,1.62974307187578
19,1978,7,1.58184485096582
19,1979,7,1.65553600202567
19,1980,7,1.62367202950314
19,1981,7,1.69328385806686
19,1982,7,1.67905909447643
19,1983,7,1.73239866446902
19,1984,7,1.67683765534687
19,1985,7,1.71092270858405
19,1986,7,1.52612117785079
19,1987,7,1.63401221393745
19,1988,7,1.61795020422063
19,1989,7,1.70111429320144
19,1990,7,1.65853220372905
19,1991,7,1.70467248936258
19,1992,7,1.67852535691202
19,1993,7,1.5426277142643
19,1994,7,1.64997382743921
19,1995,7,1.8131503607058
19,1996,7,1.63650423260884
19,1997,7,1.4277567262943
19,1998,7,1.49001314024098
19,1999,7,1.7629774567034
19,2000,7,1.8028629592933
19,2001,7,1.93327257003926
19,2002,7,1.94088440644495
19,2003,7,1.8227271651772
19,2004,7,1.70137872056672
19,2005,7,1.82722065785067
19,2006,7,1.83264650080331
19,2007,7,1.81080240474259
19,2008,7,1.67491806588274
19,2009,7,1.58766277426071
19,2010,7,1.5995471498932
19,2011,7,1.85321775783805
19,2012,7,1.76946172391515
19,2013,7,1.66739970708822
19,2014,7,1.67502278288633
19,2015,7,1.4334815197773
19,2016,7,1.52624227650207
19,2017,7,1.69644065914228
19,2018,7,1.8023094551581
19,2019,7,2.28111201168577
19,2020,7,1.81226156415664
19,2021,7,1.67111820697315
19,2022,7,1.7353184996987
19,2023,7,1.7556841190143
19,2024,7,1.76191641174018
19,1964,8,1.2519923745274
19,1965,8,1.43152936327692
19,1966,8,1.59101835857363
19,1967,8,1.45163443584155
19,1968,8,1.38074791326981
19,1969,8,1.36638076277831
19,1970,8,1.42863146251623
19,1971,8,1.43403049243222
19,1972,8,1.45529438373454
19,1973,8,1.53531257075889
19,1974,8,1.42703352315455
19,1975,8,1.36446346965582
19,1976,8,1.44345693734232
19,1977,8,1.47536925570118
19,1978,8,1.4301488757094
19,1979,8,1.510099413269
19,1980,8,1.45872965710856
19,1981,8,1.56359375620173
19,1982,8,1.56122645276023
19,1983,8,1.59701761674372
19,1984,8,1.64749563727459
19,1985,8,1.61883046562527
19,1986,8,1.58237124604868
19,1987,8,1.61185726686072
19,1988,8,1.54979964030708
19,1989,8,1.58408262579121
19,1990,8,1.53630894134371
19,1991,8,1.62794872551951
19,1992,8,1.66190626164096
19,1993,8,1.46230488647957
19,1994,8,1.552187519179
19,1995,8,1.7889757950027
19,1996,8,1.79685293377072
19,1997,8,1.63861116603991
19,1998,8,1.68587872838233
19,1999,8,1.69791988387349
19,2000,8,1.72068369580213
19,2001,8,1.80099326021516
19,2002,8,1.86852999266463
19,2003,8,1.79581160091889
19,2004,8,1.55802721212966
19,2005,8,1.67356814301583
19,2006,8,1.73292612379804
19,2007,8,1.69362842991112
19,2008,8,1.59678324536288
19,2009,8,1.52318733334924
19,2010,8,1.49328173373603
19,2011,8,1.74723123143566
19,2012,8,1.6760597462088
19,2013,8,1.5778291995226
19,2014,8,1.60000131279965
19,2015,8,1.36072659302667
19,2016,8,1.42084834585605
19,2017,8,1.59580184751883
19,2018,8,1.68254490618099
19,2019,8,2.259573171316
19,2020,8,1.84545605868881
19,2021,8,1.64463787710349
19,2022,8,1.74016613802822
19,2023,8,1.61508685971323
19,2024,8,1.72982520744247
20,1964,3,0.831811499200005
20,1965,3,0.347186126650596
20,1966,3,0.462732810154112
20,1967,3,0.332825346251096
20,1968,3,0.666204459784452
20,1969,3,0.549262108761625
20,1970,3,0.579904203434795
20,1971,3,0.64859547257244
20,1972,3,0.495158280310786
20,1973,3,0.560127858939314
20,1974,3,1.6779627752435
20,1975,3,0.758751250404181
20,1976,3,0.861398848987392
20,1977,3,0.888766128332221
20,1978,3,1.10438234682242
20,1979,3,0.703040259363322
20,1980,3,0.520497292117307
20,1981,3,0.229927957922629
20,1982,3,0.261600975411464
20,1983,3,0.17464616801602
20,1984,3,0.155387394092289
20,1985,3,0.153052862463112
20,1986,3,0.1110500891217
20,1987,3,0.160610950015416
20,1988,3,0.226283849573651
20,1989,3,0.152074247783806
20,1990,3,0.119929076262305
20,1991,3,0.0976809985204727
20,1992,3,0.147549484533748
20,1993,3,0.176367964034567
20,1994,3,0.089293304167964
20,1995,3,0.036958558928989
20,1996,3,0.0249589051340284
20,1997,3,0.0752345662041406
20,1998,3,0.091765341025802
20,1999,3,0.206451508334033
20,2000,3,0.153178859140836
20,2001,3,0.0812711508508001
20,2002,3,0.0846567773406071
20,2003,3,0.151459123950397
20,2004,3,0.165253407472884
20,2005,3,0.128377036502973
20,2006,3,0.14456239979856
20,2007,3,0.139809831343138
20,2008,3,0.0815519271416439
20,2009,3,0.131907362190039
20,2010,3,0.0816407502864481
20,2011,3,0.0545833718549881
20,2012,3,0.131449163635932
20,2013,3,0.124114617417789
20,2014,3,0.0693298958472448
20,2015,3,0.34707083051908
20,2016,3,0.123945557090354
20,2017,3,0.036201876181136
20,2018,3,0.0164386240002658
20,2019,3,0.0140995276795559
20,2020,3,0.127310518417417
20,2021,3,0.270538295587363
20,2022,3,0.20475814594895
20,2023,3,0.183399816031817
20,2024,3,0.0486532026711919
20,1964,4,1.17250256364837
20,1965,4,1.20273846304865
20,1966,4,1.0502837906431
20,1967,4,0.792074108071293
20,1968,4,1.43644996708866
20,1969,4,1.23864562610052
20,1970,4,1.18479907718762
20,1971,4,1.29070550682132
20,1972,4,1.17198683509414
20,1973,4,1.42642718655477
20,1974,4,1.85683171164605
20,1975,4,1.53444358864155
20,1976,4,1.55887335939751
20,1977,4,1.62436113166161
20,1978,4,1.75087541404591
20,1979,4,1.58047260458343
20,1980,4,1.37083540733177
20,1981,4,0.739244582143528
20,1982,4,0.980996962808447
20,1983,4,0.661702074853789
20,1984,4,0.469282646669523
20,1985,4,0.439273815224348
20,1986,4,0.387444539558551
20,1987,4,0.529554206189278
20,1988,4,0.574065004240066
20,1989,4,0.404406203812837
20,1990,4,0.46053989379668
20,1991,4,0.42126137907296
20,1992,4,0.424308174246656
20,1993,4,0.860420641704403
20,1994,4,0.593920137676071
20,1995,4,0.200650874055129
20,1996,4,0.0804275474173756
20,1997,4,0.237673756154601
20,1998,4,0.266625046476276
20,1999,4,0.582680632440931
20,2000,4,0.751797573468025
20,2001,4,0.409784808852908
20,2002,4,0.387618000393557
20,2003,4,0.490203072968631
20,2004,4,0.954065493966583
20,2005,4,0.81161164922444
20,2006,4,0.545267864778646
20,2007,4,0.754404956873867
20,2008,4,0.435343775607119
20,2009,4,0.79346356709156
20,2010,4,0.728922932661341
20,2011,4,0.352698940886087
20,2012,4,0.580367258347655
20,2013,4,0.804880543846351
20,2014,4,0.37225144241547
20,2015,4,1.47895915501299
20,2016,4,1.82739535788441
20,2017,4,0.37414382270052
20,2018,4,0.241197704229299
20,2019,4,0.079862990703364
20,2020,4,0.396518491737395
20,2021,4,0.602075163039482
20,2022,4,0.546257161985855
20,2023,4,0.68185756527222
20,2024,4,0.207051296842055
20,1964,5,1.25675644626107
20,1965,5,1.66566848817777
20,1966,5,1.50366805052361
20,1967,5,1.2950720819853
20,1968,5,1.77484908110457
20,1969,5,1.65402448320808
20,1970,5,1.55819718988102
20,1971,5,1.64420816192477
20,1972,5,1.59526448106839
20,1973,5,1.71053270178665
20,1974,5,1.79018709310664
20,1975,5,1.66454060211775
20,1976,5,1.70058648483108
20,1977,5,1.73768043837864
20,1978,5,1.76805129118319
20,1979,5,1.74801951103441
20,1980,5,1.71833868902831
20,1981,5,1.39173171904184
20,1982,5,1.65064249132816
20,1983,5,1.38367905354986
20,1984,5,1.02607680484316
20,1985,5,0.953160779027024
20,1986,5,0.970751556583533
20,1987,5,1.16533332929959
20,1988,5,1.07777627398072
20,1989,5,0.85166870047812
20,1990,5,1.12989923434121
20,1991,5,1.07773922758542
20,1992,5,0.908187273666019
20,1993,5,1.49065599637028
20,1994,5,1.52283077067278
20,1995,5,0.801626933127548
20,1996,5,0.243262998596233
20,1997,5,0.627873482410991
20,1998,5,0.649568678276942
20,1999,5,1.13363278638103
20,2000,5,1.57050967862219
20,2001,5,1.1943370952943
20,2002,5,1.15420352536318
20,2003,5,1.10370003625384
20,2004,5,1.6910524621271
20,2005,5,1.79921239546308
20,2006,5,1.24704924041007
20,2007,5,1.47728894629985
20,2008,5,1.20523428784791
20,2009,5,1.46736201099388
20,2010,5,1.52997586753561
20,2011,5,1.24363555152369
20,2012,5,1.30704126441894
20,2013,5,1.56359969586231
20,2014,5,1.12978833231968
20,2015,5,1.53748501032134
20,2016,5,1.86530522873068
20,2017,5,1.48994627357153
20,2018,5,1.43642860222599
20,2019,5,0.410480893647059
20,2020,5,0.963456435746715
20,2021,5,1.0661172652272
20,2022,5,1.09540533838729
20,2023,5,1.47512962058827
20,2024,5,0.693649543178079
20,1964,6,1.25675644626108
20,1965,6,1.69494733185538
20,1966,6,1.64737456799386
20,1967,6,1.56057770460824
20,1968,6,1.79169814373901
20,1969,6,1.73256043921887
20,1970,6,1.64721109359202
20,1971,6,1.70853407149793
20,1972,6,1.67890541101123
20,1973,6,1.69353197570545
20,1974,6,1.67075993198554
20,1975,6,1.6182514819548
20,1976,6,1.65691783367901
20,1977,6,1.68011418568791
20,1978,6,1.68427674669343
20,1979,6,1.69751058265511
20,1980,6,1.72153898677356
20,1981,6,1.6874874459121
20,1982,6,1.79382497454786
20,1983,6,1.71316558746324
20,1984,6,1.49625242846661
20,1985,6,1.43073056195061
20,1986,6,1.51505467961327
20,1987,6,1.6152476257303
20,1988,6,1.46061295948342
20,1989,6,1.30535347076976
20,1990,6,1.6056268001094
20,1991,6,1.49582609539158
20,1992,6,1.33631033814863
20,1993,6,1.58814965178639
20,1994,6,1.79472831432405
20,1995,6,1.615870874187
20,1996,6,0.62337281601298
20,1997,6,1.18768638792882
20,1998,6,1.16646688936199
20,1999,6,1.50339828095406
20,2000,6,1.79959319873412
20,2001,6,1.71242551256334
20,2002,6,1.80518588659232
20,2003,6,1.589392808969
20,2004,6,1.77173861434398
20,2005,6,2.00254941449163
20,2006,6,1.66851896872507
20,2007,6,1.621969810636
20,2008,6,1.60836686800033
20,2009,6,1.5608795518689
20,2010,6,1.61438082936852
20,2011,6,1.83339987137781
20,2012,6,1.61839518805512
20,2013,6,1.6679076833343
20,2014,6,1.62347680611281
20,2015,6,1.49355263453724
20,2016,6,1.77859687904143
20,2017,6,1.91747791136635
20,2018,6,2.01303143117512
20,2019,6,1.43858378908656
20,2020,6,1.59339312553117
20,2021,6,1.46171491535667
20,2022,6,1.56061613992783
20,2023,6,1.88805902902363
20,2024,6,1.39969758850677
20,1964,7,1.23534745238393
20,1965,7,1.62074630976562
20,1966,7,1.62821215646806
20,1967,7,1.61728951348142
20,1968,7,1.69378916659109
20,1969,7,1.67107279134945
20,1970,7,1.60530833902314
20,1971,7,1.64608626752978
20,1972,7,1.62715760106056
20,1973,7,1.6023609252189
20,1974,7,1.50300495083251
20,1975,7,1.52633390482047
20,1976,7,1.55586843941754
20,1977,7,1.56915383516277
20,1978,7,1.55603761551785
20,1979,7,1.59112551607195
20,1980,7,1.63277345727595
20,1981,7,1.71345231705386
20,1982,7,1.73797481184242
20,1983,7,1.73694273630232
20,1984,7,1.67633984524979
20,1985,7,1.64752832597918
20,1986,7,1.7201872604836
20,1987,7,1.73758334689047
20,1988,7,1.61056060427488
20,1989,7,1.55260444989423
20,1990,7,1.71897703747747
20,1991,7,1.57843133932577
20,1992,7,1.52281060798513
20,1993,7,1.54771724902695
20,1994,7,1.7590238818607
20,1995,7,1.90909094372238
20,1996,7,1.17520335732076
20,1997,7,1.58362707057281
20,1998,7,1.53497746964386
20,1999,7,1.61462781852888
20,2000,7,1.76182939944174
20,2001,7,1.78978278399969
20,2002,7,1.95964057492261
20,2003,7,1.74731921530354
20,2004,7,1.69827368000193
20,2005,7,1.91928201529852
20,2006,7,1.74337331494234
20,2007,7,1.58637980642759
20,2008,7,1.64783102079296
20,2009,7,1.5227675375555
20,2010,7,1.5656268388411
20,2011,7,1.88964220428611
20,2012,7,1.63706889006423
20,2013,7,1.6154003131514
20,2014,7,1.69577665274144
20,2015,7,1.43244578186663
20,2016,7,1.65343362967014
20,2017,7,1.88014888826548
20,2018,7,1.97129086875938
20,2019,7,2.5090289772515
20,2020,7,1.91838393866306
20,2021,7,1.66178355297044
20,2022,7,1.75832774516965
20,2023,7,1.92758608689804
20,2024,7,1.76603845090001
20,1964,8,1.20515008406377
20,1965,8,1.49897560272313
20,1966,8,1.52938992843149
20,1967,8,1.56418311079916
20,1968,8,1.52418702774665
20,1969,8,1.53523911035052
20,1970,8,1.49431990566901
20,1971,8,1.51063745804288
20,1972,8,1.50978274048456
20,1973,8,1.4642846673965
20,1974,8,1.28785245688833
20,1975,8,1.39713999698474
20,1976,8,1.40957996458637
20,1977,8,1.41202764070931
20,1978,8,1.38223697016279
20,1979,8,1.43914665837954
20,1980,8,1.49114086869217
20,1981,8,1.62665944152388
20,1982,8,1.60461913547626
20,1983,8,1.64567577127326
20,1984,8,1.67120014083901
20,1985,8,1.66937155571366
20,1986,8,1.71242058677384
20,1987,8,1.69102946546547
20,1988,8,1.60835134698536
20,1989,8,1.61281645557951
20,1990,8,1.66928845354179
20,1991,8,1.54316020365765
20,1992,8,1.54796012694094
20,1993,8,1.46930531283216
20,1994,8,1.64324796909231
20,1995,8,1.87836265970173
20,1996,8,1.58990960721398
20,1997,8,1.71388803869577
20,1998,8,1.66823758103731
20,1999,8,1.58825606095871
20,2000,8,1.63908505588537
20,2001,8,1.71023807700819
20,2002,8,1.87558869018555
20,2003,8,1.71624810139444
20,2004,8,1.57025956488638
20,2005,8,1.73700632463153
20,2006,8,1.67314742136558
20,2007,8,1.50442393046983
20,2008,8,1.58427806751386
20,2009,8,1.45334728889634
20,2010,8,1.48569591123936
20,2011,8,1.78131279830857
20,2012,8,1.56632791455302
20,2013,8,1.52007040372048
20,2014,8,1.63359549918163
20,2015,8,1.35270418608941
20,2016,8,1.48401363671963
20,2017,8,1.74297250723566
20,2018,8,1.81604980897484
20,2019,8,2.75329547148391
20,2020,8,1.95339230297099
20,2021,8,1.69324980797889
20,2022,8,1.75735100207774
20,2023,8,1.80096647082691
20,2024,8,1.8083403616663
21,1964,3,0.752543791034509
21,1965,3,0.488780460368761
21,1966,3,0.513049323161271
21,1967,3,0.420304514361454
21,1968,3,0.720242783502958
21,1969,3,0.970240154652851
21,1970,3,0.645937086536799
21,1971,3,0.6452153719333
21,1972,3,0.696887770987093
21,1973,3,0.684297369776052
21,1974,3,1.17141026353462
21,1975,3,0.919316239843676
21,1976,3,0.916134636139335
21,1977,3,0.756701101008027
21,1978,3,1.13233186406838
21,1979,3,0.959753446407371
21,1980,3,0.496414673726589
21,1981,3,0.169714189510309
21,1982,3,0.14632979389682
21,1983,3,0.0887980969096148
21,1984,3,0.0995562699142469
21,1985,3,0.281878904009471
21,1986,3,0.40213576220373
21,1987,3,0.341514506918795
21,1988,3,0.130241234121184
21,1989,3,0.166118747961022
21,1990,3,0.223498277825346
21,1991,3,0.091713763064407
21,1992,3,0.149595723874538
21,1993,3,0.209356164589101
21,1994,3,0.108776567505591
21,1995,3,0.0523495464934058
21,1996,3,0.028341654459785
21,1997,3,0.0399338146769394
21,1998,3,0.100441657813638
21,1999,3,0.156517163431018
21,2000,3,0.130703772916738
21,2001,3,0.127794781637918
21,2002,3,0.0835216313587011
21,2003,3,0.132353566291128
21,2004,3,0.130638218063236
21,2005,3,0.0885939111410703
21,2006,3,0.107304519961799
21,2007,3,0.107388202603914
21,2008,3,0.0682662412948098
21,2009,3,0.105620551780129
21,2010,3,0.103650491104769
21,2011,3,0.0603278509828284
21,2012,3,0.0887556183208114
21,2013,3,0.122273129586337
21,2014,3,0.0793109817531067
21,2015,3,0.348008428861036
21,2016,3,0.0658216888552475
21,2017,3,0.0355506981458241
21,2018,3,0.0206747540062456
21,2019,3,0.0119427050132824
21,2020,3,0.199711556087216
21,2021,3,0.417175800344144
21,2022,3,0.259033109823493
21,2023,3,0.162128792952416
21,2024,3,0.0783565302270048
21,1964,4,1.17024011053416
21,1965,4,1.2103459486209
21,1966,4,1.29270395928988
21,1967,4,1.04523463341554
21,1968,4,1.49437686539635
21,1969,4,1.6118013084351
21,1970,4,1.42214957401832
21,1971,4,1.39454654298052
21,1972,4,1.42784908768099
21,1973,4,1.44226369346742
21,1974,4,1.62384583163189
21,1975,4,1.68152660904697
21,1976,4,1.69707493644524
21,1977,4,1.67208082970943
21,1978,4,1.65069903663987
21,1979,4,1.68004990382782
21,1980,4,1.30751179030936
21,1981,4,0.628029362543783
21,1982,4,0.48837258169518
21,1983,4,0.414320579553891
21,1984,4,0.388824585355931
21,1985,4,0.926006235461594
21,1986,4,1.23525563959332
21,1987,4,1.00259524664823
21,1988,4,0.477112003909675
21,1989,4,0.611392318460914
21,1990,4,0.841653278809302
21,1991,4,0.339357713297403
21,1992,4,0.475902656574536
21,1993,4,0.990539366073237
21,1994,4,0.604080847454702
21,1995,4,0.268350559071405
21,1996,4,0.110031315244612
21,1997,4,0.123580844267092
21,1998,4,0.300834579776289
21,1999,4,0.443096425313313
21,2000,4,0.475017977270389
21,2001,4,0.786293041599053
21,2002,4,0.35746565819667
21,2003,4,0.496433807089503
21,2004,4,0.832514230392858
21,2005,4,0.595109279915772
21,2006,4,0.526330664341277
21,2007,4,0.774100104516835
21,2008,4,0.467160936770719
21,2009,4,0.576999116809952
21,2010,4,0.868695407126733
21,2011,4,0.390375097797522
21,2012,4,0.542139045569063
21,2013,4,0.69307857914336
21,2014,4,0.49095938158637
21,2015,4,1.42814537940165
21,2016,4,1.46406795984256
21,2017,4,0.383076229950408
21,2018,4,0.313109461109454
21,2019,4,0.0802297435801264
21,2020,4,0.681023897196376
21,2021,4,1.01140544928191
21,2022,4,0.72754084447475
21,2023,4,0.604396531517712
21,2024,4,0.310175773023312
21,1964,5,1.26795521248295
21,1965,5,1.55285709788102
21,1966,5,1.70689312120032
21,1967,5,1.53919801237742
21,1968,5,1.75710630354233
21,1969,5,1.73060572590446
21,1970,5,1.69393461843975
21,1971,5,1.68622768438566
21,1972,5,1.69806855834372
21,1973,5,1.7174882749336
21,1974,5,1.65937565591184
21,1975,5,1.75471203219719
21,1976,5,1.77637111147402
21,1977,5,1.80203613963725
21,1978,5,1.66885178522037
21,1979,5,1.75539781338675
21,1980,5,1.72207289665294
21,1981,5,1.34929161123789
21,1982,5,1.11342061035615
21,1983,5,1.17605088555207
21,1984,5,1.02825958523039
21,1985,5,1.55066268499815
21,1986,5,1.66411240005452
21,1987,5,1.52113108134125
21,1988,5,1.12875388674229
21,1989,5,1.29932373828697
21,1990,5,1.50836012189154
21,1991,5,0.889305161404565
21,1992,5,1.02795170117177
21,1993,5,1.47703191400391
21,1994,5,1.47681245087151
21,1995,5,0.938186343166054
21,1996,5,0.380146543109014
21,1997,5,0.348995144351531
21,1998,5,0.730367363390442
21,1999,5,0.938903316034667
21,2000,5,1.10599584162228
21,2001,5,1.7176422179623
21,2002,5,1.05034338862031
21,2003,5,1.24479861652171
21,2004,5,1.65321663111503
21,2005,5,1.60362865277004
21,2006,5,1.33558347724371
21,2007,5,1.7359178436229
21,2008,5,1.35150859369296
21,2009,5,1.34876101001063
21,2010,5,1.59245281126147
21,2011,5,1.3478448190358
21,2012,5,1.40726244404071
21,2013,5,1.45847473929432
21,2014,5,1.3079226537085
21,2015,5,1.48496449986232
21,2016,5,1.66204181354144
21,2017,5,1.50079777823734
21,2018,5,1.71299602634787
21,2019,5,0.478820084955713
21,2020,5,1.48968895953367
21,2021,5,1.47676683599628
21,2022,5,1.37186638067886
21,2023,5,1.37730617756083
21,2024,5,0.897927119897661
21,1964,6,1.26795521248293
21,1965,6,1.58477660850635
21,1966,6,1.75137684073828
21,1967,6,1.68297270614979
21,1968,6,1.74333099853226
21,1969,6,1.67903016856709
21,1970,6,1.68668676120968
21,1971,6,1.69111257326866
21,1972,6,1.69733466866072
21,1973,6,1.71317478676847
21,1974,6,1.59459211901277
21,1975,6,1.68477952540864
21,1976,6,1.70470541928329
21,1977,6,1.73575173968705
21,1978,6,1.59875707122267
21,1979,6,1.68628585216672
21,1980,6,1.75672421921293
21,1981,6,1.72279635887514
21,1982,6,1.59414943070036
21,1983,6,1.72211497670283
21,1984,6,1.57381340193305
21,1985,6,1.72624261466592
21,1986,6,1.69322999410719
21,1987,6,1.64150370860471
21,1988,6,1.58822287354966
21,1989,6,1.6491369062399
21,1990,6,1.69475941414916
21,1991,6,1.40526636415824
21,1992,6,1.42813385517536
21,1993,6,1.51354033890095
21,1994,6,1.78383752224197
21,1995,6,1.63804578806353
21,1996,6,0.962101084149459
21,1997,6,0.797200958237212
21,1998,6,1.25729660949589
21,1999,6,1.37885802283542
21,2000,6,1.53817276487856
21,2001,6,1.91318575592107
21,2002,6,1.70725964541633
21,2003,6,1.8386685615091
21,2004,6,1.7741765495771
21,2005,6,1.92828313793022
21,2006,6,1.72784046325024
21,2007,6,1.90112771930344
21,2008,6,1.68632245679211
21,2009,6,1.60223413860146
21,2010,6,1.63840144150249
21,2011,6,1.94677603952301
21,2012,6,1.71116090801384
21,2013,6,1.63411142640868
21,2014,6,1.61034479505205
21,2015,6,1.44745411487537
21,2016,6,1.6084218939537
21,2017,6,1.88858111860463
21,2018,6,2.24964669394068
21,2019,6,1.72847594530994
21,2020,6,2.00903689450241
21,2021,6,1.61668931397565
21,2022,6,1.76248305001491
21,2023,6,1.84531057891396
21,2024,6,1.53672654265074
21,1964,7,1.24733730708184
21,1965,7,1.52816960789706
21,1966,7,1.67220328797954
21,1967,7,1.65511287345773
21,1968,7,1.64106706957588
21,1969,7,1.56756605853603
21,1970,7,1.59826666687341
21,1971,7,1.6062897986864
21,1972,7,1.60854378557504
21,1973,7,1.6205149077042
21,1974,7,1.48703457031301
21,1975,7,1.56764522144921
21,1976,7,1.58310527226304
21,1977,7,1.6149106372014
21,1978,7,1.49120957889145
21,1979,7,1.56781175732746
21,1980,7,1.673025556235
21,1981,7,1.767604421498
21,1982,7,1.74023513771111
21,1983,7,1.82386229701414
21,1984,7,1.73769668117467
21,1985,7,1.69514931835259
21,1986,7,1.61884997500645
21,1987,7,1.60555727115721
21,1988,7,1.70230329827525
21,1989,7,1.69357606886971
21,1990,7,1.66749165838012
21,1991,7,1.59493350383902
21,1992,7,1.55299644379415
21,1993,7,1.4711718181958
21,1994,7,1.76577303390588
21,1995,7,1.83692246996512
21,1996,7,1.53529484837246
21,1997,7,1.31539430436103
21,1998,7,1.58057883336236
21,1999,7,1.57192726868847
21,2000,7,1.64459872974941
21,2001,7,1.84327279478932
21,2002,7,1.90594608212623
21,2003,7,1.99619743057993
21,2004,7,1.70877185084799
21,2005,7,1.88520329612524
21,2006,7,1.75327228504978
21,2007,7,1.82371524570073
21,2008,7,1.67995243072502
21,2009,7,1.59554949154479
21,2010,7,1.57934172421782
21,2011,7,1.9881847174715
21,2012,7,1.69832964424974
21,2013,7,1.60308595727472
21,2014,7,1.61059572418421
21,2015,7,1.3960875249632
21,2016,7,1.53151905676294
21,2017,7,1.84648702378735
21,2018,7,2.16168068031245
21,2019,7,2.74277932418065
21,2020,7,2.10584657693052
21,2021,7,1.59728918580777
21,2022,7,1.85030829597267
21,2023,7,1.92058332007283
21,2024,7,1.78979079541554
21,1964,8,1.21912117468356
21,1965,8,1.43094926389563
21,1966,8,1.52761883879136
21,1967,8,1.54749799593057
21,1968,8,1.47934567668884
21,1969,8,1.40646151782624
21,1970,8,1.45935484814963
21,1971,8,1.46771931163092
21,1972,8,1.46450809706659
21,1973,8,1.47176920207588
21,1974,8,1.33927671621212
21,1975,8,1.40551507816129
21,1976,8,1.41415806643762
21,1977,8,1.44470426535249
21,1978,8,1.34599252586246
21,1979,8,1.40309603182163
21,1980,8,1.52630532753343
21,1981,8,1.67916943285084
21,1982,8,1.70382109835313
21,1983,8,1.74676366446395
21,1984,8,1.70458081988972
21,1985,8,1.58322611495085
21,1986,8,1.49489479816553
21,1987,8,1.50841452759934
21,1988,8,1.65675447790139
21,1989,8,1.62041976615373
21,1990,8,1.56660263747723
21,1991,8,1.5988467667748
21,1992,8,1.54141306878123
21,1993,8,1.40533880368885
21,1994,8,1.65411927927815
21,1995,8,1.78988921886877
21,1996,8,1.76595658238529
21,1997,8,1.62764562607982
21,1998,8,1.67078239664604
21,1999,8,1.59353002048209
21,2000,8,1.60677983796719
21,2001,8,1.68731062109045
21,2002,8,1.85271373947983
21,2003,8,1.9119203125378
21,2004,8,1.58593970236203
21,2005,8,1.73662869830915
21,2006,8,1.66157353597524
21,2007,8,1.67030501519391
21,2008,8,1.59510506185562
21,2009,8,1.52567767483902
21,2010,8,1.48842673833952
21,2011,8,1.85169715057105
21,2012,8,1.60533866704443
21,2013,8,1.52082608262603
21,2014,8,1.54191694385112
21,2015,8,1.33002613875827
21,2016,8,1.42841436515907
21,2017,8,1.71542016233178
21,2018,8,1.93477297740479
21,2019,8,2.81587282081049
21,2020,8,1.96739969918557
21,2021,8,1.50685335669371
21,2022,8,1.76715244885585
21,2023,8,1.81323084969622
21,2024,8,1.78423489897271
22,1964,3,0.876420766113379
22,1965,3,0.519932665633123
22,1966,3,0.68077467085091
22,1967,3,0.569109183218879
22,1968,3,0.510118542644188
22,1969,3,0.88285274480393
22,1970,3,0.548302577241749
22,1971,3,0.457617866705582
22,1972,3,0.370437594774646
22,1973,3,0.661353905166723
22,1974,3,1.12388196222314
22,1975,3,1.3073850364963
22,1976,3,0.801626364273168
22,1977,3,0.876713599753188
22,1978,3,0.97169467657832
22,1979,3,0.622393665591988
22,1980,3,0.421631122122246
22,1981,3,0.197483288845147
22,1982,3,0.163126796159122
22,1983,3,0.225736455460794
22,1984,3,0.398318016452707
22,1985,3,0.299610086466449
22,1986,3,0.127480596388858
22,1987,3,0.255776237327321
22,1988,3,0.106604488429554
22,1989,3,0.171239318883113
22,1990,3,0.0542335945634137
22,1991,3,0.123449566434547
22,1992,3,0.228760443669709
22,1993,3,0.374854258880605
22,1994,3,0.115763411520787
22,1995,3,0.0409152083101243
22,1996,3,0.0250471263690478
22,1997,3,0.0609166216675769
22,1998,3,0.0774629552729198
22,1999,3,0.213479627476606
22,2000,3,0.117136530327184
22,2001,3,0.0772082722557008
22,2002,3,0.103003278999961
22,2003,3,0.122993232602527
22,2004,3,0.202905081680662
22,2005,3,0.0878927682574064
22,2006,3,0.087147013525209
22,2007,3,0.0839755827365611
22,2008,3,0.0927898932366828
22,2009,3,0.105350719881135
22,2010,3,0.103154417333263
22,2011,3,0.0655305011104992
22,2012,3,0.10869910735406
22,2013,3,0.110080710800728
22,2014,3,0.108228931826276
22,2015,3,0.330613797434145
22,2016,3,0.0885238349690499
22,2017,3,0.0304134368598057
22,2018,3,0.0225521609123229
22,2019,3,0.0115771382004872
22,2020,3,0.145424185605511
22,2021,3,0.383962772176486
22,2022,3,0.265015043341933
22,2023,3,0.233510522696389
22,2024,3,0.12500608561545
22,1964,4,1.16611947459807
22,1965,4,1.13007477967423
22,1966,4,1.58799758676471
22,1967,4,1.35478747679854
22,1968,4,1.41072805621447
22,1969,4,1.62900548557128
22,1970,4,1.33269099239577
22,1971,4,1.04745700782404
22,1972,4,1.0329424135739
22,1973,4,1.43718037073851
22,1974,4,1.73325050916265
22,1975,4,1.69280748409121
22,1976,4,1.47108242580908
22,1977,4,1.58163736871256
22,1978,4,1.69879608037378
22,1979,4,1.52317492626534
22,1980,4,1.26977647072773
22,1981,4,0.682156615676263
22,1982,4,0.637954657375327
22,1983,4,0.719756770159156
22,1984,4,1.10803228365979
22,1985,4,0.920235441836741
22,1986,4,0.524759704989931
22,1987,4,0.790357695343402
22,1988,4,0.55925312836992
22,1989,4,0.593180234292481
22,1990,4,0.276313080807204
22,1991,4,0.454043957793427
22,1992,4,0.816710760697536
22,1993,4,1.26269945743282
22,1994,4,0.62624487121325
22,1995,4,0.176873309552357
22,1996,4,0.101878613635698
22,1997,4,0.187843312727294
22,1998,4,0.23787152415896
22,1999,4,0.606730119014742
22,2000,4,0.483503553191775
22,2001,4,0.374233872801223
22,2002,4,0.432301501213882
22,2003,4,0.514604093057795
22,2004,4,1.17845902537479
22,2005,4,0.545410312567199
22,2006,4,0.464362867371176
22,2007,4,0.51954741054209
22,2008,4,0.467622430288142
22,2009,4,0.71964585189019
22,2010,4,0.795341786466855
22,2011,4,0.386005759226544
22,2012,4,0.535245569625513
22,2013,4,0.660900791187737
22,2014,4,0.682077159438837
22,2015,4,1.38084786746247
22,2016,4,1.59698884946498
22,2017,4,0.379765413272775
22,2018,4,0.316690891513961
22,2019,4,0.0800121163882277
22,2020,4,0.461829519732682
22,2021,4,0.945988688069135
22,2022,4,0.70350259626898
22,2023,4,0.772521825530597
22,2024,4,0.452656292935532
22,1964,5,1.2393008254491
22,1965,5,1.50008445352215
22,1966,5,1.86292827916733
22,1967,5,1.69723144069607
22,1968,5,1.78191078522229
22,1969,5,1.80491329434959
22,1970,5,1.68927537110035
22,1971,5,1.50820113616916
22,1972,5,1.56887170328382
22,1973,5,1.68000349130091
22,1974,5,1.76500140001315
22,1975,5,1.7010053350001
22,1976,5,1.66506278477431
22,1977,5,1.72597665131805
22,1978,5,1.74542511429574
22,1979,5,1.76473250748925
22,1980,5,1.74174718015342
22,1981,5,1.3815974584187
22,1982,5,1.39278452246111
22,1983,5,1.37151124784916
22,1984,5,1.62564699382076
22,1985,5,1.52765070669429
22,1986,5,1.2581050869796
22,1987,5,1.41405593615667
22,1988,5,1.41938616006374
22,1989,5,1.26293415516566
22,1990,5,0.935956600157207
22,1991,5,1.07754850869647
22,1992,5,1.42372557008022
22,1993,5,1.56303121418698
22,1994,5,1.53325048878332
22,1995,5,0.627263452596868
22,1996,5,0.37177050212547
22,1997,5,0.50671443609258
22,1998,5,0.613729759407942
22,1999,5,1.16159625115832
22,2000,5,1.17857021145161
22,2001,5,1.14851108830571
22,2002,5,1.14692227542042
22,2003,5,1.31639663123701
22,2004,5,1.71457023889363
22,2005,5,1.54054424306326
22,2006,5,1.29286693749515
22,2007,5,1.43473809508639
22,2008,5,1.25811586936986
22,2009,5,1.5388998218915
22,2010,5,1.54949450157579
22,2011,5,1.20588111348208
22,2012,5,1.27543145302508
22,2013,5,1.4628802303191
22,2014,5,1.45275751295492
22,2015,5,1.49072718048441
22,2016,5,1.71135809987845
22,2017,5,1.70196680950468
22,2018,5,1.78173332352204
22,2019,5,0.488188103087641
22,2020,5,1.07843067522069
22,2021,5,1.38769182489381
22,2022,5,1.2551076315463
22,2023,5,1.51725277217379
22,2024,5,1.10579342850438
22,1964,6,1.23930082544897
22,1965,6,1.5809975701459
22,1966,6,1.82851215814473
22,1967,6,1.71314761421244
22,1968,6,1.78058672932195
22,1969,6,1.75860982332138
22,1970,6,1.71064260392984
22,1971,6,1.65549312785977
22,1972,6,1.70730890054776
22,1973,6,1.66396431887518
22,1974,6,1.68455627949381
22,1975,6,1.62201928030153
22,1976,6,1.64494635821763
22,1977,6,1.68005034175992
22,1978,6,1.67131948538657
22,1979,6,1.72921846532879
22,1980,6,1.78220833699532
22,1981,6,1.72817417971873
22,1982,6,1.76025565070163
22,1983,6,1.68436186561266
22,1984,6,1.7349957774288
22,1985,6,1.71780460061636
22,1986,6,1.68218456623977
22,1987,6,1.67174045253294
22,1988,6,1.78787362750835
22,1989,6,1.64911178265254
22,1990,6,1.57540015654642
22,1991,6,1.51843016140481
22,1992,6,1.59707143323969
22,1993,6,1.55350368445228
22,1994,6,1.86625719773026
22,1995,6,1.3905692574784
22,1996,6,0.995876632505531
22,1997,6,1.03849987900428
22,1998,6,1.14963269930897
22,1999,6,1.50914583181784
22,2000,6,1.59863175300197
22,2001,6,1.78260883611645
22,2002,6,1.67465909976907
22,2003,6,1.85243479548696
22,2004,6,1.71446893480574
22,2005,6,1.95258437278913
22,2006,6,1.73149472701229
22,2007,6,1.79852952975287
22,2008,6,1.68359761039413
22,2009,6,1.68071617163613
22,2010,6,1.62718500184373
22,2011,6,1.68807372042072
22,2012,6,1.58105675168594
22,2013,6,1.65529262958693
22,2014,6,1.60737228312245
22,2015,6,1.45623372881223
22,2016,6,1.64876300788722
22,2017,6,2.16994239581687
22,2018,6,2.44969972850844
22,2019,6,1.75126937172794
22,2020,6,1.65093713553934
22,2021,6,1.52182927506205
22,2022,6,1.56937599414337
22,2023,6,1.8798842812372
22,2024,6,1.62447505922231
22,1964,7,1.21896481735781
22,1965,7,1.5438516715656
22,1966,7,1.70348101717256
22,1967,7,1.62955926718256
22,1968,7,1.68006838714272
22,1969,7,1.63676848514567
22,1970,7,1.62963694984664
22,1971,7,1.63658475811979
22,1972,7,1.66990463774484
22,1973,7,1.57615397697887
22,1974,7,1.55652405937171
22,1975,7,1.49801090033102
22,1976,7,1.55585797110008
22,1977,7,1.57347466222068
22,1978,7,1.55368536551364
22,1979,7,1.62413662094456
22,1980,7,1.69642114811884
22,1981,7,1.76637509765569
22,1982,7,1.79123027182679
22,1983,7,1.71992711964104
22,1984,7,1.68216791775437
22,1985,7,1.6961351331013
22,1986,7,1.74524130604946
22,1987,7,1.68511316900192
22,1988,7,1.79138980648952
22,1989,7,1.71883316220208
22,1990,7,1.74597700356255
22,1991,7,1.63160344518306
22,1992,7,1.58076977361958
22,1993,7,1.49181708082475
22,1994,7,1.84526819302582
22,1995,7,1.86085498768593
22,1996,7,1.64150419744656
22,1997,7,1.51141706293811
22,1998,7,1.5371926081227
22,1999,7,1.60297560121763
22,2000,7,1.67174780964099
22,2001,7,1.91743660508623
22,2002,7,1.79256630340204
22,2003,7,1.94561969764999
22,2004,7,1.63170267707959
22,2005,7,1.93417620026702
22,2006,7,1.76645835802568
22,2007,7,1.78893841522522
22,2008,7,1.72562409297307
22,2009,7,1.63333899037758
22,2010,7,1.57547132907001
22,2011,7,1.7360257553309
22,2012,7,1.59671453263925
22,2013,7,1.62399340421014
22,2014,7,1.5741921232584
22,2015,7,1.40506372160139
22,2016,7,1.5597599036776
22,2017,7,2.09222979933589
22,2018,7,2.35284692394348
22,2019,7,2.71421596858873
22,2020,7,1.88132836570874
22,2021,7,1.51221874752697
22,2022,7,1.64249595082467
22,2023,7,1.90913244916739
22,2024,7,1.77545613117898
22,1964,8,1.18995424814003
22,1965,8,1.45181805509526
22,1966,8,1.512291153882
22,1967,8,1.4897747538436
22,1968,8,1.51994661281194
22,1969,8,1.45517105932645
22,1970,8,1.49240630152763
22,1971,8,1.53626771875482
22,1972,8,1.55623126204473
22,1973,8,1.44215126171943
22,1974,8,1.3814137556367
22,1975,8,1.3298537483594
22,1976,8,1.41952572223115
22,1977,8,1.41855722173219
22,1978,8,1.39273557892202
22,1979,8,1.46880177526818
22,1980,8,1.54655909723933
22,1981,8,1.67476037573026
22,1982,8,1.69173631001767
22,1983,8,1.6363767490056
22,1984,8,1.55611661415608
22,1985,8,1.58778329578204
22,1986,8,1.66957963159333
22,1987,8,1.59768701154243
22,1988,8,1.682833649857
22,1989,8,1.65156641355551
22,1990,8,1.70653355275863
22,1991,8,1.59873830984255
22,1992,8,1.50334480294711
22,1993,8,1.40320278708673
22,1994,8,1.71347409560718
22,1995,8,1.9369828117929
22,1996,8,1.89774993022233
22,1997,8,1.72325599422271
22,1998,8,1.67396971403188
22,1999,8,1.57021299427172
22,2000,8,1.6148543954259
22,2001,8,1.83317790385377
22,2002,8,1.72922840594346
22,2003,8,1.84024991789576
22,2004,8,1.50796787272457
22,2005,8,1.78460669982848
22,2006,8,1.67630804566706
22,2007,8,1.67746121955195
22,2008,8,1.64647389412869
22,2009,8,1.53844032313204
22,2010,8,1.49014297368548
22,2011,8,1.65760620626051
22,2012,8,1.53434919862495
22,2013,8,1.53806313450953
22,2014,8,1.49819374059669
22,2015,8,1.33863551272007
22,2016,8,1.44009311947708
22,2017,8,1.88535321967578
22,2018,8,2.0645691981322
22,2019,8,2.75836416645302
22,2020,8,1.86508352010153
22,2021,8,1.4457481082651
22,2022,8,1.59286828807564
22,2023,8,1.78050649019351
22,2024,8,1.73236133410948
23,1964,3,1.07465704756518
23,1965,3,0.722157263755965
23,1966,3,0.710113238536464
23,1967,3,0.535019997103754
23,1968,3,0.500043167698905
23,1969,3,0.825755008980854
23,1970,3,0.721249607860132
23,1971,3,0.409739040477117
23,1972,3,0.475379727572821
23,1973,3,0.68413598893722
23,1974,3,1.06806895164472
23,1975,3,0.744535691179641
23,1976,3,0.493569150995658
23,1977,3,0.7486541312333
23,1978,3,1.31783299347041
23,1979,3,0.846748755117216
23,1980,3,0.574445076539393
23,1981,3,0.361384909006442
23,1982,3,0.25860227455972
23,1983,3,0.203451982622866
23,1984,3,0.266449714999126
23,1985,3,0.110283446215913
23,1986,3,0.185701930817207
23,1987,3,0.139997258387415
23,1988,3,0.209428998023652
23,1989,3,0.231130019590259
23,1990,3,0.390930882194368
23,1991,3,0.120763599365452
23,1992,3,0.240360205676759
23,1993,3,0.208757420978977
23,1994,3,0.0855964681248306
23,1995,3,0.048949187215536
23,1996,3,0.0173968691014081
23,1997,3,0.0768248091351601
23,1998,3,0.0975217448414788
23,1999,3,0.271850903277965
23,2000,3,0.12728230958314
23,2001,3,0.0569098534303992
23,2002,3,0.0833023350771209
23,2003,3,0.151824261910376
23,2004,3,0.122613448351167
23,2005,3,0.104583159930317
23,2006,3,0.169016255486268
23,2007,3,0.124654702026619
23,2008,3,0.0923540990611986
23,2009,3,0.0971289352445992
23,2010,3,0.0953146906662594
23,2011,3,0.0473386949760577
23,2012,3,0.103573110719323
23,2013,3,0.119897333564821
23,2014,3,0.0654408338608056
23,2015,3,0.338957487518333
23,2016,3,0.0478038298890424
23,2017,3,0.0489987422070232
23,2018,3,0.0296698577748484
23,2019,3,0.00778640755498231
23,2020,3,0.151521311370716
23,2021,3,0.412760665048626
23,2022,3,0.333801984158119
23,2023,3,0.296293702214414
23,2024,3,0.156294544187367
23,1964,4,1.24050326538041
23,1965,4,1.46768069568887
23,1966,4,1.48265208967631
23,1967,4,1.28794970514603
23,1968,4,1.17500933910161
23,1969,4,1.48162221878013
23,1970,4,1.44391074663249
23,1971,4,1.06140117987228
23,1972,4,1.23832920548586
23,1973,4,1.56357417146851
23,1974,4,1.67521379385519
23,1975,4,1.37032774729285
23,1976,4,1.07683605964912
23,1977,4,1.47769802958087
23,1978,4,1.70966606386013
23,1979,4,1.75078515926235
23,1980,4,1.3934978005203
23,1981,4,0.964573085391207
23,1982,4,0.768435222530842
23,1983,4,0.797692999498845
23,1984,4,0.848743121290186
23,1985,4,0.365182268573558
23,1986,4,0.556559208095939
23,1987,4,0.387360757939347
23,1988,4,0.54784488436761
23,1989,4,0.71307704911022
23,1990,4,1.28321621949207
23,1991,4,0.485867408490458
23,1992,4,0.85459460954822
23,1993,4,0.866950115186984
23,1994,4,0.573407115155241
23,1995,4,0.27178550547159
23,1996,4,0.0755769555411182
23,1997,4,0.218240523564224
23,1998,4,0.31153605005087
23,1999,4,0.815636034940847
23,2000,4,0.577589633316753
23,2001,4,0.357897694904369
23,2002,4,0.390103230622429
23,2003,4,0.561897892539665
23,2004,4,1.10080777440909
23,2005,4,0.690950923371197
23,2006,4,0.667029325262125
23,2007,4,0.631398526755719
23,2008,4,0.606722602793801
23,2009,4,0.545132876566878
23,2010,4,0.639063960461848
23,2011,4,0.357478940900046
23,2012,4,0.651493095828363
23,2013,4,0.704820829366265
23,2014,4,0.361687761666004
23,2015,4,1.38629892130687
23,2016,4,1.47800067195615
23,2017,4,0.442085599016896
23,2018,4,0.293351163876166
23,2019,4,0.0556223795648743
23,2020,4,0.473381731162887
23,2021,4,0.959649217336393
23,2022,4,0.868604898937706
23,2023,4,0.963633745686643
23,2024,4,0.612377921071663
23,1964,5,1.24050326538042
23,1965,5,1.60587613820282
23,1966,5,1.7702006148161
23,1967,5,1.70624453602645
23,1968,5,1.6279893580329
23,1969,5,1.69878568598019
23,1970,5,1.73282500213709
23,1971,5,1.55847626892102
23,1972,5,1.6963774013251
23,1973,5,1.80559905085032
23,1974,5,1.74916917125392
23,1975,5,1.63389103823425
23,1976,5,1.52307017678446
23,1977,5,1.72090092233498
23,1978,5,1.70560335860791
23,1979,5,1.8048478301546
23,1980,5,1.72053406997163
23,1981,5,1.51073336786857
23,1982,5,1.3873283197432
23,1983,5,1.53450847350449
23,1984,5,1.49893742219834
23,1985,5,0.901325306635393
23,1986,5,1.14569118295252
23,1987,5,0.844808730151062
23,1988,5,1.0625642195462
23,1989,5,1.34107160382384
23,1990,5,1.63969108794483
23,1991,5,1.13338365863233
23,1992,5,1.41363426256485
23,1993,5,1.43382415089428
23,1994,5,1.53190056834095
23,1995,5,1.0338459939578
23,1996,5,0.299618267104128
23,1997,5,0.539393105545942
23,1998,5,0.775362856434532
23,1999,5,1.36656461628452
23,2000,5,1.308454699898
23,2001,5,1.18667675391428
23,2002,5,1.11415874478172
23,2003,5,1.25210600603409
23,2004,5,1.74759854983169
23,2005,5,1.69571410621387
23,2006,5,1.48873189528762
23,2007,5,1.44805217582748
23,2008,5,1.46825251138177
23,2009,5,1.31433677858394
23,2010,5,1.4325000788227
23,2011,5,1.27445350693862
23,2012,5,1.49935004068219
23,2013,5,1.43378768905025
23,2014,5,1.11298169679719
23,2015,5,1.51650293396472
23,2016,5,1.7440585436294
23,2017,5,1.45689689919424
23,2018,5,1.39192605167569
23,2019,5,0.358778672459367
23,2020,5,1.08034272276744
23,2021,5,1.42427310488462
23,2022,5,1.40984498086202
23,2023,5,1.57590821833284
23,2024,5,1.34930704855484
23,1964,6,1.22095891278697
23,1965,6,1.56882148236112
23,1966,6,1.76555029426446
23,1967,6,1.76226118382918
23,1968,6,1.73092919303916
23,1969,6,1.68739084318653
23,1970,6,1.73997820235174
23,1971,6,1.68686595672546
23,1972,6,1.76364175278717
23,1973,6,1.76890399883163
23,1974,6,1.68215394135025
23,1975,6,1.65361855610449
23,1976,6,1.66904030362913
23,1977,6,1.70846052786556
23,1978,6,1.62301426498859
23,1979,6,1.72381034842669
23,1980,6,1.72353316612884
23,1981,6,1.69274292322338
23,1982,6,1.67368193176374
23,1983,6,1.775526905721
23,1984,6,1.7381899610064
23,1985,6,1.44084409123803
23,1986,6,1.56170507832845
23,1987,6,1.31878608627669
23,1988,6,1.46999309713439
23,1989,6,1.65050834853719
23,1990,6,1.63793708205761
23,1991,6,1.49920782371948
23,1992,6,1.54689422103433
23,1993,6,1.53451435547219
23,1994,6,1.83784982458456
23,1995,6,1.87677167363636
23,1996,6,0.888418627915283
23,1997,6,1.02791611878554
23,1998,6,1.29971496048664
23,1999,6,1.55928506074551
23,2000,6,1.61169082316672
23,2001,6,1.68634068942344
23,2002,6,1.63906048802868
23,2003,6,1.65136150236827
23,2004,6,1.74123086526056
23,2005,6,1.9555673315693
23,2006,6,1.90554341029456
23,2007,6,1.73340097019373
23,2008,6,1.69332255993801
23,2009,6,1.57695795892051
23,2010,6,1.59929611569213
23,2011,6,1.74622612185979
23,2012,6,1.7069066593055
23,2013,6,1.57819623494802
23,2014,6,1.59364095183892
23,2015,6,1.48071041487111
23,2016,6,1.68208614164465
23,2017,6,1.78337049477842
23,2018,6,2.04677684691845
23,2019,6,1.43310767227765
23,2020,6,1.62413340001885
23,2021,6,1.59355948743214
23,2022,6,1.63429583950127
23,2023,6,1.73445362300718
23,2024,6,1.71730686087355
23,1964,7,1.1958307622083
23,1965,7,1.48946937085322
23,1966,7,1.66300101756046
23,1967,7,1.68589297793714
23,1968,7,1.67963973214799
23,1969,7,1.59369711276802
23,1970,7,1.64652963872884
23,1971,7,1.65046390210014
23,1972,7,1.69100978511308
23,1973,7,1.65440913097414
23,1974,7,1.56112811538921
23,1975,7,1.57977415557636
23,1976,7,1.6499215417583
23,1977,7,1.61232102424795
23,1978,7,1.49803199154346
23,1979,7,1.59678745834833
23,1980,7,1.63352599839459
23,1981,7,1.67764460898436
23,1982,7,1.703940089182
23,1983,7,1.75387754532116
23,1984,7,1.73221809285296
23,1985,7,1.67645808009223
23,1986,7,1.68676503639512
23,1987,7,1.57419176997309
23,1988,7,1.63362979468677
23,1989,7,1.69222831060068
23,1990,7,1.56399463274632
23,1991,7,1.56372233383387
23,1992,7,1.52509488194564
23,1993,7,1.50381387292616
23,1994,7,1.80374592864265
23,1995,7,2.10039663578286
23,1996,7,1.57568129670016
23,1997,7,1.44556051669009
23,1998,7,1.57429242945125
23,1999,7,1.56135101377742
23,2000,7,1.62681453954857
23,2001,7,1.73448126470384
23,2002,7,1.7427016258175
23,2003,7,1.7194075677796
23,2004,7,1.65477721897927
23,2005,7,1.89278854133626
23,2006,7,1.93696125673405
23,2007,7,1.72038757663162
23,2008,7,1.66194089558902
23,2009,7,1.57524589862535
23,2010,7,1.56897504364677
23,2011,7,1.7615017405105
23,2012,7,1.67064676523796
23,2013,7,1.54793463881409
23,2014,7,1.66178002076216
23,2015,7,1.42504129009764
23,2016,7,1.59101336504953
23,2017,7,1.75122813824388
23,2018,7,2.04374522092372
23,2019,7,2.40196744119582
23,2020,7,1.83721242123349
23,2021,7,1.59308829202354
23,2022,7,1.64915617899014
23,2023,7,1.69625359673399
23,2024,7,1.75443927721595
23,1964,8,1.16570349386806
23,1965,8,1.37810246244561
23,1966,8,1.49603294245376
23,1967,8,1.53852189466086
23,1968,8,1.54999021704607
23,1969,8,1.44375796696751
23,1970,8,1.48886032605408
23,1971,8,1.53990312610369
23,1972,8,1.54769897731917
23,1973,8,1.48273386615055
23,1974,8,1.3911058227706
23,1975,8,1.44898654471621
23,1976,8,1.54515506802074
23,1977,8,1.46026998852422
23,1978,8,1.3302440960527
23,1979,8,1.42278008771592
23,1980,8,1.48849163375517
23,1981,8,1.57408075663278
23,1982,8,1.62056946575089
23,1983,8,1.63725103304577
23,1984,8,1.6249372722436
23,1985,8,1.69338567866529
23,1986,8,1.65299534010978
23,1987,8,1.632357341682
23,1988,8,1.63392083136197
23,1989,8,1.61721824993891
23,1990,8,1.4523863811344
23,1991,8,1.52484742263927
23,1992,8,1.45659551104599
23,1993,8,1.43746084257617
23,1994,8,1.67877866902675
23,1995,8,2.00690389337241
23,1996,8,1.86782297569707
23,1997,8,1.63978522296988
23,1998,8,1.62972962224576
23,1999,8,1.49408944790955
23,2000,8,1.55707279080593
23,2001,8,1.65675428483677
23,2002,8,1.68248558168941
23,2003,8,1.65115134695031
23,2004,8,1.52774476813444
23,2005,8,1.73099800817787
23,2006,8,1.80449645210483
23,2007,8,1.61981149710973
23,2008,8,1.56926902144292
23,2009,8,1.51203918923105
23,2010,8,1.49636368349422
23,2011,8,1.66819637708809
23,2012,8,1.5729988068801
23,2013,8,1.47785385682999
23,2014,8,1.6051150766654
23,2015,8,1.35191319666339
23,2016,8,1.46704102680435
23,2017,8,1.64348594035974
23,2018,8,1.88086340623524
23,2019,8,2.51434216962678
23,2020,8,1.82038097889817
23,2021,8,1.51325359774683
23,2022,8,1.5677959076035
23,2023,8,1.57980168468662
23,2024,8,1.66568748939669
24,1964,3,0.797164388668196
24,1965,3,0.380923840096536
24,1966,3,0.638524009490257
24,1967,3,0.362194310659585
24,1968,3,0.566533417882908
24,1969,3,0.638961152419461
24,1970,3,0.267671880328003
24,1971,3,0.445403653428254
24,1972,3,0.385997214134175
24,1973,3,0.514360246455438
24,1974,3,0.617774912206909
24,1975,3,0.805866974894213
24,1976,3,0.554071061442835
24,1977,3,0.664341843843763
24,1978,3,1.26049041414404
24,1979,3,0.940994904744842
24,1980,3,0.802133091321975
24,1981,3,0.264363963992781
24,1982,3,0.185278037695338
24,1983,3,0.477450648742232
24,1984,3,0.187303568998505
24,1985,3,0.460577875011577
24,1986,3,0.158021952736316
24,1987,3,0.189289620225777
24,1988,3,0.263458327646737
24,1989,3,0.201195273682204
24,1990,3,0.238610349020127
24,1991,3,0.097392734733675
24,1992,3,0.190824373868473
24,1993,3,0.25133820941707
24,1994,3,0.0990413559284771
24,1995,3,0.0449664225123732
24,1996,3,0.038598315526869
24,1997,3,0.0730904543308355
24,1998,3,0.0950629197551662
24,1999,3,0.216598880442642
24,2000,3,0.159862336294565
24,2001,3,0.0737264049486023
24,2002,3,0.0949674115542712
24,2003,3,0.163800307987306
24,2004,3,0.150898101119689
24,2005,3,0.0812947402754408
24,2006,3,0.13161504455691
24,2007,3,0.0965521013810956
24,2008,3,0.0938259846906254
24,2009,3,0.094554806553734
24,2010,3,0.106119878674725
24,2011,3,0.0509463610346427
24,2012,3,0.131201511690686
24,2013,3,0.102708862009662
24,2014,3,0.0691747853362703
24,2015,3,0.382481793398853
24,2016,3,0.053932233005293
24,2017,3,0.0302461379472773
24,2018,3,0.0213273912063254
24,2019,3,0.0190600424742143
24,2020,3,0.131787462180851
24,2021,3,0.349753143281965
24,2022,3,0.327308521448996
24,2023,3,0.276678229700744
24,2024,3,0.10398709485739
24,1964,4,1.172621844322
24,1965,4,0.983259751316918
24,1966,4,1.60568297681652
24,1967,4,1.30062372455914
24,1968,4,1.5325360923388
24,1969,4,1.40370421563411
24,1970,4,0.731004601919836
24,1971,4,1.07100751729608
24,1972,4,1.0806987890926
24,1973,4,1.01213002120882
24,1974,4,1.27890189034349
24,1975,4,1.60028781192004
24,1976,4,1.38650788716307
24,1977,4,1.4207582153303
24,1978,4,1.72488571065563
24,1979,4,1.65955908212005
24,1980,4,1.65831372004574
24,1981,4,0.961157124796484
24,1982,4,0.549650662131182
24,1983,4,1.36909264706927
24,1984,4,0.545613981056119
24,1985,4,1.15802541708375
24,1986,4,0.565399175040306
24,1987,4,0.462435696664359
24,1988,4,0.816404307465456
24,1989,4,0.779187777812413
24,1990,4,0.987802291196308
24,1991,4,0.340003527197999
24,1992,4,0.659078175870647
24,1993,4,1.01276592362576
24,1994,4,0.742223975238692
24,1995,4,0.240444444423542
24,1996,4,0.129830489342772
24,1997,4,0.21079992347417
24,1998,4,0.266418973313698
24,1999,4,0.567846415287264
24,2000,4,0.672487445970083
24,2001,4,0.412966375353581
24,2002,4,0.39861714470367
24,2003,4,0.577415397757776
24,2004,4,0.809655617542215
24,2005,4,0.603472810247106
24,2006,4,0.599652742208199
24,2007,4,0.522108184440311
24,2008,4,0.444721678594982
24,2009,4,0.608564116178473
24,2010,4,0.81489246575511
24,2011,4,0.322822389282356
24,2012,4,0.617312497327389
24,2013,4,0.561791997824707
24,2014,4,0.385249319839348
24,2015,4,1.42173656927091
24,2016,4,1.37426077171995
24,2017,4,0.416008389851414
24,2018,4,0.29576010666548
24,2019,4,0.10200613039289
24,2020,4,0.373398457147415
24,2021,4,0.830165006722542
24,2022,4,0.784271594468256
24,2023,4,0.776316652090669
24,2024,4,0.36753539130431
24,1964,5,1.26328643313298
24,1965,5,1.4292538908788
24,1966,5,1.86684829320119
24,1967,5,1.78323866336795
24,1968,5,1.83665553279073
24,1969,5,1.7179798690123
24,1970,5,1.29765502307006
24,1971,5,1.55046778199141
24,1972,5,1.63663801559536
24,1973,5,1.4129842695204
24,1974,5,1.63292911387333
24,1975,5,1.79222290845034
24,1976,5,1.73953447076367
24,1977,5,1.70214903626191
24,1978,5,1.72527301967696
24,1979,5,1.72778159673232
24,1980,5,1.79713880482265
24,1981,5,1.63861920530361
24,1982,5,1.12581794660955
24,1983,5,1.75822635170068
24,1984,5,1.10776802042898
24,1985,5,1.62144836968862
24,1986,5,1.25120178057521
24,1987,5,0.899114238986405
24,1988,5,1.45100559059913
24,1989,5,1.47520650016715
24,1990,5,1.58486468982475
24,1991,5,0.862780496871895
24,1992,5,1.26093005028946
24,1993,5,1.45758739208369
24,1994,5,1.5841946069523
24,1995,5,0.888971268350124
24,1996,5,0.391935056994541
24,1997,5,0.531404776707613
24,1998,5,0.63437719430919
24,1999,5,1.09318854528824
24,2000,5,1.42442947833633
24,2001,5,1.27267367860132
24,2002,5,1.09781741118133
24,2003,5,1.20831334180714
24,2004,5,1.48576491587776
24,2005,5,1.5164291393065
24,2006,5,1.37023615963209
24,2007,5,1.37091009290395
24,2008,5,1.21372062183325
24,2009,5,1.39942970664085
24,2010,5,1.50948000869828
24,2011,5,1.15107632679499
24,2012,5,1.37679339792298
24,2013,5,1.35260641933938
24,2014,5,1.14573231560729
24,2015,5,1.50160549469726
24,2016,5,1.6115686311327
24,2017,5,1.68763822654477
24,2018,5,1.58620082139886
24,2019,5,0.483977070173558
24,2020,5,0.846572100584898
24,2021,5,1.37560728061974
24,2022,5,1.33260634923459
24,2023,5,1.42873524220825
24,2024,5,0.948505437552209
24,1964,6,1.26328643313293
24,1965,6,1.5441323991702
24,1966,6,1.82195694787079
24,1967,6,1.7979488374608
24,1968,6,1.8049400951146
24,1969,6,1.72750240704777
24,1970,6,1.59509979280062
24,1971,6,1.688460881314
24,1972,6,1.77428988291535
24,1973,6,1.57784617199244
24,1974,6,1.69006837070686
24,1975,6,1.74885923623729
24,1976,6,1.74793440438465
24,1977,6,1.70117279854941
24,1978,6,1.64211984329246
24,1979,6,1.66070682915193
24,1980,6,1.73515683829817
24,1981,6,1.80210992216753
24,1982,6,1.53549563845416
24,1983,6,1.76386746904919
24,1984,6,1.51247748059618
24,1985,6,1.71562676069104
24,1986,6,1.6669057209259
24,1987,6,1.31295041516075
24,1988,6,1.70481325787314
24,1989,6,1.69840659274189
24,1990,6,1.67023472012826
24,1991,6,1.37044856015084
24,1992,6,1.51459737449051
24,1993,6,1.49622838428807
24,1994,6,1.70634035784554
24,1995,6,1.61153348617324
24,1996,6,0.913293428565385
24,1997,6,1.03458802908832
24,1998,6,1.13968828422839
24,1999,6,1.49613685140554
24,2000,6,1.71728018978733
24,2001,6,1.80714318152927
24,2002,6,1.67165386380407
24,2003,6,1.54360189203252
24,2004,6,1.59563281343618
24,2005,6,1.7303232265652
24,2006,6,1.69302929109445
24,2007,6,1.74797186011476
24,2008,6,1.69535721986209
24,2009,6,1.59019996999272
24,2010,6,1.57046771095279
24,2011,6,1.73732600406316
24,2012,6,1.65863091722512
24,2013,6,1.63140281026059
24,2014,6,1.58683863652213
24,2015,6,1.46351608129894
24,2016,6,1.56517251877709
24,2017,6,2.00636853654451
24,2018,6,2.13898296945284
24,2019,6,1.50635479845817
24,2020,6,1.37475097352301
24,2021,6,1.67963754960592
24,2022,6,1.66248667369308
24,2023,6,1.79260503067267
24,2024,6,1.52543171186891
24,1964,7,1.24201633604351
24,1965,7,1.52256671688359
24,1966,7,1.69551535502359
24,1967,7,1.70172941722344
24,1968,7,1.68837898649476
24,1969,7,1.6382656169508
24,1970,7,1.65078979439034
24,1971,7,1.65847308112652
24,1972,7,1.72649812660174
24,1973,7,1.58796101199773
24,1974,7,1.62683623179714
24,1975,7,1.63236482227725
24,1976,7,1.65586802250871
24,1977,7,1.61217483930125
24,1978,7,1.51628369842689
24,1979,7,1.54859704933242
24,1980,7,1.6146713201657
24,1981,7,1.75242701406821
24,1982,7,1.66206940280602
24,1983,7,1.66916783655326
24,1984,7,1.64259892065092
24,1985,7,1.66161594314487
24,1986,7,1.74609447500662
24,1987,7,1.53661567132308
24,1988,7,1.71170380791095
24,1989,7,1.68200197048673
24,1990,7,1.61531736627543
24,1991,7,1.5760675378785
24,1992,7,1.54009309268358
24,1993,7,1.4566411483646
24,1994,7,1.6506122582785
24,1995,7,1.82384462419068
24,1996,7,1.45724975606306
24,1997,7,1.47659699210959
24,1998,7,1.52159019803392
24,1999,7,1.65041450484811
24,2000,7,1.71863769414852
24,2001,7,1.86317884605007
24,2002,7,1.82013334775027
24,2003,7,1.59993809682434
24,2004,7,1.55625119278865
24,2005,7,1.68874151003726
24,2006,7,1.70353029131221
24,2007,7,1.75790458262938
24,2008,7,1.76642308896196
24,2009,7,1.56661317326266
24,2010,7,1.5246453886521
24,2011,7,1.81016017470071
24,2012,7,1.65837878210616
24,2013,7,1.62742455279829
24,2014,7,1.63971164378434
24,2015,7,1.40894164191438
24,2016,7,1.49876533457198
24,2017,7,1.92825780602133
24,2018,7,2.07630205562875
24,2019,7,2.41299626606107
24,2020,7,1.67797945884897
24,2021,7,1.74699671065223
24,2022,7,1.74964002695361
24,2023,7,1.85813968001778
24,2024,7,1.7560296734983
24,1964,8,1.21239524210563
24,1965,8,1.44855008564538
24,1966,8,1.5070111707777
24,1967,8,1.54656124476463
24,1968,8,1.51210631837854
24,1969,8,1.48950572828298
24,1970,8,1.59062838750095
24,1971,8,1.54789258793643
24,1972,8,1.59335876692651
24,1973,8,1.51198345702716
24,1974,8,1.49717441597488
24,1975,8,1.45930210061204
24,1976,8,1.50513747021785
24,1977,8,1.46870633836888
24,1978,8,1.34700068557855
24,1979,8,1.39376251232891
24,1980,8,1.4432515005447
24,1981,8,1.61875600273496
24,1982,8,1.63366513801224
24,1983,8,1.51709050217636
24,1984,8,1.61979913030721
24,1985,8,1.53664507944995
24,1986,8,1.67743944076998
24,1987,8,1.59231943581792
24,1988,8,1.61525905392958
24,1989,8,1.58399353743177
24,1990,8,1.51155192846049
24,1991,8,1.59226068069219
24,1992,8,1.48963829710329
24,1993,8,1.39345550221283
24,1994,8,1.54827819657793
24,1995,8,1.78225400043261
24,1996,8,1.72636154096673
24,1997,8,1.68451180978418
24,1998,8,1.67474502302767
24,1999,8,1.64268750655053
24,2000,8,1.62236130987778
24,2001,8,1.76018854944999
24,2002,8,1.76358087003713
24,2003,8,1.55045259406614
24,2004,8,1.47812314007092
24,2005,8,1.58691166875178
24,2006,8,1.61561252710848
24,2007,8,1.65987046386787
24,2008,8,1.68947981138507
24,2009,8,1.4973406971006
24,2010,8,1.45223376159288
24,2011,8,1.72458727068414
24,2012,8,1.5759547907975
24,2013,8,1.55196798132879
24,2014,8,1.58258986320655
24,2015,8,1.33802497820687
24,2016,8,1.41053635672493
24,2017,8,1.7625437692599
24,2018,8,1.88400589170131
24,2019,8,2.58720704376606
24,2020,8,1.74877982001335
24,2021,8,1.67482658011196
24,2022,8,1.68877291065341
24,2023,8,1.76071143854795
24,2024,8,1.75334123453058
25,1964,3,0.623931072442284
25,1965,3,0.432504070025742
25,1966,3,0.73654386206174
25,1967,3,0.416427800024939
25,1968,3,0.553038425402795
25,1969,3,0.330580141441351
25,1970,3,0.56520888455981
25,1971,3,0.285973603656446
25,1972,3,0.80520752595621
25,1973,3,0.711824051869209
25,1974,3,0.674009553064845
25,1975,3,1.37648621534893
25,1976,3,0.403255646565077
25,1977,3,0.729854953171577
25,1978,3,0.664003972990425
25,1979,3,0.496382168745164
25,1980,3,0.485690151053213
25,1981,3,0.34686468013315
25,1982,3,0.167826210760555
25,1983,3,0.207804717978081
25,1984,3,0.248520465071865
25,1985,3,0.144157363815166
25,1986,3,0.321366771627643
25,1987,3,0.193586578330017
25,1988,3,0.264012894901701
25,1989,3,0.560481355381833
25,1990,3,0.228084353548691
25,1991,3,0.157264971793729
25,1992,3,0.163656050327667
25,1993,3,0.246974940477116
25,1994,3,0.102473302673839
25,1995,3,0.0447994438509367
25,1996,3,0.0109915861164154
25,1997,3,0.0350399024077238
25,1998,3,0.0541357165718057
25,1999,3,0.199107609962222
25,2000,3,0.127011146617956
25,2001,3,0.0748033602893648
25,2002,3,0.109830435337438
25,2003,3,0.189612622063658
25,2004,3,0.130684869509812
25,2005,3,0.13337879483789
25,2006,3,0.0931565176194708
25,2007,3,0.136469978302448
25,2008,3,0.0854632718318308
25,2009,3,0.102253165908094
25,2010,3,0.0890628162533628
25,2011,3,0.0583787770297021
25,2012,3,0.136648711363219
25,2013,3,0.107466355736195
25,2014,3,0.0994138846587549
25,2015,3,0.42665106045021
25,2016,3,0.0772857547546857
25,2017,3,0.0308918006303964
25,2018,3,0.00738561737906107
25,2019,3,0.00732790537763502
25,2020,3,0.169073536752094
25,2021,3,0.348753915588403
25,2022,3,0.312642971326415
25,2023,3,0.200856474762002
25,2024,3,0.079850110686309
25,1964,4,1.01157787759531
25,1965,4,1.01012210428437
25,1966,4,1.50671046102307
25,1967,4,0.927601322755182
25,1968,4,1.08805722198175
25,1969,4,0.842509636925704
25,1970,4,1.2264720171074
25,1971,4,0.736121629194771
25,1972,4,1.38922863759032
25,1973,4,1.49644701496358
25,1974,4,1.42876761718372
25,1975,4,1.88191068059122
25,1976,4,1.08653854220699
25,1977,4,1.43686507129758
25,1978,4,1.48838513910181
25,1979,4,1.3716809396655
25,1980,4,1.40023515885255
25,1981,4,1.12802317591672
25,1982,4,0.744682031275
25,1983,4,0.733091876696859
25,1984,4,0.80503027216761
25,1985,4,0.466504894867929
25,1986,4,0.9031303343207
25,1987,4,0.544427410707501
25,1988,4,0.793054314168692
25,1989,4,1.27617614899848
25,1990,4,1.02446841204876
25,1991,4,0.63806808934369
25,1992,4,0.565061836682212
25,1993,4,1.11703437010513
25,1994,4,0.687318225072323
25,1995,4,0.276105499609
25,1996,4,0.0703309757423421
25,1997,4,0.126816615630581
25,1998,4,0.191419701144711
25,1999,4,0.519969613837623
25,2000,4,0.553816091132972
25,2001,4,0.381685894630344
25,2002,4,0.452030144748841
25,2003,4,0.66281627158213
25,2004,4,0.734741891268633
25,2005,4,0.679718303672247
25,2006,4,0.485038395966283
25,2007,4,0.739262998118062
25,2008,4,0.529338882732066
25,2009,4,0.633025175156749
25,2010,4,0.816989140760043
25,2011,4,0.353260564900303
25,2012,4,0.658837301094471
25,2013,4,0.582436650774989
25,2014,4,0.62656727813411
25,2015,4,1.47918177344452
25,2016,4,1.50016567686661
25,2017,4,0.491370252542014
25,2018,4,0.206769561945284
25,2019,4,0.061593710052726
25,2020,4,0.502069048134441
25,2021,4,0.7880404129728
25,2022,4,0.773776733945689
25,2023,4,0.707463956268076
25,2024,4,0.315099673736663
25,1964,5,1.21455351758959
25,1965,5,1.43365538279353
25,1966,5,1.77234726385276
25,1967,5,1.41213931483811
25,1968,5,1.495684119881
25,1969,5,1.37556441416157
25,1970,5,1.59947271151191
25,1971,5,1.26902004302613
25,1972,5,1.61085193714485
25,1973,5,1.74620368932188
25,1974,5,1.72142474486947
25,1975,5,1.89416505820817
25,1976,5,1.57215928987002
25,1977,5,1.70134663219523
25,1978,5,1.76348528282707
25,1979,5,1.76986896414484
25,1980,5,1.78797011852335
25,1981,5,1.69129571284167
25,1982,5,1.53421499182035
25,1983,5,1.42826160056803
25,1984,5,1.46490419833548
25,1985,5,1.05325770071777
25,1986,5,1.49651530089148
25,1987,5,1.09336710411982
25,1988,5,1.43541325100457
25,1989,5,1.71794885266523
25,1990,5,1.67376390229894
25,1991,5,1.3041479508046
25,1992,5,1.16224535310365
25,1993,5,1.54833460582517
25,1994,5,1.56579876262402
25,1995,5,1.05160116280358
25,1996,5,0.389356546374873
25,1997,5,0.405806078793432
25,1998,5,0.568022866638601
25,1999,5,1.01322448057672
25,2000,5,1.33507914035322
25,2001,5,1.19466155504585
25,2002,5,1.19879933181405
25,2003,5,1.39217345300226
25,2004,5,1.53313845147539
25,2005,5,1.55647460663119
25,2006,5,1.27477155921617
25,2007,5,1.48916441543763
25,2008,5,1.39561024191981
25,2009,5,1.4101930833216
25,2010,5,1.56269118327463
25,2011,5,1.18527100436248
25,2012,5,1.47198084793811
25,2013,5,1.36646927860365
25,2014,5,1.44445579853086
25,2015,5,1.46815783318533
25,2016,5,1.64063383075618
25,2017,5,1.95180940217794
25,2018,5,1.58753387172667
25,2019,5,0.458801052582376
25,2020,5,1.10499874972369
25,2021,5,1.30216133448541
25,2022,5,1.31333541733289
25,2023,5,1.43567438846047
25,2024,5,0.901300103496648
25,1964,6,1.27339070052284
25,1965,6,1.55507455892565
25,1966,6,1.75934531262007
25,1967,6,1.63281879087336
25,1968,6,1.64706197723393
25,1969,6,1.61334071347462
25,1970,6,1.66538069224403
25,1971,6,1.55648015372054
25,1972,6,1.61869547409515
25,1973,6,1.72699503480754
25,1974,6,1.72427875257235
25,1975,6,1.78692944859278
25,1976,6,1.67643029597243
25,1977,6,1.70226940011131
25,1978,6,1.7464565488057
25,1979,6,1.78207983271585
25,1980,6,1.7880620326346
25,1981,6,1.78099214234969
25,1982,6,1.78887403483242
25,1983,6,1.72050853281209
25,1984,6,1.72637577602173
25,1985,6,1.52242192983266
25,1986,6,1.72000074357449
25,1987,6,1.50617258471824
25,1988,6,1.72750581415631
25,1989,6,1.80230119241198
25,1990,6,1.75496833152744
25,1991,6,1.5578381310514
25,1992,6,1.47758523498383
25,1993,6,1.55984593292064
25,1994,6,1.75169075809528
25,1995,6,1.73690117703654
25,1996,6,1.24898153829806
25,1997,6,0.959466987901471
25,1998,6,1.16712884386037
25,1999,6,1.41196718801129
25,2000,6,1.74495000338466
25,2001,6,1.82585185906108
25,2002,6,1.77160367105187
25,2003,6,1.78630495496614
25,2004,6,1.71095431746463
25,2005,6,1.85474853352805
25,2006,6,1.65301512829925
25,2007,6,1.65111750344241
25,2008,6,1.70480934569638
25,2009,6,1.59330259833243
25,2010,6,1.61306054375757
25,2011,6,1.73878757236284
25,2012,6,1.75943735062849
25,2013,6,1.62895070627677
25,2014,6,1.64733258516833
25,2015,6,1.42864106328815
25,2016,6,1.58781614212289
25,2017,6,2.22144165642014
25,2018,6,1.97137335544109
25,2019,6,1.86347724989804
25,2020,6,1.6458341277211
25,2021,6,1.62286773076484
25,2022,6,1.61300341857778
25,2023,6,1.78390419999442
25,2024,6,1.51985774722056
25,1964,7,1.27339070052259
25,1965,7,1.5371867313672
25,1966,7,1.65412935607382
25,1967,7,1.65915969739004
25,1968,7,1.64006128304377
25,1969,7,1.6396888362807
25,1970,7,1.60937943554084
25,1971,7,1.6182401619567
25,1972,7,1.54477444285823
25,1973,7,1.62584438326232
25,1974,7,1.63255993632531
25,1975,7,1.61365743944278
25,1976,7,1.63107291527731
25,1977,7,1.61272269904336
25,1978,7,1.6436362782983
25,1979,7,1.68609803276275
25,1980,7,1.68708956444988
25,1981,7,1.71171842398829
25,1982,7,1.76432733975127
25,1983,7,1.73286516725256
25,1984,7,1.73063712047655
25,1985,7,1.67958613864391
25,1986,7,1.71738799715003
25,1987,7,1.65116197580439
25,1988,7,1.75231911490419
25,1989,7,1.73205207301833
25,1990,7,1.685212043665
25,1991,7,1.5690955892995
25,1992,7,1.53538836174562
25,1993,7,1.50434269405032
25,1994,7,1.70296902487556
25,1995,7,1.86129857523702
25,1996,7,1.85248045312161
25,1997,7,1.48548908511519
25,1998,7,1.59654861259256
25,1999,7,1.57854021208024
25,2000,7,1.78590743880904
25,2001,7,1.94024236999222
25,2002,7,1.9047676540558
25,2003,7,1.83917031297143
25,2004,7,1.66944317365332
25,2005,7,1.82791943174419
25,2006,7,1.67933754291589
25,2007,7,1.6152138561903
25,2008,7,1.69366083726908
25,2009,7,1.56830688207611
25,2010,7,1.55895288827329
25,2011,7,1.80378526571278
25,2012,7,1.74572346956549
25,2013,7,1.62123347180834
25,2014,7,1.61854879768575
25,2015,7,1.3774066662091
25,2016,7,1.51352884254034
25,2017,7,2.09639408306655
25,2018,7,1.89341427931559
25,2019,7,2.84132924664323
25,2020,7,1.86807424140744
25,2021,7,1.71945527753706
25,2022,7,1.68019968282945
25,2023,7,1.81299019341195
25,2024,7,1.75804733558896
25,1964,8,1.25120735380721
25,1965,8,1.45972638934731
25,1966,8,1.48635479974159
25,1967,8,1.58016751672805
25,1968,8,1.54218407950445
25,1969,8,1.56617066094049
25,1970,8,1.49046803114789
25,1971,8,1.56750232391652
25,1972,8,1.419273847153
25,1973,8,1.46905333597811
25,1974,8,1.48192880299619
25,1975,8,1.37716843268377
25,1976,8,1.52054940118163
25,1977,8,1.46551971506096
25,1978,8,1.48361068236118
25,1979,8,1.52831345554423
25,1980,8,1.52612749922856
25,1981,8,1.57221005008311
25,1982,8,1.64608136753623
25,1983,8,1.63630770513501
25,1984,8,1.62933558691102
25,1985,8,1.65995166117728
25,1986,8,1.61296931588512
25,1987,8,1.6354526878256
25,1988,8,1.65590412640615
25,1989,8,1.57546088989623
25,1990,8,1.55827107178567
25,1991,8,1.50852798128359
25,1992,8,1.49909375055137
25,1993,8,1.42223959666934
25,1994,8,1.5926136368479
25,1995,8,1.78154792055865
25,1996,8,1.9286224982325
25,1997,8,1.70582101853093
25,1998,8,1.7268174069151
25,1999,8,1.58922050891484
25,2000,8,1.69270203793208
25,2001,8,1.8426835084082
25,2002,8,1.8256815163932
25,2003,8,1.73894292231223
25,2004,8,1.56748575799085
25,2005,8,1.69624586480431
25,2006,8,1.60426654700989
25,2007,8,1.52718181078458
25,2008,8,1.60259598353975
25,2009,8,1.49748712923281
25,2010,8,1.47612975837541
25,2011,8,1.71694154187298
25,2012,8,1.63842873024229
25,2013,8,1.54539164730609
25,2014,8,1.53571280330166
25,2015,8,1.31251117356801
25,2016,8,1.41462074299245
25,2017,8,1.86056736794087
25,2018,8,1.74536478970868
25,2019,8,2.80554589698754
25,2020,8,1.85494577761335
25,2021,8,1.67138197965451
25,2022,8,1.62069078978305
25,2023,8,1.7069088755257
25,2024,8,1.75163899964776
26,1964,3,0.853903172667078
26,1965,3,1.05910134066533
26,1966,3,0.513523089947138
26,1967,3,0.251082051648914
26,1968,3,0.525678582677647
26,1969,3,0.708409259770323
26,1970,3,0.415147414319087
26,1971,3,0.652425804763327
26,1972,3,0.539802339587844
26,1973,3,0.675632882350942
26,1974,3,1.16514492169883
26,1975,3,1.17591065477757
26,1976,3,0.778390237518951
26,1977,3,1.52403039588051
26,1978,3,1.47411022344096
26,1979,3,0.941970788146452
26,1980,3,0.568413054421103
26,1981,3,0.216483975999414
26,1982,3,0.124424873764347
26,1983,3,0.217510079199625
26,1984,3,0.141224144270446
26,1985,3,0.119111680238956
26,1986,3,0.315561240529749
26,1987,3,0.164057348530079
26,1988,3,0.344826636377378
26,1989,3,0.121743453030603
26,1990,3,0.100238571163924
26,1991,3,0.127587703196849
26,1992,3,0.217929904017721
26,1993,3,0.176221189643902
26,1994,3,0.128718988972216
26,1995,3,0.0311715556060628
26,1996,3,0.0194051601633283
26,1997,3,0.0826740057870272
26,1998,3,0.0949511589620596
26,1999,3,0.235949918850374
26,2000,3,0.129209614721455
26,2001,3,0.0667490413405617
26,2002,3,0.0803942604910266
26,2003,3,0.157433724759126
26,2004,3,0.097969756340796
26,2005,3,0.110637612498398
26,2006,3,0.137789776078721
26,2007,3,0.142165830234413
26,2008,3,0.0805422252776228
26,2009,3,0.108904125730402
26,2010,3,0.0901730219948487
26,2011,3,0.0544203765801266
26,2012,3,0.112104983697334
26,2013,3,0.129593464241403
26,2014,3,0.0838294064947457
26,2015,3,0.270804380742142
26,2016,3,0.07182707696749
26,2017,3,0.0261605825795287
26,2018,3,0.0102491435304847
26,2019,3,0.0104430264091227
26,2020,3,0.143343004667424
26,2021,3,0.269639058910154
26,2022,3,0.263684923727325
26,2023,3,0.237204428168169
26,2024,3,0.083795127640715
26,1964,4,1.16858752788041
26,1965,4,1.60427842742463
26,1966,4,1.20429263691315
26,1967,4,0.638626602834393
26,1968,4,1.47407989136066
26,1969,4,1.42102925383806
26,1970,4,0.97801818679665
26,1971,4,1.41538525435638
26,1972,4,1.28258758094928
26,1973,4,1.46518922742591
26,1974,4,1.67599719664024
26,1975,4,1.74993726191251
26,1976,4,1.38868433370463
26,1977,4,1.68240710731898
26,1978,4,1.70855403778796
26,1979,4,1.64795459103412
26,1980,4,1.42291922009428
26,1981,4,0.771173113008171
26,1982,4,0.623793222798528
26,1983,4,0.825362730306978
26,1984,4,0.635336827702874
26,1985,4,0.476865073655344
26,1986,4,0.965824285861594
26,1987,4,0.448944153591262
26,1988,4,0.870577683883754
26,1989,4,0.405696180837901
26,1990,4,0.539645429393753
26,1991,4,0.487590927118169
26,1992,4,0.70847362718658
26,1993,4,0.997119279049653
26,1994,4,0.779949622060458
26,1995,4,0.175299645382421
26,1996,4,0.0898833491323687
26,1997,4,0.24732019521198
26,1998,4,0.306799051841191
26,1999,4,0.677868814904718
26,2000,4,0.540578751732447
26,2001,4,0.433448026877425
26,2002,4,0.366325504797124
26,2003,4,0.663518920741169
26,2004,4,0.939364893286192
26,2005,4,0.679663340610652
26,2006,4,0.642325421413404
26,2007,4,0.842546922621222
26,2008,4,0.430982880881007
26,2009,4,0.667281628274329
26,2010,4,0.766649762174213
26,2011,4,0.351572272606753
26,2012,4,0.580287188954191
26,2013,4,0.759765649786426
26,2014,4,0.442310064223595
26,2015,4,1.22187907688055
26,2016,4,1.65608256156895
26,2017,4,0.41309027725905
26,2018,4,0.245716093311136
26,2019,4,0.0703833792203658
26,2020,4,0.473811052191933
26,2021,4,0.664165269379871
26,2022,4,0.666513090367386
26,2023,4,0.63332322531887
26,2024,4,0.28115685818446
26,1964,5,1.24676062630043
26,1965,5,1.67165525288746
26,1966,5,1.61593257495414
26,1967,5,1.15393744219017
26,1968,5,1.85211924845338
26,1969,5,1.69703323557998
26,1970,5,1.44953503802714
26,1971,5,1.68111178555562
26,1972,5,1.66192654380526
26,1973,5,1.71702648888052
26,1974,5,1.7252759629976
26,1975,5,1.79613836675228
26,1976,5,1.5939552194013
26,1977,5,1.63729811617413
26,1978,5,1.66694552788258
26,1979,5,1.71812898589349
26,1980,5,1.75681412167485
26,1981,5,1.4872703132014
26,1982,5,1.49778802785834
26,1983,5,1.55543002050153
26,1984,5,1.44587387712441
26,1985,5,1.19151974385278
26,1986,5,1.58333939935348
26,1987,5,0.939122505318813
26,1988,5,1.4267524597003
26,1989,5,0.980866639860689
26,1990,5,1.45462226921883
26,1991,5,1.11688552042021
26,1992,5,1.26425025466685
26,1993,5,1.57180431441973
26,1994,5,1.64547455069734
26,1995,5,0.728633781359594
26,1996,5,0.370415645292384
26,1997,5,0.627104134648258
26,1998,5,0.782897266746463
26,1999,5,1.25045628820985
26,2000,5,1.28746334492483
26,2001,5,1.34569496808198
26,2002,5,1.13433302068367
26,2003,5,1.44238612166388
26,2004,5,1.72604166664444
26,2005,5,1.67109065460617
26,2006,5,1.4953870416944
26,2007,5,1.66546547426312
26,2008,5,1.19752858195667
26,2009,5,1.42978061707351
26,2010,5,1.5233099575702
26,2011,5,1.20174584309013
26,2012,5,1.36757995740961
26,2013,5,1.47613796860263
26,2014,5,1.19772252682808
26,2015,5,1.55476149427132
26,2016,5,1.75644984440112
26,2017,5,1.64831685991717
26,2018,5,1.67516891280312
26,2019,5,0.424310706333045
26,2020,5,1.08878942727794
26,2021,5,1.20681779049643
26,2022,5,1.23562732729038
26,2023,5,1.22292045862286
26,2024,5,0.751041433256092
26,1964,6,1.24676062630041
26,1965,6,1.61375620519778
26,1966,6,1.68923514673347
26,1967,6,1.49347408919817
26,1968,6,1.84176620739054
26,1969,6,1.70205798506064
26,1970,6,1.61412573064885
26,1971,6,1.67442945877928
26,1972,6,1.7035650204386
26,1973,6,1.69982591841852
26,1974,6,1.65529289944522
26,1975,6,1.71483233619014
26,1976,6,1.59086235807641
26,1977,6,1.5482649931935
26,1978,6,1.57842247739944
26,1979,6,1.65287816421916
26,1980,6,1.75418283314411
26,1981,6,1.7718781806492
26,1982,6,1.84689346882857
26,1983,6,1.7922706334023
26,1984,6,1.78708221813197
26,1985,6,1.68209148655761
26,1986,6,1.76661388625842
26,1987,6,1.39102977102463
26,1988,6,1.68280019410316
26,1989,6,1.51444975149176
26,1990,6,1.88943354022124
26,1991,6,1.48984237843396
26,1992,6,1.47516686445057
26,1993,6,1.60774009041497
26,1994,6,1.81609004164025
26,1995,6,1.50433364937974
26,1996,6,1.06009530571112
26,1997,6,1.17421902306794
26,1998,6,1.35162711748624
26,1999,6,1.55903711156428
26,2000,6,1.69815677494073
26,2001,6,1.78797388679434
26,2002,6,1.87085909237644
26,2003,6,1.7672682941509
26,2004,6,1.75441171075978
26,2005,6,1.96327144278893
26,2006,6,1.85244294809025
26,2007,6,1.80100118558048
26,2008,6,1.6010380791843
26,2009,6,1.59355405967104
26,2010,6,1.59529390316443
26,2011,6,1.72583200691185
26,2012,6,1.65505924951199
26,2013,6,1.59805290097898
26,2014,6,1.58057833442443
26,2015,6,1.5417062692841
26,2016,6,1.6874887683912
26,2017,6,1.89334544695897
26,2018,6,2.07946014020182
26,2019,6,1.57496369641462
26,2020,6,1.58399241743888
26,2021,6,1.59994346091449
26,2022,6,1.65185750159042
26,2023,6,1.6598103163886
26,2024,6,1.34581893910393
26,1964,7,1.22615708572238
26,1965,7,1.50933183184451
26,1966,7,1.63179861769831
26,1967,7,1.60163810086397
26,1968,7,1.72658586662456
26,1969,7,1.61449593873389
26,1970,7,1.60788421805665
26,1971,7,1.58819525022126
26,1972,7,1.6312815284762
26,1973,7,1.60503915769297
26,1974,7,1.53440720956296
26,1975,7,1.57761984553085
26,1976,7,1.51755983834513
26,1977,7,1.42378711683575
26,1978,7,1.4540120971183
26,1979,7,1.54287606361847
26,1980,7,1.6569339917027
26,1981,7,1.77310426260397
26,1982,7,1.83846959011864
26,1983,7,1.7682416364858
26,1984,7,1.79188101761193
26,1985,7,1.784728009087
26,1986,7,1.73531018995127
26,1987,7,1.60396276510119
26,1988,7,1.71108123989522
26,1989,7,1.72297998742755
26,1990,7,1.89896226680456
26,1991,7,1.56431185035375
26,1992,7,1.49214348554864
26,1993,7,1.55078403131829
26,1994,7,1.75582053018983
26,1995,7,1.78757468020216
26,1996,7,1.71834417678316
26,1997,7,1.58585663487723
26,1998,7,1.66416102954403
26,1999,7,1.62033344862699
26,2000,7,1.75067142688946
26,2001,7,1.79968102970812
26,2002,7,2.07551786496658
26,2003,7,1.77339689295417
26,2004,7,1.67339720774072
26,2005,7,1.9100055386119
26,2006,7,1.85104080019697
26,2007,7,1.73525992737415
26,2008,7,1.64149142956531
26,2009,7,1.56461144893689
26,2010,7,1.54749552639474
26,2011,7,1.77410748660671
26,2012,7,1.65259707376982
26,2013,7,1.5602305111357
26,2014,7,1.61771218334354
26,2015,7,1.48326476791478
26,2016,7,1.58915452617099
26,2017,7,1.82079888910071
26,2018,7,1.98895887214213
26,2019,7,2.56063862017486
26,2020,7,1.74564933209928
26,2021,7,1.74300522347842
26,2022,7,1.80060447892778
26,2023,7,1.8114170256692
26,2024,7,1.68317593157082
26,1964,8,1.19700050000714
26,1965,8,1.36346564142449
26,1966,8,1.50934849889968
26,1967,8,1.57815124672026
26,1968,8,1.54420495757743
26,1969,8,1.46914006421482
26,1970,8,1.52192371046196
26,1971,8,1.45274955601534
26,1972,8,1.4992717356108
26,1973,8,1.45910274731781
26,1974,8,1.36626663792077
26,1975,8,1.38731184791542
26,1976,8,1.40055522123044
26,1977,8,1.26260674858048
26,1978,8,1.29189921706626
26,1979,8,1.39081332939385
26,1980,8,1.50184813801891
26,1981,8,1.66219305970905
26,1982,8,1.71307442527523
26,1983,8,1.6464111733489
26,1984,8,1.68179112636393
26,1985,8,1.71740629596368
26,1986,8,1.61240723700317
26,1987,8,1.63376198334677
26,1988,8,1.62365252973395
26,1989,8,1.7188642381801
26,1990,8,1.76860379640154
26,1991,8,1.52898661140167
26,1992,8,1.44714176904394
26,1993,8,1.46229221588979
26,1994,8,1.62542523386469
26,1995,8,1.77301189217918
26,1996,8,1.92335509043609
26,1997,8,1.73888417671507
26,1998,8,1.72589539138691
26,1999,8,1.56882593954525
26,2000,8,1.66958595957778
26,2001,8,1.69511802434515
26,2002,8,1.98823222927041
26,2003,8,1.66721441022695
26,2004,8,1.54972284180871
26,2005,8,1.74804352242136
26,2006,8,1.72494295253257
26,2007,8,1.60542794166218
26,2008,8,1.57960558888056
26,2009,8,1.49241396537549
26,2010,8,1.4708197801332
26,2011,8,1.68817251236861
26,2012,8,1.57170809532419
26,2013,8,1.48344201866048
26,2014,8,1.55947461920212
26,2015,8,1.40156666844679
26,2016,8,1.45644701004933
26,2017,8,1.68365456855787
26,2018,8,1.81042230177622
26,2019,8,2.6626017127522
26,2020,8,1.71584636329188
26,2021,8,1.71634400841698
26,2022,8,1.76610782395056
26,2023,8,1.77391833617579
26,2024,8,1.75163177387398
27,1964,3,0.793919706476823
27,1965,3,0.828328531135201
27,1966,3,0.458847657096628
27,1967,3,0.95874538025831
27,1968,3,0.572321473187883
27,1969,3,0.6182839432069
27,1970,3,0.443137773356511
27,1971,3,0.597313057112699
27,1972,3,0.475374460043802
27,1973,3,0.65631394451483
27,1974,3,0.614842541788832
27,1975,3,0.684803112145749
27,1976,3,1.25400287554976
27,1977,3,1.42796415233399
27,1978,3,1.34058480373771
27,1979,3,0.704773791563645
27,1980,3,0.428368711480974
27,1981,3,0.226984054646242
27,1982,3,0.287011717222151
27,1983,3,0.373180681722652
27,1984,3,0.157834024036665
27,1985,3,0.195058943680203
27,1986,3,0.136534921151331
27,1987,3,0.229891404690075
27,1988,3,0.15484689119516
27,1989,3,0.329616699687028
27,1990,3,0.25705495369316
27,1991,3,0.124346749390146
27,1992,3,0.170637138639315
27,1993,3,0.247229075920988
27,1994,3,0.0842581624273537
27,1995,3,0.0522017528700992
27,1996,3,0.0280476826649038
27,1997,3,0.0657269545153071
27,1998,3,0.111218233252252
27,1999,3,0.200442127057593
27,2000,3,0.153051938102879
27,2001,3,0.082491850605606
27,2002,3,0.0852326318445452
27,2003,3,0.117334924935426
27,2004,3,0.13710274402776
27,2005,3,0.0564384404073727
27,2006,3,0.150606120341784
27,2007,3,0.0779220836819011
27,2008,3,0.0753882930142478
27,2009,3,0.0886080533711173
27,2010,3,0.0765319962253548
27,2011,3,0.0427292741693804
27,2012,3,0.123973777836446
27,2013,3,0.0841173068318563
27,2014,3,0.0815864998629383
27,2015,3,0.349903589879293
27,2016,3,0.0862430583396003
27,2017,3,0.0246494273217545
27,2018,3,0.0131597956298443
27,2019,3,0.00889322566961577
27,2020,3,0.0971415240789032
27,2021,3,0.256000690819397
27,2022,3,0.252421698803782
27,2023,3,0.256892935821685
27,2024,3,0.0824625314398144
27,1964,4,1.17200269320429
27,1965,4,1.5322129332394
27,1966,4,1.29594748428654
27,1967,4,1.68849472636722
27,1968,4,1.52959214156054
27,1969,4,1.55507956059283
27,1970,4,1.15305726030356
27,1971,4,1.2172433307923
27,1972,4,0.980930348357744
27,1973,4,1.37311916746454
27,1974,4,1.37292662772466
27,1975,4,1.52531394826738
27,1976,4,1.70933158169578
27,1977,4,1.6843549161909
27,1978,4,1.74195157840297
27,1979,4,1.50610531761154
27,1980,4,1.31909496992824
27,1981,4,0.920924248116723
27,1982,4,1.21094706462822
27,1983,4,1.29666714013372
27,1984,4,0.56932469283929
27,1985,4,0.582431948981133
27,1986,4,0.437904414941046
27,1987,4,0.67408598566067
27,1988,4,0.463425050820722
27,1989,4,1.00670685162814
27,1990,4,0.964415737166541
27,1991,4,0.475280037318964
27,1992,4,0.493768590151967
27,1993,4,1.02866751611753
27,1994,4,0.492912949348396
27,1995,4,0.250813492600054
27,1996,4,0.110838108068205
27,1997,4,0.180750290060263
27,1998,4,0.330675154719856
27,1999,4,0.540016454164518
27,2000,4,0.535503862850931
27,2001,4,0.38967291418121
27,2002,4,0.411133506412346
27,2003,4,0.490761814088816
27,2004,4,0.992375757310354
27,2005,4,0.502588520056377
27,2006,4,0.737458194600263
27,2007,4,0.534878749731007
27,2008,4,0.424893972107571
27,2009,4,0.532886670454622
27,2010,4,0.722615905195531
27,2011,4,0.322858604502396
27,2012,4,0.486211647976209
27,2013,4,0.401387916165295
27,2014,4,0.396578501239879
27,2015,4,1.34906703656104
27,2016,4,1.62228814983832
27,2017,4,0.350612354165221
27,2018,4,0.230303760811637
27,2019,4,0.0659694282050888
27,2020,4,0.305949000220298
27,2021,4,0.565092161904981
27,2022,4,0.551831588879069
27,2023,4,0.77852170130572
27,2024,4,0.310505420248382
27,1964,5,1.2628652321253
27,1965,5,1.64107219159932
27,1966,5,1.69722972201675
27,1967,5,1.76458526870371
27,1968,5,1.81585234363873
27,1969,5,1.7914702504968
27,1970,5,1.60095259083583
27,1971,5,1.6151814399964
27,1972,5,1.41179945743457
27,1973,5,1.70673627743602
27,1974,5,1.6734189382642
27,1975,5,1.75676085956224
27,1976,5,1.72540778080903
27,1977,5,1.65669662748898
27,1978,5,1.70796846425619
27,1979,5,1.72233828754141
27,1980,5,1.75264614927947
27,1981,5,1.6306137373784
27,1982,5,1.76763275571085
27,1983,5,1.75638395877854
27,1984,5,1.25321385587898
27,1985,5,1.18008157699194
27,1986,5,1.00918999335416
27,1987,5,1.27535611408373
27,1988,5,1.00724529063534
27,1989,5,1.58554330571321
27,1990,5,1.61857306525252
27,1991,5,1.13495766367861
27,1992,5,1.00137385964247
27,1993,5,1.52129714647672
27,1994,5,1.36364283685477
27,1995,5,0.873577234571
27,1996,5,0.389300575940228
27,1997,5,0.446069579597942
27,1998,5,0.785989465540493
27,1999,5,1.06951478277151
27,2000,5,1.19679669380268
27,2001,5,1.12118959178148
27,2002,5,1.22086713325239
27,2003,5,1.21852849771557
27,2004,5,1.61182118315572
27,2005,5,1.59057952857608
27,2006,5,1.48591095254899
27,2007,5,1.43634377012008
27,2008,5,1.21272114725964
27,2009,5,1.32024301435779
27,2010,5,1.55197297292999
27,2011,5,1.20470973774406
27,2012,5,1.14295192465613
27,2013,5,1.12223829337807
27,2014,5,1.14589107346707
27,2015,5,1.51175161092239
27,2016,5,1.69699797949166
27,2017,5,1.52877366698365
27,2018,5,1.5499697881101
27,2019,5,0.432459719239058
27,2020,5,0.774499631350396
27,2021,5,0.999048420179949
27,2022,5,0.977756870783056
27,2023,5,1.49037227471433
27,2024,5,0.872739258474893
27,1964,6,1.26286523212506
27,1965,6,1.59447673807408
27,1966,6,1.7191531655574
27,1967,6,1.69431808312706
27,1968,6,1.78209365393475
27,1969,6,1.74943604818682
27,1970,6,1.67952524523106
27,1971,6,1.71585275984937
27,1972,6,1.59465501110657
27,1973,6,1.73641074795639
27,1974,6,1.6804029851206
27,1975,6,1.72468754718124
27,1976,6,1.64582305930133
27,1977,6,1.57259500473003
27,1978,6,1.62006021119035
27,1979,6,1.69218994111691
27,1980,6,1.76979898677183
27,1981,6,1.7909371662068
27,1982,6,1.79575314324581
27,1983,6,1.76983451714535
27,1984,6,1.65479972453908
27,1985,6,1.58405409617184
27,1986,6,1.50653763517848
27,1987,6,1.61238830018549
27,1988,6,1.46735007816321
27,1989,6,1.73019984859495
27,1990,6,1.75804786623408
27,1991,6,1.57329330403751
27,1992,6,1.37245881481676
27,1993,6,1.56563956432805
27,1994,6,1.74779991538754
27,1995,6,1.62287351168537
27,1996,6,0.994308632834372
27,1997,6,0.88946448024102
27,1998,6,1.31472114528788
27,1999,6,1.48942485292511
27,2000,6,1.62947913318374
27,2001,6,1.65267112634274
27,2002,6,1.83281078555207
27,2003,6,1.66850542608042
27,2004,6,1.63411587877128
27,2005,6,1.91299025090023
27,2006,6,1.67780981848347
27,2007,6,1.71984296167255
27,2008,6,1.61649098061085
27,2009,6,1.57727880970529
27,2010,6,1.63641404453882
27,2011,6,1.70801185096952
27,2012,6,1.54008977841147
27,2013,6,1.59879871549801
27,2014,6,1.66599299844189
27,2015,6,1.48031093674725
27,2016,6,1.63481337294416
27,2017,6,1.85807598728994
27,2018,6,2.14841711523899
27,2019,6,1.62224829973928
27,2020,6,1.35669701873446
27,2021,6,1.37485589294994
27,2022,6,1.35965284020592
27,2023,6,1.87362037600587
27,2024,6,1.50118332352342
27,1964,7,1.24177871688739
27,1965,7,1.50485509717649
27,1966,7,1.63770728883934
27,1967,7,1.57387663086489
27,1968,7,1.66901034841319
27,1969,7,1.63848742672162
27,1970,7,1.62452556274363
27,1971,7,1.66961866198244
27,1972,7,1.60975622042809
27,1973,7,1.65357434804774
27,1974,7,1.59858491187024
27,1975,7,1.62004586385624
27,1976,7,1.51995404819401
27,1977,7,1.45119014967988
27,1978,7,1.49533751866593
27,1979,7,1.5936241039322
27,1980,7,1.67844555364085
27,1981,7,1.73925613949716
27,1982,7,1.7047012751076
27,1983,7,1.67803089418084
27,1984,7,1.72686154501835
27,1985,7,1.69744127338445
27,1986,7,1.69346020702962
27,1987,7,1.68059672737919
27,1988,7,1.64642032675172
27,1989,7,1.6892835231199
27,1990,7,1.70648724477244
27,1991,7,1.6702135714607
27,1992,7,1.50146287952202
27,1993,7,1.51660508094294
27,1994,7,1.75475745119199
27,1995,7,1.89222007180867
27,1996,7,1.58408900572952
27,1997,7,1.33825982746981
27,1998,7,1.61975503497703
27,1999,7,1.65374679257217
27,2000,7,1.72776164863323
27,2001,7,1.75620183417426
27,2002,7,1.94604098834465
27,2003,7,1.74448743384518
27,2004,7,1.57085520333133
27,2005,7,1.86137620782502
27,2006,7,1.64746514739884
27,2007,7,1.69654091211629
27,2008,7,1.65083963330939
27,2009,7,1.57188635660345
27,2010,7,1.5842012444909
27,2011,7,1.7377853632827
27,2012,7,1.61642343674539
27,2013,7,1.6815631307451
27,2014,7,1.75697291524172
27,2015,7,1.4258094154887
27,2016,7,1.54758517385588
27,2017,7,1.80358322973252
27,2018,7,2.08032055389293
27,2019,7,2.50282662642564
27,2020,7,1.70050843699087
27,2021,7,1.57149046233479
27,2022,7,1.57030764742652
27,2023,7,1.92728521446639
27,2024,7,1.77269242420368
27,1964,8,1.21247889618008
27,1965,8,1.37954726557711
27,1966,8,1.50247131140525
27,1967,8,1.40633595972349
27,1968,8,1.49954900649849
27,1969,8,1.47568200426701
27,1970,8,1.50847552045537
27,1971,8,1.54046297845868
27,1972,8,1.53317948399306
27,1973,8,1.50399493498475
27,1974,8,1.46510780050811
27,1975,8,1.46350136077088
27,1976,8,1.34864132432866
27,1977,8,1.29129920546529
27,1978,8,1.3312631811475
27,1979,8,1.44662964812228
27,1980,8,1.52878956332143
27,1981,8,1.60992087678889
27,1982,8,1.55629379351891
27,1983,8,1.53072209237639
27,1984,8,1.65890023416981
27,1985,8,1.65615112307908
27,1986,8,1.68588252160875
27,1987,8,1.6207056307414
27,1988,8,1.64609961018295
27,1989,8,1.57134920009288
27,1990,8,1.58300113123632
27,1991,8,1.62325904429693
27,1992,8,1.50260665905952
27,1993,8,1.43631665270618
27,1994,8,1.65710355846106
27,1995,8,1.86329555718806
27,1996,8,1.81257052795311
27,1997,8,1.59811822897226
27,1998,8,1.6937033717701
27,1999,8,1.64970183183881
27,2000,8,1.67127193583762
27,2001,8,1.69321248029999
27,2002,8,1.84746857042116
27,2003,8,1.67416056249977
27,2004,8,1.47625732421057
27,2005,8,1.71896858641504
27,2006,8,1.55391855147624
27,2007,8,1.60091189321501
27,2008,8,1.58525104589945
27,2009,8,1.50872867038278
27,2010,8,1.4991291523779
27,2011,8,1.6545048769392
27,2012,8,1.57167397803188
27,2013,8,1.62592872465914
27,2014,8,1.68914603028232
27,2015,8,1.35367708813344
27,2016,8,1.43097812887189
27,2017,8,1.67964418570387
27,2018,8,1.88851567967448
27,2019,8,2.53866413077722
27,2020,8,1.778964762601
27,2021,8,1.61382988929979
27,2022,8,1.62399558947914
27,2023,8,1.80749714931311
27,2024,8,1.78180544308691
28,1964,3,0.560476638198977
28,1965,3,0.445520857212862
28,1966,3,0.586994857531458
28,1967,3,0.368787674537898
28,1968,3,0.645400208132908
28,1969,3,0.561616033370013
28,1970,3,0.195394890387171
28,1971,3,0.396962126122564
28,1972,3,0.899274650760446
28,1973,3,0.578129850923337
28,1974,3,1.31518415348085
28,1975,3,1.35726849213133
28,1976,3,1.12726279001528
28,1977,3,0.898025877017808
28,1978,3,0.968091834509266
28,1979,3,0.772481761785839
28,1980,3,0.6122050194701
28,1981,3,0.686904829965928
28,1982,3,0.212169840691357
28,1983,3,0.250943877365532
28,1984,3,0.276433791919393
28,1985,3,0.129109219422546
28,1986,3,0.159752830893007
28,1987,3,0.165463275020285
28,1988,3,0.383061543383804
28,1989,3,0.355643349729317
28,1990,3,0.249960771234383
28,1991,3,0.0827059340995093
28,1992,3,0.203478038852062
28,1993,3,0.278101248491237
28,1994,3,0.0767251327816614
28,1995,3,0.0410990327662621
28,1996,3,0.0203547586548386
28,1997,3,0.043393967976199
28,1998,3,0.115058889722247
28,1999,3,0.217970099572209
28,2000,3,0.168361212501821
28,2001,3,0.0792560803307529
28,2002,3,0.0882767644273934
28,2003,3,0.152069007925507
28,2004,3,0.118118189738369
28,2005,3,0.102309918058352
28,2006,3,0.109775598633435
28,2007,3,0.125350529882582
28,2008,3,0.103950873433785
28,2009,3,0.11185093683977
28,2010,3,0.108196227043659
28,2011,3,0.059477150861515
28,2012,3,0.0973711721211734
28,2013,3,0.0954159680233295
28,2014,3,0.0891994175549761
28,2015,3,0.449877412931796
28,2016,3,0.0847012936091351
28,2017,3,0.028406961545197
28,2018,3,0.0275516681370044
28,2019,3,0.00615375282724021
28,2020,3,0.130992199897398
28,2021,3,0.275430206797065
28,2022,3,0.31099447647832
28,2023,3,0.256399794903647
28,2024,3,0.126786994833814
28,1964,4,0.990551353597663
28,1965,4,1.19531105340932
28,1966,4,1.50107824348919
28,1967,4,1.21581017939332
28,1968,4,1.42663521656481
28,1969,4,1.50862167359178
28,1970,4,0.677930133133741
28,1971,4,0.945912735925326
28,1972,4,1.6612911442353
28,1973,4,1.42478447627188
28,1974,4,1.65825753573733
28,1975,4,1.76915125295973
28,1976,4,1.6311584532772
28,1977,4,1.69054998345491
28,1978,4,1.64577773039987
28,1979,4,1.56523227799464
28,1980,4,1.41036052483208
28,1981,4,1.59995182829126
28,1982,4,0.690004985079832
28,1983,4,0.795794477666288
28,1984,4,0.836131915769865
28,1985,4,0.64692242162332
28,1986,4,0.648954258532355
28,1987,4,0.427665259690172
28,1988,4,0.942873362329696
28,1989,4,1.01211260741744
28,1990,4,0.959612670441352
28,1991,4,0.29055841177981
28,1992,4,0.717518841762224
28,1993,4,1.17337748239488
28,1994,4,0.439476241107273
28,1995,4,0.205752198385235
28,1996,4,0.0946058948479021
28,1997,4,0.114226919178041
28,1998,4,0.323603721227103
28,1999,4,0.585181147159624
28,2000,4,0.658653479066322
28,2001,4,0.448495402530513
28,2002,4,0.410295187812642
28,2003,4,0.508255605992406
28,2004,4,0.769771693237459
28,2005,4,0.626107930341553
28,2006,4,0.492434489240553
28,2007,4,0.6756092142504
28,2008,4,0.618766101796317
28,2009,4,0.661821231538824
28,2010,4,0.874807914623807
28,2011,4,0.398969490300298
28,2012,4,0.456375360037586
28,2013,4,0.52329513806409
28,2014,4,0.525250034871783
28,2015,4,1.46453487644745
28,2016,4,1.67821556233287
28,2017,4,0.44490665813798
28,2018,4,0.264813418912613
28,2019,4,0.0513018958965931
28,2020,4,0.424897104123137
28,2021,4,0.675411331047599
28,2022,4,0.741797405999226
28,2023,4,0.755872179035031
28,2024,4,0.453621458254779
28,1964,5,1.22344119433123
28,1965,5,1.58885802283053
28,1966,5,1.76761548333186
28,1967,5,1.75111237103786
28,1968,5,1.73004187223001
28,1969,5,1.8786414602846
28,1970,5,1.35401009316699
28,1971,5,1.43127029325968
28,1972,5,1.78902348307829
28,1973,5,1.6961359140193
28,1974,5,1.65095134809781
28,1975,5,1.76205836800617
28,1976,5,1.64426530727425
28,1977,5,1.767554418428
28,1978,5,1.72068028568953
28,1979,5,1.73485122505009
28,1980,5,1.7039407819061
28,1981,5,1.77955975784351
28,1982,5,1.33943575556166
28,1983,5,1.43809266898296
28,1984,5,1.45667000616723
28,1985,5,1.50818620143308
28,1986,5,1.41209630784168
28,1987,5,0.871367794533087
28,1988,5,1.44988509012012
28,1989,5,1.57431075049421
28,1990,5,1.60244443746254
28,1991,5,0.770197045430512
28,1992,5,1.29976221303429
28,1993,5,1.54684802180373
28,1994,5,1.26821045503766
28,1995,5,0.76883084087508
28,1996,5,0.386558996558105
28,1997,5,0.282620505375533
28,1998,5,0.741782070749589
28,1999,5,1.11689657220752
28,2000,5,1.36863896398092
28,2001,5,1.43675215643895
28,2002,5,1.19752150347629
28,2003,5,1.16843358080776
28,2004,5,1.58226142978992
28,2005,5,1.52409391139129
28,2006,5,1.27095348371565
28,2007,5,1.5272605007165
28,2008,5,1.46765410047921
28,2009,5,1.46651551373839
28,2010,5,1.57137333704475
28,2011,5,1.49481238785126
28,2012,5,1.25150898494514
28,2013,5,1.32405373223826
28,2014,5,1.34878382062832
28,2015,5,1.49298416337436
28,2016,5,1.72601018578711
28,2017,5,1.82220381131358
28,2018,5,1.35759416650418
28,2019,5,0.382321783499455
28,2020,5,1.02607864822417
28,2021,5,1.18632923994342
28,2022,5,1.27216112210828
28,2023,5,1.40702058984051
28,2024,5,1.09956878601722
28,1964,6,1.28834987920956
28,1965,6,1.63075108280432
28,1966,6,1.73692865916779
28,1967,6,1.80880138890085
28,1968,6,1.73168662240565
28,1969,6,1.86566821691452
28,1970,6,1.67284295969461
28,1971,6,1.61349987967638
28,1972,6,1.72841808936462
28,1973,6,1.67896892529997
28,1974,6,1.57499825041658
28,1975,6,1.67009020219736
28,1976,6,1.57652120581998
28,1977,6,1.69645940614789
28,1978,6,1.65654070729219
28,1979,6,1.69058866704059
28,1980,6,1.7001491943283
28,1981,6,1.72683781464305
28,1982,6,1.65807270185312
28,1983,6,1.69813555558385
28,1984,6,1.69943952310614
28,1985,6,1.82637688854976
28,1986,6,1.75441134600544
28,1987,6,1.30195503145959
28,1988,6,1.63908294888881
28,1989,6,1.72970482496512
28,1990,6,1.73112406359297
28,1991,6,1.29734581840075
28,1992,6,1.49833774703086
28,1993,6,1.54692006316802
28,1994,6,1.69041382158258
28,1995,6,1.52997216080824
28,1996,6,1.06971679019971
28,1997,6,0.611751333923144
28,1998,6,1.23665943603703
28,1999,6,1.49144712447703
28,2000,6,1.66878217861961
28,2001,6,2.09728369005685
28,2002,6,1.81025225425396
28,2003,6,1.687186841024
28,2004,6,1.7150375594689
28,2005,6,1.78854709786437
28,2006,6,1.73716543968961
28,2007,6,1.78239930339711
28,2008,6,1.71461046994845
28,2009,6,1.66455934541735
28,2010,6,1.61539392319966
28,2011,6,2.27184953732475
28,2012,6,1.76593866767189
28,2013,6,1.64267718578215
28,2014,6,1.65014673507286
28,2015,6,1.45212574634758
28,2016,6,1.65907640044114
28,2017,6,2.105400254968
28,2018,6,2.17207621805233
28,2019,6,1.6034398549089
28,2020,6,1.61795956977334
28,2021,6,1.51711223095867
28,2022,6,1.60692488423042
28,2023,6,1.74654453498155
28,2024,6,1.6140136882926
28,1964,7,1.28834987920948
28,1965,7,1.5703307819776
28,1966,7,1.63291260825192
28,1967,7,1.72419345742125
28,1968,7,1.63866762944871
28,1969,7,1.74424131957618
28,1970,7,1.70501825973753
28,1971,7,1.61550902270821
28,1972,7,1.60666034175054
28,1973,7,1.58991914423573
28,1974,7,1.46176106626706
28,1975,7,1.53014918905989
28,1976,7,1.47435811024682
28,1977,7,1.57727279941218
28,1978,7,1.54531349605947
28,1979,7,1.5857032012306
28,1980,7,1.61121275997319
28,1981,7,1.61460686943721
28,1982,7,1.69822587853747
28,1983,7,1.70713486814892
28,1984,7,1.70370509283687
28,1985,7,1.81082965875774
28,1986,7,1.77205064138828
28,1987,7,1.53045508772003
28,1988,7,1.63922387516753
28,1989,7,1.69522436189005
28,1990,7,1.67991559268069
28,1991,7,1.54287031698735
28,1992,7,1.50443696345166
28,1993,7,1.49041738647907
28,1994,7,1.71925908937346
28,1995,7,1.83200218782326
28,1996,7,1.67184188314693
28,1997,7,1.06259674477701
28,1998,7,1.54560311337761
28,1999,7,1.61726378616509
28,2000,7,1.68417238415835
28,2001,7,2.15907428012738
28,2002,7,1.93562851651438
28,2003,7,1.84542823402696
28,2004,7,1.66108881328894
28,2005,7,1.75462477905131
28,2006,7,1.80160972345007
28,2007,7,1.75126297996128
28,2008,7,1.68784887629908
28,2009,7,1.63349107900325
28,2010,7,1.55958540641745
28,2011,7,2.32309129929247
28,2012,7,1.84333456178548
28,2013,7,1.64831132343168
28,2014,7,1.64666053700392
28,2015,7,1.3969196631904
28,2016,7,1.56511706369203
28,2017,7,2.00335767667889
28,2018,7,2.19778160370661
28,2019,7,2.52631092721524
28,2020,7,1.86992878141964
28,2021,7,1.62151429112155
28,2022,7,1.70661015413891
28,2023,7,1.7966861108976
28,2024,7,1.76651360085106
28,1964,8,1.26587768307962
28,1965,8,1.4635064841896
28,1966,8,1.47777188647515
28,1967,8,1.57126138547312
28,1968,8,1.48712720585504
28,1969,8,1.55122847875184
28,1970,8,1.62362541129942
28,1971,8,1.53278046619191
28,1972,8,1.43232036472266
28,1973,8,1.45535630278112
28,1974,8,1.31059712293454
28,1975,8,1.34208948114765
28,1976,8,1.33715783725722
28,1977,8,1.41213678180435
28,1978,8,1.39069783114281
28,1979,8,1.43347856244632
28,1980,8,1.47042499667737
28,1981,8,1.45358385096482
28,1982,8,1.62152220338991
28,1983,8,1.61310223505182
28,1984,8,1.60727981517532
28,1985,8,1.68844408471492
28,1986,8,1.67103522941881
28,1987,8,1.58489492638085
28,1988,8,1.55099579706525
28,1989,8,1.5779808957469
28,1990,8,1.56310631320376
28,1991,8,1.58183420437379
28,1992,8,1.45326266472998
28,1993,8,1.40891897943014
28,1994,8,1.63746274310173
28,1995,8,1.82309116378708
28,1996,8,1.84517233908605
28,1997,8,1.44672867065212
28,1998,8,1.64012030082157
28,1999,8,1.59893655692646
28,2000,8,1.60078159353684
28,2001,8,1.98784005879373
28,2002,8,1.84462900560301
28,2003,8,1.79548405932332
28,2004,8,1.55585491489577
28,2005,8,1.63937288056028
28,2006,8,1.71479097537462
28,2007,8,1.63604721377282
28,2008,8,1.59040468266119
28,2009,8,1.54547015241808
28,2010,8,1.47413031426919
28,2011,8,2.10302421241654
28,2012,8,1.75277809404049
28,2013,8,1.57236166888519
28,2014,8,1.56824585696213
28,2015,8,1.32583436569295
28,2016,8,1.43940513812016
28,2017,8,1.80645188111081
28,2018,8,2.0057846780446
28,2019,8,2.54676387079615
28,2020,8,1.86560217811147
28,2021,8,1.59338800310418
28,2022,8,1.66137367521675
28,2023,8,1.70392619524915
28,2024,8,1.72608831483033
29,1964,3,0.595259361592429
29,1965,3,0.647297763891069
29,1966,3,0.361311486485324
29,1967,3,0.641270755239101
29,1968,3,0.134386874417374
29,1969,3,0.655177933942767
29,1970,3,1.17155915107611
29,1971,3,0.841705906749415
29,1972,3,0.693024616371469
29,1973,3,0.721346056311019
29,1974,3,0.564536704275779
29,1975,3,0.923289407085816
29,1976,3,0.889049294175599
29,1977,3,0.583854799092304
29,1978,3,1.52032169486456
29,1979,3,0.714228588977338
29,1980,3,0.584242759683249
29,1981,3,0.359562607020529
29,1982,3,0.204074918977359
29,1983,3,0.181520923086596
29,1984,3,0.118703927167099
29,1985,3,0.216310479775533
29,1986,3,0.133222864928192
29,1987,3,0.258932012348326
29,1988,3,0.310930622136558
29,1989,3,0.114992209828052
29,1990,3,0.400105897835247
29,1991,3,0.137081981454882
29,1992,3,0.184172360034843
29,1993,3,0.227140273653727
29,1994,3,0.069180482243175
29,1995,3,0.0526588278780541
29,1996,3,0.0249433953299642
29,1997,3,0.0473773067169521
29,1998,3,0.103356773402752
29,1999,3,0.281034061278288
29,2000,3,0.158886137258714
29,2001,3,0.0839187701613009
29,2002,3,0.10315949552328
29,2003,3,0.14938547203155
29,2004,3,0.110231477513853
29,2005,3,0.0973462480277462
29,2006,3,0.151292934033276
29,2007,3,0.118797786124398
29,2008,3,0.101628956779284
29,2009,3,0.129638045547812
29,2010,3,0.089443027042344
29,2011,3,0.0652750530679328
29,2012,3,0.102751139526426
29,2013,3,0.153906728222156
29,2014,3,0.0860102231227394
29,2015,3,0.354904539551528
29,2016,3,0.0536578689683438
29,2017,3,0.0255479352667996
29,2018,3,0.01161084848253
29,2019,3,0.0115579633615659
29,2020,3,0.123252328826418
29,2021,3,0.322425065341477
29,2022,3,0.281666607500596
29,2023,3,0.187037275818139
29,2024,3,0.0526659147886032
29,1964,4,1.00258343870732
29,1965,4,1.39354706749588
29,1966,4,0.931974004083892
29,1967,4,1.37482361214379
29,1968,4,0.543605823008693
29,1969,4,1.37273838433371
29,1970,4,1.70209706701695
29,1971,4,1.50616755541706
29,1972,4,1.34074233428258
29,1973,4,1.31374505948097
29,1974,4,1.14147612894761
29,1975,4,1.54104479446565
29,1976,4,1.45822316287963
29,1977,4,1.31278335639131
29,1978,4,1.759445132769
29,1979,4,1.4742610967747
29,1980,4,1.44722717375457
29,1981,4,1.21463599380617
29,1982,4,0.739241833037568
29,1983,4,0.632421823984884
29,1984,4,0.373234390177637
29,1985,4,0.746387438100352
29,1986,4,0.602175706147024
29,1987,4,0.638083744837259
29,1988,4,0.854969217910271
29,1989,4,0.504618352460664
29,1990,4,1.47947895674788
29,1991,4,0.54191592492317
29,1992,4,0.680317625180927
29,1993,4,0.902646359010395
29,1994,4,0.428418150744186
29,1995,4,0.302709120783805
29,1996,4,0.109946237464669
29,1997,4,0.151169769017358
29,1998,4,0.302743423693011
29,1999,4,0.83965857936114
29,2000,4,0.73416839353788
29,2001,4,0.512868530626018
29,2002,4,0.502342694523702
29,2003,4,0.487361543059429
29,2004,4,0.940679564788327
29,2005,4,0.671915847493116
29,2006,4,0.618874180920355
29,2007,4,0.569527371009711
29,2008,4,0.745805393947476
29,2009,4,0.693825872141342
29,2010,4,0.624885086090368
29,2011,4,0.432393804651676
29,2012,4,0.503477187287627
29,2013,4,0.806620115890225
29,2014,4,0.464095066141983
29,2015,4,1.36625916359998
29,2016,4,1.41100759753357
29,2017,4,0.42806103915398
29,2018,4,0.231531941881014
29,2019,4,0.0797491111961634
29,2020,4,0.369386650487188
29,2021,4,0.764615087157704
29,2022,4,0.865564278205178
29,2023,4,0.649795249664712
29,2024,4,0.237551288557206
29,1964,5,1.2193814767005
29,1965,5,1.65883095989356
29,1966,5,1.45852382225408
29,1967,5,1.7057119236131
29,1968,5,1.28994446807833
29,1969,5,1.73634322529328
29,1970,5,1.7540741912833
29,1971,5,1.69182271163211
29,1972,5,1.61258638784614
29,1973,5,1.59290276582813
29,1974,5,1.52369441588368
29,1975,5,1.69747832374684
29,1976,5,1.63059225178484
29,1977,5,1.64913093296669
29,1978,5,1.709545108974
29,1979,5,1.67922055353122
29,1980,5,1.73617534951911
29,1981,5,1.73502773390693
29,1982,5,1.44642186444411
29,1983,5,1.32267102900309
29,1984,5,0.888827870868614
29,1985,5,1.4433254662535
29,1986,5,1.40886278611044
29,1987,5,1.14146573809237
29,1988,5,1.43338941994338
29,1989,5,1.27460098161157
29,1990,5,1.8218254145235
29,1991,5,1.21013238824341
29,1992,5,1.38988539810968
29,1993,5,1.47350051798624
29,1994,5,1.34977123468474
29,1995,5,1.14830369910536
29,1996,5,0.423736529846461
29,1997,5,0.429003871266566
29,1998,5,0.71991101087111
29,1999,5,1.4198431962176
29,2000,5,1.44610538094681
29,2001,5,1.37999159977031
29,2002,5,1.33022271379406
29,2003,5,1.09080509186631
29,2004,5,1.59851454984939
29,2005,5,1.65153301684447
29,2006,5,1.42221250578031
29,2007,5,1.49517618924226
29,2008,5,1.58030929860147
29,2009,5,1.40335931814454
29,2010,5,1.42511761385897
29,2011,5,1.36076628489283
29,2012,5,1.2467628494679
29,2013,5,1.52165080979897
29,2014,5,1.25632924203027
29,2015,5,1.50722998436775
29,2016,5,1.56858126711665
29,2017,5,1.61013030939299
29,2018,5,1.65963352390494
29,2019,5,0.482066644110603
29,2020,5,0.882409736627615
29,2021,5,1.30727277302767
29,2022,5,1.55043978238701
29,2023,5,1.32578016910546
29,2024,5,0.794183588280124
29,1964,6,1.28126090539701
29,1965,6,1.65568905921924
29,1966,6,1.64892166313626
29,1967,6,1.72969312335236
29,1968,6,1.72309714101215
29,1969,6,1.78040833625882
29,1970,6,1.68076790045159
29,1971,6,1.66681304765057
29,1972,6,1.63225976877353
29,1973,6,1.63068437080783
29,1974,6,1.63073760740739
29,1975,6,1.66474866373784
29,1976,6,1.61545599525161
29,1977,6,1.67710965321597
29,1978,6,1.61279622255311
29,1979,6,1.65288566755705
29,1980,6,1.71958811254679
29,1981,6,1.7834368995135
29,1982,6,1.7323874530264
29,1983,6,1.69457917625733
29,1984,6,1.41211960013551
29,1985,6,1.74161932597875
29,1986,6,1.77282315895954
29,1987,6,1.48616988545449
29,1988,6,1.67390906243229
29,1989,6,1.72837229969246
29,1990,6,1.7847300002936
29,1991,6,1.55428002104383
29,1992,6,1.7068285498683
29,1993,6,1.575580366071
29,1994,6,1.85172517660786
29,1995,6,2.00508067508464
29,1996,6,1.11438056269405
29,1997,6,0.938500046957368
29,1998,6,1.22464816172583
29,1999,6,1.629660249599
29,2000,6,1.6360511107286
29,2001,6,1.71249761274945
29,2002,6,1.78387658893314
29,2003,6,1.55183502936077
29,2004,6,1.62113566435921
29,2005,6,1.88961839626703
29,2006,6,1.83695364842817
29,2007,6,2.00219292582788
29,2008,6,1.70311499179917
29,2009,6,1.5656677257674
29,2010,6,1.59060519418026
29,2011,6,1.80920889199607
29,2012,6,1.58860852855183
29,2013,6,1.65279969848502
29,2014,6,1.64043650234867
29,2015,6,1.4739250537092
29,2016,6,1.5249274547342
29,2017,6,1.80275605097916
29,2018,6,2.24577542748254
29,2019,6,1.68122794098604
29,2020,6,1.47616310061493
29,2021,6,1.65031545211641
29,2022,6,1.83432614925298
29,2023,6,1.66568181085564
29,2024,6,1.48396518956951
29,1964,7,1.28126090539673
29,1965,7,1.57396486459262
29,1966,7,1.64555125076199
29,1967,7,1.64572809147386
29,1968,7,1.786726452927
29,1969,7,1.69634843740239
29,1970,7,1.5533525616507
29,1971,7,1.57111007321822
29,1972,7,1.56228912951351
29,1973,7,1.56868578859855
29,1974,7,1.60030336504516
29,1975,7,1.56422955394239
29,1976,7,1.53110058054186
29,1977,7,1.60385050843013
29,1978,7,1.47720115120031
29,1979,7,1.56237029186265
29,1980,7,1.62344317524944
29,1981,7,1.70012899061762
29,1982,7,1.73854644938441
29,1983,7,1.74942615092318
29,1984,7,1.65509612636434
29,1985,7,1.75539787687388
29,1986,7,1.78782365720924
29,1987,7,1.60530472528356
29,1988,7,1.68744643440368
29,1989,7,1.7910044027394
29,1990,7,1.6744588213398
29,1991,7,1.60281912233159
29,1992,7,1.72815569583567
29,1993,7,1.53954587949519
29,1994,7,1.87752496670342
29,1995,7,2.1935825247153
29,1996,7,1.70980388639011
29,1997,7,1.43888888291265
29,1998,7,1.5363585229096
29,1999,7,1.6295941748223
29,2000,7,1.61249667700045
29,2001,7,1.70704401555663
29,2002,7,1.82608983580191
29,2003,7,1.69538061535073
29,2004,7,1.56063300321636
29,2005,7,1.83086294628283
29,2006,7,1.87353297249216
29,2007,7,2.03560046273717
29,2008,7,1.64813399544301
29,2009,7,1.54232000534986
29,2010,7,1.56079534525055
29,2011,7,1.81823049027742
29,2012,7,1.61549759501608
29,2013,7,1.60991798188877
29,2014,7,1.6679568472344
29,2015,7,1.41982897048384
29,2016,7,1.46491355152415
29,2017,7,1.7373148631424
29,2018,7,2.15427791738262
29,2019,7,2.54829665380168
29,2020,7,1.81241220444417
29,2021,7,1.75146818886636
29,2022,7,1.83787077008049
29,2023,7,1.70876330072369
29,2024,7,1.7630034899149
29,1964,8,1.2587298201091
29,1965,8,1.444883254992
29,1966,8,1.55491703898351
29,1967,8,1.49821702130071
29,1968,8,1.70270533969183
29,1969,8,1.53525387063073
29,1970,8,1.37566342277301
29,1971,8,1.42501980798769
29,1972,8,1.44055945767039
29,1973,8,1.44828846450385
29,1974,8,1.49736925019439
29,1975,8,1.41270291767664
29,1976,8,1.39885748858903
29,1977,8,1.47566133003031
29,1978,8,1.30111479333846
29,1979,8,1.42761468583535
29,1980,8,1.47621089366976
29,1981,8,1.55416934328811
29,1982,8,1.6380777203327
29,1983,8,1.66920790236069
29,1984,8,1.68290199054797
29,1985,8,1.65430043834311
29,1986,8,1.68330630088013
29,1987,8,1.58793122316707
29,1988,8,1.5980123693046
29,1989,8,1.70568194061158
29,1990,8,1.51231220861197
29,1991,8,1.55007399902726
29,1992,8,1.63740204224402
29,1993,8,1.46222759098228
29,1994,8,1.7604123435385
29,1995,8,2.06509948164244
29,1996,8,1.88428310020618
29,1997,8,1.68336651809528
29,1998,8,1.62860041702985
29,1999,8,1.54678940482024
29,2000,8,1.5289282238872
29,2001,8,1.61529551262965
29,2002,8,1.72527682224429
29,2003,8,1.66647100915659
29,2004,8,1.47132811383552
29,2005,8,1.68689162726512
29,2006,8,1.75860005119835
29,2007,8,1.88175863704461
29,2008,8,1.54649335205303
29,2009,8,1.47567329626628
29,2010,8,1.49061751158983
29,2011,8,1.70868601488369
29,2012,8,1.5534383595844
29,2013,8,1.51856817964521
29,2014,8,1.59602179496456
29,2015,8,1.34867281922649
29,2016,8,1.3862998009057
29,2017,8,1.62184772717586
29,2018,8,1.93294455931247
29,2019,8,2.58607769638793
29,2020,8,1.87694249911036
29,2021,8,1.69903349026652
29,2022,8,1.71081629705661
29,2023,8,1.63158753136147
29,2024,8,1.76404292650482
30,1964,3,0.618729910206999
30,1965,3,0.619934233354585
30,1966,3,0.454849735836481
30,1967,3,0.600250675392207
30,1968,3,0.396287286803836
30,1969,3,0.380998433169291
30,1970,3,0.650180073266641
30,1971,3,0.272381973306801
30,1972,3,0.615635440882673
30,1973,3,0.5653615371583
30,1974,3,1.181923954169
30,1975,3,0.759105448444624
30,1976,3,0.495709124722371
30,1977,3,0.441832593453379
30,1978,3,1.24702542898785
30,1979,3,1.32412419642725
30,1980,3,0.34656922237874
30,1981,3,0.402742485052291
30,1982,3,0.402162332452738
30,1983,3,0.165294840235151
30,1984,3,0.160619521749826
30,1985,3,0.199192928801553
30,1986,3,0.142100287392033
30,1987,3,0.295123638439591
30,1988,3,0.0817734762302389
30,1989,3,0.0864866663231112
30,1990,3,0.199789564478783
30,1991,3,0.12126616688098
30,1992,3,0.187403228312319
30,1993,3,0.336325622438826
30,1994,3,0.0568096363977234
30,1995,3,0.0347082150739188
30,1996,3,0.0297412243978942
30,1997,3,0.0606163634473659
30,1998,3,0.10417559701327
30,1999,3,0.221449471680962
30,2000,3,0.193326080851076
30,2001,3,0.0935547501309504
30,2002,3,0.0884377690810308
30,2003,3,0.153478726884287
30,2004,3,0.156983181533718
30,2005,3,0.133915813250789
30,2006,3,0.12769346868777
30,2007,3,0.122666269771905
30,2008,3,0.109422506480406
30,2009,3,0.107770573935812
30,2010,3,0.0776183744761192
30,2011,3,0.051769437782941
30,2012,3,0.124091297557299
30,2013,3,0.114694911002604
30,2014,3,0.0804747622417457
30,2015,3,0.307206744449935
30,2016,3,0.0536851448317448
30,2017,3,0.0185785341933447
30,2018,3,0.0250050404373919
30,2019,3,0.00935637289361595
30,2020,3,0.119838904827834
30,2021,3,0.293781854542097
30,2022,3,0.30974085459107
30,2023,3,0.361295355774856
30,2024,3,0.120170467171371
30,1964,4,1.00993850590656
30,1965,4,1.30378442263556
30,1966,4,1.15854332062216
30,1967,4,1.54886775827932
30,1968,4,1.23532485332861
30,1969,4,1.14824447568674
30,1970,4,1.34454879088579
30,1971,4,1.06901895553575
30,1972,4,1.40251339656952
30,1973,4,1.32739405794042
30,1974,4,1.66103979336074
30,1975,4,1.4548424310898
30,1976,4,1.09485688168081
30,1977,4,1.44316807756178
30,1978,4,1.76497621389623
30,1979,4,1.75070642118894
30,1980,4,1.15565756977958
30,1981,4,1.35355464550506
30,1982,4,1.37280465681674
30,1983,4,0.588635789044328
30,1984,4,0.703613740422616
30,1985,4,0.547679589521771
30,1986,4,0.439375939969863
30,1987,4,0.81758232942654
30,1988,4,0.35435415868532
30,1989,4,0.325366655950673
30,1990,4,0.903596482729198
30,1991,4,0.617589350329558
30,1992,4,0.565917309396005
30,1993,4,1.25560929935502
30,1994,4,0.5904265849109
30,1995,4,0.193886943964601
30,1996,4,0.133970573137722
30,1997,4,0.186374003292364
30,1998,4,0.322892871970897
30,1999,4,0.679211908233026
30,2000,4,0.856217094150371
30,2001,4,0.537253448237146
30,2002,4,0.397749360203764
30,2003,4,0.511557081990213
30,2004,4,0.962493096176516
30,2005,4,0.751071589498462
30,2006,4,0.520768124384278
30,2007,4,0.616754397693035
30,2008,4,0.530045001158706
30,2009,4,0.668445213123039
30,2010,4,0.743704220113187
30,2011,4,0.369600382876623
30,2012,4,0.547633941811101
30,2013,4,0.627048190796011
30,2014,4,0.475713178515309
30,2015,4,1.36265663669788
30,2016,4,1.45853758878413
30,2017,4,0.432445226797542
30,2018,4,0.375589057766825
30,2019,4,0.0723718441074249
30,2020,4,0.418225206382295
30,2021,4,0.688729367827298
30,2022,4,0.720689199976852
30,2023,4,0.971019197841013
30,2024,4,0.43474602047117
30,1964,5,1.21471850146982
30,1965,5,1.5986386053204
30,1966,5,1.63703576112413
30,1967,5,1.85291714168369
30,1968,5,1.73671437635171
30,1969,5,1.6755685767705
30,1970,5,1.66452596529403
30,1971,5,1.70205613666599
30,1972,5,1.70225561009862
30,1973,5,1.67674065975336
30,1974,5,1.71577738238425
30,1975,5,1.70797872355262
30,1976,5,1.51926605370139
30,1977,5,1.81426664843754
30,1978,5,1.74873035680409
30,1979,5,1.72853106337763
30,1980,5,1.69023897981786
30,1981,5,1.77062060815854
30,1982,5,1.78603566376038
30,1983,5,1.27400937039924
30,1984,5,1.51440715054378
30,1985,5,1.08883912886869
30,1986,5,0.991178069998469
30,1987,5,1.40332776112657
30,1988,5,1.01797002815847
30,1989,5,0.884884062886999
30,1990,5,1.60704629695033
30,1991,5,1.35110065329184
30,1992,5,1.12853834570095
30,1993,5,1.56507198132507
30,1994,5,1.83910983352462
30,1995,5,0.809057835283198
30,1996,5,0.509087946418699
30,1997,5,0.502214627858102
30,1998,5,0.795141345522563
30,1999,5,1.28219945798434
30,2000,5,1.50125795941587
30,2001,5,1.44214914550981
30,2002,5,1.15027036169901
30,2003,5,1.16081617614609
30,2004,5,1.69104931152772
30,2005,5,1.68570178575183
30,2006,5,1.26319963831276
30,2007,5,1.57870541885997
30,2008,5,1.36260995415936
30,2009,5,1.43512268722081
30,2010,5,1.55339945090395
30,2011,5,1.29561394266969
30,2012,5,1.29668101869047
30,2013,5,1.45680507003056
30,2014,5,1.31783776699273
30,2015,5,1.53498013703147
30,2016,5,1.68648132105193
30,2017,5,1.80341654956532
30,2018,5,1.69251678679231
30,2019,5,0.487498036383793
30,2020,5,1.0583705173651
30,2021,5,1.2085496832007
30,2022,5,1.20825597925865
30,2023,5,1.52379926990124
30,2024,5,1.06784427672392
30,1964,6,1.27371461018537
30,1965,6,1.6209652816095
30,1966,6,1.73641858486662
30,1967,6,1.82239306742461
30,1968,6,1.78812312904348
30,1969,6,1.7613914028607
30,1970,6,1.69435520281614
30,1971,6,1.79378433537881
30,1972,6,1.70259218421186
30,1973,6,1.70116575278677
30,1974,6,1.64921678770118
30,1975,6,1.70561040673924
30,1976,6,1.63922530805811
30,1977,6,1.79355945912292
30,1978,6,1.65970763537872
30,1979,6,1.63960538865547
30,1980,6,1.7570264679806
30,1981,6,1.76920165266751
30,1982,6,1.77963463768206
30,1983,6,1.66649481664651
30,1984,6,1.81900202240333
30,1985,6,1.50327263744488
30,1986,6,1.4794740494038
30,1987,6,1.66568785853335
30,1988,6,1.59239616906286
30,1989,6,1.45051255851522
30,1990,6,1.73915822355576
30,1991,6,1.57880661279341
30,1992,6,1.48234893078947
30,1993,6,1.552962878563
30,1994,6,2.10958155478144
30,1995,6,1.69678687675082
30,1996,6,1.23527152060894
30,1997,6,1.03147306559418
30,1998,6,1.35134450020734
30,1999,6,1.58786845782267
30,2000,6,1.62517258337052
30,2001,6,1.82285469982184
30,2002,6,1.7621581751561
30,2003,6,1.6539735998269
30,2004,6,1.75785284338059
30,2005,6,1.93648790725634
30,2006,6,1.7144653375406
30,2007,6,2.02850175951056
30,2008,6,1.7886355980021
30,2009,6,1.5972641198724
30,2010,6,1.62632882556154
30,2011,6,1.80008002795244
30,2012,6,1.66397552631526
30,2013,6,1.72036439286014
30,2014,6,1.68552644511698
30,2015,6,1.50067712003111
30,2016,6,1.63057518742941
30,2017,6,1.96225665810538
30,2018,6,2.04661257864175
30,2019,6,1.77226082525961
30,2020,6,1.67364659866623
30,2021,6,1.58238327682985
30,2022,6,1.50867288751891
30,2023,6,1.7063465329577
30,2024,6,1.58023928257902
30,1964,7,1.27371461018529
30,1965,7,1.55443667150827
30,1966,7,1.68109362888205
30,1967,7,1.70206288026004
30,1968,7,1.70503476583207
30,1969,7,1.69468722518271
30,1970,7,1.61866504539561
30,1971,7,1.7214699367822
30,1972,7,1.61462193624943
30,1973,7,1.62272181944665
30,1974,7,1.52959017133566
30,1975,7,1.6136814612131
30,1976,7,1.61086268054845
30,1977,7,1.68576185888628
30,1978,7,1.52959394053177
30,1979,7,1.51033132268297
30,1980,7,1.68399347588852
30,1981,7,1.67257362677845
30,1982,7,1.67964478999318
30,1983,7,1.73358670573464
30,1984,7,1.80773939845926
30,1985,7,1.65526091795162
30,1986,7,1.67383119018618
30,1987,7,1.69093785412613
30,1988,7,1.75005157789645
30,1989,7,1.67040122194034
30,1990,7,1.68532964740635
30,1991,7,1.57078365916281
30,1992,7,1.57555228666449
30,1993,7,1.49150520312498
30,1994,7,2.01213407048626
30,1995,7,2.02669077548069
30,1996,7,1.74399462587119
30,1997,7,1.50689705420522
30,1998,7,1.66428933500118
30,1999,7,1.6367199791428
30,2000,7,1.58645285909731
30,2001,7,1.81924710415246
30,2002,7,1.90325111866159
30,2003,7,1.79901845851209
30,2004,7,1.68343122636089
30,2005,7,1.87955724508151
30,2006,7,1.78752169195694
30,2007,7,2.02862193841731
30,2008,7,1.81944218829312
30,2009,7,1.56728727211727
30,2010,7,1.57384792586929
30,2011,7,1.8214245606991
30,2012,7,1.6975552185027
30,2013,7,1.69987032093636
30,2014,7,1.69559748989246
30,2015,7,1.44288148497881
30,2016,7,1.54981540448076
30,2017,7,1.86562625875569
30,2018,7,1.96517994230472
30,2019,7,2.60351875785332
30,2020,7,1.90861092276439
30,2021,7,1.72298059071806
30,2022,7,1.5999108723242
30,2023,7,1.68925096978042
30,2024,7,1.73512753946461
30,1964,8,1.25171881483909
30,1965,8,1.43998761584698
30,1966,8,1.55108943776234
30,1967,8,1.51832236368656
30,1968,8,1.55614504834657
30,1969,8,1.55885580998617
30,1970,8,1.48223071108419
30,1971,8,1.58213809089625
30,1972,8,1.47348680841758
30,1973,8,1.4878753812904
30,1974,8,1.36176403948367
30,1975,8,1.46327759201853
30,1976,8,1.50962788673993
30,1977,8,1.52187773705749
30,1978,8,1.35618904050939
30,1979,8,1.33876769313608
30,1980,8,1.54879368304693
30,1981,8,1.52165589406224
30,1982,8,1.52472067856094
30,1983,8,1.66212497805037
30,1984,8,1.68595260819353
30,1985,8,1.64339679912518
30,1986,8,1.67501839144662
30,1987,8,1.60705509563117
30,1988,8,1.70935905506464
30,1989,8,1.67346892885994
30,1990,8,1.56897276099056
30,1991,8,1.50462207159002
30,1992,8,1.54683579105218
30,1993,8,1.40424203846772
30,1994,8,1.80854370422743
30,1995,8,1.98531758658455
30,1996,8,1.85326124833912
30,1997,8,1.72291728171382
30,1998,8,1.7313124615538
30,1999,8,1.57626992293285
30,2000,8,1.49968845272928
30,2001,8,1.70246284483619
30,2002,8,1.8258126603494
30,2003,8,1.75143637615186
30,2004,8,1.55849255198273
30,2005,8,1.72095370113086
30,2006,8,1.70728607544608
30,2007,8,1.86083471923553
30,2008,8,1.71536066230326
30,2009,8,1.49417237215027
30,2010,8,1.4904151600005
30,2011,8,1.71655964087001
30,2012,8,1.62015964471112
30,2013,8,1.60149054847972
30,2014,8,1.61213039623264
30,2015,8,1.36615318287197
30,2016,8,1.44100125520385
30,2017,8,1.70593285377149
30,2018,8,1.79048580387852
30,2019,8,2.58620077325841
30,2020,8,1.88283953759487
30,2021,8,1.70069616275863
30,2022,8,1.56929213607555
30,2023,8,1.58208940729324
30,2024,8,1.70107077513917
