"simulation","quantity","year","value"
1,"SSB",1964,797.087278973753
1,"SSB",1965,744.823816132216
1,"SSB",1966,784.921081933112
1,"SSB",1967,945.665857276261
1,"SSB",1968,1118.54808065504
1,"SSB",1969,1293.15865565458
1,"SSB",1970,1377.2974241304
1,"SSB",1971,1487.98756776706
1,"SSB",1972,1427.1312022331
1,"SSB",1973,1352.17460410176
1,"SSB",1974,1198.35505990562
1,"SSB",1975,1176.82076627044
1,"SSB",1976,1067.19142247575
1,"SSB",1977,1247.98332790434
1,"SSB",1978,1072.65505857394
1,"SSB",1979,952.726219237132
1,"SSB",1980,1131.33193233685
1,"SSB",1981,1815.03440348078
1,"SSB",1982,2533.95198145766
1,"SSB",1983,3343.37643769619
1,"SSB",1984,3464.62393345719
1,"SSB",1985,3953.68224083149
1,"SSB",1986,3834.14140526334
1,"SSB",1987,3922.21600096448
1,"SSB",1988,3781.13219533904
1,"SSB",1989,3319.23696642648
1,"SSB",1990,2825.9391260497
1,"SSB",1991,2238.18745284465
1,"SSB",1992,2153.85456463836
1,"SSB",1993,2891.95978864973
1,"SSB",1994,3320.47605462173
1,"SSB",1995,3517.50014023783
1,"SSB",1996,3449.74848176342
1,"SSB",1997,3318.23505144552
1,"SSB",1998,2796.42271792145
1,"SSB",1999,2919.26418234141
1,"SSB",2000,2807.15068934086
1,"SSB",2001,2840.81111872409
1,"SSB",2002,2655.70102920212
1,"SSB",2003,2723.10382061332
1,"SSB",2004,3067.11214298261
1,"SSB",2005,2738.47086859514
1,"SSB",2006,2544.14377385623
1,"SSB",2007,2131.00371222692
1,"SSB",2008,1603.8253125812
1,"SSB",2009,1720.50254707062
1,"SSB",2010,1801.93849956428
1,"SSB",2011,2227.87253790049
1,"SSB",2012,2733.03803965826
1,"SSB",2013,3112.97040880642
1,"SSB",2014,3036.55010061064
1,"SSB",2015,2805.57558736896
1,"SSB",2016,3059.21158933164
1,"SSB",2017,3516.86406942352
1,"SSB",2018,3351.19736422192
1,"SSB",2019,3270.86488826318
1,"SSB",2020,2525.69275011232
1,"SSB",2021,2944.24432688636
1,"SSB",2022,4216.24528948548
1,"SSB",2023,4198.73719339638
1,"SSB",2024,4292.59772457546
1,"recruitment",1964,10029.6557459565
1,"recruitment",1965,17403.1477942746
1,"recruitment",1966,16247.5890663125
1,"recruitment",1967,21451.5469701517
1,"recruitment",1968,21647.7379517779
1,"recruitment",1969,27309.8055328634
1,"recruitment",1970,20216.9250256924
1,"recruitment",1971,25999.263808663
1,"recruitment",1972,13393.0040298023
1,"recruitment",1973,21832.7515031354
1,"recruitment",1974,17484.3186108355
1,"recruitment",1975,16203.1674415594
1,"recruitment",1976,10102.552181458
1,"recruitment",1977,14021.2063393981
1,"recruitment",1978,30549.5627499305
1,"recruitment",1979,56477.3638135719
1,"recruitment",1980,27737.2205022389
1,"recruitment",1981,30250.96649382
1,"recruitment",1982,19500.7985319448
1,"recruitment",1983,47343.0291323811
1,"recruitment",1984,14164.6097295844
1,"recruitment",1985,36746.8334436386
1,"recruitment",1986,12388.5675631494
1,"recruitment",1987,6373.39877268005
1,"recruitment",1988,5377.87228300426
1,"recruitment",1989,10819.7135438825
1,"recruitment",1990,53669.1350352827
1,"recruitment",1991,27031.7049102373
1,"recruitment",1992,21776.6152616415
1,"recruitment",1993,47234.0837858833
1,"recruitment",1994,15903.915338055
1,"recruitment",1995,9324.22876081439
1,"recruitment",1996,23580.3378534956
1,"recruitment",1997,30961.43156613
1,"recruitment",1998,13698.7287242585
1,"recruitment",1999,16290.1959899152
1,"recruitment",2000,25666.4355433603
1,"recruitment",2001,35654.0697141975
1,"recruitment",2002,23595.6137516357
1,"recruitment",2003,15308.8241424713
1,"recruitment",2004,6678.25590696831
1,"recruitment",2005,4886.69765941423
1,"recruitment",2006,11306.210721247
1,"recruitment",2007,29177.4145012716
1,"recruitment",2008,12384.5156440691
1,"recruitment",2009,55071.0289900528
1,"recruitment",2010,23552.5183319807
1,"recruitment",2011,14531.0230484053
1,"recruitment",2012,10731.8343525484
1,"recruitment",2013,44616.5636514646
1,"recruitment",2014,52507.3430766839
1,"recruitment",2015,23393.2935038044
1,"recruitment",2016,8298.84288368102
1,"recruitment",2017,7615.1686095432
1,"recruitment",2018,16634.0790588351
1,"recruitment",2019,105092.726733478
1,"recruitment",2020,22120.5098267114
1,"recruitment",2021,11600.780872584
1,"recruitment",2022,11051.6431429119
1,"recruitment",2023,13788.6254844953
1,"recruitment",2024,15794.0108483168
2,"SSB",1964,624.171090552418
2,"SSB",1965,698.927030921012
2,"SSB",1966,799.351466599112
2,"SSB",1967,1024.41967960425
2,"SSB",1968,1320.75300218013
2,"SSB",1969,1631.48942389135
2,"SSB",1970,1764.8790162396
2,"SSB",1971,1846.50375921001
2,"SSB",1972,1802.42473262381
2,"SSB",1973,1579.48891667031
2,"SSB",1974,1135.81737878711
2,"SSB",1975,985.192875835234
2,"SSB",1976,943.161674427084
2,"SSB",1977,1177.01425450563
2,"SSB",1978,1034.71512168506
2,"SSB",1979,996.554525150514
2,"SSB",1980,1221.11118702275
2,"SSB",1981,1752.52160315762
2,"SSB",1982,2321.20512820905
2,"SSB",1983,3073.32149002775
2,"SSB",1984,3227.33048489477
2,"SSB",1985,3761.84909256219
2,"SSB",1986,3710.88002840418
2,"SSB",1987,3811.17976806704
2,"SSB",1988,3669.71097418361
2,"SSB",1989,3240.79620251056
2,"SSB",1990,2780.76641233088
2,"SSB",1991,2243.05108470278
2,"SSB",1992,2162.8641662243
2,"SSB",1993,2894.00167571395
2,"SSB",1994,3385.09940753152
2,"SSB",1995,3605.5980492465
2,"SSB",1996,3531.80381293647
2,"SSB",1997,3406.97348817647
2,"SSB",1998,2901.57871806807
2,"SSB",1999,3030.35084758847
2,"SSB",2000,2891.59689616744
2,"SSB",2001,2902.55658397035
2,"SSB",2002,2717.67117049288
2,"SSB",2003,2813.7753735629
2,"SSB",2004,3177.90405200843
2,"SSB",2005,2812.66424210298
2,"SSB",2006,2546.72078016909
2,"SSB",2007,2099.54721249979
2,"SSB",2008,1607.81897460127
2,"SSB",2009,1729.64823791816
2,"SSB",2010,1801.10741814127
2,"SSB",2011,2229.79080739815
2,"SSB",2012,2721.66532153921
2,"SSB",2013,3096.66458832913
2,"SSB",2014,3009.84880858019
2,"SSB",2015,2800.44405913752
2,"SSB",2016,3040.96876731836
2,"SSB",2017,3472.94287418563
2,"SSB",2018,3302.66046782056
2,"SSB",2019,3227.76290117678
2,"SSB",2020,2487.81322417681
2,"SSB",2021,2773.35552800626
2,"SSB",2022,3875.13310077741
2,"SSB",2023,3794.32411820479
2,"SSB",2024,3788.12537046819
2,"recruitment",1964,9644.49472890523
2,"recruitment",1965,21224.7909209722
2,"recruitment",1966,21720.7539829159
2,"recruitment",1967,24954.0458387543
2,"recruitment",1968,23113.3454529178
2,"recruitment",1969,20451.1620191989
2,"recruitment",1970,31233.8734159204
2,"recruitment",1971,9599.97941354629
2,"recruitment",1972,11942.8989608665
2,"recruitment",1973,18077.2356752083
2,"recruitment",1974,23238.1174990114
2,"recruitment",1975,14279.6702318879
2,"recruitment",1976,14994.0548917853
2,"recruitment",1977,15932.1348296235
2,"recruitment",1978,21863.1758153977
2,"recruitment",1979,53935.68486682
2,"recruitment",1980,24128.0739087777
2,"recruitment",1981,32949.9982713095
2,"recruitment",1982,19226.3503986368
2,"recruitment",1983,48921.4164007511
2,"recruitment",1984,15436.5610146976
2,"recruitment",1985,34472.1628132
2,"recruitment",1986,15318.7302427306
2,"recruitment",1987,6370.35068514635
2,"recruitment",1988,5889.42323513132
2,"recruitment",1989,10675.2951563366
2,"recruitment",1990,52211.5053514232
2,"recruitment",1991,28164.0570944163
2,"recruitment",1992,22877.7994845149
2,"recruitment",1993,45713.1825511838
2,"recruitment",1994,14867.9600131815
2,"recruitment",1995,11234.7813167997
2,"recruitment",1996,23455.5377304521
2,"recruitment",1997,29877.6976194171
2,"recruitment",1998,14107.0784172434
2,"recruitment",1999,16546.9070987385
2,"recruitment",2000,26192.0688018398
2,"recruitment",2001,36703.2020709476
2,"recruitment",2002,24600.663141774
2,"recruitment",2003,13922.3678429187
2,"recruitment",2004,6707.34149080064
2,"recruitment",2005,4333.62845242218
2,"recruitment",2006,11227.7352268834
2,"recruitment",2007,29492.4913235529
2,"recruitment",2008,12577.8541949157
2,"recruitment",2009,53686.4743620363
2,"recruitment",2010,24028.0810849281
2,"recruitment",2011,13982.3716621219
2,"recruitment",2012,11496.0973709997
2,"recruitment",2013,44762.7158988396
2,"recruitment",2014,49581.1771207929
2,"recruitment",2015,21219.702252835
2,"recruitment",2016,9215.88935969005
2,"recruitment",2017,8033.21700886605
2,"recruitment",2018,14537.9651672901
2,"recruitment",2019,95907.6003272903
2,"recruitment",2020,17885.9163385577
2,"recruitment",2021,11066.8778453086
2,"recruitment",2022,8737.98730501477
2,"recruitment",2023,13872.0342355379
2,"recruitment",2024,11086.8991018799
3,"SSB",1964,468.431017199629
3,"SSB",1965,507.929658328767
3,"SSB",1966,635.020404613362
3,"SSB",1967,905.014964709431
3,"SSB",1968,1194.18321021592
3,"SSB",1969,1403.13817764533
3,"SSB",1970,1405.09086962351
3,"SSB",1971,1432.46523618655
3,"SSB",1972,1335.69333657994
3,"SSB",1973,1152.75450653016
3,"SSB",1974,923.973192916179
3,"SSB",1975,859.221348935655
3,"SSB",1976,793.531638379817
3,"SSB",1977,1003.18772482192
3,"SSB",1978,928.077374628176
3,"SSB",1979,921.171827879441
3,"SSB",1980,1070.66982961281
3,"SSB",1981,1688.37995833311
3,"SSB",1982,2447.92365781285
3,"SSB",1983,3348.16069273723
3,"SSB",1984,3413.61284237644
3,"SSB",1985,3921.42740308769
3,"SSB",1986,3871.33602943765
3,"SSB",1987,3977.46277854827
3,"SSB",1988,3765.87576145708
3,"SSB",1989,3256.71039294878
3,"SSB",1990,2768.7126814606
3,"SSB",1991,2261.27957761603
3,"SSB",1992,2155.44877708226
3,"SSB",1993,2855.59494621263
3,"SSB",1994,3326.8792489813
3,"SSB",1995,3548.72414291989
3,"SSB",1996,3460.51725340594
3,"SSB",1997,3369.17009716543
3,"SSB",1998,2813.49786498577
3,"SSB",1999,2897.07196701484
3,"SSB",2000,2777.22255537409
3,"SSB",2001,2808.99159368159
3,"SSB",2002,2607.30356372237
3,"SSB",2003,2649.01775783135
3,"SSB",2004,3014.63072603147
3,"SSB",2005,2677.43959108887
3,"SSB",2006,2466.11526093835
3,"SSB",2007,2031.86468536416
3,"SSB",2008,1581.83237771103
3,"SSB",2009,1685.2237106906
3,"SSB",2010,1754.25135421939
3,"SSB",2011,2177.67299506687
3,"SSB",2012,2648.73520076823
3,"SSB",2013,2981.57249740008
3,"SSB",2014,2884.00298100902
3,"SSB",2015,2637.77756363433
3,"SSB",2016,2862.24870993395
3,"SSB",2017,3290.61988003855
3,"SSB",2018,3113.1845755673
3,"SSB",2019,3026.18041691589
3,"SSB",2020,2345.52158703994
3,"SSB",2021,2627.12863231121
3,"SSB",2022,3749.86075995954
3,"SSB",2023,3663.80898530324
3,"SSB",2024,3641.08423730108
3,"recruitment",1964,10325.4473576306
3,"recruitment",1965,23414.7387184168
3,"recruitment",1966,16710.9564059872
3,"recruitment",1967,18491.8027180462
3,"recruitment",1968,15018.9849553874
3,"recruitment",1969,26995.8339117301
3,"recruitment",1970,21877.166487023
3,"recruitment",1971,17596.9734264629
3,"recruitment",1972,12459.8216392537
3,"recruitment",1973,23788.8242559133
3,"recruitment",1974,20654.5905991981
3,"recruitment",1975,14519.0781441497
3,"recruitment",1976,13965.6276233935
3,"recruitment",1977,13364.2515916273
3,"recruitment",1978,23990.3102925567
3,"recruitment",1979,65080.6982381806
3,"recruitment",1980,26938.3245104297
3,"recruitment",1981,31486.6197799192
3,"recruitment",1982,15416.5066232771
3,"recruitment",1983,54461.1319871901
3,"recruitment",1984,14300.8418823796
3,"recruitment",1985,33993.1653699715
3,"recruitment",1986,11108.2531794073
3,"recruitment",1987,6663.70827939652
3,"recruitment",1988,6379.35540029439
3,"recruitment",1989,10466.1601102301
3,"recruitment",1990,53124.800400377
3,"recruitment",1991,28140.5109193682
3,"recruitment",1992,22993.4269977306
3,"recruitment",1993,48510.8601742085
3,"recruitment",1994,15025.1189732165
3,"recruitment",1995,10370.2896787952
3,"recruitment",1996,20848.8224661008
3,"recruitment",1997,31389.5538838909
3,"recruitment",1998,13621.3777380245
3,"recruitment",1999,15060.9533947741
3,"recruitment",2000,25522.0005520914
3,"recruitment",2001,35361.2172816428
3,"recruitment",2002,24377.4672507732
3,"recruitment",2003,13919.3493301658
3,"recruitment",2004,6646.47881928515
3,"recruitment",2005,4761.79064618077
3,"recruitment",2006,11137.8381355751
3,"recruitment",2007,28343.5404257592
3,"recruitment",2008,13064.5646371236
3,"recruitment",2009,53183.4364774318
3,"recruitment",2010,22792.9105808386
3,"recruitment",2011,13267.6541760931
3,"recruitment",2012,10071.5660586682
3,"recruitment",2013,43631.45759285
3,"recruitment",2014,50263.6589699713
3,"recruitment",2015,22477.1865848749
3,"recruitment",2016,7468.98806953252
3,"recruitment",2017,7170.84527182963
3,"recruitment",2018,13962.5403323281
3,"recruitment",2019,94705.1475632462
3,"recruitment",2020,20007.7003062229
3,"recruitment",2021,7863.74123811672
3,"recruitment",2022,8680.75736054908
3,"recruitment",2023,12606.1797885645
3,"recruitment",2024,9984.86013449876
4,"SSB",1964,684.936466471469
4,"SSB",1965,707.070373629382
4,"SSB",1966,779.710726160276
4,"SSB",1967,963.234837841617
4,"SSB",1968,1177.34073322287
4,"SSB",1969,1387.36291894084
4,"SSB",1970,1407.76801355164
4,"SSB",1971,1432.38288789953
4,"SSB",1972,1421.27716901925
4,"SSB",1973,1320.65006305663
4,"SSB",1974,1054.91734513707
4,"SSB",1975,1002.29651699718
4,"SSB",1976,870.354636524365
4,"SSB",1977,1004.16523800574
4,"SSB",1978,888.57726182429
4,"SSB",1979,840.618867769082
4,"SSB",1980,1033.41639564124
4,"SSB",1981,1713.93283777437
4,"SSB",1982,2483.70167930799
4,"SSB",1983,3390.972547046
4,"SSB",1984,3529.07637758922
4,"SSB",1985,4049.50387036689
4,"SSB",1986,3965.28822041346
4,"SSB",1987,4046.41180188468
4,"SSB",1988,3875.34391658407
4,"SSB",1989,3388.85255197308
4,"SSB",1990,2889.11201013384
4,"SSB",1991,2346.80156917324
4,"SSB",1992,2197.01731946356
4,"SSB",1993,2824.75967199679
4,"SSB",1994,3246.50987271053
4,"SSB",1995,3480.74066595074
4,"SSB",1996,3451.35115204941
4,"SSB",1997,3357.8881275777
4,"SSB",1998,2870.64820728878
4,"SSB",1999,3046.26766121864
4,"SSB",2000,2972.80901609015
4,"SSB",2001,3005.59541081577
4,"SSB",2002,2775.79742456672
4,"SSB",2003,2789.91923784061
4,"SSB",2004,3092.22757255982
4,"SSB",2005,2741.12822670216
4,"SSB",2006,2577.41471372837
4,"SSB",2007,2164.26001113785
4,"SSB",2008,1695.60113824454
4,"SSB",2009,1824.2682119219
4,"SSB",2010,1887.36777955292
4,"SSB",2011,2302.62809457744
4,"SSB",2012,2752.66115740826
4,"SSB",2013,3115.91776675692
4,"SSB",2014,3012.56774655895
4,"SSB",2015,2772.86570013679
4,"SSB",2016,3037.1348359921
4,"SSB",2017,3530.32108590044
4,"SSB",2018,3384.42849831684
4,"SSB",2019,3273.73207141407
4,"SSB",2020,2439.50494257021
4,"SSB",2021,2632.09191251868
4,"SSB",2022,3623.38995507315
4,"SSB",2023,3485.03464722575
4,"SSB",2024,3408.61704707487
4,"recruitment",1964,7665.74947135381
4,"recruitment",1965,20712.4862247824
4,"recruitment",1966,17225.8238137617
4,"recruitment",1967,19861.5644620555
4,"recruitment",1968,16395.7246430647
4,"recruitment",1969,25785.3660189484
4,"recruitment",1970,31749.0676055674
4,"recruitment",1971,9999.77881414352
4,"recruitment",1972,15432.81823206
4,"recruitment",1973,21323.4104723545
4,"recruitment",1974,16433.7196346806
4,"recruitment",1975,13872.9926484737
4,"recruitment",1976,12965.3923396863
4,"recruitment",1977,13030.6000369197
4,"recruitment",1978,25135.5620752008
4,"recruitment",1979,65549.9260814548
4,"recruitment",1980,27843.3395874183
4,"recruitment",1981,32803.2713359254
4,"recruitment",1982,18011.8861559448
4,"recruitment",1983,51315.5696391267
4,"recruitment",1984,14617.0999214403
4,"recruitment",1985,35899.2110094256
4,"recruitment",1986,13744.2880302001
4,"recruitment",1987,6594.51790747458
4,"recruitment",1988,5665.19572477623
4,"recruitment",1989,11052.2450459088
4,"recruitment",1990,49314.937060079
4,"recruitment",1991,25348.6295340387
4,"recruitment",1992,22019.2270493107
4,"recruitment",1993,47685.7606967145
4,"recruitment",1994,15891.4466969618
4,"recruitment",1995,10210.5774512423
4,"recruitment",1996,22432.5837895053
4,"recruitment",1997,32199.5179951245
4,"recruitment",1998,14291.2427850798
4,"recruitment",1999,16210.0459426764
4,"recruitment",2000,24665.1427749886
4,"recruitment",2001,35877.3521697233
4,"recruitment",2002,23574.1977083368
4,"recruitment",2003,15847.0731631843
4,"recruitment",2004,6999.68790826593
4,"recruitment",2005,4038.57972435751
4,"recruitment",2006,12848.4670992706
4,"recruitment",2007,28943.1075172769
4,"recruitment",2008,12957.6882118844
4,"recruitment",2009,53109.726973938
4,"recruitment",2010,23725.7411085532
4,"recruitment",2011,14174.2277970026
4,"recruitment",2012,10558.1034002158
4,"recruitment",2013,43741.02578076
4,"recruitment",2014,52022.409194973
4,"recruitment",2015,22756.2183890399
4,"recruitment",2016,7846.25676462911
4,"recruitment",2017,6704.48278578772
4,"recruitment",2018,13196.6952365713
4,"recruitment",2019,91116.2485851819
4,"recruitment",2020,18986.0925954138
4,"recruitment",2021,8355.88915919555
4,"recruitment",2022,9405.55771358037
4,"recruitment",2023,16422.2843780332
4,"recruitment",2024,17402.5576442772
5,"SSB",1964,697.128643095633
5,"SSB",1965,741.739532735404
5,"SSB",1966,776.177124237472
5,"SSB",1967,989.629961064241
5,"SSB",1968,1275.02829768037
5,"SSB",1969,1423.95659021044
5,"SSB",1970,1384.54255099936
5,"SSB",1971,1402.65631312897
5,"SSB",1972,1328.26145003768
5,"SSB",1973,1199.75330594861
5,"SSB",1974,918.333604945494
5,"SSB",1975,887.70186796341
5,"SSB",1976,902.838259021029
5,"SSB",1977,1100.28240760442
5,"SSB",1978,945.510970563647
5,"SSB",1979,880.985365234789
5,"SSB",1980,1061.47576683466
5,"SSB",1981,1628.18202752243
5,"SSB",1982,2318.00086635163
5,"SSB",1983,3195.67237739735
5,"SSB",1984,3317.27114447104
5,"SSB",1985,3829.08385930382
5,"SSB",1986,3756.28615854562
5,"SSB",1987,3886.85288306736
5,"SSB",1988,3783.40247124508
5,"SSB",1989,3369.45474647776
5,"SSB",1990,2936.77422307412
5,"SSB",1991,2439.69589306146
5,"SSB",1992,2323.29553209395
5,"SSB",1993,3003.04876242369
5,"SSB",1994,3430.17176843345
5,"SSB",1995,3591.89690815954
5,"SSB",1996,3490.26437558925
5,"SSB",1997,3394.65341982907
5,"SSB",1998,2909.88528306656
5,"SSB",1999,3080.32626095998
5,"SSB",2000,3017.23001845301
5,"SSB",2001,3098.05603152761
5,"SSB",2002,2858.25543945029
5,"SSB",2003,2831.68518647593
5,"SSB",2004,3150.47115744087
5,"SSB",2005,2801.39725777687
5,"SSB",2006,2557.80416139229
5,"SSB",2007,2084.76787876932
5,"SSB",2008,1627.90949932179
5,"SSB",2009,1783.89306147677
5,"SSB",2010,1848.09322010892
5,"SSB",2011,2258.31145638838
5,"SSB",2012,2765.3300866209
5,"SSB",2013,3177.92424799315
5,"SSB",2014,3105.74622622637
5,"SSB",2015,2844.18917355013
5,"SSB",2016,3104.2827597204
5,"SSB",2017,3584.13993322317
5,"SSB",2018,3436.2982635231
5,"SSB",2019,3286.60815902595
5,"SSB",2020,2424.54271622269
5,"SSB",2021,2682.50941519644
5,"SSB",2022,3798.61294263415
5,"SSB",2023,3783.21050688819
5,"SSB",2024,3857.51758931354
5,"recruitment",1964,6539.96812026154
5,"recruitment",1965,27870.9298430218
5,"recruitment",1966,13580.7101409011
5,"recruitment",1967,16971.3840437065
5,"recruitment",1968,18799.107465153
5,"recruitment",1969,23048.9178466926
5,"recruitment",1970,30394.6488095232
5,"recruitment",1971,16631.1782646152
5,"recruitment",1972,9687.7048445125
5,"recruitment",1973,28215.7340136788
5,"recruitment",1974,20199.7477582671
5,"recruitment",1975,12376.0907987114
5,"recruitment",1976,11535.8559744906
5,"recruitment",1977,14516.4905168063
5,"recruitment",1978,23562.3586294853
5,"recruitment",1979,58754.244367367
5,"recruitment",1980,31072.8595339999
5,"recruitment",1981,29848.134403593
5,"recruitment",1982,17184.4960782537
5,"recruitment",1983,51936.890996722
5,"recruitment",1984,15338.9484524936
5,"recruitment",1985,37884.442179724
5,"recruitment",1986,12850.8007991529
5,"recruitment",1987,6734.91907934082
5,"recruitment",1988,6876.29438396011
5,"recruitment",1989,10021.9281491184
5,"recruitment",1990,52902.3229996124
5,"recruitment",1991,28293.5554182009
5,"recruitment",1992,23365.4624765381
5,"recruitment",1993,45709.0435046118
5,"recruitment",1994,15224.6947059366
5,"recruitment",1995,10734.583678854
5,"recruitment",1996,23037.0029319637
5,"recruitment",1997,34837.0463203493
5,"recruitment",1998,14876.5779322296
5,"recruitment",1999,16413.5769757932
5,"recruitment",2000,23720.2394493655
5,"recruitment",2001,34814.955256813
5,"recruitment",2002,24358.8278944345
5,"recruitment",2003,15096.415374001
5,"recruitment",2004,6300.07676800389
5,"recruitment",2005,4355.54552603419
5,"recruitment",2006,12760.8242010089
5,"recruitment",2007,29351.1192222559
5,"recruitment",2008,12273.3494879931
5,"recruitment",2009,54108.8283232801
5,"recruitment",2010,23554.0780942672
5,"recruitment",2011,14724.7724949577
5,"recruitment",2012,11344.4374779117
5,"recruitment",2013,44623.3336412599
5,"recruitment",2014,56630.8053666587
5,"recruitment",2015,22449.3911162658
5,"recruitment",2016,7249.44815960638
5,"recruitment",2017,6353.44464369845
5,"recruitment",2018,14076.0609588011
5,"recruitment",2019,95020.004663359
5,"recruitment",2020,22523.9020231428
5,"recruitment",2021,11670.9871135439
5,"recruitment",2022,11536.0140151596
5,"recruitment",2023,12921.254999253
5,"recruitment",2024,14749.6854780188
6,"SSB",1964,566.669904799905
6,"SSB",1965,612.710595599874
6,"SSB",1966,749.979557018407
6,"SSB",1967,995.348321735876
6,"SSB",1968,1289.86785808814
6,"SSB",1969,1562.00198100572
6,"SSB",1970,1602.93349965081
6,"SSB",1971,1494.94593342038
6,"SSB",1972,1348.71459207219
6,"SSB",1973,1215.138760994
6,"SSB",1974,1038.81891733068
6,"SSB",1975,1093.95413003865
6,"SSB",1976,1031.62684348896
6,"SSB",1977,1274.62679745075
6,"SSB",1978,1124.48487664007
6,"SSB",1979,1015.28161153468
6,"SSB",1980,1151.40033639931
6,"SSB",1981,1696.27418401448
6,"SSB",1982,2282.36154232286
6,"SSB",1983,3086.65833658365
6,"SSB",1984,3217.93846421096
6,"SSB",1985,3756.28343204113
6,"SSB",1986,3783.93369623414
6,"SSB",1987,3966.92790769539
6,"SSB",1988,3854.33030004606
6,"SSB",1989,3419.40848315616
6,"SSB",1990,2969.1148754912
6,"SSB",1991,2381.03841314366
6,"SSB",1992,2213.76690128972
6,"SSB",1993,2791.20775346084
6,"SSB",1994,3138.56528133055
6,"SSB",1995,3345.15213194124
6,"SSB",1996,3331.45467881042
6,"SSB",1997,3263.70809824805
6,"SSB",1998,2772.98764978108
6,"SSB",1999,2959.92640054232
6,"SSB",2000,2895.8329498874
6,"SSB",2001,2964.78236652344
6,"SSB",2002,2765.60067132364
6,"SSB",2003,2816.31245878903
6,"SSB",2004,3157.49715623779
6,"SSB",2005,2811.66319951778
6,"SSB",2006,2604.42073764144
6,"SSB",2007,2185.41312601592
6,"SSB",2008,1681.24711205399
6,"SSB",2009,1799.11358503091
6,"SSB",2010,1856.29853755888
6,"SSB",2011,2272.95408599316
6,"SSB",2012,2806.47712112471
6,"SSB",2013,3228.95550862678
6,"SSB",2014,3165.43900777499
6,"SSB",2015,2908.55250505319
6,"SSB",2016,3176.33980800329
6,"SSB",2017,3717.78184467099
6,"SSB",2018,3607.83604690417
6,"SSB",2019,3523.18169334303
6,"SSB",2020,2672.89846917652
6,"SSB",2021,2814.28508277158
6,"SSB",2022,3768.18931305305
6,"SSB",2023,3625.91048368243
6,"SSB",2024,3649.77007355017
6,"recruitment",1964,15187.7888035362
6,"recruitment",1965,16710.4375019806
6,"recruitment",1966,23536.8917134767
6,"recruitment",1967,21218.100060814
6,"recruitment",1968,16572.1383449003
6,"recruitment",1969,11538.4139161255
6,"recruitment",1970,36769.8798089729
6,"recruitment",1971,13514.688304631
6,"recruitment",1972,20760.2996906203
6,"recruitment",1973,22206.9551813711
6,"recruitment",1974,18977.1467630521
6,"recruitment",1975,17439.6755940449
6,"recruitment",1976,10621.9405200816
6,"recruitment",1977,11991.8350582677
6,"recruitment",1978,24551.8442867845
6,"recruitment",1979,59247.7797401968
6,"recruitment",1980,22992.114783427
6,"recruitment",1981,34254.2204005284
6,"recruitment",1982,14567.1171237308
6,"recruitment",1983,54221.7354131649
6,"recruitment",1984,16130.4412008528
6,"recruitment",1985,37921.0527387722
6,"recruitment",1986,13545.933711419
6,"recruitment",1987,7561.04680982284
6,"recruitment",1988,5163.7905096181
6,"recruitment",1989,11484.0308240251
6,"recruitment",1990,48769.1592134991
6,"recruitment",1991,25350.6055139518
6,"recruitment",1992,20790.6887189051
6,"recruitment",1993,45952.907251212
6,"recruitment",1994,16591.6236018399
6,"recruitment",1995,11976.8861909336
6,"recruitment",1996,22362.5997157516
6,"recruitment",1997,32449.3629693353
6,"recruitment",1998,14569.6861668223
6,"recruitment",1999,16236.0782895014
6,"recruitment",2000,24594.8367700541
6,"recruitment",2001,38902.6793584313
6,"recruitment",2002,24242.6644685969
6,"recruitment",2003,15382.3208867529
6,"recruitment",2004,6834.37420987414
6,"recruitment",2005,4706.35324738032
6,"recruitment",2006,13011.3760918153
6,"recruitment",2007,29181.2064975767
6,"recruitment",2008,12678.1674300912
6,"recruitment",2009,56652.209780329
6,"recruitment",2010,25296.5847723895
6,"recruitment",2011,14106.6202345631
6,"recruitment",2012,11414.8087554648
6,"recruitment",2013,45478.4518250434
6,"recruitment",2014,54009.4948764671
6,"recruitment",2015,24641.3296776977
6,"recruitment",2016,8626.96504259398
6,"recruitment",2017,6559.63543863232
6,"recruitment",2018,12746.1866932641
6,"recruitment",2019,90916.887535774
6,"recruitment",2020,19772.9443287634
6,"recruitment",2021,9958.56826238218
6,"recruitment",2022,13292.0343019821
6,"recruitment",2023,19544.776075838
6,"recruitment",2024,10963.7044915585
7,"SSB",1964,596.440594537058
7,"SSB",1965,680.714162595133
7,"SSB",1966,752.058169713845
7,"SSB",1967,875.659329736494
7,"SSB",1968,981.157311770494
7,"SSB",1969,1056.2674274539
7,"SSB",1970,1156.34951612619
7,"SSB",1971,1285.8196359056
7,"SSB",1972,1317.67059317043
7,"SSB",1973,1241.60277558107
7,"SSB",1974,1101.50252075104
7,"SSB",1975,1151.1631266343
7,"SSB",1976,1044.33627770194
7,"SSB",1977,1098.66473747643
7,"SSB",1978,902.369491186641
7,"SSB",1979,809.321519642339
7,"SSB",1980,1054.87148011313
7,"SSB",1981,1712.36507963849
7,"SSB",1982,2363.92204338362
7,"SSB",1983,3062.7916796275
7,"SSB",1984,3124.11139250404
7,"SSB",1985,3628.8510540991
7,"SSB",1986,3642.5473015201
7,"SSB",1987,3779.18026434995
7,"SSB",1988,3675.44902905772
7,"SSB",1989,3261.98313779009
7,"SSB",1990,2812.48348855776
7,"SSB",1991,2332.32577163683
7,"SSB",1992,2242.2444786113
7,"SSB",1993,2881.76311071776
7,"SSB",1994,3257.03864984548
7,"SSB",1995,3451.013763654
7,"SSB",1996,3408.28255455628
7,"SSB",1997,3330.10766149239
7,"SSB",1998,2808.2604725289
7,"SSB",1999,2973.70195304838
7,"SSB",2000,2910.9887016203
7,"SSB",2001,2966.77773745827
7,"SSB",2002,2749.86823373195
7,"SSB",2003,2814.7588035046
7,"SSB",2004,3184.51624430208
7,"SSB",2005,2855.66090266812
7,"SSB",2006,2648.85033957345
7,"SSB",2007,2208.40720852862
7,"SSB",2008,1694.78188795772
7,"SSB",2009,1811.43882880334
7,"SSB",2010,1867.39534033271
7,"SSB",2011,2269.08797509236
7,"SSB",2012,2765.22260122636
7,"SSB",2013,3193.02909480688
7,"SSB",2014,3131.06606427413
7,"SSB",2015,2871.20003856373
7,"SSB",2016,3141.43549058996
7,"SSB",2017,3616.45977411511
7,"SSB",2018,3467.73460977935
7,"SSB",2019,3327.34970000743
7,"SSB",2020,2518.7413596354
7,"SSB",2021,2781.01391671068
7,"SSB",2022,3878.92458581985
7,"SSB",2023,3788.03209242553
7,"SSB",2024,3862.31386178669
7,"recruitment",1964,6848.17910933864
7,"recruitment",1965,15901.026048615
7,"recruitment",1966,12084.3883500897
7,"recruitment",1967,19078.5417349481
7,"recruitment",1968,26656.6133661498
7,"recruitment",1969,24201.4170040081
7,"recruitment",1970,31476.6178992583
7,"recruitment",1971,14285.2701473035
7,"recruitment",1972,19965.6772402434
7,"recruitment",1973,24664.4256654446
7,"recruitment",1974,13397.4673177276
7,"recruitment",1975,13835.0374767608
7,"recruitment",1976,10777.7527129417
7,"recruitment",1977,13566.9970577265
7,"recruitment",1978,28225.654412918
7,"recruitment",1979,56086.4819737278
7,"recruitment",1980,26254.8432218064
7,"recruitment",1981,27679.7068655981
7,"recruitment",1982,20357.7929608499
7,"recruitment",1983,52263.8774980115
7,"recruitment",1984,15919.8004974131
7,"recruitment",1985,34755.7389704672
7,"recruitment",1986,13993.4398312625
7,"recruitment",1987,7988.50495534407
7,"recruitment",1988,5889.05543146962
7,"recruitment",1989,11414.5113229183
7,"recruitment",1990,51154.3917367894
7,"recruitment",1991,27192.0943289222
7,"recruitment",1992,21207.654154202
7,"recruitment",1993,45617.7088137225
7,"recruitment",1994,16239.0052247302
7,"recruitment",1995,9331.69225614894
7,"recruitment",1996,22925.4850150513
7,"recruitment",1997,33081.902767303
7,"recruitment",1998,14991.1597803133
7,"recruitment",1999,15905.213511675
7,"recruitment",2000,24343.2862304849
7,"recruitment",2001,36854.1866823489
7,"recruitment",2002,25098.4371368533
7,"recruitment",2003,14963.7876371417
7,"recruitment",2004,6504.48008987234
7,"recruitment",2005,4631.74187342752
7,"recruitment",2006,11111.7580439269
7,"recruitment",2007,28702.8414637363
7,"recruitment",2008,12872.0471518726
7,"recruitment",2009,52476.2602013497
7,"recruitment",2010,24640.539091241
7,"recruitment",2011,14528.6819825545
7,"recruitment",2012,10082.7974478439
7,"recruitment",2013,44247.0454032174
7,"recruitment",2014,54331.879684979
7,"recruitment",2015,22656.2470104738
7,"recruitment",2016,8040.03778183799
7,"recruitment",2017,7126.04978279452
7,"recruitment",2018,15583.9081103541
7,"recruitment",2019,96521.726202194
7,"recruitment",2020,18380.1744552986
7,"recruitment",2021,10904.7112307783
7,"recruitment",2022,11765.8652258768
7,"recruitment",2023,14625.5464716799
7,"recruitment",2024,12108.3825164014
8,"SSB",1964,472.193064335941
8,"SSB",1965,469.417867872186
8,"SSB",1966,510.569405916003
8,"SSB",1967,725.241755110851
8,"SSB",1968,971.537379885043
8,"SSB",1969,1116.30202723731
8,"SSB",1970,1141.26336378265
8,"SSB",1971,1251.41751796203
8,"SSB",1972,1222.54638422917
8,"SSB",1973,1029.57656563039
8,"SSB",1974,680.56550091333
8,"SSB",1975,674.679752298096
8,"SSB",1976,795.145484501565
8,"SSB",1977,1076.74984713874
8,"SSB",1978,991.164917770284
8,"SSB",1979,952.75428570312
8,"SSB",1980,1141.15332270828
8,"SSB",1981,1797.41883636549
8,"SSB",1982,2538.93491951832
8,"SSB",1983,3384.56797969946
8,"SSB",1984,3504.33805014862
8,"SSB",1985,4023.21304241602
8,"SSB",1986,3927.50990060761
8,"SSB",1987,3932.16389176383
8,"SSB",1988,3696.76631313702
8,"SSB",1989,3215.05719379955
8,"SSB",1990,2759.39391511964
8,"SSB",1991,2233.19637949354
8,"SSB",1992,2175.54194013365
8,"SSB",1993,2885.88750249875
8,"SSB",1994,3356.73640079263
8,"SSB",1995,3612.05484018762
8,"SSB",1996,3557.88151806008
8,"SSB",1997,3452.01324125871
8,"SSB",1998,2904.0941025985
8,"SSB",1999,3056.97572176099
8,"SSB",2000,2972.9675504472
8,"SSB",2001,3011.65518579475
8,"SSB",2002,2758.35633371807
8,"SSB",2003,2709.2024381557
8,"SSB",2004,3039.29401981552
8,"SSB",2005,2755.4571171887
8,"SSB",2006,2572.64503288739
8,"SSB",2007,2145.85433425686
8,"SSB",2008,1666.38671815078
8,"SSB",2009,1778.28541546808
8,"SSB",2010,1827.59445894709
8,"SSB",2011,2228.39342385713
8,"SSB",2012,2708.00398658718
8,"SSB",2013,3067.20127131002
8,"SSB",2014,2973.84064319449
8,"SSB",2015,2774.33506055526
8,"SSB",2016,3049.60913280174
8,"SSB",2017,3557.43936292878
8,"SSB",2018,3406.03769711203
8,"SSB",2019,3341.87407204213
8,"SSB",2020,2614.65015647753
8,"SSB",2021,2950.06044938729
8,"SSB",2022,4173.73800013299
8,"SSB",2023,4151.32368380798
8,"SSB",2024,4285.22348559166
8,"recruitment",1964,7526.41828674741
8,"recruitment",1965,22204.6820346049
8,"recruitment",1966,13153.3050862642
8,"recruitment",1967,16683.4517711613
8,"recruitment",1968,18948.4406111009
8,"recruitment",1969,29881.2846673904
8,"recruitment",1970,21008.7044181953
8,"recruitment",1971,14400.2063305691
8,"recruitment",1972,9313.53693366266
8,"recruitment",1973,37031.6187295642
8,"recruitment",1974,22635.1239252403
8,"recruitment",1975,15492.3251169532
8,"recruitment",1976,13521.2092119946
8,"recruitment",1977,13039.806026137
8,"recruitment",1978,25118.3115312589
8,"recruitment",1979,61461.6876546293
8,"recruitment",1980,27563.8839756429
8,"recruitment",1981,32764.0382956223
8,"recruitment",1982,17563.3302472124
8,"recruitment",1983,51466.1437717288
8,"recruitment",1984,12149.594986518
8,"recruitment",1985,31671.1031555219
8,"recruitment",1986,14259.2094502991
8,"recruitment",1987,8780.62066929326
8,"recruitment",1988,5011.93427754945
8,"recruitment",1989,12336.999748799
8,"recruitment",1990,50804.0166642598
8,"recruitment",1991,27579.9004644829
8,"recruitment",1992,23775.2326573571
8,"recruitment",1993,48235.2216490271
8,"recruitment",1994,15713.3798686078
8,"recruitment",1995,11119.4934973855
8,"recruitment",1996,23648.3640924777
8,"recruitment",1997,33047.1764983059
8,"recruitment",1998,13973.8356522198
8,"recruitment",1999,16135.291525755
8,"recruitment",2000,24861.333247549
8,"recruitment",2001,36452.154559673
8,"recruitment",2002,24514.0143362155
8,"recruitment",2003,15525.5001081366
8,"recruitment",2004,6397.44192135329
8,"recruitment",2005,4844.20074532263
8,"recruitment",2006,12093.1875096102
8,"recruitment",2007,29437.8976686031
8,"recruitment",2008,12751.2730805308
8,"recruitment",2009,54337.5509716864
8,"recruitment",2010,23372.4982736981
8,"recruitment",2011,13892.4117633421
8,"recruitment",2012,9985.47764263415
8,"recruitment",2013,46556.1231416967
8,"recruitment",2014,52817.2318071759
8,"recruitment",2015,23508.2541119453
8,"recruitment",2016,8788.08423001927
8,"recruitment",2017,7882.67019984285
8,"recruitment",2018,14839.0358843318
8,"recruitment",2019,104068.099348246
8,"recruitment",2020,22329.0855163664
8,"recruitment",2021,13325.9596579749
8,"recruitment",2022,12048.1402230573
8,"recruitment",2023,17559.0978817496
8,"recruitment",2024,10739.0011845281
9,"SSB",1964,607.240616179721
9,"SSB",1965,652.530155337815
9,"SSB",1966,717.265033634531
9,"SSB",1967,826.451075050535
9,"SSB",1968,1032.90899039453
9,"SSB",1969,1261.42870276914
9,"SSB",1970,1302.77060416128
9,"SSB",1971,1344.19916871044
9,"SSB",1972,1279.8194295058
9,"SSB",1973,1135.8396730683
9,"SSB",1974,811.259657009369
9,"SSB",1975,770.476272007556
9,"SSB",1976,857.45658028064
9,"SSB",1977,1173.07101978857
9,"SSB",1978,982.516246951466
9,"SSB",1979,839.636141900029
9,"SSB",1980,988.770299333343
9,"SSB",1981,1581.70259809523
9,"SSB",1982,2239.33823399038
9,"SSB",1983,3026.43491215982
9,"SSB",1984,3156.54407787336
9,"SSB",1985,3683.17266017133
9,"SSB",1986,3672.47420408195
9,"SSB",1987,3757.93543360984
9,"SSB",1988,3595.18089540108
9,"SSB",1989,3127.77765173457
9,"SSB",1990,2685.81689896094
9,"SSB",1991,2178.16649983322
9,"SSB",1992,2057.66252183568
9,"SSB",1993,2745.86897252218
9,"SSB",1994,3245.57643588453
9,"SSB",1995,3544.73278527491
9,"SSB",1996,3508.63511351302
9,"SSB",1997,3410.02647144627
9,"SSB",1998,2892.27333066696
9,"SSB",1999,3007.59159415703
9,"SSB",2000,2879.71368675397
9,"SSB",2001,2879.37049753138
9,"SSB",2002,2631.66892575286
9,"SSB",2003,2719.85143172403
9,"SSB",2004,3110.18335937854
9,"SSB",2005,2787.85592184784
9,"SSB",2006,2581.34515585122
9,"SSB",2007,2159.74998996905
9,"SSB",2008,1663.01574471087
9,"SSB",2009,1748.17523489708
9,"SSB",2010,1781.66565365098
9,"SSB",2011,2191.2600720127
9,"SSB",2012,2648.35996305095
9,"SSB",2013,2996.13511106173
9,"SSB",2014,2906.76961027927
9,"SSB",2015,2716.36243536743
9,"SSB",2016,3077.11574925447
9,"SSB",2017,3600.09134989548
9,"SSB",2018,3445.26729943517
9,"SSB",2019,3360.8327816467
9,"SSB",2020,2545.79944706207
9,"SSB",2021,2798.06818264485
9,"SSB",2022,3886.43765798764
9,"SSB",2023,3818.69756709138
9,"SSB",2024,3858.66532897886
9,"recruitment",1964,6399.70010889884
9,"recruitment",1965,15443.3092246001
9,"recruitment",1966,21449.6091322343
9,"recruitment",1967,18204.789546583
9,"recruitment",1968,19357.287762629
9,"recruitment",1969,23974.9052581037
9,"recruitment",1970,24299.8890564973
9,"recruitment",1971,16819.7842069313
9,"recruitment",1972,8434.80218328618
9,"recruitment",1973,26213.9360578523
9,"recruitment",1974,26373.036622682
9,"recruitment",1975,10786.4634384
9,"recruitment",1976,9715.69887871277
9,"recruitment",1977,14149.7848315427
9,"recruitment",1978,23389.7205546235
9,"recruitment",1979,58000.4809482087
9,"recruitment",1980,26076.4354136861
9,"recruitment",1981,30353.5220433743
9,"recruitment",1982,18997.401131208
9,"recruitment",1983,51055.1169502825
9,"recruitment",1984,14942.7006587105
9,"recruitment",1985,31640.8473973921
9,"recruitment",1986,12982.6290887964
9,"recruitment",1987,8363.8954429066
9,"recruitment",1988,4859.29744675222
9,"recruitment",1989,11116.4331132429
9,"recruitment",1990,48090.1142518943
9,"recruitment",1991,29483.0789660107
9,"recruitment",1992,24562.9919039941
9,"recruitment",1993,46783.5649276782
9,"recruitment",1994,14744.9010488368
9,"recruitment",1995,10051.8473241131
9,"recruitment",1996,22300.7258027801
9,"recruitment",1997,32534.4061801104
9,"recruitment",1998,13898.6231656496
9,"recruitment",1999,15307.0037783675
9,"recruitment",2000,25860.279823764
9,"recruitment",2001,36886.0240308742
9,"recruitment",2002,24564.0835860268
9,"recruitment",2003,16274.3628822283
9,"recruitment",2004,6523.63853932624
9,"recruitment",2005,4140.20246371893
9,"recruitment",2006,11095.2795089557
9,"recruitment",2007,27476.0551085957
9,"recruitment",2008,13102.5741880896
9,"recruitment",2009,53126.7982882148
9,"recruitment",2010,23594.1570301972
9,"recruitment",2011,13529.344978536
9,"recruitment",2012,11520.4349775755
9,"recruitment",2013,46040.1393825464
9,"recruitment",2014,55160.5450463661
9,"recruitment",2015,22565.4880829086
9,"recruitment",2016,8105.41181611298
9,"recruitment",2017,7329.51297539407
9,"recruitment",2018,13811.4992170878
9,"recruitment",2019,95787.0125896374
9,"recruitment",2020,21131.9608006587
9,"recruitment",2021,9982.22222596681
9,"recruitment",2022,10794.2626950438
9,"recruitment",2023,12572.4918699228
9,"recruitment",2024,13639.7612814463
10,"SSB",1964,446.43486192686
10,"SSB",1965,487.646238987634
10,"SSB",1966,590.883608878595
10,"SSB",1967,822.084976744212
10,"SSB",1968,1111.77037349362
10,"SSB",1969,1389.91892625541
10,"SSB",1970,1464.91456356391
10,"SSB",1971,1435.92089019638
10,"SSB",1972,1271.83485653395
10,"SSB",1973,1040.91650344843
10,"SSB",1974,732.207101156959
10,"SSB",1975,750.979016901041
10,"SSB",1976,812.068537591821
10,"SSB",1977,1031.22347963603
10,"SSB",1978,945.139546772508
10,"SSB",1979,890.410087433849
10,"SSB",1980,1086.13487979844
10,"SSB",1981,1690.97931941127
10,"SSB",1982,2312.60419887107
10,"SSB",1983,3062.8220432703
10,"SSB",1984,3128.67900145267
10,"SSB",1985,3615.64268352145
10,"SSB",1986,3573.96312588738
10,"SSB",1987,3709.2236433239
10,"SSB",1988,3616.88556500862
10,"SSB",1989,3219.5352871205
10,"SSB",1990,2778.0571983311
10,"SSB",1991,2246.1404436269
10,"SSB",1992,2131.56519601362
10,"SSB",1993,2806.21022699173
10,"SSB",1994,3267.64049565915
10,"SSB",1995,3440.57027365617
10,"SSB",1996,3340.92939067893
10,"SSB",1997,3235.7510388617
10,"SSB",1998,2763.59011870909
10,"SSB",1999,2918.6477333278
10,"SSB",2000,2824.40346578626
10,"SSB",2001,2853.47336406625
10,"SSB",2002,2662.38397873491
10,"SSB",2003,2731.50605108336
10,"SSB",2004,3088.31615010625
10,"SSB",2005,2744.40484268325
10,"SSB",2006,2558.39439913877
10,"SSB",2007,2134.38685481923
10,"SSB",2008,1672.82914917587
10,"SSB",2009,1808.55348483377
10,"SSB",2010,1849.93208259381
10,"SSB",2011,2278.13648341368
10,"SSB",2012,2810.24058835638
10,"SSB",2013,3208.5512170621
10,"SSB",2014,3123.44455622145
10,"SSB",2015,2844.32611261615
10,"SSB",2016,3063.22197104002
10,"SSB",2017,3480.01826723789
10,"SSB",2018,3283.56291988875
10,"SSB",2019,3162.90740410507
10,"SSB",2020,2404.75905945289
10,"SSB",2021,2708.89530680302
10,"SSB",2022,3893.78645259125
10,"SSB",2023,3905.74154554723
10,"SSB",2024,4008.3164192463
10,"recruitment",1964,12363.8441419853
10,"recruitment",1965,19492.7917504785
10,"recruitment",1966,19674.9966750519
10,"recruitment",1967,19844.6332071804
10,"recruitment",1968,17699.3144159479
10,"recruitment",1969,14583.7000293175
10,"recruitment",1970,27306.7827146044
10,"recruitment",1971,19704.1929193421
10,"recruitment",1972,10098.108012788
10,"recruitment",1973,30716.5627515108
10,"recruitment",1974,19027.1184808887
10,"recruitment",1975,16653.5832460349
10,"recruitment",1976,13283.9293005565
10,"recruitment",1977,13191.9472659441
10,"recruitment",1978,26067.0880665085
10,"recruitment",1979,55049.7496662545
10,"recruitment",1980,25562.9432120954
10,"recruitment",1981,31097.3217176854
10,"recruitment",1982,15462.6593013003
10,"recruitment",1983,50196.9404667576
10,"recruitment",1984,15489.7907439731
10,"recruitment",1985,37068.6821221163
10,"recruitment",1986,13490.0243824338
10,"recruitment",1987,7096.65402925186
10,"recruitment",1988,5750.40341796759
10,"recruitment",1989,10915.0606290047
10,"recruitment",1990,51133.8564069973
10,"recruitment",1991,27771.4274893143
10,"recruitment",1992,23888.2753458415
10,"recruitment",1993,43754.816629423
10,"recruitment",1994,15410.1037229049
10,"recruitment",1995,10335.5070497025
10,"recruitment",1996,21980.6077673681
10,"recruitment",1997,30438.9914311183
10,"recruitment",1998,14992.8158088682
10,"recruitment",1999,16200.6260289187
10,"recruitment",2000,25013.1231153579
10,"recruitment",2001,37767.5760955879
10,"recruitment",2002,25203.7112238884
10,"recruitment",2003,14647.1519392166
10,"recruitment",2004,6558.65007502563
10,"recruitment",2005,4880.90809334147
10,"recruitment",2006,13036.1558950338
10,"recruitment",2007,28186.8923998619
10,"recruitment",2008,13411.7489685607
10,"recruitment",2009,56208.066581354
10,"recruitment",2010,24291.5559028293
10,"recruitment",2011,14558.2401925529
10,"recruitment",2012,10913.8073961065
10,"recruitment",2013,43351.3118942272
10,"recruitment",2014,51140.2632126775
10,"recruitment",2015,21542.4562879483
10,"recruitment",2016,7181.41812720545
10,"recruitment",2017,6504.302212023
10,"recruitment",2018,13879.4482908205
10,"recruitment",2019,98475.5838416586
10,"recruitment",2020,24023.9873149875
10,"recruitment",2021,11411.9911355893
10,"recruitment",2022,9382.25712811938
10,"recruitment",2023,13833.4285240805
10,"recruitment",2024,13005.8733205016
11,"SSB",1964,643.10211615381
11,"SSB",1965,648.730483497093
11,"SSB",1966,653.414571742792
11,"SSB",1967,803.055081697636
11,"SSB",1968,1047.7990115364
11,"SSB",1969,1275.94060290725
11,"SSB",1970,1360.43225847678
11,"SSB",1971,1373.54858050726
11,"SSB",1972,1243.63263463635
11,"SSB",1973,1082.17922985647
11,"SSB",1974,820.261736195273
11,"SSB",1975,734.898688798167
11,"SSB",1976,752.566901008661
11,"SSB",1977,1079.24005858962
11,"SSB",1978,1028.02340407475
11,"SSB",1979,961.957846407173
11,"SSB",1980,1139.83509631358
11,"SSB",1981,1734.45722567619
11,"SSB",1982,2299.50594845478
11,"SSB",1983,3004.58746770665
11,"SSB",1984,3101.2862203274
11,"SSB",1985,3623.83644833417
11,"SSB",1986,3589.49845318093
11,"SSB",1987,3713.95736326068
11,"SSB",1988,3617.9548475513
11,"SSB",1989,3201.10199475869
11,"SSB",1990,2731.36746774023
11,"SSB",1991,2192.20682532899
11,"SSB",1992,2175.16380474556
11,"SSB",1993,2971.25404497031
11,"SSB",1994,3510.99993934851
11,"SSB",1995,3715.49350607482
11,"SSB",1996,3593.64280877395
11,"SSB",1997,3405.55737694893
11,"SSB",1998,2849.6652632089
11,"SSB",1999,3002.97328717132
11,"SSB",2000,2958.97875781218
11,"SSB",2001,3024.94028057492
11,"SSB",2002,2782.27713278817
11,"SSB",2003,2813.06328755886
11,"SSB",2004,3154.29080637835
11,"SSB",2005,2814.73280814628
11,"SSB",2006,2577.64337743387
11,"SSB",2007,2126.79756441622
11,"SSB",2008,1666.13410793622
11,"SSB",2009,1798.31301073214
11,"SSB",2010,1853.06548421084
11,"SSB",2011,2291.99297758546
11,"SSB",2012,2796.65253869695
11,"SSB",2013,3163.64919608106
11,"SSB",2014,3044.9147369937
11,"SSB",2015,2840.31213325976
11,"SSB",2016,3151.03411931162
11,"SSB",2017,3687.11920825096
11,"SSB",2018,3557.94692640861
11,"SSB",2019,3474.85900657218
11,"SSB",2020,2642.46755299112
11,"SSB",2021,2831.34167350201
11,"SSB",2022,3857.70616286746
11,"SSB",2023,3793.25359373464
11,"SSB",2024,3855.11352904148
11,"recruitment",1964,4823.92713816585
11,"recruitment",1965,21952.8260987296
11,"recruitment",1966,18024.6073946033
11,"recruitment",1967,21123.4552153542
11,"recruitment",1968,19814.3742402279
11,"recruitment",1969,19865.6996741156
11,"recruitment",1970,25483.5649882242
11,"recruitment",1971,15727.5910912592
11,"recruitment",1972,11568.5749415533
11,"recruitment",1973,24000.1280132008
11,"recruitment",1974,23023.5218678263
11,"recruitment",1975,20493.262141193
11,"recruitment",1976,9878.04336163419
11,"recruitment",1977,13143.4801595491
11,"recruitment",1978,26425.2682836333
11,"recruitment",1979,54796.6033598377
11,"recruitment",1980,21248.2704460575
11,"recruitment",1981,32558.7374384964
11,"recruitment",1982,18035.5047704809
11,"recruitment",1983,50872.5483961347
11,"recruitment",1984,15072.3789540771
11,"recruitment",1985,34252.7357035339
11,"recruitment",1986,14442.5487371814
11,"recruitment",1987,7061.25636729818
11,"recruitment",1988,5744.77620636876
11,"recruitment",1989,11489.9895229014
11,"recruitment",1990,56539.7611682885
11,"recruitment",1991,28112.0714141189
11,"recruitment",1992,24808.8624478891
11,"recruitment",1993,47010.4999064791
11,"recruitment",1994,13919.4136802068
11,"recruitment",1995,9208.74940531243
11,"recruitment",1996,23109.3638885136
11,"recruitment",1997,32547.9641962794
11,"recruitment",1998,15942.4023238172
11,"recruitment",1999,15467.7783197151
11,"recruitment",2000,26170.6481093428
11,"recruitment",2001,34677.437579073
11,"recruitment",2002,25197.0000859214
11,"recruitment",2003,15104.3518667578
11,"recruitment",2004,6699.90868941312
11,"recruitment",2005,4505.22310088396
11,"recruitment",2006,12995.7407729115
11,"recruitment",2007,27887.8824844536
11,"recruitment",2008,13228.6992781505
11,"recruitment",2009,54482.856992774
11,"recruitment",2010,23667.4399813782
11,"recruitment",2011,13594.283619004
11,"recruitment",2012,10333.9935789593
11,"recruitment",2013,46145.0049484545
11,"recruitment",2014,55484.2776077006
11,"recruitment",2015,23641.1144844862
11,"recruitment",2016,7756.84381820618
11,"recruitment",2017,6738.51027700721
11,"recruitment",2018,13708.3957577791
11,"recruitment",2019,94275.8112308477
11,"recruitment",2020,19697.0187821927
11,"recruitment",2021,13051.2148542815
11,"recruitment",2022,8224.34173148114
11,"recruitment",2023,15747.9685986172
11,"recruitment",2024,30204.0796865842
12,"SSB",1964,714.161129586378
12,"SSB",1965,750.150970837511
12,"SSB",1966,818.867559911656
12,"SSB",1967,1003.12127469219
12,"SSB",1968,1131.5232063566
12,"SSB",1969,1178.17794201394
12,"SSB",1970,1175.98051914865
12,"SSB",1971,1237.45785388411
12,"SSB",1972,1310.52639212287
12,"SSB",1973,1263.34189566993
12,"SSB",1974,1010.78959421657
12,"SSB",1975,995.072724028381
12,"SSB",1976,948.806893877268
12,"SSB",1977,1105.90288344324
12,"SSB",1978,1009.56497124691
12,"SSB",1979,940.719475543578
12,"SSB",1980,1148.51063834612
12,"SSB",1981,1811.31269116238
12,"SSB",1982,2497.49865688267
12,"SSB",1983,3354.69019544714
12,"SSB",1984,3478.43138449608
12,"SSB",1985,3917.72410230465
12,"SSB",1986,3789.02598862049
12,"SSB",1987,3817.01721905515
12,"SSB",1988,3670.66927423407
12,"SSB",1989,3242.0403568277
12,"SSB",1990,2813.41375922645
12,"SSB",1991,2310.08129923531
12,"SSB",1992,2198.97782738081
12,"SSB",1993,2843.30302529675
12,"SSB",1994,3226.39173377228
12,"SSB",1995,3412.67617961883
12,"SSB",1996,3351.31610401588
12,"SSB",1997,3246.15748782902
12,"SSB",1998,2755.00600765817
12,"SSB",1999,2901.3011387335
12,"SSB",2000,2825.36502841676
12,"SSB",2001,2928.0557794259
12,"SSB",2002,2739.4340953499
12,"SSB",2003,2757.67892864284
12,"SSB",2004,3042.36530195613
12,"SSB",2005,2703.89342013982
12,"SSB",2006,2527.93505199276
12,"SSB",2007,2140.94691170688
12,"SSB",2008,1683.16097742564
12,"SSB",2009,1783.72635265909
12,"SSB",2010,1790.43742952955
12,"SSB",2011,2154.60139132449
12,"SSB",2012,2666.77184262928
12,"SSB",2013,3074.13605782546
12,"SSB",2014,3025.75598894567
12,"SSB",2015,2857.62562498415
12,"SSB",2016,3139.78716987685
12,"SSB",2017,3641.08089498876
12,"SSB",2018,3506.05055300717
12,"SSB",2019,3439.96632509261
12,"SSB",2020,2643.73680774986
12,"SSB",2021,2888.45407797057
12,"SSB",2022,3989.05170653926
12,"SSB",2023,3945.56303795941
12,"SSB",2024,4027.97740326119
12,"recruitment",1964,10483.5708420922
12,"recruitment",1965,19667.5480814122
12,"recruitment",1966,7835.18196005675
12,"recruitment",1967,17189.7428529617
12,"recruitment",1968,20991.9546906459
12,"recruitment",1969,26353.6318515844
12,"recruitment",1970,35032.6224156201
12,"recruitment",1971,16242.1245028306
12,"recruitment",1972,13408.515938817
12,"recruitment",1973,25034.2171747025
12,"recruitment",1974,15197.2116900415
12,"recruitment",1975,17960.6189008914
12,"recruitment",1976,13865.7621595513
12,"recruitment",1977,13291.1924210153
12,"recruitment",1978,26779.7671599952
12,"recruitment",1979,58220.8286424288
12,"recruitment",1980,26130.2176712319
12,"recruitment",1981,33215.8219314842
12,"recruitment",1982,16282.4485493052
12,"recruitment",1983,47849.124340343
12,"recruitment",1984,14007.4864837305
12,"recruitment",1985,34351.6239550987
12,"recruitment",1986,14453.1112463317
12,"recruitment",1987,7487.98905744875
12,"recruitment",1988,6186.44160084473
12,"recruitment",1989,13280.1083061687
12,"recruitment",1990,49903.5197373657
12,"recruitment",1991,26967.1051017057
12,"recruitment",1992,20385.6884416765
12,"recruitment",1993,47174.3742779253
12,"recruitment",1994,14108.4241159901
12,"recruitment",1995,9965.40891206617
12,"recruitment",1996,22590.3175382875
12,"recruitment",1997,32799.5457189304
12,"recruitment",1998,14505.7600919493
12,"recruitment",1999,17406.5905856812
12,"recruitment",2000,22841.0563080088
12,"recruitment",2001,35575.9460314571
12,"recruitment",2002,23539.0205558514
12,"recruitment",2003,14470.8023917381
12,"recruitment",2004,6979.60653815231
12,"recruitment",2005,4938.55009655394
12,"recruitment",2006,11145.2690562188
12,"recruitment",2007,26969.6741346173
12,"recruitment",2008,12156.3509047177
12,"recruitment",2009,53421.6458842671
12,"recruitment",2010,23616.7158663408
12,"recruitment",2011,14058.0278593877
12,"recruitment",2012,11612.0540909446
12,"recruitment",2013,47987.7076564373
12,"recruitment",2014,54323.4040687287
12,"recruitment",2015,23419.6955317592
12,"recruitment",2016,7273.04157491389
12,"recruitment",2017,7751.07556492078
12,"recruitment",2018,13728.6535292342
12,"recruitment",2019,96093.911537967
12,"recruitment",2020,21014.2431944407
12,"recruitment",2021,13863.7376419938
12,"recruitment",2022,11402.6479190628
12,"recruitment",2023,19533.4462552179
12,"recruitment",2024,16366.7138307282
13,"SSB",1964,640.724241281584
13,"SSB",1965,710.505004955793
13,"SSB",1966,744.249738143977
13,"SSB",1967,909.048850674196
13,"SSB",1968,1131.3461790087
13,"SSB",1969,1453.34831560632
13,"SSB",1970,1643.40556462923
13,"SSB",1971,1693.79291746997
13,"SSB",1972,1497.3837165352
13,"SSB",1973,1261.00028396889
13,"SSB",1974,920.973078490393
13,"SSB",1975,817.173451554457
13,"SSB",1976,766.075953726523
13,"SSB",1977,876.409125608292
13,"SSB",1978,751.931218796106
13,"SSB",1979,723.101195661655
13,"SSB",1980,966.55266052656
13,"SSB",1981,1585.18805559644
13,"SSB",1982,2207.97368226279
13,"SSB",1983,2955.74153700493
13,"SSB",1984,3078.69335331438
13,"SSB",1985,3570.14990722346
13,"SSB",1986,3561.20376555802
13,"SSB",1987,3764.86213126142
13,"SSB",1988,3696.82115512989
13,"SSB",1989,3299.80126803692
13,"SSB",1990,2829.99307701405
13,"SSB",1991,2280.46180789889
13,"SSB",1992,2174.14538676327
13,"SSB",1993,2875.86712203138
13,"SSB",1994,3351.46900210334
13,"SSB",1995,3516.1453623936
13,"SSB",1996,3390.15784953611
13,"SSB",1997,3264.40241384112
13,"SSB",1998,2771.62784602179
13,"SSB",1999,2970.65540941091
13,"SSB",2000,2922.99948304167
13,"SSB",2001,3012.21430874542
13,"SSB",2002,2810.51477330774
13,"SSB",2003,2817.49945957369
13,"SSB",2004,3102.82372084312
13,"SSB",2005,2734.825792204
13,"SSB",2006,2498.50945844628
13,"SSB",2007,2066.79529320408
13,"SSB",2008,1567.16025396284
13,"SSB",2009,1683.58904134792
13,"SSB",2010,1755.93120879262
13,"SSB",2011,2136.53082005043
13,"SSB",2012,2579.79592326351
13,"SSB",2013,2924.36015008028
13,"SSB",2014,2831.68200338089
13,"SSB",2015,2631.97357730399
13,"SSB",2016,2916.50312495604
13,"SSB",2017,3402.75555254287
13,"SSB",2018,3307.07964776822
13,"SSB",2019,3232.58352372878
13,"SSB",2020,2455.73879751238
13,"SSB",2021,2574.93444291088
13,"SSB",2022,3471.62272545363
13,"SSB",2023,3366.42640174599
13,"SSB",2024,3339.69606933713
13,"recruitment",1964,5905.59291903393
13,"recruitment",1965,23642.3931701456
13,"recruitment",1966,13249.2464497323
13,"recruitment",1967,31883.0626623384
13,"recruitment",1968,19418.5806382051
13,"recruitment",1969,19944.2198242894
13,"recruitment",1970,23503.6457191013
13,"recruitment",1971,13775.0845868797
13,"recruitment",1972,11347.0601718657
13,"recruitment",1973,24145.8121842878
13,"recruitment",1974,18302.8528599376
13,"recruitment",1975,13209.1039189818
13,"recruitment",1976,12695.8730221007
13,"recruitment",1977,16547.0422957997
13,"recruitment",1978,25049.5742427543
13,"recruitment",1979,54788.081713175
13,"recruitment",1980,22911.9908655981
13,"recruitment",1981,33479.5011873946
13,"recruitment",1982,17845.8025137853
13,"recruitment",1983,48199.6290752001
13,"recruitment",1984,16057.1242903774
13,"recruitment",1985,37846.7932948628
13,"recruitment",1986,13925.1893083458
13,"recruitment",1987,7005.86108995884
13,"recruitment",1988,5125.25955462001
13,"recruitment",1989,10965.2291888539
13,"recruitment",1990,51580.5302017961
13,"recruitment",1991,28565.1521261408
13,"recruitment",1992,23456.8307882629
13,"recruitment",1993,43335.7650083178
13,"recruitment",1994,14291.5560279316
13,"recruitment",1995,10958.4651249854
13,"recruitment",1996,23551.3912711775
13,"recruitment",1997,34484.4880061242
13,"recruitment",1998,14793.2584082416
13,"recruitment",1999,16356.2809248349
13,"recruitment",2000,24773.6160233226
13,"recruitment",2001,35662.829528294
13,"recruitment",2002,24589.7557426604
13,"recruitment",2003,15173.6369774961
13,"recruitment",2004,6095.81830718727
13,"recruitment",2005,4607.02689350993
13,"recruitment",2006,10936.9293554968
13,"recruitment",2007,28879.8254867349
13,"recruitment",2008,12620.4804466155
13,"recruitment",2009,50821.7504444844
13,"recruitment",2010,23432.6689643499
13,"recruitment",2011,12866.4241259984
13,"recruitment",2012,11131.4177235629
13,"recruitment",2013,43637.9031392946
13,"recruitment",2014,53251.6869945705
13,"recruitment",2015,24355.7509992899
13,"recruitment",2016,8675.31167991152
13,"recruitment",2017,6496.8559977341
13,"recruitment",2018,11738.9538628171
13,"recruitment",2019,82965.1089984841
13,"recruitment",2020,18856.9273808839
13,"recruitment",2021,11005.8326243022
13,"recruitment",2022,9149.9883141723
13,"recruitment",2023,14480.4942482846
13,"recruitment",2024,16346.9956830654
14,"SSB",1964,517.484959180159
14,"SSB",1965,599.556226959273
14,"SSB",1966,705.220340212997
14,"SSB",1967,834.489475093774
14,"SSB",1968,925.120479552145
14,"SSB",1969,1119.10060729438
14,"SSB",1970,1253.17464657414
14,"SSB",1971,1423.42722068806
14,"SSB",1972,1395.8970198382
14,"SSB",1973,1203.31481834619
14,"SSB",1974,997.582647751304
14,"SSB",1975,1052.79247077781
14,"SSB",1976,930.62076011937
14,"SSB",1977,1017.71372304531
14,"SSB",1978,871.511615452251
14,"SSB",1979,799.563810916433
14,"SSB",1980,964.95910333534
14,"SSB",1981,1569.83980939444
14,"SSB",1982,2232.87821217618
14,"SSB",1983,3009.76482438034
14,"SSB",1984,3124.21168023758
14,"SSB",1985,3609.96352303557
14,"SSB",1986,3589.89225734292
14,"SSB",1987,3767.73065295101
14,"SSB",1988,3669.1356589729
14,"SSB",1989,3263.66488228885
14,"SSB",1990,2797.32057296109
14,"SSB",1991,2232.5053925207
14,"SSB",1992,2110.86127311634
14,"SSB",1993,2792.61458641969
14,"SSB",1994,3248.91737797152
14,"SSB",1995,3472.46773651072
14,"SSB",1996,3423.68085067795
14,"SSB",1997,3341.29089795244
14,"SSB",1998,2835.63313813416
14,"SSB",1999,2935.74493546313
14,"SSB",2000,2812.50469742002
14,"SSB",2001,2798.14693542503
14,"SSB",2002,2602.57575384985
14,"SSB",2003,2685.55041527861
14,"SSB",2004,3023.22062542832
14,"SSB",2005,2678.45443031582
14,"SSB",2006,2471.94152878475
14,"SSB",2007,2037.265830325
14,"SSB",2008,1558.25078727788
14,"SSB",2009,1674.37165395184
14,"SSB",2010,1734.96409194772
14,"SSB",2011,2127.61591683765
14,"SSB",2012,2637.05878025286
14,"SSB",2013,3063.11487658895
14,"SSB",2014,2970.19198115829
14,"SSB",2015,2701.38726760914
14,"SSB",2016,2988.05461735225
14,"SSB",2017,3531.98427841947
14,"SSB",2018,3446.48840141217
14,"SSB",2019,3447.78022219487
14,"SSB",2020,2633.90494900664
14,"SSB",2021,2651.74426529823
14,"SSB",2022,3387.50001818633
14,"SSB",2023,3160.2302800404
14,"SSB",2024,3044.92966486632
14,"recruitment",1964,7267.90231902636
14,"recruitment",1965,14813.6005724996
14,"recruitment",1966,12733.8091954571
14,"recruitment",1967,25155.4579895062
14,"recruitment",1968,17309.3255976387
14,"recruitment",1969,34893.3954472971
14,"recruitment",1970,18962.1394176084
14,"recruitment",1971,18104.8778376055
14,"recruitment",1972,15776.5487021041
14,"recruitment",1973,25782.3651390349
14,"recruitment",1974,15188.2512497421
14,"recruitment",1975,16073.0706316048
14,"recruitment",1976,11034.2457222711
14,"recruitment",1977,13962.2199629806
14,"recruitment",1978,23529.6020157307
14,"recruitment",1979,57736.9818099624
14,"recruitment",1980,24913.502124137
14,"recruitment",1981,30177.525850042
14,"recruitment",1982,16603.1396164247
14,"recruitment",1983,49190.3445896801
14,"recruitment",1984,15657.2931496753
14,"recruitment",1985,36246.1906994205
14,"recruitment",1986,13313.8981141834
14,"recruitment",1987,7421.03795622668
14,"recruitment",1988,4902.13942506784
14,"recruitment",1989,10396.197938702
14,"recruitment",1990,49634.8055520437
14,"recruitment",1991,29284.0935215317
14,"recruitment",1992,22636.7091572747
14,"recruitment",1993,47037.9265581482
14,"recruitment",1994,15066.0819266321
14,"recruitment",1995,10676.7307856926
14,"recruitment",1996,22250.8158756509
14,"recruitment",1997,28968.157089169
14,"recruitment",1998,14342.5446998332
14,"recruitment",1999,17263.0815609107
14,"recruitment",2000,25170.5723119886
14,"recruitment",2001,35438.5376204962
14,"recruitment",2002,23844.1131560709
14,"recruitment",2003,14366.2711592609
14,"recruitment",2004,5903.17347296437
14,"recruitment",2005,4571.26681306438
14,"recruitment",2006,11726.8936532823
14,"recruitment",2007,28255.2675012571
14,"recruitment",2008,12139.5903607579
14,"recruitment",2009,54973.2403247616
14,"recruitment",2010,24492.1101184389
14,"recruitment",2011,14174.8625388215
14,"recruitment",2012,10811.2108067462
14,"recruitment",2013,44073.7031035061
14,"recruitment",2014,53854.3647765647
14,"recruitment",2015,24144.3920686744
14,"recruitment",2016,9341.46608441618
14,"recruitment",2017,7280.41374901595
14,"recruitment",2018,13055.4194788746
14,"recruitment",2019,76280.1614858932
14,"recruitment",2020,15491.5464451919
14,"recruitment",2021,10969.7991924627
14,"recruitment",2022,8975.09651116852
14,"recruitment",2023,14776.2888541976
14,"recruitment",2024,21991.389426225
15,"SSB",1964,854.881791015731
15,"SSB",1965,859.630866824351
15,"SSB",1966,876.043138947307
15,"SSB",1967,969.367396039227
15,"SSB",1968,1104.83052298392
15,"SSB",1969,1269.49086768269
15,"SSB",1970,1274.58195575442
15,"SSB",1971,1221.35274552379
15,"SSB",1972,1165.88548044947
15,"SSB",1973,1025.51833130465
15,"SSB",1974,781.849831712361
15,"SSB",1975,756.370193374453
15,"SSB",1976,873.44452379397
15,"SSB",1977,1243.77837992497
15,"SSB",1978,1115.18694131167
15,"SSB",1979,973.66194895071
15,"SSB",1980,1120.45974458918
15,"SSB",1981,1695.21704278412
15,"SSB",1982,2316.12849358651
15,"SSB",1983,3060.22377530523
15,"SSB",1984,3173.84477734327
15,"SSB",1985,3756.38994115225
15,"SSB",1986,3725.94086510496
15,"SSB",1987,3829.15791417635
15,"SSB",1988,3714.38273947281
15,"SSB",1989,3283.18974906888
15,"SSB",1990,2782.68520113765
15,"SSB",1991,2224.52679732234
15,"SSB",1992,2142.78396654635
15,"SSB",1993,2871.62370129155
15,"SSB",1994,3329.50463238332
15,"SSB",1995,3502.0968742543
15,"SSB",1996,3394.80198438078
15,"SSB",1997,3241.71954997397
15,"SSB",1998,2719.42991178496
15,"SSB",1999,2849.31971553558
15,"SSB",2000,2789.46192534807
15,"SSB",2001,2863.57313236985
15,"SSB",2002,2636.59883959598
15,"SSB",2003,2715.13323283525
15,"SSB",2004,3068.7822246052
15,"SSB",2005,2711.8697301156
15,"SSB",2006,2496.84386646886
15,"SSB",2007,2097.19884817572
15,"SSB",2008,1637.49379152676
15,"SSB",2009,1753.09937745573
15,"SSB",2010,1799.08770965336
15,"SSB",2011,2228.25886782859
15,"SSB",2012,2761.37756583304
15,"SSB",2013,3170.81812656384
15,"SSB",2014,3063.255902489
15,"SSB",2015,2800.89039719197
15,"SSB",2016,3001.51683597573
15,"SSB",2017,3430.26981618327
15,"SSB",2018,3269.70247074025
15,"SSB",2019,3158.46785252661
15,"SSB",2020,2374.0025302037
15,"SSB",2021,2513.67484900408
15,"SSB",2022,3386.22195159322
15,"SSB",2023,3218.59661868603
15,"SSB",2024,3108.92397530946
15,"recruitment",1964,4854.91869314918
15,"recruitment",1965,18963.4343775766
15,"recruitment",1966,15222.9113715435
15,"recruitment",1967,19241.1728994435
15,"recruitment",1968,17331.3937431224
15,"recruitment",1969,22333.4443040186
15,"recruitment",1970,33496.9264892462
15,"recruitment",1971,9765.33502306142
15,"recruitment",1972,15769.3780506211
15,"recruitment",1973,22174.9940332376
15,"recruitment",1974,33060.1638586736
15,"recruitment",1975,15177.5189136791
15,"recruitment",1976,10321.5352874835
15,"recruitment",1977,13926.0742525902
15,"recruitment",1978,26177.983466567
15,"recruitment",1979,53923.6038325558
15,"recruitment",1980,26319.0833732549
15,"recruitment",1981,30643.6370119943
15,"recruitment",1982,18629.0263789132
15,"recruitment",1983,53371.8055055585
15,"recruitment",1984,11527.0056103552
15,"recruitment",1985,36480.1468619755
15,"recruitment",1986,13771.9986822054
15,"recruitment",1987,6413.52427665787
15,"recruitment",1988,5921.64264628998
15,"recruitment",1989,11728.057808128
15,"recruitment",1990,52079.6842335723
15,"recruitment",1991,27878.4663471359
15,"recruitment",1992,22245.2249691942
15,"recruitment",1993,44582.6763618833
15,"recruitment",1994,15628.1680869131
15,"recruitment",1995,9384.45324060108
15,"recruitment",1996,22224.1715656133
15,"recruitment",1997,32933.4846716053
15,"recruitment",1998,13569.0649939439
15,"recruitment",1999,16409.5224085698
15,"recruitment",2000,24719.5927181179
15,"recruitment",2001,36552.1004360266
15,"recruitment",2002,23465.278306906
15,"recruitment",2003,14917.8153909274
15,"recruitment",2004,6199.97487201244
15,"recruitment",2005,4769.56550456802
15,"recruitment",2006,11597.1979997726
15,"recruitment",2007,27917.539956345
15,"recruitment",2008,14619.9151868868
15,"recruitment",2009,54386.9053400963
15,"recruitment",2010,24508.8622278225
15,"recruitment",2011,13839.487178836
15,"recruitment",2012,9918.4600185767
15,"recruitment",2013,44523.7846527532
15,"recruitment",2014,52215.1206938634
15,"recruitment",2015,22744.8174165969
15,"recruitment",2016,7946.60117007415
15,"recruitment",2017,6721.32951561394
15,"recruitment",2018,12186.6703619603
15,"recruitment",2019,82964.5334144283
15,"recruitment",2020,16973.2253740913
15,"recruitment",2021,8961.1231205434
15,"recruitment",2022,9629.55098100243
15,"recruitment",2023,10223.4555785638
15,"recruitment",2024,9149.58504372361
16,"SSB",1964,822.453454462934
16,"SSB",1965,864.537709016234
16,"SSB",1966,912.27279613357
16,"SSB",1967,1043.72297510205
16,"SSB",1968,1161.09841795721
16,"SSB",1969,1229.03970498237
16,"SSB",1970,1243.65503856428
16,"SSB",1971,1341.38839339843
16,"SSB",1972,1271.26076452983
16,"SSB",1973,1055.76830341006
16,"SSB",1974,757.226976047663
16,"SSB",1975,782.216531417161
16,"SSB",1976,787.588900579275
16,"SSB",1977,953.525127538738
16,"SSB",1978,912.637030502645
16,"SSB",1979,861.951032379673
16,"SSB",1980,996.630240438584
16,"SSB",1981,1619.19506755947
16,"SSB",1982,2346.74701942139
16,"SSB",1983,3186.13245962818
16,"SSB",1984,3381.98405330859
16,"SSB",1985,4063.12935978757
16,"SSB",1986,4094.30079372411
16,"SSB",1987,4228.64597396996
16,"SSB",1988,4055.20626683967
16,"SSB",1989,3528.15751898154
16,"SSB",1990,2993.65464275309
16,"SSB",1991,2382.31380378535
16,"SSB",1992,2277.52761353035
16,"SSB",1993,3019.49036731903
16,"SSB",1994,3495.1962427819
16,"SSB",1995,3735.1398022758
16,"SSB",1996,3616.30982670541
16,"SSB",1997,3458.46828918261
16,"SSB",1998,2923.0447450221
16,"SSB",1999,3070.25255283738
16,"SSB",2000,2974.19552988059
16,"SSB",2001,3035.4473823989
16,"SSB",2002,2841.55373986752
16,"SSB",2003,2916.38435685431
16,"SSB",2004,3284.23083828556
16,"SSB",2005,2898.02122851113
16,"SSB",2006,2645.23298933754
16,"SSB",2007,2212.27093234901
16,"SSB",2008,1742.63820323835
16,"SSB",2009,1902.21913785263
16,"SSB",2010,1948.00047479241
16,"SSB",2011,2367.90715545231
16,"SSB",2012,2824.31443540828
16,"SSB",2013,3173.48642781884
16,"SSB",2014,3082.80138623786
16,"SSB",2015,2861.52400504131
16,"SSB",2016,3117.00315650895
16,"SSB",2017,3586.28164829561
16,"SSB",2018,3440.91512895772
16,"SSB",2019,3375.98375469722
16,"SSB",2020,2602.37208082049
16,"SSB",2021,2660.37376187356
16,"SSB",2022,3398.56999332414
16,"SSB",2023,3198.5981914633
16,"SSB",2024,3107.76478835716
16,"recruitment",1964,6431.00126180856
16,"recruitment",1965,19787.8851673515
16,"recruitment",1966,11254.2920067102
16,"recruitment",1967,16068.8694290712
16,"recruitment",1968,21685.4533334149
16,"recruitment",1969,29457.6580260216
16,"recruitment",1970,23507.6643962227
16,"recruitment",1971,12513.474569865
16,"recruitment",1972,9380.60201218415
16,"recruitment",1973,36497.419198319
16,"recruitment",1974,14645.2198833857
16,"recruitment",1975,17562.0301225817
16,"recruitment",1976,14400.0766557659
16,"recruitment",1977,10428.7290417334
16,"recruitment",1978,23162.9153988501
16,"recruitment",1979,62061.5178971624
16,"recruitment",1980,29094.3573572279
16,"recruitment",1981,32534.2488145611
16,"recruitment",1982,22014.2015402025
16,"recruitment",1983,58995.1252146407
16,"recruitment",1984,13357.1234610536
16,"recruitment",1985,37259.3423879451
16,"recruitment",1986,12380.2794071579
16,"recruitment",1987,5838.90308485546
16,"recruitment",1988,4600.86396640593
16,"recruitment",1989,11907.0099953578
16,"recruitment",1990,53375.1990998694
16,"recruitment",1991,27705.9636692264
16,"recruitment",1992,24291.8352618679
16,"recruitment",1993,46437.1933153077
16,"recruitment",1994,13986.2747049919
16,"recruitment",1995,11926.3620830014
16,"recruitment",1996,22491.7209551131
16,"recruitment",1997,31805.8304094901
16,"recruitment",1998,14313.8017056503
16,"recruitment",1999,17136.9088673909
16,"recruitment",2000,26640.7913692646
16,"recruitment",2001,38408.384291828
16,"recruitment",2002,23599.513380776
16,"recruitment",2003,15645.9231457871
16,"recruitment",2004,6430.35901669051
16,"recruitment",2005,5450.00454873371
16,"recruitment",2006,12395.0208243628
16,"recruitment",2007,30072.632222637
16,"recruitment",2008,12673.5011363229
16,"recruitment",2009,53757.1806241637
16,"recruitment",2010,22675.5832248051
16,"recruitment",2011,13720.9639157476
16,"recruitment",2012,10762.358274167
16,"recruitment",2013,45117.5373616591
16,"recruitment",2014,53649.3730233374
16,"recruitment",2015,22392.772843146
16,"recruitment",2016,7970.80999257637
16,"recruitment",2017,7250.76868956292
16,"recruitment",2018,12710.7774712015
16,"recruitment",2019,75750.5850933218
16,"recruitment",2020,17134.4984437306
16,"recruitment",2021,11553.2749234195
16,"recruitment",2022,9692.4733719055
16,"recruitment",2023,14705.1339310427
16,"recruitment",2024,10009.5340509964
17,"SSB",1964,772.588485900591
17,"SSB",1965,742.40166844269
17,"SSB",1966,724.407534844394
17,"SSB",1967,872.461136058142
17,"SSB",1968,1131.50421807548
17,"SSB",1969,1360.37125129274
17,"SSB",1970,1372.67577755067
17,"SSB",1971,1369.122735347
17,"SSB",1972,1232.83328542418
17,"SSB",1973,1031.83105950311
17,"SSB",1974,764.878832656331
17,"SSB",1975,774.886031035655
17,"SSB",1976,851.647853988871
17,"SSB",1977,1146.23258981605
17,"SSB",1978,1064.57344869191
17,"SSB",1979,990.582783384755
17,"SSB",1980,1090.06563911724
17,"SSB",1981,1643.89937690145
17,"SSB",1982,2287.1806314526
17,"SSB",1983,3141.64498453094
17,"SSB",1984,3367.18620224026
17,"SSB",1985,3940.67566954958
17,"SSB",1986,3880.25578950942
17,"SSB",1987,4011.91076688236
17,"SSB",1988,3890.94654624689
17,"SSB",1989,3453.97068846578
17,"SSB",1990,2960.86761795163
17,"SSB",1991,2393.34911814473
17,"SSB",1992,2284.99742259454
17,"SSB",1993,2916.04831353233
17,"SSB",1994,3304.64214094716
17,"SSB",1995,3459.90490023614
17,"SSB",1996,3389.86901898853
17,"SSB",1997,3293.72354526223
17,"SSB",1998,2790.58210274442
17,"SSB",1999,2939.86238870485
17,"SSB",2000,2855.28970846824
17,"SSB",2001,2920.25271536734
17,"SSB",2002,2729.06925715436
17,"SSB",2003,2775.41301138547
17,"SSB",2004,3098.22278753622
17,"SSB",2005,2727.14005044611
17,"SSB",2006,2507.79489792048
17,"SSB",2007,2072.93332882147
17,"SSB",2008,1549.99568611227
17,"SSB",2009,1645.6602027401
17,"SSB",2010,1720.37087125643
17,"SSB",2011,2150.39217207331
17,"SSB",2012,2652.43449425845
17,"SSB",2013,3028.24116135976
17,"SSB",2014,2996.35242249328
17,"SSB",2015,2736.43675691352
17,"SSB",2016,2890.4616458595
17,"SSB",2017,3257.74397857161
17,"SSB",2018,3048.74554664605
17,"SSB",2019,2933.55682854833
17,"SSB",2020,2198.54359193159
17,"SSB",2021,2367.4623033354
17,"SSB",2022,3295.83549244665
17,"SSB",2023,3252.43618958598
17,"SSB",2024,3278.67759701478
17,"recruitment",1964,6302.55608339497
17,"recruitment",1965,22925.768651262
17,"recruitment",1966,16042.396888058
17,"recruitment",1967,21305.6267033438
17,"recruitment",1968,14414.3288202887
17,"recruitment",1969,25642.7850125937
17,"recruitment",1970,21733.61206683
17,"recruitment",1971,16508.7071332001
17,"recruitment",1972,14054.1265451768
17,"recruitment",1973,27768.7302028756
17,"recruitment",1974,21067.3037865902
17,"recruitment",1975,15673.143912072
17,"recruitment",1976,13282.9372073061
17,"recruitment",1977,11450.9286972663
17,"recruitment",1978,25996.8615622231
17,"recruitment",1979,56598.5655958615
17,"recruitment",1980,27527.0152854367
17,"recruitment",1981,35163.1360418241
17,"recruitment",1982,17939.8010505109
17,"recruitment",1983,50920.5725030988
17,"recruitment",1984,16413.4082508629
17,"recruitment",1985,35652.7318089649
17,"recruitment",1986,14091.0043597989
17,"recruitment",1987,7719.83407046709
17,"recruitment",1988,6541.54232951807
17,"recruitment",1989,11014.0343874843
17,"recruitment",1990,49989.5274048236
17,"recruitment",1991,25018.8651676696
17,"recruitment",1992,22611.3311678456
17,"recruitment",1993,46771.1473949243
17,"recruitment",1994,14679.7882205601
17,"recruitment",1995,10289.5878963302
17,"recruitment",1996,24027.7656357592
17,"recruitment",1997,31225.4400398338
17,"recruitment",1998,14909.6511582099
17,"recruitment",1999,16147.9141934935
17,"recruitment",2000,24682.8247268054
17,"recruitment",2001,36955.5828788423
17,"recruitment",2002,23645.1687493518
17,"recruitment",2003,14242.4158967515
17,"recruitment",2004,6504.78851445055
17,"recruitment",2005,3954.04914079156
17,"recruitment",2006,11235.3948562575
17,"recruitment",2007,27233.050433091
17,"recruitment",2008,13208.5193314644
17,"recruitment",2009,53340.3739263406
17,"recruitment",2010,23180.4704519574
17,"recruitment",2011,13673.0233603068
17,"recruitment",2012,11300.0959521517
17,"recruitment",2013,40516.5555708194
17,"recruitment",2014,47587.6939458648
17,"recruitment",2015,20987.491249304
17,"recruitment",2016,6879.86297131973
17,"recruitment",2017,6493.18848851446
17,"recruitment",2018,12841.7989922133
17,"recruitment",2019,83059.3468072614
17,"recruitment",2020,19757.02263112
17,"recruitment",2021,12996.475930573
17,"recruitment",2022,7948.18433954494
17,"recruitment",2023,14409.6601939824
17,"recruitment",2024,21758.8990041996
18,"SSB",1964,644.805241587513
18,"SSB",1965,664.369587126217
18,"SSB",1966,703.893142159777
18,"SSB",1967,851.175231533888
18,"SSB",1968,1027.42038586301
18,"SSB",1969,1204.20703334784
18,"SSB",1970,1224.09556120596
18,"SSB",1971,1280.84705856899
18,"SSB",1972,1110.73055289744
18,"SSB",1973,895.206568290077
18,"SSB",1974,687.559794594805
18,"SSB",1975,738.492906315276
18,"SSB",1976,869.445476670838
18,"SSB",1977,1170.4720782914
18,"SSB",1978,1006.01718151076
18,"SSB",1979,939.423158606072
18,"SSB",1980,1187.46740171193
18,"SSB",1981,1789.29426632434
18,"SSB",1982,2405.78397700879
18,"SSB",1983,3205.14647995608
18,"SSB",1984,3425.70174590688
18,"SSB",1985,3988.00700642569
18,"SSB",1986,3905.61714054362
18,"SSB",1987,3990.58941796278
18,"SSB",1988,3873.57555710821
18,"SSB",1989,3429.11458008724
18,"SSB",1990,2955.13370153979
18,"SSB",1991,2430.52647659429
18,"SSB",1992,2281.41696492551
18,"SSB",1993,2960.59877153277
18,"SSB",1994,3383.36607468432
18,"SSB",1995,3589.36749762788
18,"SSB",1996,3504.04008503232
18,"SSB",1997,3375.04588766682
18,"SSB",1998,2849.06229128002
18,"SSB",1999,2982.43742972761
18,"SSB",2000,2893.38609524699
18,"SSB",2001,2952.01029499309
18,"SSB",2002,2753.94019097144
18,"SSB",2003,2784.40680666881
18,"SSB",2004,3074.53450644334
18,"SSB",2005,2694.69791076237
18,"SSB",2006,2474.38492349745
18,"SSB",2007,2078.12060454088
18,"SSB",2008,1624.34479974033
18,"SSB",2009,1738.51100653219
18,"SSB",2010,1793.22129164134
18,"SSB",2011,2213.90396871644
18,"SSB",2012,2689.6434346385
18,"SSB",2013,3107.25175866764
18,"SSB",2014,3068.76136050834
18,"SSB",2015,2811.33261657119
18,"SSB",2016,3037.67679632204
18,"SSB",2017,3471.07813331702
18,"SSB",2018,3274.05993298335
18,"SSB",2019,3131.11641830988
18,"SSB",2020,2387.48691250903
18,"SSB",2021,2693.87200812966
18,"SSB",2022,3879.17992261043
18,"SSB",2023,3875.3634981916
18,"SSB",2024,3984.12567337586
18,"recruitment",1964,7192.02660451385
18,"recruitment",1965,18740.6037760247
18,"recruitment",1966,15891.581012183
18,"recruitment",1967,22360.2912200567
18,"recruitment",1968,14088.0921604927
18,"recruitment",1969,27147.9724945172
18,"recruitment",1970,18012.0179518322
18,"recruitment",1971,16722.3186779385
18,"recruitment",1972,16326.4504390513
18,"recruitment",1973,31464.3489856319
18,"recruitment",1974,23730.6512051294
18,"recruitment",1975,11980.6538515973
18,"recruitment",1976,12460.4043533124
18,"recruitment",1977,17610.3161356966
18,"recruitment",1978,25119.8737301613
18,"recruitment",1979,55702.5402827589
18,"recruitment",1980,27777.2398021769
18,"recruitment",1981,35753.4325085372
18,"recruitment",1982,23086.6250992105
18,"recruitment",1983,46362.3078955271
18,"recruitment",1984,15276.7842431139
18,"recruitment",1985,37353.0157910073
18,"recruitment",1986,14642.228138401
18,"recruitment",1987,7301.16692736339
18,"recruitment",1988,5588.9957939909
18,"recruitment",1989,11468.9217968951
18,"recruitment",1990,52048.5424617314
18,"recruitment",1991,25778.4553977825
18,"recruitment",1992,22365.5931056198
18,"recruitment",1993,47316.3128878706
18,"recruitment",1994,15163.6846985453
18,"recruitment",1995,11214.9941927005
18,"recruitment",1996,22496.3822052162
18,"recruitment",1997,31201.8953702888
18,"recruitment",1998,16049.5786901787
18,"recruitment",1999,16225.6899343652
18,"recruitment",2000,26600.4273785571
18,"recruitment",2001,35334.7277585949
18,"recruitment",2002,22763.8759277514
18,"recruitment",2003,14127.6178734871
18,"recruitment",2004,7032.85420949818
18,"recruitment",2005,4781.86132993078
18,"recruitment",2006,12260.2263397902
18,"recruitment",2007,27958.9677796362
18,"recruitment",2008,12519.521628489
18,"recruitment",2009,52700.1437190357
18,"recruitment",2010,24230.4539587555
18,"recruitment",2011,13944.0124833165
18,"recruitment",2012,11142.8291358287
18,"recruitment",2013,44249.5845763849
18,"recruitment",2014,51974.0080993709
18,"recruitment",2015,20206.654013685
18,"recruitment",2016,7585.93366124627
18,"recruitment",2017,7457.20128930269
18,"recruitment",2018,13022.58952669
18,"recruitment",2019,100383.158396798
18,"recruitment",2020,22030.6078777503
18,"recruitment",2021,12768.9209426332
18,"recruitment",2022,11378.4135589392
18,"recruitment",2023,13267.0324255471
18,"recruitment",2024,16981.1277102334
19,"SSB",1964,521.141389003114
19,"SSB",1965,554.651119565508
19,"SSB",1966,599.811781158416
19,"SSB",1967,830.137278544944
19,"SSB",1968,1105.76502266334
19,"SSB",1969,1244.60216247953
19,"SSB",1970,1322.22190724871
19,"SSB",1971,1468.54857998139
19,"SSB",1972,1410.17661190436
19,"SSB",1973,1222.63371257258
19,"SSB",1974,912.704303492798
19,"SSB",1975,900.435506214931
19,"SSB",1976,940.885605702617
19,"SSB",1977,1126.36146100697
19,"SSB",1978,963.670366295606
19,"SSB",1979,907.266732413221
19,"SSB",1980,1145.18494224994
19,"SSB",1981,1778.8052556268
19,"SSB",1982,2426.26504610045
19,"SSB",1983,3213.96643387056
19,"SSB",1984,3320.74224552708
19,"SSB",1985,3921.44054266102
19,"SSB",1986,3908.33805474882
19,"SSB",1987,4002.94768012583
19,"SSB",1988,3845.66204513287
19,"SSB",1989,3397.32316956079
19,"SSB",1990,2954.02065249196
19,"SSB",1991,2423.70038559506
19,"SSB",1992,2273.62368934198
19,"SSB",1993,2931.87237372822
19,"SSB",1994,3319.56740080553
19,"SSB",1995,3491.91827911628
19,"SSB",1996,3420.10679897831
19,"SSB",1997,3269.67260365022
19,"SSB",1998,2746.88243384705
19,"SSB",1999,2858.38010335217
19,"SSB",2000,2748.63081235876
19,"SSB",2001,2819.50343383984
19,"SSB",2002,2626.29721169879
19,"SSB",2003,2720.89962465944
19,"SSB",2004,3120.96983064667
19,"SSB",2005,2783.16287376988
19,"SSB",2006,2535.57679808886
19,"SSB",2007,2083.30920589049
19,"SSB",2008,1618.96242382585
19,"SSB",2009,1715.85560321341
19,"SSB",2010,1766.95786809178
19,"SSB",2011,2150.87151496664
19,"SSB",2012,2641.33265822849
19,"SSB",2013,3061.49692863417
19,"SSB",2014,3008.05993323247
19,"SSB",2015,2773.70923765795
19,"SSB",2016,3027.99327244237
19,"SSB",2017,3507.49233274909
19,"SSB",2018,3322.14279806199
19,"SSB",2019,3227.75289364015
19,"SSB",2020,2467.73840614914
19,"SSB",2021,2789.80619836617
19,"SSB",2022,3921.81168778717
19,"SSB",2023,3870.78886864053
19,"SSB",2024,3910.84978520459
19,"recruitment",1964,5719.93370257521
19,"recruitment",1965,26854.1875041036
19,"recruitment",1966,11365.3508452573
19,"recruitment",1967,16805.9650634257
19,"recruitment",1968,25669.3428379424
19,"recruitment",1969,25619.728681595
19,"recruitment",1970,23906.945095501
19,"recruitment",1971,16681.4491981987
19,"recruitment",1972,7712.36295231368
19,"recruitment",1973,30666.3559926241
19,"recruitment",1974,18793.3861851777
19,"recruitment",1975,15453.9599903894
19,"recruitment",1976,12360.8676518689
19,"recruitment",1977,14184.1805270238
19,"recruitment",1978,26830.6683745432
19,"recruitment",1979,57237.5004946085
19,"recruitment",1980,24792.5924762653
19,"recruitment",1981,31421.9278943185
19,"recruitment",1982,19310.8760870194
19,"recruitment",1983,55758.9576749091
19,"recruitment",1984,14367.355427021
19,"recruitment",1985,36690.9215546175
19,"recruitment",1986,13604.9538039437
19,"recruitment",1987,8225.95549786228
19,"recruitment",1988,5753.11711569983
19,"recruitment",1989,10514.4297028077
19,"recruitment",1990,52257.2261718351
19,"recruitment",1991,25443.280641905
19,"recruitment",1992,20390.3196908012
19,"recruitment",1993,47854.25281702
19,"recruitment",1994,13616.2011994961
19,"recruitment",1995,10007.4657313048
19,"recruitment",1996,22522.730896266
19,"recruitment",1997,30106.6181653565
19,"recruitment",1998,14438.2244541144
19,"recruitment",1999,16638.0776406951
19,"recruitment",2000,24682.7938897133
19,"recruitment",2001,37301.6664752461
19,"recruitment",2002,24355.9345730026
19,"recruitment",2003,14939.248572229
19,"recruitment",2004,6621.71766531485
19,"recruitment",2005,4473.40711389101
19,"recruitment",2006,11995.0319951275
19,"recruitment",2007,27795.0751136869
19,"recruitment",2008,13213.1885911493
19,"recruitment",2009,52067.1765492729
19,"recruitment",2010,25527.7635126752
19,"recruitment",2011,13640.3655162172
19,"recruitment",2012,11738.1143667493
19,"recruitment",2013,43880.0410470216
19,"recruitment",2014,52964.2550362548
19,"recruitment",2015,21555.3531886075
19,"recruitment",2016,7630.17746141664
19,"recruitment",2017,7018.95092344255
19,"recruitment",2018,13472.0369561697
19,"recruitment",2019,100821.767823437
19,"recruitment",2020,18281.1385938274
19,"recruitment",2021,10017.1420893992
19,"recruitment",2022,10905.6212942157
19,"recruitment",2023,17676.9735204241
19,"recruitment",2024,18874.7022446825
20,"SSB",1964,672.58462021349
20,"SSB",1965,743.642162973389
20,"SSB",1966,822.88816180663
20,"SSB",1967,1030.80330261573
20,"SSB",1968,1207.21362240961
20,"SSB",1969,1320.20019237875
20,"SSB",1970,1364.88849341821
20,"SSB",1971,1380.00912678302
20,"SSB",1972,1240.09368384366
20,"SSB",1973,1073.70133125833
20,"SSB",1974,814.352013627293
20,"SSB",1975,772.862599778878
20,"SSB",1976,825.482808448162
20,"SSB",1977,1126.44640613731
20,"SSB",1978,1075.54557117934
20,"SSB",1979,1009.81538291609
20,"SSB",1980,1168.7915608214
20,"SSB",1981,1701.47533369689
20,"SSB",1982,2323.49878043652
20,"SSB",1983,3070.56646514275
20,"SSB",1984,3089.72462946522
20,"SSB",1985,3575.83793136688
20,"SSB",1986,3575.27801840996
20,"SSB",1987,3771.87188894802
20,"SSB",1988,3701.13293813125
20,"SSB",1989,3305.12484433333
20,"SSB",1990,2903.81235253126
20,"SSB",1991,2391.11021431207
20,"SSB",1992,2223.22235984269
20,"SSB",1993,2870.68010034509
20,"SSB",1994,3328.95434900935
20,"SSB",1995,3523.20343399917
20,"SSB",1996,3445.45064443569
20,"SSB",1997,3367.82092437595
20,"SSB",1998,2885.16123783697
20,"SSB",1999,3045.73501936848
20,"SSB",2000,2958.98043240847
20,"SSB",2001,2983.69502923707
20,"SSB",2002,2761.71258719444
20,"SSB",2003,2822.70092631708
20,"SSB",2004,3172.12070729546
20,"SSB",2005,2791.12614763447
20,"SSB",2006,2516.45370924473
20,"SSB",2007,2092.4473564606
20,"SSB",2008,1601.70305495067
20,"SSB",2009,1730.47541720204
20,"SSB",2010,1782.31066821127
20,"SSB",2011,2188.54314519983
20,"SSB",2012,2663.12667120826
20,"SSB",2013,3049.25828990854
20,"SSB",2014,2941.51857134082
20,"SSB",2015,2746.36830148898
20,"SSB",2016,3066.2561207093
20,"SSB",2017,3594.63613465924
20,"SSB",2018,3485.41089073608
20,"SSB",2019,3365.50340597577
20,"SSB",2020,2534.04641826482
20,"SSB",2021,2817.51044240062
20,"SSB",2022,4003.48912680011
20,"SSB",2023,3993.31237801846
20,"SSB",2024,4039.91858301424
20,"recruitment",1964,10676.3361879026
20,"recruitment",1965,21469.6926987966
20,"recruitment",1966,9131.8129859094
20,"recruitment",1967,22187.8417267137
20,"recruitment",1968,21206.5749678716
20,"recruitment",1969,19249.4958527439
20,"recruitment",1970,25610.011574358
20,"recruitment",1971,15679.5880201635
20,"recruitment",1972,11129.0247211021
20,"recruitment",1973,28952.4006254184
20,"recruitment",1974,22138.5345435855
20,"recruitment",1975,19172.5846862174
20,"recruitment",1976,11924.5207146684
20,"recruitment",1977,13530.7019243666
20,"recruitment",1978,23113.0780104551
20,"recruitment",1979,55591.5565995837
20,"recruitment",1980,26587.5933277267
20,"recruitment",1981,26439.8895425786
20,"recruitment",1982,15519.4303560346
20,"recruitment",1983,51861.5804535292
20,"recruitment",1984,15458.361555463
20,"recruitment",1985,39374.0518536321
20,"recruitment",1986,13626.1473356138
20,"recruitment",1987,7558.75070249186
20,"recruitment",1988,6730.9389476113
20,"recruitment",1989,11147.0748031648
20,"recruitment",1990,50065.9182285586
20,"recruitment",1991,26948.737714585
20,"recruitment",1992,21836.7289308947
20,"recruitment",1993,46943.7092531634
20,"recruitment",1994,15116.3704443434
20,"recruitment",1995,10851.3880028795
20,"recruitment",1996,23019.0331268699
20,"recruitment",1997,31810.9917623633
20,"recruitment",1998,15511.8151641706
20,"recruitment",1999,15389.8019117299
20,"recruitment",2000,24997.1356962147
20,"recruitment",2001,36321.7889864751
20,"recruitment",2002,24690.7706236564
20,"recruitment",2003,14658.7914490096
20,"recruitment",2004,7185.91628121138
20,"recruitment",2005,4290.87894461716
20,"recruitment",2006,11642.9977629915
20,"recruitment",2007,27838.5072713453
20,"recruitment",2008,14193.7747856557
20,"recruitment",2009,52549.1838299762
20,"recruitment",2010,23266.7209781216
20,"recruitment",2011,12788.4233857931
20,"recruitment",2012,10233.1156533112
20,"recruitment",2013,47207.9030609063
20,"recruitment",2014,53078.0420039451
20,"recruitment",2015,23393.237477354
20,"recruitment",2016,8625.19476554121
20,"recruitment",2017,6906.02713837566
20,"recruitment",2018,15260.4991685557
20,"recruitment",2019,97154.6860937535
20,"recruitment",2020,24659.823535172
20,"recruitment",2021,10945.3210979572
20,"recruitment",2022,7467.44601032019
20,"recruitment",2023,13894.2637405501
20,"recruitment",2024,20600.8545907857
21,"SSB",1964,632.185794889857
21,"SSB",1965,664.113910916174
21,"SSB",1966,768.610667949137
21,"SSB",1967,943.443973777292
21,"SSB",1968,1081.14664832658
21,"SSB",1969,1295.91641191483
21,"SSB",1970,1502.78316641894
21,"SSB",1971,1648.22035717014
21,"SSB",1972,1559.69115717524
21,"SSB",1973,1356.68634405865
21,"SSB",1974,1068.76678753612
21,"SSB",1975,1064.2631673205
21,"SSB",1976,951.436142373829
21,"SSB",1977,1035.62486428089
21,"SSB",1978,870.265344704226
21,"SSB",1979,877.469539626131
21,"SSB",1980,1154.56547609664
21,"SSB",1981,1788.99722160925
21,"SSB",1982,2404.88644176509
21,"SSB",1983,3137.51787038809
21,"SSB",1984,3235.04073026667
21,"SSB",1985,3828.9528182686
21,"SSB",1986,3859.19203864897
21,"SSB",1987,3963.1700283652
21,"SSB",1988,3810.34060418553
21,"SSB",1989,3346.66588536207
21,"SSB",1990,2848.83742944648
21,"SSB",1991,2329.35834496478
21,"SSB",1992,2181.62876236948
21,"SSB",1993,2817.1686867266
21,"SSB",1994,3229.58176787781
21,"SSB",1995,3458.56098955728
21,"SSB",1996,3391.93959441897
21,"SSB",1997,3311.31061006942
21,"SSB",1998,2828.03658155332
21,"SSB",1999,2987.59188156163
21,"SSB",2000,2913.17218470854
21,"SSB",2001,2978.14072523648
21,"SSB",2002,2781.39952490901
21,"SSB",2003,2774.13307526076
21,"SSB",2004,3069.97670950987
21,"SSB",2005,2731.2451134076
21,"SSB",2006,2542.31064549635
21,"SSB",2007,2132.29704840524
21,"SSB",2008,1680.55755360531
21,"SSB",2009,1854.64292000769
21,"SSB",2010,1900.35445013977
21,"SSB",2011,2292.16929116445
21,"SSB",2012,2748.60472427504
21,"SSB",2013,3083.14134571308
21,"SSB",2014,2959.55917943589
21,"SSB",2015,2677.61843720121
21,"SSB",2016,2926.57384577077
21,"SSB",2017,3423.21479970878
21,"SSB",2018,3267.93827971419
21,"SSB",2019,3156.0749645492
21,"SSB",2020,2344.93864403337
21,"SSB",2021,2399.79060278147
21,"SSB",2022,3201.1902222737
21,"SSB",2023,3098.71446821714
21,"SSB",2024,3088.11265043567
21,"recruitment",1964,9271.10873661661
21,"recruitment",1965,16444.7154032871
21,"recruitment",1966,12948.0806505286
21,"recruitment",1967,27053.5484947928
21,"recruitment",1968,26555.5507567003
21,"recruitment",1969,25218.3394896861
21,"recruitment",1970,23351.1222937569
21,"recruitment",1971,13877.4480465275
21,"recruitment",1972,14911.5241669231
21,"recruitment",1973,29371.2360094782
21,"recruitment",1974,11799.6524339074
21,"recruitment",1975,15975.246220361
21,"recruitment",1976,12064.1127171865
21,"recruitment",1977,16977.1742054647
21,"recruitment",1978,25214.9608451864
21,"recruitment",1979,57683.0945129821
21,"recruitment",1980,25737.7903256406
21,"recruitment",1981,27847.5545373544
21,"recruitment",1982,20790.3123699652
21,"recruitment",1983,53532.058924731
21,"recruitment",1984,14728.7460413625
21,"recruitment",1985,35213.892604798
21,"recruitment",1986,13650.7536407746
21,"recruitment",1987,6999.0827621279
21,"recruitment",1988,6586.9870758143
21,"recruitment",1989,10565.3035254488
21,"recruitment",1990,51883.2220795505
21,"recruitment",1991,26342.3505449618
21,"recruitment",1992,21999.3127868217
21,"recruitment",1993,47263.8394512307
21,"recruitment",1994,15665.2328197864
21,"recruitment",1995,11419.171998261
21,"recruitment",1996,23092.4890993761
21,"recruitment",1997,32512.3810862132
21,"recruitment",1998,15523.1747610558
21,"recruitment",1999,16491.9796607901
21,"recruitment",2000,25665.7594192757
21,"recruitment",2001,34752.9623481299
21,"recruitment",2002,23367.2411411236
21,"recruitment",2003,15447.0937836268
21,"recruitment",2004,6198.71858196386
21,"recruitment",2005,5308.13790146959
21,"recruitment",2006,12691.7392339728
21,"recruitment",2007,29048.9610985086
21,"recruitment",2008,12340.43365529
21,"recruitment",2009,54177.7714088224
21,"recruitment",2010,23425.3399565593
21,"recruitment",2011,14413.9054202074
21,"recruitment",2012,9950.11209815138
21,"recruitment",2013,43913.1895986639
21,"recruitment",2014,52521.2232381208
21,"recruitment",2015,20504.975499917
21,"recruitment",2016,7000.60889047856
21,"recruitment",2017,6371.2708290862
21,"recruitment",2018,11615.9837554421
21,"recruitment",2019,76613.8547770314
21,"recruitment",2020,20207.2253873442
21,"recruitment",2021,10891.6588616649
21,"recruitment",2022,8138.73498981282
21,"recruitment",2023,14732.7458077453
21,"recruitment",2024,17146.5253619931
22,"SSB",1964,705.033182062797
22,"SSB",1965,688.093223463503
22,"SSB",1966,678.761230872396
22,"SSB",1967,835.325785376984
22,"SSB",1968,1057.20700493303
22,"SSB",1969,1218.13068464167
22,"SSB",1970,1246.82238006552
22,"SSB",1971,1345.89433631899
22,"SSB",1972,1307.57666100853
22,"SSB",1973,1104.03187023695
22,"SSB",1974,807.678500520799
22,"SSB",1975,782.436387477355
22,"SSB",1976,789.48714265389
22,"SSB",1977,996.720221725981
22,"SSB",1978,940.378281756202
22,"SSB",1979,893.854834318969
22,"SSB",1980,1048.21576347003
22,"SSB",1981,1593.77842145553
22,"SSB",1982,2248.97201079282
22,"SSB",1983,3066.5820316542
22,"SSB",1984,3192.79685591453
22,"SSB",1985,3744.89266042285
22,"SSB",1986,3762.04245763937
22,"SSB",1987,3938.89799372355
22,"SSB",1988,3840.80388336291
22,"SSB",1989,3424.39736360909
22,"SSB",1990,2973.08817726079
22,"SSB",1991,2432.71512460536
22,"SSB",1992,2295.46346163728
22,"SSB",1993,2905.70905320882
22,"SSB",1994,3308.17321036153
22,"SSB",1995,3487.39015839272
22,"SSB",1996,3402.81025919492
22,"SSB",1997,3284.86422804943
22,"SSB",1998,2763.19822080413
22,"SSB",1999,2866.87556473221
22,"SSB",2000,2773.5496251892
22,"SSB",2001,2842.76610986868
22,"SSB",2002,2656.46355799788
22,"SSB",2003,2697.60969413939
22,"SSB",2004,3046.56311153325
22,"SSB",2005,2778.1982891434
22,"SSB",2006,2631.57055205937
22,"SSB",2007,2175.16300983369
22,"SSB",2008,1657.50302437124
22,"SSB",2009,1766.18215942386
22,"SSB",2010,1787.66708923204
22,"SSB",2011,2157.79233868175
22,"SSB",2012,2622.01418009363
22,"SSB",2013,3019.10449292329
22,"SSB",2014,2958.57154469502
22,"SSB",2015,2695.32148280303
22,"SSB",2016,2931.17747624752
22,"SSB",2017,3381.35917359399
22,"SSB",2018,3248.35692410204
22,"SSB",2019,3146.89544317399
22,"SSB",2020,2374.30921469692
22,"SSB",2021,2526.4422172908
22,"SSB",2022,3431.62296767679
22,"SSB",2023,3334.55187012204
22,"SSB",2024,3342.51368176309
22,"recruitment",1964,6989.38954999216
22,"recruitment",1965,21676.2569491046
22,"recruitment",1966,13585.8560923086
22,"recruitment",1967,17683.9693771519
22,"recruitment",1968,20327.815790957
22,"recruitment",1969,28412.9169460455
22,"recruitment",1970,21453.8751856082
22,"recruitment",1971,13985.4342380169
22,"recruitment",1972,12647.3256872801
22,"recruitment",1973,24412.7633709169
22,"recruitment",1974,20905.9117749188
22,"recruitment",1975,15702.5000728943
22,"recruitment",1976,15475.5093717304
22,"recruitment",1977,12152.5813941149
22,"recruitment",1978,22612.1578001613
22,"recruitment",1979,55067.3277242393
22,"recruitment",1980,26833.4867433122
22,"recruitment",1981,30754.5433260364
22,"recruitment",1982,17674.519620778
22,"recruitment",1983,54569.4589821473
22,"recruitment",1984,17217.5548640261
22,"recruitment",1985,36849.7089305388
22,"recruitment",1986,14060.6141123154
22,"recruitment",1987,7584.38452839442
22,"recruitment",1988,5217.56037329727
22,"recruitment",1989,10790.3475396028
22,"recruitment",1990,51389.275977491
22,"recruitment",1991,26934.7465141197
22,"recruitment",1992,23475.2618174455
22,"recruitment",1993,46010.2149461243
22,"recruitment",1994,14583.7854678711
22,"recruitment",1995,10236.0846325884
22,"recruitment",1996,20237.0547709084
22,"recruitment",1997,33012.8942455632
22,"recruitment",1998,13909.0060956136
22,"recruitment",1999,14749.6759977291
22,"recruitment",2000,24726.0660993031
22,"recruitment",2001,36889.0153732553
22,"recruitment",2002,24697.4206996453
22,"recruitment",2003,16118.4118388246
22,"recruitment",2004,6662.24963106499
22,"recruitment",2005,4011.48657208931
22,"recruitment",2006,11156.4598755046
22,"recruitment",2007,28664.1473072145
22,"recruitment",2008,11908.9965902751
22,"recruitment",2009,52579.7731950091
22,"recruitment",2010,22989.6656402757
22,"recruitment",2011,14642.882165354
22,"recruitment",2012,10699.4296897474
22,"recruitment",2013,43649.4910567834
22,"recruitment",2014,51636.2778409718
22,"recruitment",2015,23242.7745016711
22,"recruitment",2016,6930.90427530616
22,"recruitment",2017,6598.63086231973
22,"recruitment",2018,11680.1715851096
22,"recruitment",2019,83056.5178177803
22,"recruitment",2020,20157.6196043663
22,"recruitment",2021,10737.5268840812
22,"recruitment",2022,10034.4269745761
22,"recruitment",2023,18064.492023875
22,"recruitment",2024,13282.9827376554
23,"SSB",1964,527.797344881623
23,"SSB",1965,548.006869073771
23,"SSB",1966,600.919607777176
23,"SSB",1967,754.650919710721
23,"SSB",1968,890.728719235113
23,"SSB",1969,990.452503159779
23,"SSB",1970,1052.14835161445
23,"SSB",1971,1162.37929786606
23,"SSB",1972,1088.74519754683
23,"SSB",1973,899.902679929331
23,"SSB",1974,666.193125001077
23,"SSB",1975,735.058840002513
23,"SSB",1976,773.228755451683
23,"SSB",1977,953.580456527627
23,"SSB",1978,899.550729694137
23,"SSB",1979,903.303845042907
23,"SSB",1980,1131.82170377218
23,"SSB",1981,1787.6628993328
23,"SSB",1982,2434.39712652453
23,"SSB",1983,3209.42676424661
23,"SSB",1984,3256.69792679014
23,"SSB",1985,3759.73098144093
23,"SSB",1986,3735.60854218238
23,"SSB",1987,3830.13338860431
23,"SSB",1988,3673.4994032666
23,"SSB",1989,3250.23095761733
23,"SSB",1990,2805.07926448022
23,"SSB",1991,2298.33828903635
23,"SSB",1992,2194.33535861165
23,"SSB",1993,2884.1770563353
23,"SSB",1994,3334.04768905559
23,"SSB",1995,3518.55291023425
23,"SSB",1996,3394.25656137129
23,"SSB",1997,3266.94816833827
23,"SSB",1998,2745.36205990743
23,"SSB",1999,2857.47913180541
23,"SSB",2000,2753.48068727392
23,"SSB",2001,2809.93536899015
23,"SSB",2002,2665.64481874657
23,"SSB",2003,2730.64254832138
23,"SSB",2004,3053.59393737188
23,"SSB",2005,2737.36147625271
23,"SSB",2006,2525.4428613326
23,"SSB",2007,2078.16185833694
23,"SSB",2008,1594.48671643734
23,"SSB",2009,1692.45782218671
23,"SSB",2010,1748.110656643
23,"SSB",2011,2142.66611939472
23,"SSB",2012,2582.08363615535
23,"SSB",2013,2919.31687790317
23,"SSB",2014,2814.42306700176
23,"SSB",2015,2608.05438516675
23,"SSB",2016,2921.07852151697
23,"SSB",2017,3427.65768489221
23,"SSB",2018,3329.24206765728
23,"SSB",2019,3244.0431896557
23,"SSB",2020,2492.4632223616
23,"SSB",2021,2597.24196037731
23,"SSB",2022,3399.96640088788
23,"SSB",2023,3249.44213432367
23,"SSB",2024,3244.49350544527
23,"recruitment",1964,8147.94029219173
23,"recruitment",1965,18103.887561672
23,"recruitment",1966,12517.6140514465
23,"recruitment",1967,16905.310087073
23,"recruitment",1968,23628.1127652102
23,"recruitment",1969,28199.8316574128
23,"recruitment",1970,21048.2863750154
23,"recruitment",1971,17747.9646507087
23,"recruitment",1972,11157.4576417401
23,"recruitment",1973,32520.2629369447
23,"recruitment",1974,13679.0263019305
23,"recruitment",1975,18579.543488619
23,"recruitment",1976,13896.3485717597
23,"recruitment",1977,14415.2306470592
23,"recruitment",1978,27636.1186182314
23,"recruitment",1979,56612.2425620983
23,"recruitment",1980,25676.5244426624
23,"recruitment",1981,31589.6351168264
23,"recruitment",1982,17313.0295710614
23,"recruitment",1983,52015.3129498553
23,"recruitment",1984,14016.3839963399
23,"recruitment",1985,33418.0718666151
23,"recruitment",1986,14280.6846138709
23,"recruitment",1987,8278.86917737594
23,"recruitment",1988,6569.36116097994
23,"recruitment",1989,9584.66360956556
23,"recruitment",1990,51097.6139695486
23,"recruitment",1991,28576.4182868238
23,"recruitment",1992,22865.0628630198
23,"recruitment",1993,44676.1784204379
23,"recruitment",1994,14378.8494932696
23,"recruitment",1995,11072.061953103
23,"recruitment",1996,22364.4293916083
23,"recruitment",1997,31229.3839521796
23,"recruitment",1998,15075.8984159432
23,"recruitment",1999,17162.4438344944
23,"recruitment",2000,25650.8901792064
23,"recruitment",2001,36248.2965620767
23,"recruitment",2002,23798.2044542581
23,"recruitment",2003,14254.5798754173
23,"recruitment",2004,6699.45120175953
23,"recruitment",2005,4015.72570383
23,"recruitment",2006,11469.9488017608
23,"recruitment",2007,27991.446082075
23,"recruitment",2008,13159.5077018781
23,"recruitment",2009,50540.3688943024
23,"recruitment",2010,22904.1267585856
23,"recruitment",2011,13763.5460900772
23,"recruitment",2012,9888.52812406226
23,"recruitment",2013,43350.5842979884
23,"recruitment",2014,55003.1528527703
23,"recruitment",2015,21540.079724529
23,"recruitment",2016,7650.3726558144
23,"recruitment",2017,7491.75207164929
23,"recruitment",2018,14763.8989939114
23,"recruitment",2019,77415.1856134205
23,"recruitment",2020,17423.3215260276
23,"recruitment",2021,11585.0738985755
23,"recruitment",2022,9176.16314517024
23,"recruitment",2023,16221.1927628739
23,"recruitment",2024,12961.2623752665
24,"SSB",1964,570.372654925938
24,"SSB",1965,649.414076535812
24,"SSB",1966,744.627531942366
24,"SSB",1967,883.213271070861
24,"SSB",1968,1071.41490335408
24,"SSB",1969,1333.91356578173
24,"SSB",1970,1383.85609215444
24,"SSB",1971,1374.62321385426
24,"SSB",1972,1229.47436905883
24,"SSB",1973,966.940403582803
24,"SSB",1974,709.090296028016
24,"SSB",1975,797.809152586263
24,"SSB",1976,875.267507890845
24,"SSB",1977,1088.68450118619
24,"SSB",1978,982.184873538216
24,"SSB",1979,925.135420662468
24,"SSB",1980,1075.1407657737
24,"SSB",1981,1647.79973214576
24,"SSB",1982,2289.58993534531
24,"SSB",1983,3131.24736427121
24,"SSB",1984,3320.75730580204
24,"SSB",1985,3893.9949845004
24,"SSB",1986,3809.68117920757
24,"SSB",1987,3892.68786913144
24,"SSB",1988,3756.61860329943
24,"SSB",1989,3343.95253061572
24,"SSB",1990,2913.77144219762
24,"SSB",1991,2425.18317632091
24,"SSB",1992,2271.04057267564
24,"SSB",1993,2894.13374578547
24,"SSB",1994,3325.90281371227
24,"SSB",1995,3510.06679645557
24,"SSB",1996,3427.51435523873
24,"SSB",1997,3319.90627021073
24,"SSB",1998,2813.50250411443
24,"SSB",1999,2965.38539045526
24,"SSB",2000,2886.02131775601
24,"SSB",2001,2890.49139700788
24,"SSB",2002,2645.75897014805
24,"SSB",2003,2690.41133819461
24,"SSB",2004,3017.77488189506
24,"SSB",2005,2660.04839822074
24,"SSB",2006,2416.1920694255
24,"SSB",2007,1967.84946054537
24,"SSB",2008,1514.96584099919
24,"SSB",2009,1667.28915556109
24,"SSB",2010,1739.10794172391
24,"SSB",2011,2171.65878049202
24,"SSB",2012,2658.30522416148
24,"SSB",2013,3029.53026967803
24,"SSB",2014,2902.12370591787
24,"SSB",2015,2681.04820144368
24,"SSB",2016,2978.33305221738
24,"SSB",2017,3429.42662940755
24,"SSB",2018,3274.25179591206
24,"SSB",2019,3169.63575877644
24,"SSB",2020,2410.69768234316
24,"SSB",2021,2524.59159114063
24,"SSB",2022,3414.00356296447
24,"SSB",2023,3320.34595456214
24,"SSB",2024,3303.32916625604
24,"recruitment",1964,8066.22279996545
24,"recruitment",1965,15508.5946976486
24,"recruitment",1966,18020.4218676907
24,"recruitment",1967,25988.4431413779
24,"recruitment",1968,11079.9691647549
24,"recruitment",1969,25876.5718708704
24,"recruitment",1970,19862.3199126028
24,"recruitment",1971,13238.1837907613
24,"recruitment",1972,17074.0390523889
24,"recruitment",1973,30225.9832724603
24,"recruitment",1974,18247.9525171679
24,"recruitment",1975,12216.618957975
24,"recruitment",1976,14601.4465740408
24,"recruitment",1977,10593.0948971944
24,"recruitment",1978,25765.8584214064
24,"recruitment",1979,59878.7910372112
24,"recruitment",1980,25265.9248697091
24,"recruitment",1981,34531.6197384244
24,"recruitment",1982,19487.1570030549
24,"recruitment",1983,50451.157114329
24,"recruitment",1984,12426.1437509356
24,"recruitment",1985,35951.7257846543
24,"recruitment",1986,14115.1011443337
24,"recruitment",1987,7320.46446856852
24,"recruitment",1988,6338.33357769
24,"recruitment",1989,12164.7680190165
24,"recruitment",1990,47642.915812849
24,"recruitment",1991,28064.0225516611
24,"recruitment",1992,21962.9487296073
24,"recruitment",1993,47372.6858800381
24,"recruitment",1994,14570.3324644715
24,"recruitment",1995,10207.3712515895
24,"recruitment",1996,22903.5718530543
24,"recruitment",1997,32477.3967382765
24,"recruitment",1998,14502.978615373
24,"recruitment",1999,14442.4126177713
24,"recruitment",2000,24551.4244424656
24,"recruitment",2001,34367.8822161228
24,"recruitment",2002,21595.3216266458
24,"recruitment",2003,14143.1372776447
24,"recruitment",2004,6349.55526420418
24,"recruitment",2005,4931.58477727596
24,"recruitment",2006,11804.7129693558
24,"recruitment",2007,28484.8310484176
24,"recruitment",2008,13241.4006627891
24,"recruitment",2009,54486.149727704
24,"recruitment",2010,23488.1295477351
24,"recruitment",2011,12933.3593782739
24,"recruitment",2012,9296.53404414008
24,"recruitment",2013,44684.2141023942
24,"recruitment",2014,54457.0789955913
24,"recruitment",2015,20036.1416093626
24,"recruitment",2016,8235.65806814033
24,"recruitment",2017,6551.96306873178
24,"recruitment",2018,13901.3546422394
24,"recruitment",2019,83715.9865753917
24,"recruitment",2020,18492.8758868551
24,"recruitment",2021,12136.5973968716
24,"recruitment",2022,7242.31766694033
24,"recruitment",2023,10760.212873836
24,"recruitment",2024,11102.5339067069
25,"SSB",1964,622.720124856719
25,"SSB",1965,726.594534645331
25,"SSB",1966,835.043271171698
25,"SSB",1967,1029.2091316923
25,"SSB",1968,1212.8107025498
25,"SSB",1969,1376.99533750278
25,"SSB",1970,1456.56513954779
25,"SSB",1971,1460.46404594122
25,"SSB",1972,1305.2862409359
25,"SSB",1973,1057.42425118499
25,"SSB",1974,779.61637600322
25,"SSB",1975,787.04707249542
25,"SSB",1976,776.614284403762
25,"SSB",1977,909.024296005303
25,"SSB",1978,768.368068540047
25,"SSB",1979,724.612869712056
25,"SSB",1980,974.98773780869
25,"SSB",1981,1692.81262509249
25,"SSB",1982,2475.1829884906
25,"SSB",1983,3435.24324131975
25,"SSB",1984,3602.43928979966
25,"SSB",1985,4141.76861572923
25,"SSB",1986,4060.85716629773
25,"SSB",1987,4096.49629133623
25,"SSB",1988,3876.13393643677
25,"SSB",1989,3390.08401063179
25,"SSB",1990,2936.50742163737
25,"SSB",1991,2400.22999767049
25,"SSB",1992,2222.22607354493
25,"SSB",1993,2789.65659568268
25,"SSB",1994,3221.06837850357
25,"SSB",1995,3453.58347787003
25,"SSB",1996,3338.42580482451
25,"SSB",1997,3213.6419780012
25,"SSB",1998,2737.78679057887
25,"SSB",1999,2919.00929146598
25,"SSB",2000,2873.60096737111
25,"SSB",2001,3023.77106535128
25,"SSB",2002,2910.61838425559
25,"SSB",2003,2952.67724606423
25,"SSB",2004,3176.59656814485
25,"SSB",2005,2765.61585711209
25,"SSB",2006,2518.51816765713
25,"SSB",2007,2103.74509245894
25,"SSB",2008,1667.07495019164
25,"SSB",2009,1787.8200217634
25,"SSB",2010,1829.53057317456
25,"SSB",2011,2254.22759908082
25,"SSB",2012,2807.50568318192
25,"SSB",2013,3232.93741571549
25,"SSB",2014,3159.05998006842
25,"SSB",2015,2862.90722260507
25,"SSB",2016,3072.04487605484
25,"SSB",2017,3582.3036451625
25,"SSB",2018,3486.12461082432
25,"SSB",2019,3447.46418107992
25,"SSB",2020,2657.91318772588
25,"SSB",2021,2864.83762162257
25,"SSB",2022,3837.17245081847
25,"SSB",2023,3654.35779240263
25,"SSB",2024,3623.03566247541
25,"recruitment",1964,7482.2600962373
25,"recruitment",1965,22149.696276012
25,"recruitment",1966,12293.6989040906
25,"recruitment",1967,21337.2658398471
25,"recruitment",1968,22816.1890539284
25,"recruitment",1969,15692.7702813031
25,"recruitment",1970,23446.2830232354
25,"recruitment",1971,14481.0410315731
25,"recruitment",1972,16146.7339582762
25,"recruitment",1973,26327.0089304466
25,"recruitment",1974,16431.3323251728
25,"recruitment",1975,13658.1976923386
25,"recruitment",1976,11421.0068284151
25,"recruitment",1977,17585.5994398657
25,"recruitment",1978,25546.3827993906
25,"recruitment",1979,61807.1740023848
25,"recruitment",1980,32181.2632451486
25,"recruitment",1981,32878.2324017867
25,"recruitment",1982,18726.8719139497
25,"recruitment",1983,52031.4363385645
25,"recruitment",1984,13197.5412050815
25,"recruitment",1985,34174.2996716358
25,"recruitment",1986,14305.2024008282
25,"recruitment",1987,8448.87617491519
25,"recruitment",1988,6232.47419442642
25,"recruitment",1989,11372.4556228629
25,"recruitment",1990,48456.9719143716
25,"recruitment",1991,26000.9712619658
25,"recruitment",1992,23538.8534677
25,"recruitment",1993,45588.0452804356
25,"recruitment",1994,13145.6527735538
25,"recruitment",1995,10464.4441462401
25,"recruitment",1996,22710.2287943442
25,"recruitment",1997,34610.4037028153
25,"recruitment",1998,15656.4379497586
25,"recruitment",1999,18551.4260226073
25,"recruitment",2000,25421.2901002643
25,"recruitment",2001,34376.4071787667
25,"recruitment",2002,22164.7750249869
25,"recruitment",2003,15062.1783121651
25,"recruitment",2004,7151.7351398395
25,"recruitment",2005,4899.77535381978
25,"recruitment",2006,11842.7285590785
25,"recruitment",2007,29025.1876500367
25,"recruitment",2008,12509.9842965799
25,"recruitment",2009,56650.2846768146
25,"recruitment",2010,23930.6249198914
25,"recruitment",2011,15156.0897623221
25,"recruitment",2012,11672.2758887007
25,"recruitment",2013,43091.4958685498
25,"recruitment",2014,53693.4294853421
25,"recruitment",2015,24849.1782300464
25,"recruitment",2016,9061.889840821
25,"recruitment",2017,7107.39435613982
25,"recruitment",2018,14255.0045244437
25,"recruitment",2019,93616.2516204839
25,"recruitment",2020,18409.1282053877
25,"recruitment",2021,9894.60997961407
25,"recruitment",2022,12440.2272996237
25,"recruitment",2023,17072.2051743011
25,"recruitment",2024,20464.7880513862
26,"SSB",1964,763.59321123015
26,"SSB",1965,773.401420806854
26,"SSB",1966,817.235952383419
26,"SSB",1967,977.894850284053
26,"SSB",1968,1164.79322314452
26,"SSB",1969,1320.86319951375
26,"SSB",1970,1393.53022091288
26,"SSB",1971,1496.02798780371
26,"SSB",1972,1335.30792251396
26,"SSB",1973,1189.44165916742
26,"SSB",1974,973.05665266843
26,"SSB",1975,960.109335327942
26,"SSB",1976,918.23746643637
26,"SSB",1977,1121.23585889831
26,"SSB",1978,1056.55193586517
26,"SSB",1979,976.632248952579
26,"SSB",1980,1089.67368959804
26,"SSB",1981,1581.70809496462
26,"SSB",1982,2131.25855066226
26,"SSB",1983,2963.47887416117
26,"SSB",1984,3186.33949721217
26,"SSB",1985,3775.77842127154
26,"SSB",1986,3750.4592235461
26,"SSB",1987,3899.06339781266
26,"SSB",1988,3816.95429182725
26,"SSB",1989,3407.85434166961
26,"SSB",1990,2929.46824974271
26,"SSB",1991,2366.84493607647
26,"SSB",1992,2263.38748722105
26,"SSB",1993,2918.84169227343
26,"SSB",1994,3293.30919671761
26,"SSB",1995,3436.52969238978
26,"SSB",1996,3330.96054050648
26,"SSB",1997,3186.5325125456
26,"SSB",1998,2674.06524954129
26,"SSB",1999,2783.35250265034
26,"SSB",2000,2702.06994978353
26,"SSB",2001,2772.5201041375
26,"SSB",2002,2614.50167381375
26,"SSB",2003,2694.65731119412
26,"SSB",2004,3023.43502450676
26,"SSB",2005,2694.68169555923
26,"SSB",2006,2450.06667423064
26,"SSB",2007,2038.93635752096
26,"SSB",2008,1602.01733554542
26,"SSB",2009,1752.47284817846
26,"SSB",2010,1793.24988178779
26,"SSB",2011,2183.41829749917
26,"SSB",2012,2654.80992858325
26,"SSB",2013,3019.16619521127
26,"SSB",2014,2929.81695304091
26,"SSB",2015,2708.66373756816
26,"SSB",2016,2966.3604281427
26,"SSB",2017,3468.64987879476
26,"SSB",2018,3337.23708836741
26,"SSB",2019,3212.32672518579
26,"SSB",2020,2428.38430942086
26,"SSB",2021,2732.07690136961
26,"SSB",2022,3948.70209656321
26,"SSB",2023,3960.39882293204
26,"SSB",2024,3992.08852459965
26,"recruitment",1964,6195.00660508779
26,"recruitment",1965,24239.8721484398
26,"recruitment",1966,11220.9542087634
26,"recruitment",1967,20314.5767501421
26,"recruitment",1968,23803.4815392871
26,"recruitment",1969,25997.9252398414
26,"recruitment",1970,18781.7415786202
26,"recruitment",1971,21660.8255214011
26,"recruitment",1972,7105.75363908233
26,"recruitment",1973,28866.5144148662
26,"recruitment",1974,17600.9261028315
26,"recruitment",1975,16006.1365006699
26,"recruitment",1976,16818.8017676803
26,"recruitment",1977,12362.8460705074
26,"recruitment",1978,23943.4320339951
26,"recruitment",1979,52297.4748040374
26,"recruitment",1980,27239.7139443815
26,"recruitment",1981,35919.7403939375
26,"recruitment",1982,17707.2512512673
26,"recruitment",1983,53413.8215043005
26,"recruitment",1984,12238.7293504009
26,"recruitment",1985,40499.0463907263
26,"recruitment",1986,13179.666924655
26,"recruitment",1987,8435.10643809319
26,"recruitment",1988,6121.46983877728
26,"recruitment",1989,9838.05123018528
26,"recruitment",1990,49870.7382808748
26,"recruitment",1991,26422.2948797041
26,"recruitment",1992,21523.5807874399
26,"recruitment",1993,45044.0371262924
26,"recruitment",1994,14204.4800877388
26,"recruitment",1995,9420.03011801863
26,"recruitment",1996,20586.5824682698
26,"recruitment",1997,29710.8121177891
26,"recruitment",1998,15691.4629127556
26,"recruitment",1999,15388.7039602432
26,"recruitment",2000,24585.9165636792
26,"recruitment",2001,35449.6632190626
26,"recruitment",2002,24690.0029575249
26,"recruitment",2003,15511.6063129903
26,"recruitment",2004,6208.04010061174
26,"recruitment",2005,4966.06276369283
26,"recruitment",2006,11655.7131824236
26,"recruitment",2007,28329.4080298281
26,"recruitment",2008,11447.6372584902
26,"recruitment",2009,53985.6628474803
26,"recruitment",2010,21757.4729236571
26,"recruitment",2011,14472.5077751236
26,"recruitment",2012,9961.24262032453
26,"recruitment",2013,45699.4758957221
26,"recruitment",2014,52316.3774578751
26,"recruitment",2015,21725.703527598
26,"recruitment",2016,6795.32247950179
26,"recruitment",2017,7031.72485877339
26,"recruitment",2018,14229.506479386
26,"recruitment",2019,100938.61146816
26,"recruitment",2020,23391.8571386534
26,"recruitment",2021,11336.4072913771
26,"recruitment",2022,7325.63724996758
26,"recruitment",2023,11420.7050952756
26,"recruitment",2024,20518.2859599144
27,"SSB",1964,512.653999990675
27,"SSB",1965,575.362006528881
27,"SSB",1966,629.490016184665
27,"SSB",1967,767.889317650646
27,"SSB",1968,940.167832094221
27,"SSB",1969,1138.58622779514
27,"SSB",1970,1185.36942928851
27,"SSB",1971,1185.36724790823
27,"SSB",1972,1049.09730359006
27,"SSB",1973,891.187763864357
27,"SSB",1974,680.697005824705
27,"SSB",1975,702.535387851665
27,"SSB",1976,699.081635619469
27,"SSB",1977,892.303570924095
27,"SSB",1978,892.424899591346
27,"SSB",1979,857.34659080466
27,"SSB",1980,1024.72630629481
27,"SSB",1981,1594.8407661088
27,"SSB",1982,2191.17513030247
27,"SSB",1983,2931.92715010295
27,"SSB",1984,3111.09213955154
27,"SSB",1985,3803.1850037956
27,"SSB",1986,3860.75377411435
27,"SSB",1987,4019.29212443201
27,"SSB",1988,3929.87089936604
27,"SSB",1989,3495.64814470397
27,"SSB",1990,3015.65331874542
27,"SSB",1991,2426.17747500667
27,"SSB",1992,2278.75943526323
27,"SSB",1993,2938.66836698754
27,"SSB",1994,3297.42208042424
27,"SSB",1995,3402.31899465788
27,"SSB",1996,3273.59537372885
27,"SSB",1997,3184.940052467
27,"SSB",1998,2726.85992366235
27,"SSB",1999,2900.99247445826
27,"SSB",2000,2808.89235700591
27,"SSB",2001,2862.0933032395
27,"SSB",2002,2659.90128348351
27,"SSB",2003,2739.33721035295
27,"SSB",2004,3063.56352128864
27,"SSB",2005,2711.61921680658
27,"SSB",2006,2505.52879803229
27,"SSB",2007,2059.79044216408
27,"SSB",2008,1604.7578317793
27,"SSB",2009,1718.75992930023
27,"SSB",2010,1782.23341247073
27,"SSB",2011,2187.42200981704
27,"SSB",2012,2667.18352404725
27,"SSB",2013,3013.73611788361
27,"SSB",2014,2945.01355080659
27,"SSB",2015,2721.35033118614
27,"SSB",2016,2965.79777861511
27,"SSB",2017,3353.96771066169
27,"SSB",2018,3120.96974246501
27,"SSB",2019,2968.1924189265
27,"SSB",2020,2241.7376384802
27,"SSB",2021,2578.57604656242
27,"SSB",2022,3627.40063410971
27,"SSB",2023,3548.68011127414
27,"SSB",2024,3528.04106353228
27,"recruitment",1964,6591.90676311884
27,"recruitment",1965,17251.8536752144
27,"recruitment",1966,14524.8516294478
27,"recruitment",1967,22200.406243318
27,"recruitment",1968,15393.4405861998
27,"recruitment",1969,20450.6071397813
27,"recruitment",1970,21890.8388714484
27,"recruitment",1971,16807.1889286254
27,"recruitment",1972,15625.1562577781
27,"recruitment",1973,26447.4663273523
27,"recruitment",1974,11974.2155326793
27,"recruitment",1975,21587.4789403315
27,"recruitment",1976,13662.883621626
27,"recruitment",1977,12196.2431128733
27,"recruitment",1978,26393.1620620823
27,"recruitment",1979,52086.3626439752
27,"recruitment",1980,25518.5986027288
27,"recruitment",1981,30371.1566668994
27,"recruitment",1982,23025.4269438795
27,"recruitment",1983,56288.033447677
27,"recruitment",1984,14116.6659704399
27,"recruitment",1985,38710.1971100753
27,"recruitment",1986,14442.7675732053
27,"recruitment",1987,6821.42914878616
27,"recruitment",1988,5064.86586141795
27,"recruitment",1989,9537.74148004319
27,"recruitment",1990,53437.5223548791
27,"recruitment",1991,25456.0211715321
27,"recruitment",1992,21944.0607083706
27,"recruitment",1993,44797.9401818573
27,"recruitment",1994,16336.0120961306
27,"recruitment",1995,10396.9300562983
27,"recruitment",1996,23089.4695198189
27,"recruitment",1997,30597.5764341675
27,"recruitment",1998,13727.8312552758
27,"recruitment",1999,15750.1067575752
27,"recruitment",2000,26561.9319419154
27,"recruitment",2001,35353.1383087092
27,"recruitment",2002,23951.0857796876
27,"recruitment",2003,15984.3732760735
27,"recruitment",2004,6449.81981829259
27,"recruitment",2005,4934.67842692046
27,"recruitment",2006,10914.875476887
27,"recruitment",2007,27673.6388416764
27,"recruitment",2008,13130.0592209585
27,"recruitment",2009,54156.1788161808
27,"recruitment",2010,23621.5852108966
27,"recruitment",2011,14566.5489277402
27,"recruitment",2012,11144.4878703312
27,"recruitment",2013,43839.0949281151
27,"recruitment",2014,48386.3008138258
27,"recruitment",2015,19590.1012469168
27,"recruitment",2016,7256.31206976296
27,"recruitment",2017,7736.69604017561
27,"recruitment",2018,13615.061388237
27,"recruitment",2019,93296.5778903252
27,"recruitment",2020,18422.621673508
27,"recruitment",2021,9979.66687080069
27,"recruitment",2022,8499.31966800345
27,"recruitment",2023,11745.4154928507
27,"recruitment",2024,18300.7745085708
28,"SSB",1964,836.015539265828
28,"SSB",1965,873.70222188924
28,"SSB",1966,929.835019130018
28,"SSB",1967,1054.28999527083
28,"SSB",1968,1218.37250308172
28,"SSB",1969,1464.13755620823
28,"SSB",1970,1501.36596334194
28,"SSB",1971,1437.22915118262
28,"SSB",1972,1292.25522806088
28,"SSB",1973,1101.46879971536
28,"SSB",1974,856.492249282429
28,"SSB",1975,833.303662651943
28,"SSB",1976,789.400252840298
28,"SSB",1977,857.408041490786
28,"SSB",1978,733.548753928562
28,"SSB",1979,748.416624065608
28,"SSB",1980,1010.67511407941
28,"SSB",1981,1748.16415400241
28,"SSB",1982,2482.85368328051
28,"SSB",1983,3315.19096210992
28,"SSB",1984,3450.96418623198
28,"SSB",1985,3947.18162286229
28,"SSB",1986,3862.38471695541
28,"SSB",1987,3993.30561890155
28,"SSB",1988,3890.72136748689
28,"SSB",1989,3430.1534798908
28,"SSB",1990,2962.21943806947
28,"SSB",1991,2404.05324096587
28,"SSB",1992,2269.28367075445
28,"SSB",1993,2869.67510024477
28,"SSB",1994,3297.46378114628
28,"SSB",1995,3539.25470528663
28,"SSB",1996,3529.28442583263
28,"SSB",1997,3394.56712464321
28,"SSB",1998,2842.50330218993
28,"SSB",1999,2967.27918658163
28,"SSB",2000,2851.66295490774
28,"SSB",2001,2865.88792552794
28,"SSB",2002,2652.34534833542
28,"SSB",2003,2689.25605155327
28,"SSB",2004,3071.14686655287
28,"SSB",2005,2762.12979675403
28,"SSB",2006,2559.14283429301
28,"SSB",2007,2145.94433740961
28,"SSB",2008,1660.57991014823
28,"SSB",2009,1779.23393568043
28,"SSB",2010,1806.57646327204
28,"SSB",2011,2143.93452319169
28,"SSB",2012,2588.73866982139
28,"SSB",2013,2968.1357706415
28,"SSB",2014,2905.73003865825
28,"SSB",2015,2659.97603733414
28,"SSB",2016,2906.13069527434
28,"SSB",2017,3385.39131008017
28,"SSB",2018,3248.38569494905
28,"SSB",2019,3174.4198275279
28,"SSB",2020,2433.26435546807
28,"SSB",2021,2753.81779705928
28,"SSB",2022,3924.65424020822
28,"SSB",2023,3920.3978589945
28,"SSB",2024,4001.18730074854
28,"recruitment",1964,5129.48836007658
28,"recruitment",1965,20455.673183436
28,"recruitment",1966,13931.2691052931
28,"recruitment",1967,28785.4173657196
28,"recruitment",1968,11981.042656694
28,"recruitment",1969,21602.4094571922
28,"recruitment",1970,24623.1215697256
28,"recruitment",1971,14873.7241928645
28,"recruitment",1972,12757.8819331017
28,"recruitment",1973,23498.5181565614
28,"recruitment",1974,17432.8173779474
28,"recruitment",1975,12164.0843890036
28,"recruitment",1976,14553.369788283
28,"recruitment",1977,17448.7460253964
28,"recruitment",1978,26432.5517332194
28,"recruitment",1979,64525.3603957199
28,"recruitment",1980,26318.1793761649
28,"recruitment",1981,30239.7777844521
28,"recruitment",1982,19679.4665064078
28,"recruitment",1983,50764.754476996
28,"recruitment",1984,16205.4505317629
28,"recruitment",1985,37844.3753844652
28,"recruitment",1986,15399.3115899348
28,"recruitment",1987,8535.30715577452
28,"recruitment",1988,6465.99188873418
28,"recruitment",1989,10185.2385961083
28,"recruitment",1990,50665.9984946938
28,"recruitment",1991,25983.242638203
28,"recruitment",1992,25392.3520236475
28,"recruitment",1993,48081.3652944829
28,"recruitment",1994,14837.3747301353
28,"recruitment",1995,9934.92292327267
28,"recruitment",1996,21595.9567594117
28,"recruitment",1997,31841.3061480523
28,"recruitment",1998,13922.9045845943
28,"recruitment",1999,14739.1357663845
28,"recruitment",2000,23858.813211712
28,"recruitment",2001,37597.9987795265
28,"recruitment",2002,24790.4145492763
28,"recruitment",2003,14372.2684869101
28,"recruitment",2004,6423.38364307254
28,"recruitment",2005,4746.01731585788
28,"recruitment",2006,11938.1432773192
28,"recruitment",2007,27360.5282322197
28,"recruitment",2008,11887.2012670611
28,"recruitment",2009,52398.9510621252
28,"recruitment",2010,24676.7578107141
28,"recruitment",2011,14400.8138858556
28,"recruitment",2012,11218.5327951984
28,"recruitment",2013,41244.9313625125
28,"recruitment",2014,51884.0375275467
28,"recruitment",2015,22200.9897325578
28,"recruitment",2016,8547.47541924629
28,"recruitment",2017,7272.86198246673
28,"recruitment",2018,13276.1752412621
28,"recruitment",2019,98495.4797204565
28,"recruitment",2020,22103.0377667501
28,"recruitment",2021,11995.1793004592
28,"recruitment",2022,8280.59014467326
28,"recruitment",2023,17854.7166616634
28,"recruitment",2024,6677.4416999335
29,"SSB",1964,627.586152036222
29,"SSB",1965,658.797458052121
29,"SSB",1966,676.861381342872
29,"SSB",1967,888.046610663992
29,"SSB",1968,1175.67354453113
29,"SSB",1969,1355.95614381239
29,"SSB",1970,1333.53844697262
29,"SSB",1971,1352.55385673257
29,"SSB",1972,1278.3770249802
29,"SSB",1973,1130.21294635731
29,"SSB",1974,859.161156034524
29,"SSB",1975,937.468805680866
29,"SSB",1976,1020.36108485632
29,"SSB",1977,1282.55942940894
29,"SSB",1978,1144.31869947183
29,"SSB",1979,1086.21332430276
29,"SSB",1980,1276.84571867183
29,"SSB",1981,1811.01813537283
29,"SSB",1982,2367.72020646865
29,"SSB",1983,3101.25486395462
29,"SSB",1984,3154.534721609
29,"SSB",1985,3611.85114188849
29,"SSB",1986,3579.26506802759
29,"SSB",1987,3779.31008007151
29,"SSB",1988,3734.64858060268
29,"SSB",1989,3347.98095969877
29,"SSB",1990,2931.91222323187
29,"SSB",1991,2401.35970754649
29,"SSB",1992,2250.34577539954
29,"SSB",1993,2906.37816118675
29,"SSB",1994,3349.14348516156
29,"SSB",1995,3628.34913975953
29,"SSB",1996,3604.06354828191
29,"SSB",1997,3509.08236265666
29,"SSB",1998,2988.27537164057
29,"SSB",1999,3099.47103971406
29,"SSB",2000,2965.80329164087
29,"SSB",2001,2981.33124738815
29,"SSB",2002,2782.66101645687
29,"SSB",2003,2825.07407823584
29,"SSB",2004,3194.32910718155
29,"SSB",2005,2864.95010703564
29,"SSB",2006,2652.09847884862
29,"SSB",2007,2164.23850548157
29,"SSB",2008,1633.78640411124
29,"SSB",2009,1739.86611915854
29,"SSB",2010,1826.8035461387
29,"SSB",2011,2216.50739220175
29,"SSB",2012,2645.27640927779
29,"SSB",2013,2993.80881169469
29,"SSB",2014,2905.54690742791
29,"SSB",2015,2699.7292965579
29,"SSB",2016,2951.21432390552
29,"SSB",2017,3392.12304417249
29,"SSB",2018,3234.33652053228
29,"SSB",2019,3105.00580976988
29,"SSB",2020,2317.3582280333
29,"SSB",2021,2471.58149800911
29,"SSB",2022,3378.26583005257
29,"SSB",2023,3274.55295299074
29,"SSB",2024,3279.65171387907
29,"recruitment",1964,6956.31483462893
29,"recruitment",1965,25561.5437779557
29,"recruitment",1966,16370.3821791596
29,"recruitment",1967,14577.2985647613
29,"recruitment",1968,17333.2258843156
29,"recruitment",1969,22917.9632922907
29,"recruitment",1970,28208.1821599693
29,"recruitment",1971,16178.623115025
29,"recruitment",1972,12256.3181671848
29,"recruitment",1973,35297.8398539683
29,"recruitment",1974,17617.164622926
29,"recruitment",1975,15335.7936289219
29,"recruitment",1976,10794.022806514
29,"recruitment",1977,16732.5083701419
29,"recruitment",1978,20700.1842454583
29,"recruitment",1979,57594.2976928626
29,"recruitment",1980,26340.8252179724
29,"recruitment",1981,28936.5987148797
29,"recruitment",1982,16041.467186704
29,"recruitment",1983,47266.9748318486
29,"recruitment",1984,17285.5403573051
29,"recruitment",1985,40836.552323547
29,"recruitment",1986,13251.9727815952
29,"recruitment",1987,8119.48922442309
29,"recruitment",1988,6390.93906360067
29,"recruitment",1989,9343.25945511915
29,"recruitment",1990,51874.7387889424
29,"recruitment",1991,26592.1580725125
29,"recruitment",1992,24182.7733010905
29,"recruitment",1993,52088.2081720096
29,"recruitment",1994,16177.5497931932
29,"recruitment",1995,9472.61287012446
29,"recruitment",1996,23515.9014188016
29,"recruitment",1997,31530.7747229882
29,"recruitment",1998,14405.6799231582
29,"recruitment",1999,16810.0140548752
29,"recruitment",2000,27520.9344524755
29,"recruitment",2001,35811.1852540222
29,"recruitment",2002,25335.8069963875
29,"recruitment",2003,16796.3834237892
29,"recruitment",2004,6269.90222174414
29,"recruitment",2005,4670.40011923123
29,"recruitment",2006,11101.2776530679
29,"recruitment",2007,29403.2604255718
29,"recruitment",2008,12348.3218418128
29,"recruitment",2009,50889.9712961288
29,"recruitment",2010,23584.9856030549
29,"recruitment",2011,13355.0474014741
29,"recruitment",2012,10648.0339031886
29,"recruitment",2013,44303.9197765071
29,"recruitment",2014,51758.0600105231
29,"recruitment",2015,21732.7355431966
29,"recruitment",2016,7381.98831010649
29,"recruitment",2017,6308.5583114114
29,"recruitment",2018,12662.4944492098
29,"recruitment",2019,83133.6339201276
29,"recruitment",2020,19015.6956731849
29,"recruitment",2021,9653.01539283949
29,"recruitment",2022,13350.9910617692
29,"recruitment",2023,16094.2774069478
29,"recruitment",2024,23579.1944515667
30,"SSB",1964,836.793851698633
30,"SSB",1965,801.443228216594
30,"SSB",1966,808.967476276413
30,"SSB",1967,918.454126892041
30,"SSB",1968,1110.42711373405
30,"SSB",1969,1292.52766583078
30,"SSB",1970,1412.70066031606
30,"SSB",1971,1577.00668422122
30,"SSB",1972,1476.25081245536
30,"SSB",1973,1182.92616625183
30,"SSB",1974,870.967921527979
30,"SSB",1975,861.947600978757
30,"SSB",1976,782.637510154376
30,"SSB",1977,899.376541465107
30,"SSB",1978,796.952330167875
30,"SSB",1979,807.6851355373
30,"SSB",1980,1041.37104433184
30,"SSB",1981,1649.2896933083
30,"SSB",1982,2248.38498839182
30,"SSB",1983,2976.89525397221
30,"SSB",1984,3134.04711615995
30,"SSB",1985,3736.58281948819
30,"SSB",1986,3756.73902055741
30,"SSB",1987,3876.15423545635
30,"SSB",1988,3752.83407776831
30,"SSB",1989,3327.61829677501
30,"SSB",1990,2889.31369484453
30,"SSB",1991,2407.6521203787
30,"SSB",1992,2314.98480715698
30,"SSB",1993,3055.9199234316
30,"SSB",1994,3494.40604991277
30,"SSB",1995,3675.69964244706
30,"SSB",1996,3591.52770686444
30,"SSB",1997,3523.55871354098
30,"SSB",1998,3005.64361023955
30,"SSB",1999,3116.72917707441
30,"SSB",2000,2991.46595746294
30,"SSB",2001,2994.29396776674
30,"SSB",2002,2771.35194294051
30,"SSB",2003,2837.34867553513
30,"SSB",2004,3236.05873097279
30,"SSB",2005,2893.93937656654
30,"SSB",2006,2622.92088693245
30,"SSB",2007,2154.31441425804
30,"SSB",2008,1646.20370891236
30,"SSB",2009,1740.33036138169
30,"SSB",2010,1782.90020586288
30,"SSB",2011,2177.18830877605
30,"SSB",2012,2677.47700293065
30,"SSB",2013,3085.17984260413
30,"SSB",2014,3023.45222696555
30,"SSB",2015,2813.96426749732
30,"SSB",2016,3097.53446885341
30,"SSB",2017,3624.02865606088
30,"SSB",2018,3489.9696879282
30,"SSB",2019,3381.37380969558
30,"SSB",2020,2605.39012617884
30,"SSB",2021,2927.4296318079
30,"SSB",2022,4107.54746078097
30,"SSB",2023,4013.0935807018
30,"SSB",2024,4020.18030958926
30,"recruitment",1964,7227.51119399398
30,"recruitment",1965,17077.3027149597
30,"recruitment",1966,19083.4276734326
30,"recruitment",1967,15451.0229647069
30,"recruitment",1968,28113.5047778928
30,"recruitment",1969,26671.8277618549
30,"recruitment",1970,14995.3476315851
30,"recruitment",1971,13204.4335742915
30,"recruitment",1972,13012.6316340081
30,"recruitment",1973,28163.8295534765
30,"recruitment",1974,13845.3722923186
30,"recruitment",1975,17004.043541842
30,"recruitment",1976,11913.5797888048
30,"recruitment",1977,14989.6164570067
30,"recruitment",1978,28107.74401382
30,"recruitment",1979,51168.2577503744
30,"recruitment",1980,26627.4614819462
30,"recruitment",1981,31298.0021029697
30,"recruitment",1982,22067.621255635
30,"recruitment",1983,52964.5789043585
30,"recruitment",1984,14488.999413553
30,"recruitment",1985,35050.8188394449
30,"recruitment",1986,13812.5806912027
30,"recruitment",1987,7178.64231067388
30,"recruitment",1988,6000.50836550815
30,"recruitment",1989,10637.6218069954
30,"recruitment",1990,54545.3958667914
30,"recruitment",1991,28697.3630253547
30,"recruitment",1992,22771.9032786097
30,"recruitment",1993,49074.9739125083
30,"recruitment",1994,15406.8792492806
30,"recruitment",1995,10596.5304244235
30,"recruitment",1996,22730.1380533223
30,"recruitment",1997,30389.6013206661
30,"recruitment",1998,13817.5011793501
30,"recruitment",1999,15552.8289187628
30,"recruitment",2000,24801.7607190648
30,"recruitment",2001,37763.186817094
30,"recruitment",2002,24181.4112427665
30,"recruitment",2003,15534.030427957
30,"recruitment",2004,6380.65812071716
30,"recruitment",2005,4375.97722073761
30,"recruitment",2006,10729.8866219308
30,"recruitment",2007,27449.8169122345
30,"recruitment",2008,12684.4612319047
30,"recruitment",2009,52520.9049951215
30,"recruitment",2010,25822.529792568
30,"recruitment",2011,13660.7821112004
30,"recruitment",2012,10947.2012736715
30,"recruitment",2013,45203.5091777049
30,"recruitment",2014,53942.629998717
30,"recruitment",2015,23718.0716836269
30,"recruitment",2016,7867.98317484136
30,"recruitment",2017,7247.59681305796
30,"recruitment",2018,15403.0431345743
30,"recruitment",2019,101577.677141687
30,"recruitment",2020,18769.7865984372
30,"recruitment",2021,11036.7138410626
30,"recruitment",2022,10151.4067595487
30,"recruitment",2023,12359.4197819463
30,"recruitment",2024,18101.2262180626
