year,season,area_group,length,observations
1991,A season,NMFS_AREA < 520,20,9
1991,A season,NMFS_AREA < 520,21,25
1991,A season,NMFS_AREA < 520,22,75
1991,A season,NMFS_AREA < 520,23,140
1991,A season,NMFS_AREA < 520,24,211
1991,A season,NMFS_AREA < 520,25,266
1991,A season,NMFS_AREA < 520,26,286
1991,A season,NMFS_AREA < 520,27,269
1991,A season,NMFS_AREA < 520,28,238
1991,A season,NMFS_AREA < 520,29,178
1991,A season,NMFS_AREA < 520,30,123
1991,A season,NMFS_AREA < 520,31,117
1991,A season,NMFS_AREA < 520,32,112
1991,A season,NMFS_AREA < 520,33,124
1991,A season,NMFS_AREA < 520,34,170
1991,A season,NMFS_AREA < 520,35,270
1991,A season,NMFS_AREA < 520,36,381
1991,A season,NMFS_AREA < 520,37,631
1991,A season,NMFS_AREA < 520,38,986
1991,A season,NMFS_AREA < 520,39,1670
1991,A season,NMFS_AREA < 520,40,2301
1991,A season,NMFS_AREA < 520,41,3069
1991,A season,NMFS_AREA < 520,42,3809
1991,A season,NMFS_AREA < 520,43,4437
1991,A season,NMFS_AREA < 520,44,4913
1991,A season,NMFS_AREA < 520,45,5297
1991,A season,NMFS_AREA < 520,46,5668
1991,A season,NMFS_AREA < 520,47,5822
1991,A season,NMFS_AREA < 520,48,5939
1991,A season,NMFS_AREA < 520,49,5964
1991,A season,NMFS_AREA < 520,50,5864
1991,A season,NMFS_AREA < 520,51,5644
1991,A season,NMFS_AREA < 520,52,5331
1991,A season,NMFS_AREA < 520,53,4818
1991,A season,NMFS_AREA < 520,54,4101
1991,A season,NMFS_AREA < 520,55,3371
1991,A season,NMFS_AREA < 520,56,2670
1991,A season,NMFS_AREA < 520,57,2029
1991,A season,NMFS_AREA < 520,58,1460
1991,A season,NMFS_AREA < 520,59,1167
1991,A season,NMFS_AREA < 520,60,876
1991,A season,NMFS_AREA < 520,61,624
1991,A season,NMFS_AREA < 520,62,468
1991,A season,NMFS_AREA < 520,63,379
1991,A season,NMFS_AREA < 520,64,266
1991,A season,NMFS_AREA < 520,65,614
1991,A season,NMFS_AREA > 519,20,74
1991,A season,NMFS_AREA > 519,21,99
1991,A season,NMFS_AREA > 519,22,135
1991,A season,NMFS_AREA > 519,23,180
1991,A season,NMFS_AREA > 519,24,233
1991,A season,NMFS_AREA > 519,25,257
1991,A season,NMFS_AREA > 519,26,268
1991,A season,NMFS_AREA > 519,27,250
1991,A season,NMFS_AREA > 519,28,236
1991,A season,NMFS_AREA > 519,29,219
1991,A season,NMFS_AREA > 519,30,171
1991,A season,NMFS_AREA > 519,31,154
1991,A season,NMFS_AREA > 519,32,159
1991,A season,NMFS_AREA > 519,33,175
1991,A season,NMFS_AREA > 519,34,203
1991,A season,NMFS_AREA > 519,35,242
1991,A season,NMFS_AREA > 519,36,305
1991,A season,NMFS_AREA > 519,37,342
1991,A season,NMFS_AREA > 519,38,421
1991,A season,NMFS_AREA > 519,39,510
1991,A season,NMFS_AREA > 519,40,560
1991,A season,NMFS_AREA > 519,41,616
1991,A season,NMFS_AREA > 519,42,653
1991,A season,NMFS_AREA > 519,43,662
1991,A season,NMFS_AREA > 519,44,683
1991,A season,NMFS_AREA > 519,45,692
1991,A season,NMFS_AREA > 519,46,693
1991,A season,NMFS_AREA > 519,47,678
1991,A season,NMFS_AREA > 519,48,657
1991,A season,NMFS_AREA > 519,49,645
1991,A season,NMFS_AREA > 519,50,590
1991,A season,NMFS_AREA > 519,51,552
1991,A season,NMFS_AREA > 519,52,514
1991,A season,NMFS_AREA > 519,53,412
1991,A season,NMFS_AREA > 519,54,362
1991,A season,NMFS_AREA > 519,55,271
1991,A season,NMFS_AREA > 519,56,250
1991,A season,NMFS_AREA > 519,57,185
1991,A season,NMFS_AREA > 519,58,131
1991,A season,NMFS_AREA > 519,59,118
1991,A season,NMFS_AREA > 519,60,83
1991,A season,NMFS_AREA > 519,61,60
1991,A season,NMFS_AREA > 519,62,52
1991,A season,NMFS_AREA > 519,63,48
1991,A season,NMFS_AREA > 519,64,38
1991,A season,NMFS_AREA > 519,65,117
1991,B season,NMFS_AREA < 520,20,30
1991,B season,NMFS_AREA < 520,21,39
1991,B season,NMFS_AREA < 520,22,39
1991,B season,NMFS_AREA < 520,23,66
1991,B season,NMFS_AREA < 520,24,179
1991,B season,NMFS_AREA < 520,25,309
1991,B season,NMFS_AREA < 520,26,466
1991,B season,NMFS_AREA < 520,27,560
1991,B season,NMFS_AREA < 520,28,669
1991,B season,NMFS_AREA < 520,29,695
1991,B season,NMFS_AREA < 520,30,604
1991,B season,NMFS_AREA < 520,31,505
1991,B season,NMFS_AREA < 520,32,409
1991,B season,NMFS_AREA < 520,33,327
1991,B season,NMFS_AREA < 520,34,208
1991,B season,NMFS_AREA < 520,35,157
1991,B season,NMFS_AREA < 520,36,195
1991,B season,NMFS_AREA < 520,37,259
1991,B season,NMFS_AREA < 520,38,384
1991,B season,NMFS_AREA < 520,39,593
1991,B season,NMFS_AREA < 520,40,831
1991,B season,NMFS_AREA < 520,41,1257
1991,B season,NMFS_AREA < 520,42,1683
1991,B season,NMFS_AREA < 520,43,2113
1991,B season,NMFS_AREA < 520,44,2511
1991,B season,NMFS_AREA < 520,45,2796
1991,B season,NMFS_AREA < 520,46,3030
1991,B season,NMFS_AREA < 520,47,3203
1991,B season,NMFS_AREA < 520,48,3317
1991,B season,NMFS_AREA < 520,49,3382
1991,B season,NMFS_AREA < 520,50,3396
1991,B season,NMFS_AREA < 520,51,3399
1991,B season,NMFS_AREA < 520,52,3397
1991,B season,NMFS_AREA < 520,53,3297
1991,B season,NMFS_AREA < 520,54,3192
1991,B season,NMFS_AREA < 520,55,2933
1991,B season,NMFS_AREA < 520,56,2685
1991,B season,NMFS_AREA < 520,57,2328
1991,B season,NMFS_AREA < 520,58,1872
1991,B season,NMFS_AREA < 520,59,1514
1991,B season,NMFS_AREA < 520,60,1149
1991,B season,NMFS_AREA < 520,61,831
1991,B season,NMFS_AREA < 520,62,539
1991,B season,NMFS_AREA < 520,63,351
1991,B season,NMFS_AREA < 520,64,258
1991,B season,NMFS_AREA < 520,65,509
1991,B season,NMFS_AREA > 519,20,230
1991,B season,NMFS_AREA > 519,21,298
1991,B season,NMFS_AREA > 519,22,363
1991,B season,NMFS_AREA > 519,23,438
1991,B season,NMFS_AREA > 519,24,536
1991,B season,NMFS_AREA > 519,25,693
1991,B season,NMFS_AREA > 519,26,793
1991,B season,NMFS_AREA > 519,27,789
1991,B season,NMFS_AREA > 519,28,795
1991,B season,NMFS_AREA > 519,29,775
1991,B season,NMFS_AREA > 519,30,690
1991,B season,NMFS_AREA > 519,31,657
1991,B season,NMFS_AREA > 519,32,677
1991,B season,NMFS_AREA > 519,33,754
1991,B season,NMFS_AREA > 519,34,848
1991,B season,NMFS_AREA > 519,35,973
1991,B season,NMFS_AREA > 519,36,1182
1991,B season,NMFS_AREA > 519,37,1404
1991,B season,NMFS_AREA > 519,38,1741
1991,B season,NMFS_AREA > 519,39,2142
1991,B season,NMFS_AREA > 519,40,2478
1991,B season,NMFS_AREA > 519,41,2857
1991,B season,NMFS_AREA > 519,42,3269
1991,B season,NMFS_AREA > 519,43,3447
1991,B season,NMFS_AREA > 519,44,3602
1991,B season,NMFS_AREA > 519,45,3756
1991,B season,NMFS_AREA > 519,46,3802
1991,B season,NMFS_AREA > 519,47,3806
1991,B season,NMFS_AREA > 519,48,3759
1991,B season,NMFS_AREA > 519,49,3709
1991,B season,NMFS_AREA > 519,50,3517
1991,B season,NMFS_AREA > 519,51,3272
1991,B season,NMFS_AREA > 519,52,2988
1991,B season,NMFS_AREA > 519,53,2540
1991,B season,NMFS_AREA > 519,54,2046
1991,B season,NMFS_AREA > 519,55,1733
1991,B season,NMFS_AREA > 519,56,1365
1991,B season,NMFS_AREA > 519,57,1021
1991,B season,NMFS_AREA > 519,58,792
1991,B season,NMFS_AREA > 519,59,582
1991,B season,NMFS_AREA > 519,60,450
1991,B season,NMFS_AREA > 519,61,302
1991,B season,NMFS_AREA > 519,62,238
1991,B season,NMFS_AREA > 519,63,177
1991,B season,NMFS_AREA > 519,64,128
1991,B season,NMFS_AREA > 519,65,446
1992,A season,NMFS_AREA < 520,20,8
1992,A season,NMFS_AREA < 520,21,12
1992,A season,NMFS_AREA < 520,22,34
1992,A season,NMFS_AREA < 520,23,100
1992,A season,NMFS_AREA < 520,24,242
1992,A season,NMFS_AREA < 520,25,372
1992,A season,NMFS_AREA < 520,26,493
1992,A season,NMFS_AREA < 520,27,503
1992,A season,NMFS_AREA < 520,28,459
1992,A season,NMFS_AREA < 520,29,471
1992,A season,NMFS_AREA < 520,30,452
1992,A season,NMFS_AREA < 520,31,684
1992,A season,NMFS_AREA < 520,32,983
1992,A season,NMFS_AREA < 520,33,1230
1992,A season,NMFS_AREA < 520,34,1390
1992,A season,NMFS_AREA < 520,35,1433
1992,A season,NMFS_AREA < 520,36,1317
1992,A season,NMFS_AREA < 520,37,1186
1992,A season,NMFS_AREA < 520,38,984
1992,A season,NMFS_AREA < 520,39,911
1992,A season,NMFS_AREA < 520,40,991
1992,A season,NMFS_AREA < 520,41,1402
1992,A season,NMFS_AREA < 520,42,1810
1992,A season,NMFS_AREA < 520,43,2294
1992,A season,NMFS_AREA < 520,44,2803
1992,A season,NMFS_AREA < 520,45,3227
1992,A season,NMFS_AREA < 520,46,3596
1992,A season,NMFS_AREA < 520,47,3946
1992,A season,NMFS_AREA < 520,48,4127
1992,A season,NMFS_AREA < 520,49,4268
1992,A season,NMFS_AREA < 520,50,4408
1992,A season,NMFS_AREA < 520,51,4344
1992,A season,NMFS_AREA < 520,52,4288
1992,A season,NMFS_AREA < 520,53,4216
1992,A season,NMFS_AREA < 520,54,3992
1992,A season,NMFS_AREA < 520,55,3698
1992,A season,NMFS_AREA < 520,56,3287
1992,A season,NMFS_AREA < 520,57,2826
1992,A season,NMFS_AREA < 520,58,2318
1992,A season,NMFS_AREA < 520,59,1992
1992,A season,NMFS_AREA < 520,60,1569
1992,A season,NMFS_AREA < 520,61,1240
1992,A season,NMFS_AREA < 520,62,950
1992,A season,NMFS_AREA < 520,63,773
1992,A season,NMFS_AREA < 520,64,603
1992,A season,NMFS_AREA < 520,65,2273
1992,A season,NMFS_AREA > 519,20,138
1992,A season,NMFS_AREA > 519,21,189
1992,A season,NMFS_AREA > 519,22,239
1992,A season,NMFS_AREA > 519,23,301
1992,A season,NMFS_AREA > 519,24,349
1992,A season,NMFS_AREA > 519,25,365
1992,A season,NMFS_AREA > 519,26,382
1992,A season,NMFS_AREA > 519,27,394
1992,A season,NMFS_AREA > 519,28,419
1992,A season,NMFS_AREA > 519,29,442
1992,A season,NMFS_AREA > 519,30,492
1992,A season,NMFS_AREA > 519,31,615
1992,A season,NMFS_AREA > 519,32,730
1992,A season,NMFS_AREA > 519,33,852
1992,A season,NMFS_AREA > 519,34,900
1992,A season,NMFS_AREA > 519,35,914
1992,A season,NMFS_AREA > 519,36,895
1992,A season,NMFS_AREA > 519,37,878
1992,A season,NMFS_AREA > 519,38,870
1992,A season,NMFS_AREA > 519,39,873
1992,A season,NMFS_AREA > 519,40,901
1992,A season,NMFS_AREA > 519,41,908
1992,A season,NMFS_AREA > 519,42,937
1992,A season,NMFS_AREA > 519,43,975
1992,A season,NMFS_AREA > 519,44,1055
1992,A season,NMFS_AREA > 519,45,1080
1992,A season,NMFS_AREA > 519,46,1075
1992,A season,NMFS_AREA > 519,47,1109
1992,A season,NMFS_AREA > 519,48,1067
1992,A season,NMFS_AREA > 519,49,1058
1992,A season,NMFS_AREA > 519,50,1030
1992,A season,NMFS_AREA > 519,51,991
1992,A season,NMFS_AREA > 519,52,913
1992,A season,NMFS_AREA > 519,53,869
1992,A season,NMFS_AREA > 519,54,793
1992,A season,NMFS_AREA > 519,55,721
1992,A season,NMFS_AREA > 519,56,657
1992,A season,NMFS_AREA > 519,57,587
1992,A season,NMFS_AREA > 519,58,487
1992,A season,NMFS_AREA > 519,59,440
1992,A season,NMFS_AREA > 519,60,369
1992,A season,NMFS_AREA > 519,61,301
1992,A season,NMFS_AREA > 519,62,280
1992,A season,NMFS_AREA > 519,63,214
1992,A season,NMFS_AREA > 519,64,196
1992,A season,NMFS_AREA > 519,65,958
1992,B season,NMFS_AREA < 520,20,6
1992,B season,NMFS_AREA < 520,21,2
1992,B season,NMFS_AREA < 520,22,5
1992,B season,NMFS_AREA < 520,23,6
1992,B season,NMFS_AREA < 520,24,13
1992,B season,NMFS_AREA < 520,25,23
1992,B season,NMFS_AREA < 520,26,52
1992,B season,NMFS_AREA < 520,27,79
1992,B season,NMFS_AREA < 520,28,115
1992,B season,NMFS_AREA < 520,29,170
1992,B season,NMFS_AREA < 520,30,291
1992,B season,NMFS_AREA < 520,31,493
1992,B season,NMFS_AREA < 520,32,758
1992,B season,NMFS_AREA < 520,33,1115
1992,B season,NMFS_AREA < 520,34,1759
1992,B season,NMFS_AREA < 520,35,2527
1992,B season,NMFS_AREA < 520,36,3102
1992,B season,NMFS_AREA < 520,37,3572
1992,B season,NMFS_AREA < 520,38,3894
1992,B season,NMFS_AREA < 520,39,4062
1992,B season,NMFS_AREA < 520,40,4050
1992,B season,NMFS_AREA < 520,41,3744
1992,B season,NMFS_AREA < 520,42,3226
1992,B season,NMFS_AREA < 520,43,2700
1992,B season,NMFS_AREA < 520,44,2193
1992,B season,NMFS_AREA < 520,45,1878
1992,B season,NMFS_AREA < 520,46,1628
1992,B season,NMFS_AREA < 520,47,1559
1992,B season,NMFS_AREA < 520,48,1509
1992,B season,NMFS_AREA < 520,49,1504
1992,B season,NMFS_AREA < 520,50,1577
1992,B season,NMFS_AREA < 520,51,1653
1992,B season,NMFS_AREA < 520,52,1611
1992,B season,NMFS_AREA < 520,53,1642
1992,B season,NMFS_AREA < 520,54,1583
1992,B season,NMFS_AREA < 520,55,1504
1992,B season,NMFS_AREA < 520,56,1427
1992,B season,NMFS_AREA < 520,57,1284
1992,B season,NMFS_AREA < 520,58,1093
1992,B season,NMFS_AREA < 520,59,913
1992,B season,NMFS_AREA < 520,60,729
1992,B season,NMFS_AREA < 520,61,520
1992,B season,NMFS_AREA < 520,62,405
1992,B season,NMFS_AREA < 520,63,250
1992,B season,NMFS_AREA < 520,64,165
1992,B season,NMFS_AREA < 520,65,216
1992,B season,NMFS_AREA > 519,20,111
1992,B season,NMFS_AREA > 519,21,140
1992,B season,NMFS_AREA > 519,22,179
1992,B season,NMFS_AREA > 519,23,250
1992,B season,NMFS_AREA > 519,24,281
1992,B season,NMFS_AREA > 519,25,410
1992,B season,NMFS_AREA > 519,26,532
1992,B season,NMFS_AREA > 519,27,687
1992,B season,NMFS_AREA > 519,28,849
1992,B season,NMFS_AREA > 519,29,957
1992,B season,NMFS_AREA > 519,30,917
1992,B season,NMFS_AREA > 519,31,923
1992,B season,NMFS_AREA > 519,32,951
1992,B season,NMFS_AREA > 519,33,1154
1992,B season,NMFS_AREA > 519,34,1401
1992,B season,NMFS_AREA > 519,35,1567
1992,B season,NMFS_AREA > 519,36,1671
1992,B season,NMFS_AREA > 519,37,1720
1992,B season,NMFS_AREA > 519,38,1719
1992,B season,NMFS_AREA > 519,39,1628
1992,B season,NMFS_AREA > 519,40,1565
1992,B season,NMFS_AREA > 519,41,1431
1992,B season,NMFS_AREA > 519,42,1422
1992,B season,NMFS_AREA > 519,43,1333
1992,B season,NMFS_AREA > 519,44,1412
1992,B season,NMFS_AREA > 519,45,1433
1992,B season,NMFS_AREA > 519,46,1488
1992,B season,NMFS_AREA > 519,47,1486
1992,B season,NMFS_AREA > 519,48,1479
1992,B season,NMFS_AREA > 519,49,1469
1992,B season,NMFS_AREA > 519,50,1430
1992,B season,NMFS_AREA > 519,51,1402
1992,B season,NMFS_AREA > 519,52,1333
1992,B season,NMFS_AREA > 519,53,1230
1992,B season,NMFS_AREA > 519,54,1119
1992,B season,NMFS_AREA > 519,55,985
1992,B season,NMFS_AREA > 519,56,861
1992,B season,NMFS_AREA > 519,57,726
1992,B season,NMFS_AREA > 519,58,624
1992,B season,NMFS_AREA > 519,59,505
1992,B season,NMFS_AREA > 519,60,373
1992,B season,NMFS_AREA > 519,61,322
1992,B season,NMFS_AREA > 519,62,234
1992,B season,NMFS_AREA > 519,63,174
1992,B season,NMFS_AREA > 519,64,162
1992,B season,NMFS_AREA > 519,65,551
1993,A season,NMFS_AREA < 520,20,1
1993,A season,NMFS_AREA < 520,21,2
1993,A season,NMFS_AREA < 520,22,3
1993,A season,NMFS_AREA < 520,23,5
1993,A season,NMFS_AREA < 520,24,11
1993,A season,NMFS_AREA < 520,25,14
1993,A season,NMFS_AREA < 520,26,27
1993,A season,NMFS_AREA < 520,27,38
1993,A season,NMFS_AREA < 520,28,59
1993,A season,NMFS_AREA < 520,29,53
1993,A season,NMFS_AREA < 520,30,73
1993,A season,NMFS_AREA < 520,31,107
1993,A season,NMFS_AREA < 520,32,222
1993,A season,NMFS_AREA < 520,33,617
1993,A season,NMFS_AREA < 520,34,1096
1993,A season,NMFS_AREA < 520,35,1594
1993,A season,NMFS_AREA < 520,36,1931
1993,A season,NMFS_AREA < 520,37,2395
1993,A season,NMFS_AREA < 520,38,2792
1993,A season,NMFS_AREA < 520,39,3127
1993,A season,NMFS_AREA < 520,40,3356
1993,A season,NMFS_AREA < 520,41,3467
1993,A season,NMFS_AREA < 520,42,3506
1993,A season,NMFS_AREA < 520,43,3430
1993,A season,NMFS_AREA < 520,44,3265
1993,A season,NMFS_AREA < 520,45,3013
1993,A season,NMFS_AREA < 520,46,2652
1993,A season,NMFS_AREA < 520,47,2266
1993,A season,NMFS_AREA < 520,48,2141
1993,A season,NMFS_AREA < 520,49,2100
1993,A season,NMFS_AREA < 520,50,2139
1993,A season,NMFS_AREA < 520,51,2110
1993,A season,NMFS_AREA < 520,52,2060
1993,A season,NMFS_AREA < 520,53,2025
1993,A season,NMFS_AREA < 520,54,1937
1993,A season,NMFS_AREA < 520,55,1785
1993,A season,NMFS_AREA < 520,56,1625
1993,A season,NMFS_AREA < 520,57,1445
1993,A season,NMFS_AREA < 520,58,1267
1993,A season,NMFS_AREA < 520,59,1115
1993,A season,NMFS_AREA < 520,60,955
1993,A season,NMFS_AREA < 520,61,759
1993,A season,NMFS_AREA < 520,62,600
1993,A season,NMFS_AREA < 520,63,510
1993,A season,NMFS_AREA < 520,64,408
1993,A season,NMFS_AREA < 520,65,1631
1993,A season,NMFS_AREA > 519,21,1
1993,A season,NMFS_AREA > 519,22,4
1993,A season,NMFS_AREA > 519,23,4
1993,A season,NMFS_AREA > 519,24,7
1993,A season,NMFS_AREA > 519,25,6
1993,A season,NMFS_AREA > 519,26,21
1993,A season,NMFS_AREA > 519,27,17
1993,A season,NMFS_AREA > 519,28,21
1993,A season,NMFS_AREA > 519,29,19
1993,A season,NMFS_AREA > 519,30,54
1993,A season,NMFS_AREA > 519,31,96
1993,A season,NMFS_AREA > 519,32,146
1993,A season,NMFS_AREA > 519,33,222
1993,A season,NMFS_AREA > 519,34,281
1993,A season,NMFS_AREA > 519,35,356
1993,A season,NMFS_AREA > 519,36,374
1993,A season,NMFS_AREA > 519,37,418
1993,A season,NMFS_AREA > 519,38,441
1993,A season,NMFS_AREA > 519,39,464
1993,A season,NMFS_AREA > 519,40,477
1993,A season,NMFS_AREA > 519,41,464
1993,A season,NMFS_AREA > 519,42,452
1993,A season,NMFS_AREA > 519,43,406
1993,A season,NMFS_AREA > 519,44,408
1993,A season,NMFS_AREA > 519,45,347
1993,A season,NMFS_AREA > 519,46,303
1993,A season,NMFS_AREA > 519,47,315
1993,A season,NMFS_AREA > 519,48,294
1993,A season,NMFS_AREA > 519,49,332
1993,A season,NMFS_AREA > 519,50,328
1993,A season,NMFS_AREA > 519,51,317
1993,A season,NMFS_AREA > 519,52,326
1993,A season,NMFS_AREA > 519,53,323
1993,A season,NMFS_AREA > 519,54,307
1993,A season,NMFS_AREA > 519,55,286
1993,A season,NMFS_AREA > 519,56,244
1993,A season,NMFS_AREA > 519,57,246
1993,A season,NMFS_AREA > 519,58,207
1993,A season,NMFS_AREA > 519,59,205
1993,A season,NMFS_AREA > 519,60,167
1993,A season,NMFS_AREA > 519,61,149
1993,A season,NMFS_AREA > 519,62,129
1993,A season,NMFS_AREA > 519,63,129
1993,A season,NMFS_AREA > 519,64,109
1993,A season,NMFS_AREA > 519,65,551
1993,B season,NMFS_AREA < 520,21,2
1993,B season,NMFS_AREA < 520,22,6
1993,B season,NMFS_AREA < 520,23,11
1993,B season,NMFS_AREA < 520,24,8
1993,B season,NMFS_AREA < 520,25,12
1993,B season,NMFS_AREA < 520,26,12
1993,B season,NMFS_AREA < 520,27,22
1993,B season,NMFS_AREA < 520,28,20
1993,B season,NMFS_AREA < 520,29,26
1993,B season,NMFS_AREA < 520,30,63
1993,B season,NMFS_AREA < 520,31,83
1993,B season,NMFS_AREA < 520,32,96
1993,B season,NMFS_AREA < 520,33,151
1993,B season,NMFS_AREA < 520,34,212
1993,B season,NMFS_AREA < 520,35,299
1993,B season,NMFS_AREA < 520,36,475
1993,B season,NMFS_AREA < 520,37,956
1993,B season,NMFS_AREA < 520,38,2261
1993,B season,NMFS_AREA < 520,39,3718
1993,B season,NMFS_AREA < 520,40,4592
1993,B season,NMFS_AREA < 520,41,4887
1993,B season,NMFS_AREA < 520,42,5005
1993,B season,NMFS_AREA < 520,43,5063
1993,B season,NMFS_AREA < 520,44,5071
1993,B season,NMFS_AREA < 520,45,4993
1993,B season,NMFS_AREA < 520,46,4702
1993,B season,NMFS_AREA < 520,47,4129
1993,B season,NMFS_AREA < 520,48,3174
1993,B season,NMFS_AREA < 520,49,2229
1993,B season,NMFS_AREA < 520,50,1421
1993,B season,NMFS_AREA < 520,51,1120
1993,B season,NMFS_AREA < 520,52,923
1993,B season,NMFS_AREA < 520,53,831
1993,B season,NMFS_AREA < 520,54,873
1993,B season,NMFS_AREA < 520,55,820
1993,B season,NMFS_AREA < 520,56,781
1993,B season,NMFS_AREA < 520,57,680
1993,B season,NMFS_AREA < 520,58,596
1993,B season,NMFS_AREA < 520,59,518
1993,B season,NMFS_AREA < 520,60,416
1993,B season,NMFS_AREA < 520,61,292
1993,B season,NMFS_AREA < 520,62,217
1993,B season,NMFS_AREA < 520,63,155
1993,B season,NMFS_AREA < 520,64,102
1993,B season,NMFS_AREA < 520,65,191
1993,B season,NMFS_AREA > 519,20,11
1993,B season,NMFS_AREA > 519,21,14
1993,B season,NMFS_AREA > 519,22,8
1993,B season,NMFS_AREA > 519,23,7
1993,B season,NMFS_AREA > 519,24,8
1993,B season,NMFS_AREA > 519,25,16
1993,B season,NMFS_AREA > 519,26,24
1993,B season,NMFS_AREA > 519,27,32
1993,B season,NMFS_AREA > 519,28,48
1993,B season,NMFS_AREA > 519,29,51
1993,B season,NMFS_AREA > 519,30,48
1993,B season,NMFS_AREA > 519,31,61
1993,B season,NMFS_AREA > 519,32,70
1993,B season,NMFS_AREA > 519,33,97
1993,B season,NMFS_AREA > 519,34,141
1993,B season,NMFS_AREA > 519,35,208
1993,B season,NMFS_AREA > 519,36,335
1993,B season,NMFS_AREA > 519,37,492
1993,B season,NMFS_AREA > 519,38,700
1993,B season,NMFS_AREA > 519,39,852
1993,B season,NMFS_AREA > 519,40,931
1993,B season,NMFS_AREA > 519,41,958
1993,B season,NMFS_AREA > 519,42,966
1993,B season,NMFS_AREA > 519,43,952
1993,B season,NMFS_AREA > 519,44,936
1993,B season,NMFS_AREA > 519,45,896
1993,B season,NMFS_AREA > 519,46,844
1993,B season,NMFS_AREA > 519,47,736
1993,B season,NMFS_AREA > 519,48,587
1993,B season,NMFS_AREA > 519,49,428
1993,B season,NMFS_AREA > 519,50,315
1993,B season,NMFS_AREA > 519,51,227
1993,B season,NMFS_AREA > 519,52,181
1993,B season,NMFS_AREA > 519,53,166
1993,B season,NMFS_AREA > 519,54,127
1993,B season,NMFS_AREA > 519,55,109
1993,B season,NMFS_AREA > 519,56,98
1993,B season,NMFS_AREA > 519,57,74
1993,B season,NMFS_AREA > 519,58,50
1993,B season,NMFS_AREA > 519,59,39
1993,B season,NMFS_AREA > 519,60,26
1993,B season,NMFS_AREA > 519,61,26
1993,B season,NMFS_AREA > 519,62,15
1993,B season,NMFS_AREA > 519,63,9
1993,B season,NMFS_AREA > 519,64,8
1993,B season,NMFS_AREA > 519,65,8
1994,A season,NMFS_AREA < 520,20,2
1994,A season,NMFS_AREA < 520,21,1
1994,A season,NMFS_AREA < 520,22,5
1994,A season,NMFS_AREA < 520,23,6
1994,A season,NMFS_AREA < 520,24,31
1994,A season,NMFS_AREA < 520,25,69
1994,A season,NMFS_AREA < 520,26,119
1994,A season,NMFS_AREA < 520,27,162
1994,A season,NMFS_AREA < 520,28,235
1994,A season,NMFS_AREA < 520,29,219
1994,A season,NMFS_AREA < 520,30,196
1994,A season,NMFS_AREA < 520,31,144
1994,A season,NMFS_AREA < 520,32,95
1994,A season,NMFS_AREA < 520,33,76
1994,A season,NMFS_AREA < 520,34,108
1994,A season,NMFS_AREA < 520,35,224
1994,A season,NMFS_AREA < 520,36,401
1994,A season,NMFS_AREA < 520,37,710
1994,A season,NMFS_AREA < 520,38,1234
1994,A season,NMFS_AREA < 520,39,2216
1994,A season,NMFS_AREA < 520,40,3644
1994,A season,NMFS_AREA < 520,41,4775
1994,A season,NMFS_AREA < 520,42,5339
1994,A season,NMFS_AREA < 520,43,5572
1994,A season,NMFS_AREA < 520,44,5600
1994,A season,NMFS_AREA < 520,45,5568
1994,A season,NMFS_AREA < 520,46,5475
1994,A season,NMFS_AREA < 520,47,5189
1994,A season,NMFS_AREA < 520,48,4576
1994,A season,NMFS_AREA < 520,49,3685
1994,A season,NMFS_AREA < 520,50,2710
1994,A season,NMFS_AREA < 520,51,1852
1994,A season,NMFS_AREA < 520,52,1241
1994,A season,NMFS_AREA < 520,53,953
1994,A season,NMFS_AREA < 520,54,810
1994,A season,NMFS_AREA < 520,55,749
1994,A season,NMFS_AREA < 520,56,672
1994,A season,NMFS_AREA < 520,57,634
1994,A season,NMFS_AREA < 520,58,587
1994,A season,NMFS_AREA < 520,59,493
1994,A season,NMFS_AREA < 520,60,461
1994,A season,NMFS_AREA < 520,61,365
1994,A season,NMFS_AREA < 520,62,326
1994,A season,NMFS_AREA < 520,63,266
1994,A season,NMFS_AREA < 520,64,201
1994,A season,NMFS_AREA < 520,65,601
1994,A season,NMFS_AREA > 519,20,3
1994,A season,NMFS_AREA > 519,21,1
1994,A season,NMFS_AREA > 519,22,4
1994,A season,NMFS_AREA > 519,23,4
1994,A season,NMFS_AREA > 519,24,7
1994,A season,NMFS_AREA > 519,25,7
1994,A season,NMFS_AREA > 519,26,5
1994,A season,NMFS_AREA > 519,27,4
1994,A season,NMFS_AREA > 519,28,5
1994,A season,NMFS_AREA > 519,29,4
1994,A season,NMFS_AREA > 519,30,6
1994,A season,NMFS_AREA > 519,31,9
1994,A season,NMFS_AREA > 519,32,7
1994,A season,NMFS_AREA > 519,33,18
1994,A season,NMFS_AREA > 519,34,22
1994,A season,NMFS_AREA > 519,35,31
1994,A season,NMFS_AREA > 519,36,36
1994,A season,NMFS_AREA > 519,37,39
1994,A season,NMFS_AREA > 519,38,41
1994,A season,NMFS_AREA > 519,39,44
1994,A season,NMFS_AREA > 519,40,46
1994,A season,NMFS_AREA > 519,41,47
1994,A season,NMFS_AREA > 519,42,56
1994,A season,NMFS_AREA > 519,43,60
1994,A season,NMFS_AREA > 519,44,58
1994,A season,NMFS_AREA > 519,45,59
1994,A season,NMFS_AREA > 519,46,55
1994,A season,NMFS_AREA > 519,47,49
1994,A season,NMFS_AREA > 519,48,52
1994,A season,NMFS_AREA > 519,49,48
1994,A season,NMFS_AREA > 519,50,50
1994,A season,NMFS_AREA > 519,51,44
1994,A season,NMFS_AREA > 519,52,44
1994,A season,NMFS_AREA > 519,53,35
1994,A season,NMFS_AREA > 519,54,37
1994,A season,NMFS_AREA > 519,55,34
1994,A season,NMFS_AREA > 519,56,33
1994,A season,NMFS_AREA > 519,57,26
1994,A season,NMFS_AREA > 519,58,24
1994,A season,NMFS_AREA > 519,59,22
1994,A season,NMFS_AREA > 519,60,21
1994,A season,NMFS_AREA > 519,61,12
1994,A season,NMFS_AREA > 519,62,10
1994,A season,NMFS_AREA > 519,63,9
1994,A season,NMFS_AREA > 519,64,9
1994,A season,NMFS_AREA > 519,65,45
1994,B season,NMFS_AREA < 520,20,3
1994,B season,NMFS_AREA < 520,21,3
1994,B season,NMFS_AREA < 520,22,4
1994,B season,NMFS_AREA < 520,23,5
1994,B season,NMFS_AREA < 520,24,2
1994,B season,NMFS_AREA < 520,25,2
1994,B season,NMFS_AREA < 520,26,1
1994,B season,NMFS_AREA < 520,27,10
1994,B season,NMFS_AREA < 520,28,12
1994,B season,NMFS_AREA < 520,29,23
1994,B season,NMFS_AREA < 520,30,32
1994,B season,NMFS_AREA < 520,31,91
1994,B season,NMFS_AREA < 520,32,138
1994,B season,NMFS_AREA < 520,33,191
1994,B season,NMFS_AREA < 520,34,279
1994,B season,NMFS_AREA < 520,35,376
1994,B season,NMFS_AREA < 520,36,474
1994,B season,NMFS_AREA < 520,37,506
1994,B season,NMFS_AREA < 520,38,581
1994,B season,NMFS_AREA < 520,39,753
1994,B season,NMFS_AREA < 520,40,1236
1994,B season,NMFS_AREA < 520,41,2002
1994,B season,NMFS_AREA < 520,42,3203
1994,B season,NMFS_AREA < 520,43,4454
1994,B season,NMFS_AREA < 520,44,5360
1994,B season,NMFS_AREA < 520,45,5838
1994,B season,NMFS_AREA < 520,46,6012
1994,B season,NMFS_AREA < 520,47,6060
1994,B season,NMFS_AREA < 520,48,5993
1994,B season,NMFS_AREA < 520,49,5796
1994,B season,NMFS_AREA < 520,50,5354
1994,B season,NMFS_AREA < 520,51,4477
1994,B season,NMFS_AREA < 520,52,3530
1994,B season,NMFS_AREA < 520,53,2741
1994,B season,NMFS_AREA < 520,54,2156
1994,B season,NMFS_AREA < 520,55,1703
1994,B season,NMFS_AREA < 520,56,1473
1994,B season,NMFS_AREA < 520,57,1269
1994,B season,NMFS_AREA < 520,58,1085
1994,B season,NMFS_AREA < 520,59,886
1994,B season,NMFS_AREA < 520,60,732
1994,B season,NMFS_AREA < 520,61,567
1994,B season,NMFS_AREA < 520,62,389
1994,B season,NMFS_AREA < 520,63,314
1994,B season,NMFS_AREA < 520,64,181
1994,B season,NMFS_AREA < 520,65,309
1994,B season,NMFS_AREA > 519,20,32
1994,B season,NMFS_AREA > 519,21,53
1994,B season,NMFS_AREA > 519,22,66
1994,B season,NMFS_AREA > 519,23,95
1994,B season,NMFS_AREA > 519,24,108
1994,B season,NMFS_AREA > 519,25,133
1994,B season,NMFS_AREA > 519,26,157
1994,B season,NMFS_AREA > 519,27,140
1994,B season,NMFS_AREA > 519,28,141
1994,B season,NMFS_AREA > 519,29,148
1994,B season,NMFS_AREA > 519,30,154
1994,B season,NMFS_AREA > 519,31,203
1994,B season,NMFS_AREA > 519,32,226
1994,B season,NMFS_AREA > 519,33,306
1994,B season,NMFS_AREA > 519,34,359
1994,B season,NMFS_AREA > 519,35,440
1994,B season,NMFS_AREA > 519,36,525
1994,B season,NMFS_AREA > 519,37,621
1994,B season,NMFS_AREA > 519,38,693
1994,B season,NMFS_AREA > 519,39,771
1994,B season,NMFS_AREA > 519,40,837
1994,B season,NMFS_AREA > 519,41,922
1994,B season,NMFS_AREA > 519,42,970
1994,B season,NMFS_AREA > 519,43,992
1994,B season,NMFS_AREA > 519,44,1022
1994,B season,NMFS_AREA > 519,45,1010
1994,B season,NMFS_AREA > 519,46,965
1994,B season,NMFS_AREA > 519,47,917
1994,B season,NMFS_AREA > 519,48,877
1994,B season,NMFS_AREA > 519,49,775
1994,B season,NMFS_AREA > 519,50,656
1994,B season,NMFS_AREA > 519,51,543
1994,B season,NMFS_AREA > 519,52,410
1994,B season,NMFS_AREA > 519,53,314
1994,B season,NMFS_AREA > 519,54,257
1994,B season,NMFS_AREA > 519,55,185
1994,B season,NMFS_AREA > 519,56,146
1994,B season,NMFS_AREA > 519,57,114
1994,B season,NMFS_AREA > 519,58,85
1994,B season,NMFS_AREA > 519,59,74
1994,B season,NMFS_AREA > 519,60,52
1994,B season,NMFS_AREA > 519,61,36
1994,B season,NMFS_AREA > 519,62,26
1994,B season,NMFS_AREA > 519,63,21
1994,B season,NMFS_AREA > 519,64,22
1994,B season,NMFS_AREA > 519,65,46
1995,A season,NMFS_AREA < 520,20,1
1995,A season,NMFS_AREA < 520,22,5
1995,A season,NMFS_AREA < 520,23,9
1995,A season,NMFS_AREA < 520,24,20
1995,A season,NMFS_AREA < 520,25,49
1995,A season,NMFS_AREA < 520,26,65
1995,A season,NMFS_AREA < 520,27,95
1995,A season,NMFS_AREA < 520,28,107
1995,A season,NMFS_AREA < 520,29,87
1995,A season,NMFS_AREA < 520,30,101
1995,A season,NMFS_AREA < 520,31,84
1995,A season,NMFS_AREA < 520,32,91
1995,A season,NMFS_AREA < 520,33,141
1995,A season,NMFS_AREA < 520,34,263
1995,A season,NMFS_AREA < 520,35,614
1995,A season,NMFS_AREA < 520,36,1169
1995,A season,NMFS_AREA < 520,37,1868
1995,A season,NMFS_AREA < 520,38,2664
1995,A season,NMFS_AREA < 520,39,3325
1995,A season,NMFS_AREA < 520,40,3856
1995,A season,NMFS_AREA < 520,41,4105
1995,A season,NMFS_AREA < 520,42,4297
1995,A season,NMFS_AREA < 520,43,4411
1995,A season,NMFS_AREA < 520,44,4552
1995,A season,NMFS_AREA < 520,45,4672
1995,A season,NMFS_AREA < 520,46,4778
1995,A season,NMFS_AREA < 520,47,4839
1995,A season,NMFS_AREA < 520,48,4817
1995,A season,NMFS_AREA < 520,49,4696
1995,A season,NMFS_AREA < 520,50,4462
1995,A season,NMFS_AREA < 520,51,3952
1995,A season,NMFS_AREA < 520,52,3303
1995,A season,NMFS_AREA < 520,53,2605
1995,A season,NMFS_AREA < 520,54,1899
1995,A season,NMFS_AREA < 520,55,1379
1995,A season,NMFS_AREA < 520,56,1005
1995,A season,NMFS_AREA < 520,57,773
1995,A season,NMFS_AREA < 520,58,652
1995,A season,NMFS_AREA < 520,59,555
1995,A season,NMFS_AREA < 520,60,457
1995,A season,NMFS_AREA < 520,61,388
1995,A season,NMFS_AREA < 520,62,272
1995,A season,NMFS_AREA < 520,63,215
1995,A season,NMFS_AREA < 520,64,146
1995,A season,NMFS_AREA < 520,65,476
1995,A season,NMFS_AREA > 519,20,5
1995,A season,NMFS_AREA > 519,21,8
1995,A season,NMFS_AREA > 519,22,15
1995,A season,NMFS_AREA > 519,23,15
1995,A season,NMFS_AREA > 519,24,22
1995,A season,NMFS_AREA > 519,25,31
1995,A season,NMFS_AREA > 519,26,28
1995,A season,NMFS_AREA > 519,27,38
1995,A season,NMFS_AREA > 519,28,40
1995,A season,NMFS_AREA > 519,29,32
1995,A season,NMFS_AREA > 519,30,32
1995,A season,NMFS_AREA > 519,31,27
1995,A season,NMFS_AREA > 519,32,31
1995,A season,NMFS_AREA > 519,33,34
1995,A season,NMFS_AREA > 519,34,34
1995,A season,NMFS_AREA > 519,35,44
1995,A season,NMFS_AREA > 519,36,44
1995,A season,NMFS_AREA > 519,37,50
1995,A season,NMFS_AREA > 519,38,54
1995,A season,NMFS_AREA > 519,39,60
1995,A season,NMFS_AREA > 519,40,61
1995,A season,NMFS_AREA > 519,41,66
1995,A season,NMFS_AREA > 519,42,70
1995,A season,NMFS_AREA > 519,43,67
1995,A season,NMFS_AREA > 519,44,71
1995,A season,NMFS_AREA > 519,45,65
1995,A season,NMFS_AREA > 519,46,65
1995,A season,NMFS_AREA > 519,47,66
1995,A season,NMFS_AREA > 519,48,68
1995,A season,NMFS_AREA > 519,49,59
1995,A season,NMFS_AREA > 519,50,58
1995,A season,NMFS_AREA > 519,51,59
1995,A season,NMFS_AREA > 519,52,49
1995,A season,NMFS_AREA > 519,53,49
1995,A season,NMFS_AREA > 519,54,45
1995,A season,NMFS_AREA > 519,55,45
1995,A season,NMFS_AREA > 519,56,39
1995,A season,NMFS_AREA > 519,57,44
1995,A season,NMFS_AREA > 519,58,36
1995,A season,NMFS_AREA > 519,59,37
1995,A season,NMFS_AREA > 519,60,39
1995,A season,NMFS_AREA > 519,61,27
1995,A season,NMFS_AREA > 519,62,31
1995,A season,NMFS_AREA > 519,63,25
1995,A season,NMFS_AREA > 519,64,26
1995,A season,NMFS_AREA > 519,65,238
1995,B season,NMFS_AREA < 520,24,1
1995,B season,NMFS_AREA < 520,25,5
1995,B season,NMFS_AREA < 520,26,10
1995,B season,NMFS_AREA < 520,27,24
1995,B season,NMFS_AREA < 520,28,45
1995,B season,NMFS_AREA < 520,29,58
1995,B season,NMFS_AREA < 520,30,84
1995,B season,NMFS_AREA < 520,31,100
1995,B season,NMFS_AREA < 520,32,90
1995,B season,NMFS_AREA < 520,33,78
1995,B season,NMFS_AREA < 520,34,91
1995,B season,NMFS_AREA < 520,35,111
1995,B season,NMFS_AREA < 520,36,111
1995,B season,NMFS_AREA < 520,37,139
1995,B season,NMFS_AREA < 520,38,205
1995,B season,NMFS_AREA < 520,39,402
1995,B season,NMFS_AREA < 520,40,804
1995,B season,NMFS_AREA < 520,41,1732
1995,B season,NMFS_AREA < 520,42,3010
1995,B season,NMFS_AREA < 520,43,4279
1995,B season,NMFS_AREA < 520,44,5343
1995,B season,NMFS_AREA < 520,45,6119
1995,B season,NMFS_AREA < 520,46,6575
1995,B season,NMFS_AREA < 520,47,6930
1995,B season,NMFS_AREA < 520,48,7142
1995,B season,NMFS_AREA < 520,49,7241
1995,B season,NMFS_AREA < 520,50,7223
1995,B season,NMFS_AREA < 520,51,6980
1995,B season,NMFS_AREA < 520,52,6480
1995,B season,NMFS_AREA < 520,53,5652
1995,B season,NMFS_AREA < 520,54,4533
1995,B season,NMFS_AREA < 520,55,3441
1995,B season,NMFS_AREA < 520,56,2471
1995,B season,NMFS_AREA < 520,57,1808
1995,B season,NMFS_AREA < 520,58,1412
1995,B season,NMFS_AREA < 520,59,1031
1995,B season,NMFS_AREA < 520,60,845
1995,B season,NMFS_AREA < 520,61,578
1995,B season,NMFS_AREA < 520,62,428
1995,B season,NMFS_AREA < 520,63,349
1995,B season,NMFS_AREA < 520,64,214
1995,B season,NMFS_AREA < 520,65,431
1995,B season,NMFS_AREA > 519,20,1
1995,B season,NMFS_AREA > 519,21,2
1995,B season,NMFS_AREA > 519,22,8
1995,B season,NMFS_AREA > 519,23,10
1995,B season,NMFS_AREA > 519,24,15
1995,B season,NMFS_AREA > 519,25,25
1995,B season,NMFS_AREA > 519,26,26
1995,B season,NMFS_AREA > 519,27,52
1995,B season,NMFS_AREA > 519,28,100
1995,B season,NMFS_AREA > 519,29,149
1995,B season,NMFS_AREA > 519,30,169
1995,B season,NMFS_AREA > 519,31,199
1995,B season,NMFS_AREA > 519,32,213
1995,B season,NMFS_AREA > 519,33,228
1995,B season,NMFS_AREA > 519,34,237
1995,B season,NMFS_AREA > 519,35,291
1995,B season,NMFS_AREA > 519,36,357
1995,B season,NMFS_AREA > 519,37,420
1995,B season,NMFS_AREA > 519,38,452
1995,B season,NMFS_AREA > 519,39,470
1995,B season,NMFS_AREA > 519,40,501
1995,B season,NMFS_AREA > 519,41,502
1995,B season,NMFS_AREA > 519,42,500
1995,B season,NMFS_AREA > 519,43,490
1995,B season,NMFS_AREA > 519,44,477
1995,B season,NMFS_AREA > 519,45,436
1995,B season,NMFS_AREA > 519,46,400
1995,B season,NMFS_AREA > 519,47,331
1995,B season,NMFS_AREA > 519,48,303
1995,B season,NMFS_AREA > 519,49,242
1995,B season,NMFS_AREA > 519,50,197
1995,B season,NMFS_AREA > 519,51,138
1995,B season,NMFS_AREA > 519,52,131
1995,B season,NMFS_AREA > 519,53,98
1995,B season,NMFS_AREA > 519,54,75
1995,B season,NMFS_AREA > 519,55,73
1995,B season,NMFS_AREA > 519,56,50
1995,B season,NMFS_AREA > 519,57,40
1995,B season,NMFS_AREA > 519,58,32
1995,B season,NMFS_AREA > 519,59,21
1995,B season,NMFS_AREA > 519,60,20
1995,B season,NMFS_AREA > 519,61,9
1995,B season,NMFS_AREA > 519,62,9
1995,B season,NMFS_AREA > 519,63,6
1995,B season,NMFS_AREA > 519,64,5
1995,B season,NMFS_AREA > 519,65,23
1996,A season,NMFS_AREA < 520,21,1
1996,A season,NMFS_AREA < 520,22,6
1996,A season,NMFS_AREA < 520,23,11
1996,A season,NMFS_AREA < 520,24,20
1996,A season,NMFS_AREA < 520,25,45
1996,A season,NMFS_AREA < 520,26,50
1996,A season,NMFS_AREA < 520,27,53
1996,A season,NMFS_AREA < 520,28,39
1996,A season,NMFS_AREA < 520,29,36
1996,A season,NMFS_AREA < 520,30,25
1996,A season,NMFS_AREA < 520,31,27
1996,A season,NMFS_AREA < 520,32,48
1996,A season,NMFS_AREA < 520,33,101
1996,A season,NMFS_AREA < 520,34,216
1996,A season,NMFS_AREA < 520,35,328
1996,A season,NMFS_AREA < 520,36,506
1996,A season,NMFS_AREA < 520,37,749
1996,A season,NMFS_AREA < 520,38,1100
1996,A season,NMFS_AREA < 520,39,1584
1996,A season,NMFS_AREA < 520,40,2191
1996,A season,NMFS_AREA < 520,41,2798
1996,A season,NMFS_AREA < 520,42,3512
1996,A season,NMFS_AREA < 520,43,4228
1996,A season,NMFS_AREA < 520,44,4954
1996,A season,NMFS_AREA < 520,45,5460
1996,A season,NMFS_AREA < 520,46,5737
1996,A season,NMFS_AREA < 520,47,5789
1996,A season,NMFS_AREA < 520,48,5757
1996,A season,NMFS_AREA < 520,49,5629
1996,A season,NMFS_AREA < 520,50,5365
1996,A season,NMFS_AREA < 520,51,5104
1996,A season,NMFS_AREA < 520,52,4663
1996,A season,NMFS_AREA < 520,53,4183
1996,A season,NMFS_AREA < 520,54,3583
1996,A season,NMFS_AREA < 520,55,2837
1996,A season,NMFS_AREA < 520,56,2118
1996,A season,NMFS_AREA < 520,57,1581
1996,A season,NMFS_AREA < 520,58,1194
1996,A season,NMFS_AREA < 520,59,861
1996,A season,NMFS_AREA < 520,60,680
1996,A season,NMFS_AREA < 520,61,513
1996,A season,NMFS_AREA < 520,62,397
1996,A season,NMFS_AREA < 520,63,300
1996,A season,NMFS_AREA < 520,64,229
1996,A season,NMFS_AREA < 520,65,674
1996,A season,NMFS_AREA > 519,43,1
1996,A season,NMFS_AREA > 519,44,1
1996,A season,NMFS_AREA > 519,46,1
1996,A season,NMFS_AREA > 519,48,1
1996,A season,NMFS_AREA > 519,49,2
1996,A season,NMFS_AREA > 519,50,2
1996,A season,NMFS_AREA > 519,51,3
1996,A season,NMFS_AREA > 519,52,3
1996,A season,NMFS_AREA > 519,53,3
1996,A season,NMFS_AREA > 519,54,3
1996,A season,NMFS_AREA > 519,55,3
1996,A season,NMFS_AREA > 519,56,3
1996,A season,NMFS_AREA > 519,57,3
1996,A season,NMFS_AREA > 519,58,3
1996,A season,NMFS_AREA > 519,60,2
1996,A season,NMFS_AREA > 519,61,3
1996,A season,NMFS_AREA > 519,62,1
1996,A season,NMFS_AREA > 519,63,2
1996,A season,NMFS_AREA > 519,64,2
1996,A season,NMFS_AREA > 519,65,10
1996,B season,NMFS_AREA < 520,20,19
1996,B season,NMFS_AREA < 520,21,36
1996,B season,NMFS_AREA < 520,22,34
1996,B season,NMFS_AREA < 520,23,27
1996,B season,NMFS_AREA < 520,24,24
1996,B season,NMFS_AREA < 520,25,17
1996,B season,NMFS_AREA < 520,26,12
1996,B season,NMFS_AREA < 520,27,8
1996,B season,NMFS_AREA < 520,28,8
1996,B season,NMFS_AREA < 520,29,24
1996,B season,NMFS_AREA < 520,30,47
1996,B season,NMFS_AREA < 520,31,80
1996,B season,NMFS_AREA < 520,32,112
1996,B season,NMFS_AREA < 520,33,101
1996,B season,NMFS_AREA < 520,34,103
1996,B season,NMFS_AREA < 520,35,84
1996,B season,NMFS_AREA < 520,36,101
1996,B season,NMFS_AREA < 520,37,108
1996,B season,NMFS_AREA < 520,38,182
1996,B season,NMFS_AREA < 520,39,327
1996,B season,NMFS_AREA < 520,40,612
1996,B season,NMFS_AREA < 520,41,1093
1996,B season,NMFS_AREA < 520,42,1745
1996,B season,NMFS_AREA < 520,43,2706
1996,B season,NMFS_AREA < 520,44,3747
1996,B season,NMFS_AREA < 520,45,4833
1996,B season,NMFS_AREA < 520,46,5749
1996,B season,NMFS_AREA < 520,47,6412
1996,B season,NMFS_AREA < 520,48,6979
1996,B season,NMFS_AREA < 520,49,7368
1996,B season,NMFS_AREA < 520,50,7613
1996,B season,NMFS_AREA < 520,51,7651
1996,B season,NMFS_AREA < 520,52,7599
1996,B season,NMFS_AREA < 520,53,7423
1996,B season,NMFS_AREA < 520,54,7003
1996,B season,NMFS_AREA < 520,55,6251
1996,B season,NMFS_AREA < 520,56,5148
1996,B season,NMFS_AREA < 520,57,3877
1996,B season,NMFS_AREA < 520,58,2854
1996,B season,NMFS_AREA < 520,59,2054
1996,B season,NMFS_AREA < 520,60,1383
1996,B season,NMFS_AREA < 520,61,1033
1996,B season,NMFS_AREA < 520,62,750
1996,B season,NMFS_AREA < 520,63,511
1996,B season,NMFS_AREA < 520,64,380
1996,B season,NMFS_AREA < 520,65,836
1996,B season,NMFS_AREA > 519,20,32
1996,B season,NMFS_AREA > 519,21,30
1996,B season,NMFS_AREA > 519,22,19
1996,B season,NMFS_AREA > 519,23,51
1996,B season,NMFS_AREA > 519,24,39
1996,B season,NMFS_AREA > 519,25,76
1996,B season,NMFS_AREA > 519,26,97
1996,B season,NMFS_AREA > 519,27,100
1996,B season,NMFS_AREA > 519,28,143
1996,B season,NMFS_AREA > 519,29,199
1996,B season,NMFS_AREA > 519,30,301
1996,B season,NMFS_AREA > 519,31,421
1996,B season,NMFS_AREA > 519,32,516
1996,B season,NMFS_AREA > 519,33,647
1996,B season,NMFS_AREA > 519,34,740
1996,B season,NMFS_AREA > 519,35,818
1996,B season,NMFS_AREA > 519,36,853
1996,B season,NMFS_AREA > 519,37,862
1996,B season,NMFS_AREA > 519,38,823
1996,B season,NMFS_AREA > 519,39,753
1996,B season,NMFS_AREA > 519,40,686
1996,B season,NMFS_AREA > 519,41,598
1996,B season,NMFS_AREA > 519,42,589
1996,B season,NMFS_AREA > 519,43,553
1996,B season,NMFS_AREA > 519,44,488
1996,B season,NMFS_AREA > 519,45,466
1996,B season,NMFS_AREA > 519,46,415
1996,B season,NMFS_AREA > 519,47,374
1996,B season,NMFS_AREA > 519,48,295
1996,B season,NMFS_AREA > 519,49,243
1996,B season,NMFS_AREA > 519,50,192
1996,B season,NMFS_AREA > 519,51,147
1996,B season,NMFS_AREA > 519,52,126
1996,B season,NMFS_AREA > 519,53,87
1996,B season,NMFS_AREA > 519,54,74
1996,B season,NMFS_AREA > 519,55,64
1996,B season,NMFS_AREA > 519,56,37
1996,B season,NMFS_AREA > 519,57,43
1996,B season,NMFS_AREA > 519,58,45
1996,B season,NMFS_AREA > 519,59,31
1996,B season,NMFS_AREA > 519,60,30
1996,B season,NMFS_AREA > 519,61,14
1996,B season,NMFS_AREA > 519,62,15
1996,B season,NMFS_AREA > 519,63,11
1996,B season,NMFS_AREA > 519,64,5
1996,B season,NMFS_AREA > 519,65,15
1997,A season,NMFS_AREA < 520,20,3
1997,A season,NMFS_AREA < 520,21,12
1997,A season,NMFS_AREA < 520,22,18
1997,A season,NMFS_AREA < 520,23,76
1997,A season,NMFS_AREA < 520,24,167
1997,A season,NMFS_AREA < 520,25,255
1997,A season,NMFS_AREA < 520,26,345
1997,A season,NMFS_AREA < 520,27,399
1997,A season,NMFS_AREA < 520,28,388
1997,A season,NMFS_AREA < 520,29,395
1997,A season,NMFS_AREA < 520,30,324
1997,A season,NMFS_AREA < 520,31,243
1997,A season,NMFS_AREA < 520,32,261
1997,A season,NMFS_AREA < 520,33,351
1997,A season,NMFS_AREA < 520,34,451
1997,A season,NMFS_AREA < 520,35,565
1997,A season,NMFS_AREA < 520,36,785
1997,A season,NMFS_AREA < 520,37,1209
1997,A season,NMFS_AREA < 520,38,1804
1997,A season,NMFS_AREA < 520,39,2248
1997,A season,NMFS_AREA < 520,40,2820
1997,A season,NMFS_AREA < 520,41,3179
1997,A season,NMFS_AREA < 520,42,3611
1997,A season,NMFS_AREA < 520,43,3907
1997,A season,NMFS_AREA < 520,44,4216
1997,A season,NMFS_AREA < 520,45,4465
1997,A season,NMFS_AREA < 520,46,4567
1997,A season,NMFS_AREA < 520,47,4685
1997,A season,NMFS_AREA < 520,48,4656
1997,A season,NMFS_AREA < 520,49,4597
1997,A season,NMFS_AREA < 520,50,4490
1997,A season,NMFS_AREA < 520,51,4277
1997,A season,NMFS_AREA < 520,52,3937
1997,A season,NMFS_AREA < 520,53,3580
1997,A season,NMFS_AREA < 520,54,3189
1997,A season,NMFS_AREA < 520,55,2669
1997,A season,NMFS_AREA < 520,56,2172
1997,A season,NMFS_AREA < 520,57,1612
1997,A season,NMFS_AREA < 520,58,1210
1997,A season,NMFS_AREA < 520,59,920
1997,A season,NMFS_AREA < 520,60,637
1997,A season,NMFS_AREA < 520,61,455
1997,A season,NMFS_AREA < 520,62,337
1997,A season,NMFS_AREA < 520,63,237
1997,A season,NMFS_AREA < 520,64,188
1997,A season,NMFS_AREA < 520,65,645
1997,B season,NMFS_AREA < 520,20,13
1997,B season,NMFS_AREA < 520,21,18
1997,B season,NMFS_AREA < 520,22,9
1997,B season,NMFS_AREA < 520,23,9
1997,B season,NMFS_AREA < 520,24,2
1997,B season,NMFS_AREA < 520,25,7
1997,B season,NMFS_AREA < 520,26,3
1997,B season,NMFS_AREA < 520,27,6
1997,B season,NMFS_AREA < 520,28,10
1997,B season,NMFS_AREA < 520,29,16
1997,B season,NMFS_AREA < 520,30,33
1997,B season,NMFS_AREA < 520,31,88
1997,B season,NMFS_AREA < 520,32,175
1997,B season,NMFS_AREA < 520,33,245
1997,B season,NMFS_AREA < 520,34,325
1997,B season,NMFS_AREA < 520,35,445
1997,B season,NMFS_AREA < 520,36,528
1997,B season,NMFS_AREA < 520,37,611
1997,B season,NMFS_AREA < 520,38,687
1997,B season,NMFS_AREA < 520,39,937
1997,B season,NMFS_AREA < 520,40,1381
1997,B season,NMFS_AREA < 520,41,1818
1997,B season,NMFS_AREA < 520,42,2305
1997,B season,NMFS_AREA < 520,43,2805
1997,B season,NMFS_AREA < 520,44,3104
1997,B season,NMFS_AREA < 520,45,3379
1997,B season,NMFS_AREA < 520,46,3511
1997,B season,NMFS_AREA < 520,47,3598
1997,B season,NMFS_AREA < 520,48,3640
1997,B season,NMFS_AREA < 520,49,3703
1997,B season,NMFS_AREA < 520,50,3856
1997,B season,NMFS_AREA < 520,51,3955
1997,B season,NMFS_AREA < 520,52,4051
1997,B season,NMFS_AREA < 520,53,4082
1997,B season,NMFS_AREA < 520,54,4035
1997,B season,NMFS_AREA < 520,55,3896
1997,B season,NMFS_AREA < 520,56,3567
1997,B season,NMFS_AREA < 520,57,3145
1997,B season,NMFS_AREA < 520,58,2562
1997,B season,NMFS_AREA < 520,59,1951
1997,B season,NMFS_AREA < 520,60,1421
1997,B season,NMFS_AREA < 520,61,954
1997,B season,NMFS_AREA < 520,62,621
1997,B season,NMFS_AREA < 520,63,392
1997,B season,NMFS_AREA < 520,64,231
1997,B season,NMFS_AREA < 520,65,439
1997,B season,NMFS_AREA > 519,20,74
1997,B season,NMFS_AREA > 519,21,71
1997,B season,NMFS_AREA > 519,22,55
1997,B season,NMFS_AREA > 519,23,80
1997,B season,NMFS_AREA > 519,24,167
1997,B season,NMFS_AREA > 519,25,289
1997,B season,NMFS_AREA > 519,26,531
1997,B season,NMFS_AREA > 519,27,725
1997,B season,NMFS_AREA > 519,28,845
1997,B season,NMFS_AREA > 519,29,911
1997,B season,NMFS_AREA > 519,30,855
1997,B season,NMFS_AREA > 519,31,802
1997,B season,NMFS_AREA > 519,32,712
1997,B season,NMFS_AREA > 519,33,665
1997,B season,NMFS_AREA > 519,34,721
1997,B season,NMFS_AREA > 519,35,939
1997,B season,NMFS_AREA > 519,36,1218
1997,B season,NMFS_AREA > 519,37,1655
1997,B season,NMFS_AREA > 519,38,1999
1997,B season,NMFS_AREA > 519,39,2215
1997,B season,NMFS_AREA > 519,40,2360
1997,B season,NMFS_AREA > 519,41,2350
1997,B season,NMFS_AREA > 519,42,2296
1997,B season,NMFS_AREA > 519,43,2173
1997,B season,NMFS_AREA > 519,44,2014
1997,B season,NMFS_AREA > 519,45,1798
1997,B season,NMFS_AREA > 519,46,1531
1997,B season,NMFS_AREA > 519,47,1388
1997,B season,NMFS_AREA > 519,48,1173
1997,B season,NMFS_AREA > 519,49,1030
1997,B season,NMFS_AREA > 519,50,841
1997,B season,NMFS_AREA > 519,51,660
1997,B season,NMFS_AREA > 519,52,511
1997,B season,NMFS_AREA > 519,53,406
1997,B season,NMFS_AREA > 519,54,278
1997,B season,NMFS_AREA > 519,55,197
1997,B season,NMFS_AREA > 519,56,180
1997,B season,NMFS_AREA > 519,57,94
1997,B season,NMFS_AREA > 519,58,71
1997,B season,NMFS_AREA > 519,59,51
1997,B season,NMFS_AREA > 519,60,40
1997,B season,NMFS_AREA > 519,61,32
1997,B season,NMFS_AREA > 519,62,27
1997,B season,NMFS_AREA > 519,63,18
1997,B season,NMFS_AREA > 519,64,19
1997,B season,NMFS_AREA > 519,65,57
1998,A season,NMFS_AREA < 520,20,3
1998,A season,NMFS_AREA < 520,21,7
1998,A season,NMFS_AREA < 520,22,9
1998,A season,NMFS_AREA < 520,23,22
1998,A season,NMFS_AREA < 520,24,34
1998,A season,NMFS_AREA < 520,25,52
1998,A season,NMFS_AREA < 520,26,77
1998,A season,NMFS_AREA < 520,27,115
1998,A season,NMFS_AREA < 520,28,130
1998,A season,NMFS_AREA < 520,29,158
1998,A season,NMFS_AREA < 520,30,161
1998,A season,NMFS_AREA < 520,31,223
1998,A season,NMFS_AREA < 520,32,331
1998,A season,NMFS_AREA < 520,33,566
1998,A season,NMFS_AREA < 520,34,888
1998,A season,NMFS_AREA < 520,35,1216
1998,A season,NMFS_AREA < 520,36,1571
1998,A season,NMFS_AREA < 520,37,2195
1998,A season,NMFS_AREA < 520,38,3066
1998,A season,NMFS_AREA < 520,39,4002
1998,A season,NMFS_AREA < 520,40,4599
1998,A season,NMFS_AREA < 520,41,4918
1998,A season,NMFS_AREA < 520,42,4996
1998,A season,NMFS_AREA < 520,43,5015
1998,A season,NMFS_AREA < 520,44,4993
1998,A season,NMFS_AREA < 520,45,4794
1998,A season,NMFS_AREA < 520,46,4509
1998,A season,NMFS_AREA < 520,47,4150
1998,A season,NMFS_AREA < 520,48,3656
1998,A season,NMFS_AREA < 520,49,3245
1998,A season,NMFS_AREA < 520,50,2871
1998,A season,NMFS_AREA < 520,51,2505
1998,A season,NMFS_AREA < 520,52,2208
1998,A season,NMFS_AREA < 520,53,1927
1998,A season,NMFS_AREA < 520,54,1623
1998,A season,NMFS_AREA < 520,55,1408
1998,A season,NMFS_AREA < 520,56,1095
1998,A season,NMFS_AREA < 520,57,917
1998,A season,NMFS_AREA < 520,58,625
1998,A season,NMFS_AREA < 520,59,471
1998,A season,NMFS_AREA < 520,60,354
1998,A season,NMFS_AREA < 520,61,259
1998,A season,NMFS_AREA < 520,62,169
1998,A season,NMFS_AREA < 520,63,118
1998,A season,NMFS_AREA < 520,64,86
1998,A season,NMFS_AREA < 520,65,302
1998,A season,NMFS_AREA > 519,33,1
1998,A season,NMFS_AREA > 519,34,1
1998,A season,NMFS_AREA > 519,35,2
1998,A season,NMFS_AREA > 519,36,6
1998,A season,NMFS_AREA > 519,37,9
1998,A season,NMFS_AREA > 519,38,10
1998,A season,NMFS_AREA > 519,39,14
1998,A season,NMFS_AREA > 519,40,15
1998,A season,NMFS_AREA > 519,41,14
1998,A season,NMFS_AREA > 519,42,16
1998,A season,NMFS_AREA > 519,43,13
1998,A season,NMFS_AREA > 519,44,13
1998,A season,NMFS_AREA > 519,45,15
1998,A season,NMFS_AREA > 519,46,16
1998,A season,NMFS_AREA > 519,47,20
1998,A season,NMFS_AREA > 519,48,22
1998,A season,NMFS_AREA > 519,49,18
1998,A season,NMFS_AREA > 519,50,25
1998,A season,NMFS_AREA > 519,51,26
1998,A season,NMFS_AREA > 519,52,30
1998,A season,NMFS_AREA > 519,53,29
1998,A season,NMFS_AREA > 519,54,30
1998,A season,NMFS_AREA > 519,55,34
1998,A season,NMFS_AREA > 519,56,31
1998,A season,NMFS_AREA > 519,57,40
1998,A season,NMFS_AREA > 519,58,32
1998,A season,NMFS_AREA > 519,59,36
1998,A season,NMFS_AREA > 519,60,33
1998,A season,NMFS_AREA > 519,61,35
1998,A season,NMFS_AREA > 519,62,33
1998,A season,NMFS_AREA > 519,63,30
1998,A season,NMFS_AREA > 519,64,33
1998,A season,NMFS_AREA > 519,65,384
1998,B season,NMFS_AREA < 520,20,10
1998,B season,NMFS_AREA < 520,21,11
1998,B season,NMFS_AREA < 520,22,16
1998,B season,NMFS_AREA < 520,23,16
1998,B season,NMFS_AREA < 520,24,35
1998,B season,NMFS_AREA < 520,25,59
1998,B season,NMFS_AREA < 520,26,191
1998,B season,NMFS_AREA < 520,27,476
1998,B season,NMFS_AREA < 520,28,859
1998,B season,NMFS_AREA < 520,29,1154
1998,B season,NMFS_AREA < 520,30,1260
1998,B season,NMFS_AREA < 520,31,1268
1998,B season,NMFS_AREA < 520,32,1120
1998,B season,NMFS_AREA < 520,33,978
1998,B season,NMFS_AREA < 520,34,745
1998,B season,NMFS_AREA < 520,35,699
1998,B season,NMFS_AREA < 520,36,533
1998,B season,NMFS_AREA < 520,37,638
1998,B season,NMFS_AREA < 520,38,872
1998,B season,NMFS_AREA < 520,39,1375
1998,B season,NMFS_AREA < 520,40,2195
1998,B season,NMFS_AREA < 520,41,3269
1998,B season,NMFS_AREA < 520,42,4456
1998,B season,NMFS_AREA < 520,43,5603
1998,B season,NMFS_AREA < 520,44,6506
1998,B season,NMFS_AREA < 520,45,7136
1998,B season,NMFS_AREA < 520,46,7451
1998,B season,NMFS_AREA < 520,47,7509
1998,B season,NMFS_AREA < 520,48,7524
1998,B season,NMFS_AREA < 520,49,7354
1998,B season,NMFS_AREA < 520,50,7108
1998,B season,NMFS_AREA < 520,51,6906
1998,B season,NMFS_AREA < 520,52,6610
1998,B season,NMFS_AREA < 520,53,6521
1998,B season,NMFS_AREA < 520,54,6283
1998,B season,NMFS_AREA < 520,55,6018
1998,B season,NMFS_AREA < 520,56,5531
1998,B season,NMFS_AREA < 520,57,4836
1998,B season,NMFS_AREA < 520,58,3970
1998,B season,NMFS_AREA < 520,59,3141
1998,B season,NMFS_AREA < 520,60,2296
1998,B season,NMFS_AREA < 520,61,1641
1998,B season,NMFS_AREA < 520,62,1092
1998,B season,NMFS_AREA < 520,63,693
1998,B season,NMFS_AREA < 520,64,421
1998,B season,NMFS_AREA < 520,65,823
1998,B season,NMFS_AREA > 519,20,12
1998,B season,NMFS_AREA > 519,21,41
1998,B season,NMFS_AREA > 519,22,117
1998,B season,NMFS_AREA > 519,23,232
1998,B season,NMFS_AREA > 519,24,347
1998,B season,NMFS_AREA > 519,25,455
1998,B season,NMFS_AREA > 519,26,509
1998,B season,NMFS_AREA > 519,27,469
1998,B season,NMFS_AREA > 519,28,387
1998,B season,NMFS_AREA > 519,29,357
1998,B season,NMFS_AREA > 519,30,373
1998,B season,NMFS_AREA > 519,31,458
1998,B season,NMFS_AREA > 519,32,556
1998,B season,NMFS_AREA > 519,33,616
1998,B season,NMFS_AREA > 519,34,686
1998,B season,NMFS_AREA > 519,35,693
1998,B season,NMFS_AREA > 519,36,635
1998,B season,NMFS_AREA > 519,37,583
1998,B season,NMFS_AREA > 519,38,595
1998,B season,NMFS_AREA > 519,39,773
1998,B season,NMFS_AREA > 519,40,995
1998,B season,NMFS_AREA > 519,41,1294
1998,B season,NMFS_AREA > 519,42,1505
1998,B season,NMFS_AREA > 519,43,1562
1998,B season,NMFS_AREA > 519,44,1583
1998,B season,NMFS_AREA > 519,45,1544
1998,B season,NMFS_AREA > 519,46,1473
1998,B season,NMFS_AREA > 519,47,1324
1998,B season,NMFS_AREA > 519,48,1242
1998,B season,NMFS_AREA > 519,49,1056
1998,B season,NMFS_AREA > 519,50,915
1998,B season,NMFS_AREA > 519,51,774
1998,B season,NMFS_AREA > 519,52,615
1998,B season,NMFS_AREA > 519,53,530
1998,B season,NMFS_AREA > 519,54,425
1998,B season,NMFS_AREA > 519,55,317
1998,B season,NMFS_AREA > 519,56,251
1998,B season,NMFS_AREA > 519,57,191
1998,B season,NMFS_AREA > 519,58,147
1998,B season,NMFS_AREA > 519,59,97
1998,B season,NMFS_AREA > 519,60,68
1998,B season,NMFS_AREA > 519,61,55
1998,B season,NMFS_AREA > 519,62,34
1998,B season,NMFS_AREA > 519,63,26
1998,B season,NMFS_AREA > 519,64,23
1998,B season,NMFS_AREA > 519,65,87
1999,A season,NMFS_AREA < 520,20,8
1999,A season,NMFS_AREA < 520,21,16
1999,A season,NMFS_AREA < 520,22,19
1999,A season,NMFS_AREA < 520,23,26
1999,A season,NMFS_AREA < 520,24,22
1999,A season,NMFS_AREA < 520,25,26
1999,A season,NMFS_AREA < 520,26,24
1999,A season,NMFS_AREA < 520,27,21
1999,A season,NMFS_AREA < 520,28,47
1999,A season,NMFS_AREA < 520,29,66
1999,A season,NMFS_AREA < 520,30,143
1999,A season,NMFS_AREA < 520,31,284
1999,A season,NMFS_AREA < 520,32,366
1999,A season,NMFS_AREA < 520,33,423
1999,A season,NMFS_AREA < 520,34,450
1999,A season,NMFS_AREA < 520,35,453
1999,A season,NMFS_AREA < 520,36,609
1999,A season,NMFS_AREA < 520,37,826
1999,A season,NMFS_AREA < 520,38,958
1999,A season,NMFS_AREA < 520,39,1112
1999,A season,NMFS_AREA < 520,40,1466
1999,A season,NMFS_AREA < 520,41,2075
1999,A season,NMFS_AREA < 520,42,2876
1999,A season,NMFS_AREA < 520,43,3496
1999,A season,NMFS_AREA < 520,44,3815
1999,A season,NMFS_AREA < 520,45,3970
1999,A season,NMFS_AREA < 520,46,3737
1999,A season,NMFS_AREA < 520,47,3414
1999,A season,NMFS_AREA < 520,48,2910
1999,A season,NMFS_AREA < 520,49,2417
1999,A season,NMFS_AREA < 520,50,1992
1999,A season,NMFS_AREA < 520,51,1593
1999,A season,NMFS_AREA < 520,52,1279
1999,A season,NMFS_AREA < 520,53,977
1999,A season,NMFS_AREA < 520,54,757
1999,A season,NMFS_AREA < 520,55,670
1999,A season,NMFS_AREA < 520,56,497
1999,A season,NMFS_AREA < 520,57,390
1999,A season,NMFS_AREA < 520,58,324
1999,A season,NMFS_AREA < 520,59,253
1999,A season,NMFS_AREA < 520,60,166
1999,A season,NMFS_AREA < 520,61,136
1999,A season,NMFS_AREA < 520,62,94
1999,A season,NMFS_AREA < 520,63,75
1999,A season,NMFS_AREA < 520,64,52
1999,A season,NMFS_AREA < 520,65,185
1999,A season,NMFS_AREA > 519,37,1
1999,A season,NMFS_AREA > 519,38,2
1999,A season,NMFS_AREA > 519,39,1
1999,A season,NMFS_AREA > 519,40,8
1999,A season,NMFS_AREA > 519,41,4
1999,A season,NMFS_AREA > 519,42,13
1999,A season,NMFS_AREA > 519,43,20
1999,A season,NMFS_AREA > 519,44,25
1999,A season,NMFS_AREA > 519,45,32
1999,A season,NMFS_AREA > 519,46,36
1999,A season,NMFS_AREA > 519,47,35
1999,A season,NMFS_AREA > 519,48,30
1999,A season,NMFS_AREA > 519,49,33
1999,A season,NMFS_AREA > 519,50,38
1999,A season,NMFS_AREA > 519,51,45
1999,A season,NMFS_AREA > 519,52,36
1999,A season,NMFS_AREA > 519,53,38
1999,A season,NMFS_AREA > 519,54,30
1999,A season,NMFS_AREA > 519,55,29
1999,A season,NMFS_AREA > 519,56,42
1999,A season,NMFS_AREA > 519,57,24
1999,A season,NMFS_AREA > 519,58,24
1999,A season,NMFS_AREA > 519,59,20
1999,A season,NMFS_AREA > 519,60,15
1999,A season,NMFS_AREA > 519,61,14
1999,A season,NMFS_AREA > 519,62,18
1999,A season,NMFS_AREA > 519,63,11
1999,A season,NMFS_AREA > 519,64,18
1999,A season,NMFS_AREA > 519,65,124
1999,B season,NMFS_AREA < 520,22,2
1999,B season,NMFS_AREA < 520,23,3
1999,B season,NMFS_AREA < 520,24,2
1999,B season,NMFS_AREA < 520,25,7
1999,B season,NMFS_AREA < 520,26,33
1999,B season,NMFS_AREA < 520,27,32
1999,B season,NMFS_AREA < 520,28,69
1999,B season,NMFS_AREA < 520,29,113
1999,B season,NMFS_AREA < 520,30,130
1999,B season,NMFS_AREA < 520,31,164
1999,B season,NMFS_AREA < 520,32,183
1999,B season,NMFS_AREA < 520,33,279
1999,B season,NMFS_AREA < 520,34,503
1999,B season,NMFS_AREA < 520,35,1001
1999,B season,NMFS_AREA < 520,36,1701
1999,B season,NMFS_AREA < 520,37,2447
1999,B season,NMFS_AREA < 520,38,2962
1999,B season,NMFS_AREA < 520,39,3260
1999,B season,NMFS_AREA < 520,40,3269
1999,B season,NMFS_AREA < 520,41,3024
1999,B season,NMFS_AREA < 520,42,2788
1999,B season,NMFS_AREA < 520,43,2480
1999,B season,NMFS_AREA < 520,44,2359
1999,B season,NMFS_AREA < 520,45,2291
1999,B season,NMFS_AREA < 520,46,2349
1999,B season,NMFS_AREA < 520,47,2411
1999,B season,NMFS_AREA < 520,48,2364
1999,B season,NMFS_AREA < 520,49,2132
1999,B season,NMFS_AREA < 520,50,1934
1999,B season,NMFS_AREA < 520,51,1644
1999,B season,NMFS_AREA < 520,52,1389
1999,B season,NMFS_AREA < 520,53,1211
1999,B season,NMFS_AREA < 520,54,994
1999,B season,NMFS_AREA < 520,55,872
1999,B season,NMFS_AREA < 520,56,695
1999,B season,NMFS_AREA < 520,57,633
1999,B season,NMFS_AREA < 520,58,496
1999,B season,NMFS_AREA < 520,59,417
1999,B season,NMFS_AREA < 520,60,295
1999,B season,NMFS_AREA < 520,61,207
1999,B season,NMFS_AREA < 520,62,128
1999,B season,NMFS_AREA < 520,63,91
1999,B season,NMFS_AREA < 520,64,65
1999,B season,NMFS_AREA < 520,65,147
1999,B season,NMFS_AREA > 519,20,14
1999,B season,NMFS_AREA > 519,21,16
1999,B season,NMFS_AREA > 519,22,21
1999,B season,NMFS_AREA > 519,23,29
1999,B season,NMFS_AREA > 519,24,38
1999,B season,NMFS_AREA > 519,25,41
1999,B season,NMFS_AREA > 519,26,67
1999,B season,NMFS_AREA > 519,27,90
1999,B season,NMFS_AREA > 519,28,110
1999,B season,NMFS_AREA > 519,29,135
1999,B season,NMFS_AREA > 519,30,198
1999,B season,NMFS_AREA > 519,31,264
1999,B season,NMFS_AREA > 519,32,315
1999,B season,NMFS_AREA > 519,33,475
1999,B season,NMFS_AREA > 519,34,558
1999,B season,NMFS_AREA > 519,35,754
1999,B season,NMFS_AREA > 519,36,826
1999,B season,NMFS_AREA > 519,37,940
1999,B season,NMFS_AREA > 519,38,1038
1999,B season,NMFS_AREA > 519,39,1221
1999,B season,NMFS_AREA > 519,40,1339
1999,B season,NMFS_AREA > 519,41,1359
1999,B season,NMFS_AREA > 519,42,1359
1999,B season,NMFS_AREA > 519,43,1379
1999,B season,NMFS_AREA > 519,44,1560
1999,B season,NMFS_AREA > 519,45,1659
1999,B season,NMFS_AREA > 519,46,1666
1999,B season,NMFS_AREA > 519,47,1537
1999,B season,NMFS_AREA > 519,48,1326
1999,B season,NMFS_AREA > 519,49,1082
1999,B season,NMFS_AREA > 519,50,838
1999,B season,NMFS_AREA > 519,51,640
1999,B season,NMFS_AREA > 519,52,425
1999,B season,NMFS_AREA > 519,53,296
1999,B season,NMFS_AREA > 519,54,216
1999,B season,NMFS_AREA > 519,55,161
1999,B season,NMFS_AREA > 519,56,124
1999,B season,NMFS_AREA > 519,57,91
1999,B season,NMFS_AREA > 519,58,54
1999,B season,NMFS_AREA > 519,59,45
1999,B season,NMFS_AREA > 519,60,34
1999,B season,NMFS_AREA > 519,61,30
1999,B season,NMFS_AREA > 519,62,17
1999,B season,NMFS_AREA > 519,63,16
1999,B season,NMFS_AREA > 519,64,13
1999,B season,NMFS_AREA > 519,65,41
2000,A season,NMFS_AREA < 520,20,13
2000,A season,NMFS_AREA < 520,21,17
2000,A season,NMFS_AREA < 520,22,14
2000,A season,NMFS_AREA < 520,23,21
2000,A season,NMFS_AREA < 520,24,21
2000,A season,NMFS_AREA < 520,25,15
2000,A season,NMFS_AREA < 520,26,15
2000,A season,NMFS_AREA < 520,27,25
2000,A season,NMFS_AREA < 520,28,40
2000,A season,NMFS_AREA < 520,29,84
2000,A season,NMFS_AREA < 520,30,141
2000,A season,NMFS_AREA < 520,31,243
2000,A season,NMFS_AREA < 520,32,309
2000,A season,NMFS_AREA < 520,33,369
2000,A season,NMFS_AREA < 520,34,388
2000,A season,NMFS_AREA < 520,35,443
2000,A season,NMFS_AREA < 520,36,702
2000,A season,NMFS_AREA < 520,37,1210
2000,A season,NMFS_AREA < 520,38,1890
2000,A season,NMFS_AREA < 520,39,2690
2000,A season,NMFS_AREA < 520,40,3377
2000,A season,NMFS_AREA < 520,41,3968
2000,A season,NMFS_AREA < 520,42,4410
2000,A season,NMFS_AREA < 520,43,4947
2000,A season,NMFS_AREA < 520,44,5493
2000,A season,NMFS_AREA < 520,45,6081
2000,A season,NMFS_AREA < 520,46,6393
2000,A season,NMFS_AREA < 520,47,6313
2000,A season,NMFS_AREA < 520,48,5694
2000,A season,NMFS_AREA < 520,49,4965
2000,A season,NMFS_AREA < 520,50,4012
2000,A season,NMFS_AREA < 520,51,3229
2000,A season,NMFS_AREA < 520,52,2524
2000,A season,NMFS_AREA < 520,53,2016
2000,A season,NMFS_AREA < 520,54,1690
2000,A season,NMFS_AREA < 520,55,1263
2000,A season,NMFS_AREA < 520,56,1094
2000,A season,NMFS_AREA < 520,57,878
2000,A season,NMFS_AREA < 520,58,706
2000,A season,NMFS_AREA < 520,59,560
2000,A season,NMFS_AREA < 520,60,449
2000,A season,NMFS_AREA < 520,61,346
2000,A season,NMFS_AREA < 520,62,273
2000,A season,NMFS_AREA < 520,63,227
2000,A season,NMFS_AREA < 520,64,161
2000,A season,NMFS_AREA < 520,65,687
2000,A season,NMFS_AREA > 519,21,1
2000,A season,NMFS_AREA > 519,23,1
2000,A season,NMFS_AREA > 519,24,5
2000,A season,NMFS_AREA > 519,25,5
2000,A season,NMFS_AREA > 519,26,3
2000,A season,NMFS_AREA > 519,27,9
2000,A season,NMFS_AREA > 519,28,9
2000,A season,NMFS_AREA > 519,29,11
2000,A season,NMFS_AREA > 519,30,20
2000,A season,NMFS_AREA > 519,31,35
2000,A season,NMFS_AREA > 519,32,49
2000,A season,NMFS_AREA > 519,33,67
2000,A season,NMFS_AREA > 519,34,85
2000,A season,NMFS_AREA > 519,35,100
2000,A season,NMFS_AREA > 519,36,149
2000,A season,NMFS_AREA > 519,37,194
2000,A season,NMFS_AREA > 519,38,234
2000,A season,NMFS_AREA > 519,39,235
2000,A season,NMFS_AREA > 519,40,253
2000,A season,NMFS_AREA > 519,41,276
2000,A season,NMFS_AREA > 519,42,259
2000,A season,NMFS_AREA > 519,43,234
2000,A season,NMFS_AREA > 519,44,203
2000,A season,NMFS_AREA > 519,45,190
2000,A season,NMFS_AREA > 519,46,216
2000,A season,NMFS_AREA > 519,47,212
2000,A season,NMFS_AREA > 519,48,204
2000,A season,NMFS_AREA > 519,49,160
2000,A season,NMFS_AREA > 519,50,130
2000,A season,NMFS_AREA > 519,51,120
2000,A season,NMFS_AREA > 519,52,99
2000,A season,NMFS_AREA > 519,53,75
2000,A season,NMFS_AREA > 519,54,82
2000,A season,NMFS_AREA > 519,55,63
2000,A season,NMFS_AREA > 519,56,50
2000,A season,NMFS_AREA > 519,57,39
2000,A season,NMFS_AREA > 519,58,40
2000,A season,NMFS_AREA > 519,59,26
2000,A season,NMFS_AREA > 519,60,24
2000,A season,NMFS_AREA > 519,61,23
2000,A season,NMFS_AREA > 519,62,18
2000,A season,NMFS_AREA > 519,63,18
2000,A season,NMFS_AREA > 519,64,9
2000,A season,NMFS_AREA > 519,65,34
2000,B season,NMFS_AREA < 520,20,10
2000,B season,NMFS_AREA < 520,21,11
2000,B season,NMFS_AREA < 520,22,6
2000,B season,NMFS_AREA < 520,23,9
2000,B season,NMFS_AREA < 520,24,15
2000,B season,NMFS_AREA < 520,25,9
2000,B season,NMFS_AREA < 520,26,23
2000,B season,NMFS_AREA < 520,27,14
2000,B season,NMFS_AREA < 520,28,27
2000,B season,NMFS_AREA < 520,29,38
2000,B season,NMFS_AREA < 520,30,44
2000,B season,NMFS_AREA < 520,31,65
2000,B season,NMFS_AREA < 520,32,74
2000,B season,NMFS_AREA < 520,33,111
2000,B season,NMFS_AREA < 520,34,115
2000,B season,NMFS_AREA < 520,35,170
2000,B season,NMFS_AREA < 520,36,262
2000,B season,NMFS_AREA < 520,37,374
2000,B season,NMFS_AREA < 520,38,562
2000,B season,NMFS_AREA < 520,39,862
2000,B season,NMFS_AREA < 520,40,1301
2000,B season,NMFS_AREA < 520,41,2084
2000,B season,NMFS_AREA < 520,42,2973
2000,B season,NMFS_AREA < 520,43,4315
2000,B season,NMFS_AREA < 520,44,5385
2000,B season,NMFS_AREA < 520,45,6223
2000,B season,NMFS_AREA < 520,46,6385
2000,B season,NMFS_AREA < 520,47,6190
2000,B season,NMFS_AREA < 520,48,5744
2000,B season,NMFS_AREA < 520,49,5112
2000,B season,NMFS_AREA < 520,50,4383
2000,B season,NMFS_AREA < 520,51,3673
2000,B season,NMFS_AREA < 520,52,2984
2000,B season,NMFS_AREA < 520,53,2323
2000,B season,NMFS_AREA < 520,54,1783
2000,B season,NMFS_AREA < 520,55,1398
2000,B season,NMFS_AREA < 520,56,1028
2000,B season,NMFS_AREA < 520,57,820
2000,B season,NMFS_AREA < 520,58,576
2000,B season,NMFS_AREA < 520,59,456
2000,B season,NMFS_AREA < 520,60,326
2000,B season,NMFS_AREA < 520,61,248
2000,B season,NMFS_AREA < 520,62,168
2000,B season,NMFS_AREA < 520,63,128
2000,B season,NMFS_AREA < 520,64,83
2000,B season,NMFS_AREA < 520,65,206
2000,B season,NMFS_AREA > 519,20,12
2000,B season,NMFS_AREA > 519,21,19
2000,B season,NMFS_AREA > 519,22,18
2000,B season,NMFS_AREA > 519,23,35
2000,B season,NMFS_AREA > 519,24,58
2000,B season,NMFS_AREA > 519,25,108
2000,B season,NMFS_AREA > 519,26,195
2000,B season,NMFS_AREA > 519,27,278
2000,B season,NMFS_AREA > 519,28,401
2000,B season,NMFS_AREA > 519,29,517
2000,B season,NMFS_AREA > 519,30,539
2000,B season,NMFS_AREA > 519,31,536
2000,B season,NMFS_AREA > 519,32,607
2000,B season,NMFS_AREA > 519,33,763
2000,B season,NMFS_AREA > 519,34,923
2000,B season,NMFS_AREA > 519,35,1265
2000,B season,NMFS_AREA > 519,36,1735
2000,B season,NMFS_AREA > 519,37,2351
2000,B season,NMFS_AREA > 519,38,2976
2000,B season,NMFS_AREA > 519,39,3423
2000,B season,NMFS_AREA > 519,40,3864
2000,B season,NMFS_AREA > 519,41,4099
2000,B season,NMFS_AREA > 519,42,4244
2000,B season,NMFS_AREA > 519,43,4169
2000,B season,NMFS_AREA > 519,44,3928
2000,B season,NMFS_AREA > 519,45,3490
2000,B season,NMFS_AREA > 519,46,2958
2000,B season,NMFS_AREA > 519,47,2411
2000,B season,NMFS_AREA > 519,48,1997
2000,B season,NMFS_AREA > 519,49,1564
2000,B season,NMFS_AREA > 519,50,1193
2000,B season,NMFS_AREA > 519,51,867
2000,B season,NMFS_AREA > 519,52,647
2000,B season,NMFS_AREA > 519,53,415
2000,B season,NMFS_AREA > 519,54,308
2000,B season,NMFS_AREA > 519,55,218
2000,B season,NMFS_AREA > 519,56,151
2000,B season,NMFS_AREA > 519,57,99
2000,B season,NMFS_AREA > 519,58,77
2000,B season,NMFS_AREA > 519,59,62
2000,B season,NMFS_AREA > 519,60,37
2000,B season,NMFS_AREA > 519,61,31
2000,B season,NMFS_AREA > 519,62,12
2000,B season,NMFS_AREA > 519,63,14
2000,B season,NMFS_AREA > 519,64,10
2000,B season,NMFS_AREA > 519,65,36
2001,A season,NMFS_AREA < 520,20,15
2001,A season,NMFS_AREA < 520,21,21
2001,A season,NMFS_AREA < 520,22,35
2001,A season,NMFS_AREA < 520,23,37
2001,A season,NMFS_AREA < 520,24,49
2001,A season,NMFS_AREA < 520,25,40
2001,A season,NMFS_AREA < 520,26,37
2001,A season,NMFS_AREA < 520,27,46
2001,A season,NMFS_AREA < 520,28,44
2001,A season,NMFS_AREA < 520,29,54
2001,A season,NMFS_AREA < 520,30,60
2001,A season,NMFS_AREA < 520,31,60
2001,A season,NMFS_AREA < 520,32,80
2001,A season,NMFS_AREA < 520,33,140
2001,A season,NMFS_AREA < 520,34,227
2001,A season,NMFS_AREA < 520,35,363
2001,A season,NMFS_AREA < 520,36,670
2001,A season,NMFS_AREA < 520,37,1062
2001,A season,NMFS_AREA < 520,38,1779
2001,A season,NMFS_AREA < 520,39,2750
2001,A season,NMFS_AREA < 520,40,3644
2001,A season,NMFS_AREA < 520,41,4357
2001,A season,NMFS_AREA < 520,42,4833
2001,A season,NMFS_AREA < 520,43,5267
2001,A season,NMFS_AREA < 520,44,5598
2001,A season,NMFS_AREA < 520,45,5951
2001,A season,NMFS_AREA < 520,46,6235
2001,A season,NMFS_AREA < 520,47,6292
2001,A season,NMFS_AREA < 520,48,6088
2001,A season,NMFS_AREA < 520,49,5586
2001,A season,NMFS_AREA < 520,50,4943
2001,A season,NMFS_AREA < 520,51,4160
2001,A season,NMFS_AREA < 520,52,3449
2001,A season,NMFS_AREA < 520,53,2659
2001,A season,NMFS_AREA < 520,54,2088
2001,A season,NMFS_AREA < 520,55,1653
2001,A season,NMFS_AREA < 520,56,1335
2001,A season,NMFS_AREA < 520,57,1023
2001,A season,NMFS_AREA < 520,58,810
2001,A season,NMFS_AREA < 520,59,667
2001,A season,NMFS_AREA < 520,60,518
2001,A season,NMFS_AREA < 520,61,411
2001,A season,NMFS_AREA < 520,62,307
2001,A season,NMFS_AREA < 520,63,237
2001,A season,NMFS_AREA < 520,64,162
2001,A season,NMFS_AREA < 520,65,436
2001,A season,NMFS_AREA > 519,20,6
2001,A season,NMFS_AREA > 519,21,7
2001,A season,NMFS_AREA > 519,22,7
2001,A season,NMFS_AREA > 519,23,4
2001,A season,NMFS_AREA > 519,24,6
2001,A season,NMFS_AREA > 519,25,7
2001,A season,NMFS_AREA > 519,26,14
2001,A season,NMFS_AREA > 519,27,15
2001,A season,NMFS_AREA > 519,28,20
2001,A season,NMFS_AREA > 519,29,35
2001,A season,NMFS_AREA > 519,30,84
2001,A season,NMFS_AREA > 519,31,175
2001,A season,NMFS_AREA > 519,32,246
2001,A season,NMFS_AREA > 519,33,339
2001,A season,NMFS_AREA > 519,34,514
2001,A season,NMFS_AREA > 519,35,658
2001,A season,NMFS_AREA > 519,36,834
2001,A season,NMFS_AREA > 519,37,1044
2001,A season,NMFS_AREA > 519,38,1295
2001,A season,NMFS_AREA > 519,39,1472
2001,A season,NMFS_AREA > 519,40,1585
2001,A season,NMFS_AREA > 519,41,1555
2001,A season,NMFS_AREA > 519,42,1433
2001,A season,NMFS_AREA > 519,43,1312
2001,A season,NMFS_AREA > 519,44,1179
2001,A season,NMFS_AREA > 519,45,1197
2001,A season,NMFS_AREA > 519,46,1157
2001,A season,NMFS_AREA > 519,47,1111
2001,A season,NMFS_AREA > 519,48,1060
2001,A season,NMFS_AREA > 519,49,1019
2001,A season,NMFS_AREA > 519,50,905
2001,A season,NMFS_AREA > 519,51,758
2001,A season,NMFS_AREA > 519,52,675
2001,A season,NMFS_AREA > 519,53,541
2001,A season,NMFS_AREA > 519,54,428
2001,A season,NMFS_AREA > 519,55,335
2001,A season,NMFS_AREA > 519,56,255
2001,A season,NMFS_AREA > 519,57,206
2001,A season,NMFS_AREA > 519,58,189
2001,A season,NMFS_AREA > 519,59,137
2001,A season,NMFS_AREA > 519,60,106
2001,A season,NMFS_AREA > 519,61,78
2001,A season,NMFS_AREA > 519,62,72
2001,A season,NMFS_AREA > 519,63,63
2001,A season,NMFS_AREA > 519,64,55
2001,A season,NMFS_AREA > 519,65,174
2001,B season,NMFS_AREA < 520,20,21
2001,B season,NMFS_AREA < 520,21,25
2001,B season,NMFS_AREA < 520,22,21
2001,B season,NMFS_AREA < 520,23,16
2001,B season,NMFS_AREA < 520,24,10
2001,B season,NMFS_AREA < 520,25,14
2001,B season,NMFS_AREA < 520,26,13
2001,B season,NMFS_AREA < 520,27,18
2001,B season,NMFS_AREA < 520,28,32
2001,B season,NMFS_AREA < 520,29,28
2001,B season,NMFS_AREA < 520,30,37
2001,B season,NMFS_AREA < 520,31,52
2001,B season,NMFS_AREA < 520,32,54
2001,B season,NMFS_AREA < 520,33,61
2001,B season,NMFS_AREA < 520,34,54
2001,B season,NMFS_AREA < 520,35,87
2001,B season,NMFS_AREA < 520,36,109
2001,B season,NMFS_AREA < 520,37,141
2001,B season,NMFS_AREA < 520,38,179
2001,B season,NMFS_AREA < 520,39,292
2001,B season,NMFS_AREA < 520,40,419
2001,B season,NMFS_AREA < 520,41,735
2001,B season,NMFS_AREA < 520,42,1186
2001,B season,NMFS_AREA < 520,43,1735
2001,B season,NMFS_AREA < 520,44,2510
2001,B season,NMFS_AREA < 520,45,3282
2001,B season,NMFS_AREA < 520,46,3991
2001,B season,NMFS_AREA < 520,47,4561
2001,B season,NMFS_AREA < 520,48,5063
2001,B season,NMFS_AREA < 520,49,5591
2001,B season,NMFS_AREA < 520,50,5726
2001,B season,NMFS_AREA < 520,51,5668
2001,B season,NMFS_AREA < 520,52,5286
2001,B season,NMFS_AREA < 520,53,4770
2001,B season,NMFS_AREA < 520,54,4093
2001,B season,NMFS_AREA < 520,55,3465
2001,B season,NMFS_AREA < 520,56,2833
2001,B season,NMFS_AREA < 520,57,2474
2001,B season,NMFS_AREA < 520,58,2008
2001,B season,NMFS_AREA < 520,59,1571
2001,B season,NMFS_AREA < 520,60,1212
2001,B season,NMFS_AREA < 520,61,963
2001,B season,NMFS_AREA < 520,62,766
2001,B season,NMFS_AREA < 520,63,533
2001,B season,NMFS_AREA < 520,64,343
2001,B season,NMFS_AREA < 520,65,665
2001,B season,NMFS_AREA > 519,20,7
2001,B season,NMFS_AREA > 519,21,15
2001,B season,NMFS_AREA > 519,22,30
2001,B season,NMFS_AREA > 519,23,35
2001,B season,NMFS_AREA > 519,24,62
2001,B season,NMFS_AREA > 519,25,84
2001,B season,NMFS_AREA > 519,26,136
2001,B season,NMFS_AREA > 519,27,134
2001,B season,NMFS_AREA > 519,28,153
2001,B season,NMFS_AREA > 519,29,139
2001,B season,NMFS_AREA > 519,30,171
2001,B season,NMFS_AREA > 519,31,261
2001,B season,NMFS_AREA > 519,32,408
2001,B season,NMFS_AREA > 519,33,638
2001,B season,NMFS_AREA > 519,34,879
2001,B season,NMFS_AREA > 519,35,1027
2001,B season,NMFS_AREA > 519,36,1143
2001,B season,NMFS_AREA > 519,37,1153
2001,B season,NMFS_AREA > 519,38,1229
2001,B season,NMFS_AREA > 519,39,1634
2001,B season,NMFS_AREA > 519,40,2399
2001,B season,NMFS_AREA > 519,41,3447
2001,B season,NMFS_AREA > 519,42,4351
2001,B season,NMFS_AREA > 519,43,4859
2001,B season,NMFS_AREA > 519,44,5007
2001,B season,NMFS_AREA > 519,45,4692
2001,B season,NMFS_AREA > 519,46,4557
2001,B season,NMFS_AREA > 519,47,4192
2001,B season,NMFS_AREA > 519,48,3784
2001,B season,NMFS_AREA > 519,49,3165
2001,B season,NMFS_AREA > 519,50,2661
2001,B season,NMFS_AREA > 519,51,2009
2001,B season,NMFS_AREA > 519,52,1466
2001,B season,NMFS_AREA > 519,53,1060
2001,B season,NMFS_AREA > 519,54,751
2001,B season,NMFS_AREA > 519,55,529
2001,B season,NMFS_AREA > 519,56,445
2001,B season,NMFS_AREA > 519,57,297
2001,B season,NMFS_AREA > 519,58,204
2001,B season,NMFS_AREA > 519,59,139
2001,B season,NMFS_AREA > 519,60,120
2001,B season,NMFS_AREA > 519,61,83
2001,B season,NMFS_AREA > 519,62,64
2001,B season,NMFS_AREA > 519,63,48
2001,B season,NMFS_AREA > 519,64,28
2001,B season,NMFS_AREA > 519,65,101
2002,A season,NMFS_AREA < 520,20,11
2002,A season,NMFS_AREA < 520,21,43
2002,A season,NMFS_AREA < 520,22,71
2002,A season,NMFS_AREA < 520,23,158
2002,A season,NMFS_AREA < 520,24,194
2002,A season,NMFS_AREA < 520,25,256
2002,A season,NMFS_AREA < 520,26,260
2002,A season,NMFS_AREA < 520,27,267
2002,A season,NMFS_AREA < 520,28,219
2002,A season,NMFS_AREA < 520,29,269
2002,A season,NMFS_AREA < 520,30,336
2002,A season,NMFS_AREA < 520,31,487
2002,A season,NMFS_AREA < 520,32,707
2002,A season,NMFS_AREA < 520,33,895
2002,A season,NMFS_AREA < 520,34,1058
2002,A season,NMFS_AREA < 520,35,1296
2002,A season,NMFS_AREA < 520,36,1479
2002,A season,NMFS_AREA < 520,37,1664
2002,A season,NMFS_AREA < 520,38,1952
2002,A season,NMFS_AREA < 520,39,2214
2002,A season,NMFS_AREA < 520,40,2672
2002,A season,NMFS_AREA < 520,41,3257
2002,A season,NMFS_AREA < 520,42,4278
2002,A season,NMFS_AREA < 520,43,5296
2002,A season,NMFS_AREA < 520,44,6165
2002,A season,NMFS_AREA < 520,45,6603
2002,A season,NMFS_AREA < 520,46,6868
2002,A season,NMFS_AREA < 520,47,6761
2002,A season,NMFS_AREA < 520,48,6515
2002,A season,NMFS_AREA < 520,49,6104
2002,A season,NMFS_AREA < 520,50,5588
2002,A season,NMFS_AREA < 520,51,4754
2002,A season,NMFS_AREA < 520,52,4019
2002,A season,NMFS_AREA < 520,53,3085
2002,A season,NMFS_AREA < 520,54,2370
2002,A season,NMFS_AREA < 520,55,1754
2002,A season,NMFS_AREA < 520,56,1340
2002,A season,NMFS_AREA < 520,57,984
2002,A season,NMFS_AREA < 520,58,751
2002,A season,NMFS_AREA < 520,59,533
2002,A season,NMFS_AREA < 520,60,376
2002,A season,NMFS_AREA < 520,61,276
2002,A season,NMFS_AREA < 520,62,235
2002,A season,NMFS_AREA < 520,63,190
2002,A season,NMFS_AREA < 520,64,125
2002,A season,NMFS_AREA < 520,65,554
2002,A season,NMFS_AREA > 519,20,4
2002,A season,NMFS_AREA > 519,21,10
2002,A season,NMFS_AREA > 519,22,17
2002,A season,NMFS_AREA > 519,23,20
2002,A season,NMFS_AREA > 519,24,20
2002,A season,NMFS_AREA > 519,25,19
2002,A season,NMFS_AREA > 519,26,23
2002,A season,NMFS_AREA > 519,27,31
2002,A season,NMFS_AREA > 519,28,57
2002,A season,NMFS_AREA > 519,29,84
2002,A season,NMFS_AREA > 519,30,123
2002,A season,NMFS_AREA > 519,31,115
2002,A season,NMFS_AREA > 519,32,102
2002,A season,NMFS_AREA > 519,33,115
2002,A season,NMFS_AREA > 519,34,92
2002,A season,NMFS_AREA > 519,35,139
2002,A season,NMFS_AREA > 519,36,193
2002,A season,NMFS_AREA > 519,37,288
2002,A season,NMFS_AREA > 519,38,333
2002,A season,NMFS_AREA > 519,39,408
2002,A season,NMFS_AREA > 519,40,413
2002,A season,NMFS_AREA > 519,41,433
2002,A season,NMFS_AREA > 519,42,434
2002,A season,NMFS_AREA > 519,43,450
2002,A season,NMFS_AREA > 519,44,480
2002,A season,NMFS_AREA > 519,45,423
2002,A season,NMFS_AREA > 519,46,436
2002,A season,NMFS_AREA > 519,47,439
2002,A season,NMFS_AREA > 519,48,432
2002,A season,NMFS_AREA > 519,49,432
2002,A season,NMFS_AREA > 519,50,432
2002,A season,NMFS_AREA > 519,51,403
2002,A season,NMFS_AREA > 519,52,359
2002,A season,NMFS_AREA > 519,53,322
2002,A season,NMFS_AREA > 519,54,302
2002,A season,NMFS_AREA > 519,55,249
2002,A season,NMFS_AREA > 519,56,209
2002,A season,NMFS_AREA > 519,57,168
2002,A season,NMFS_AREA > 519,58,141
2002,A season,NMFS_AREA > 519,59,107
2002,A season,NMFS_AREA > 519,60,68
2002,A season,NMFS_AREA > 519,61,54
2002,A season,NMFS_AREA > 519,62,53
2002,A season,NMFS_AREA > 519,63,41
2002,A season,NMFS_AREA > 519,64,37
2002,A season,NMFS_AREA > 519,65,135
2002,B season,NMFS_AREA < 520,20,4
2002,B season,NMFS_AREA < 520,21,9
2002,B season,NMFS_AREA < 520,22,9
2002,B season,NMFS_AREA < 520,23,6
2002,B season,NMFS_AREA < 520,24,10
2002,B season,NMFS_AREA < 520,25,12
2002,B season,NMFS_AREA < 520,26,44
2002,B season,NMFS_AREA < 520,27,93
2002,B season,NMFS_AREA < 520,28,208
2002,B season,NMFS_AREA < 520,29,363
2002,B season,NMFS_AREA < 520,30,606
2002,B season,NMFS_AREA < 520,31,715
2002,B season,NMFS_AREA < 520,32,775
2002,B season,NMFS_AREA < 520,33,723
2002,B season,NMFS_AREA < 520,34,611
2002,B season,NMFS_AREA < 520,35,554
2002,B season,NMFS_AREA < 520,36,527
2002,B season,NMFS_AREA < 520,37,654
2002,B season,NMFS_AREA < 520,38,842
2002,B season,NMFS_AREA < 520,39,1091
2002,B season,NMFS_AREA < 520,40,1406
2002,B season,NMFS_AREA < 520,41,1755
2002,B season,NMFS_AREA < 520,42,2286
2002,B season,NMFS_AREA < 520,43,2802
2002,B season,NMFS_AREA < 520,44,3468
2002,B season,NMFS_AREA < 520,45,4128
2002,B season,NMFS_AREA < 520,46,4823
2002,B season,NMFS_AREA < 520,47,5440
2002,B season,NMFS_AREA < 520,48,5845
2002,B season,NMFS_AREA < 520,49,6104
2002,B season,NMFS_AREA < 520,50,6223
2002,B season,NMFS_AREA < 520,51,6049
2002,B season,NMFS_AREA < 520,52,5842
2002,B season,NMFS_AREA < 520,53,5262
2002,B season,NMFS_AREA < 520,54,4653
2002,B season,NMFS_AREA < 520,55,3944
2002,B season,NMFS_AREA < 520,56,3315
2002,B season,NMFS_AREA < 520,57,2670
2002,B season,NMFS_AREA < 520,58,2146
2002,B season,NMFS_AREA < 520,59,1652
2002,B season,NMFS_AREA < 520,60,1266
2002,B season,NMFS_AREA < 520,61,1020
2002,B season,NMFS_AREA < 520,62,698
2002,B season,NMFS_AREA < 520,63,550
2002,B season,NMFS_AREA < 520,64,393
2002,B season,NMFS_AREA < 520,65,708
2002,B season,NMFS_AREA > 519,20,9
2002,B season,NMFS_AREA > 519,21,5
2002,B season,NMFS_AREA > 519,22,7
2002,B season,NMFS_AREA > 519,23,25
2002,B season,NMFS_AREA > 519,24,50
2002,B season,NMFS_AREA > 519,25,69
2002,B season,NMFS_AREA > 519,26,146
2002,B season,NMFS_AREA > 519,27,170
2002,B season,NMFS_AREA > 519,28,201
2002,B season,NMFS_AREA > 519,29,177
2002,B season,NMFS_AREA > 519,30,212
2002,B season,NMFS_AREA > 519,31,273
2002,B season,NMFS_AREA > 519,32,355
2002,B season,NMFS_AREA > 519,33,473
2002,B season,NMFS_AREA > 519,34,594
2002,B season,NMFS_AREA > 519,35,741
2002,B season,NMFS_AREA > 519,36,817
2002,B season,NMFS_AREA > 519,37,986
2002,B season,NMFS_AREA > 519,38,1337
2002,B season,NMFS_AREA > 519,39,1903
2002,B season,NMFS_AREA > 519,40,2477
2002,B season,NMFS_AREA > 519,41,2936
2002,B season,NMFS_AREA > 519,42,3354
2002,B season,NMFS_AREA > 519,43,3500
2002,B season,NMFS_AREA > 519,44,3741
2002,B season,NMFS_AREA > 519,45,3965
2002,B season,NMFS_AREA > 519,46,3971
2002,B season,NMFS_AREA > 519,47,3855
2002,B season,NMFS_AREA > 519,48,3451
2002,B season,NMFS_AREA > 519,49,2981
2002,B season,NMFS_AREA > 519,50,2389
2002,B season,NMFS_AREA > 519,51,1911
2002,B season,NMFS_AREA > 519,52,1393
2002,B season,NMFS_AREA > 519,53,1043
2002,B season,NMFS_AREA > 519,54,731
2002,B season,NMFS_AREA > 519,55,560
2002,B season,NMFS_AREA > 519,56,376
2002,B season,NMFS_AREA > 519,57,290
2002,B season,NMFS_AREA > 519,58,208
2002,B season,NMFS_AREA > 519,59,147
2002,B season,NMFS_AREA > 519,60,104
2002,B season,NMFS_AREA > 519,61,62
2002,B season,NMFS_AREA > 519,62,49
2002,B season,NMFS_AREA > 519,63,36
2002,B season,NMFS_AREA > 519,64,28
2002,B season,NMFS_AREA > 519,65,114
2003,A season,NMFS_AREA < 520,22,2
2003,A season,NMFS_AREA < 520,23,2
2003,A season,NMFS_AREA < 520,24,3
2003,A season,NMFS_AREA < 520,25,10
2003,A season,NMFS_AREA < 520,26,17
2003,A season,NMFS_AREA < 520,27,47
2003,A season,NMFS_AREA < 520,28,52
2003,A season,NMFS_AREA < 520,29,91
2003,A season,NMFS_AREA < 520,30,128
2003,A season,NMFS_AREA < 520,31,137
2003,A season,NMFS_AREA < 520,32,230
2003,A season,NMFS_AREA < 520,33,419
2003,A season,NMFS_AREA < 520,34,809
2003,A season,NMFS_AREA < 520,35,1254
2003,A season,NMFS_AREA < 520,36,1719
2003,A season,NMFS_AREA < 520,37,1894
2003,A season,NMFS_AREA < 520,38,2060
2003,A season,NMFS_AREA < 520,39,2038
2003,A season,NMFS_AREA < 520,40,2296
2003,A season,NMFS_AREA < 520,41,2804
2003,A season,NMFS_AREA < 520,42,3598
2003,A season,NMFS_AREA < 520,43,4515
2003,A season,NMFS_AREA < 520,44,5185
2003,A season,NMFS_AREA < 520,45,5729
2003,A season,NMFS_AREA < 520,46,6006
2003,A season,NMFS_AREA < 520,47,6125
2003,A season,NMFS_AREA < 520,48,5798
2003,A season,NMFS_AREA < 520,49,5439
2003,A season,NMFS_AREA < 520,50,4799
2003,A season,NMFS_AREA < 520,51,4022
2003,A season,NMFS_AREA < 520,52,3365
2003,A season,NMFS_AREA < 520,53,2702
2003,A season,NMFS_AREA < 520,54,2017
2003,A season,NMFS_AREA < 520,55,1564
2003,A season,NMFS_AREA < 520,56,1141
2003,A season,NMFS_AREA < 520,57,793
2003,A season,NMFS_AREA < 520,58,623
2003,A season,NMFS_AREA < 520,59,426
2003,A season,NMFS_AREA < 520,60,369
2003,A season,NMFS_AREA < 520,61,228
2003,A season,NMFS_AREA < 520,62,192
2003,A season,NMFS_AREA < 520,63,131
2003,A season,NMFS_AREA < 520,64,107
2003,A season,NMFS_AREA < 520,65,328
2003,A season,NMFS_AREA > 519,21,1
2003,A season,NMFS_AREA > 519,22,2
2003,A season,NMFS_AREA > 519,23,2
2003,A season,NMFS_AREA > 519,24,1
2003,A season,NMFS_AREA > 519,25,4
2003,A season,NMFS_AREA > 519,26,5
2003,A season,NMFS_AREA > 519,27,16
2003,A season,NMFS_AREA > 519,28,34
2003,A season,NMFS_AREA > 519,29,51
2003,A season,NMFS_AREA > 519,30,132
2003,A season,NMFS_AREA > 519,31,228
2003,A season,NMFS_AREA > 519,32,284
2003,A season,NMFS_AREA > 519,33,388
2003,A season,NMFS_AREA > 519,34,562
2003,A season,NMFS_AREA > 519,35,819
2003,A season,NMFS_AREA > 519,36,1198
2003,A season,NMFS_AREA > 519,37,1516
2003,A season,NMFS_AREA > 519,38,1617
2003,A season,NMFS_AREA > 519,39,1686
2003,A season,NMFS_AREA > 519,40,1706
2003,A season,NMFS_AREA > 519,41,1790
2003,A season,NMFS_AREA > 519,42,1912
2003,A season,NMFS_AREA > 519,43,2000
2003,A season,NMFS_AREA > 519,44,1890
2003,A season,NMFS_AREA > 519,45,1757
2003,A season,NMFS_AREA > 519,46,1654
2003,A season,NMFS_AREA > 519,47,1476
2003,A season,NMFS_AREA > 519,48,1398
2003,A season,NMFS_AREA > 519,49,1241
2003,A season,NMFS_AREA > 519,50,1116
2003,A season,NMFS_AREA > 519,51,934
2003,A season,NMFS_AREA > 519,52,808
2003,A season,NMFS_AREA > 519,53,674
2003,A season,NMFS_AREA > 519,54,525
2003,A season,NMFS_AREA > 519,55,418
2003,A season,NMFS_AREA > 519,56,359
2003,A season,NMFS_AREA > 519,57,255
2003,A season,NMFS_AREA > 519,58,200
2003,A season,NMFS_AREA > 519,59,192
2003,A season,NMFS_AREA > 519,60,129
2003,A season,NMFS_AREA > 519,61,92
2003,A season,NMFS_AREA > 519,62,76
2003,A season,NMFS_AREA > 519,63,58
2003,A season,NMFS_AREA > 519,64,42
2003,A season,NMFS_AREA > 519,65,168
2003,B season,NMFS_AREA < 520,20,1
2003,B season,NMFS_AREA < 520,21,1
2003,B season,NMFS_AREA < 520,22,3
2003,B season,NMFS_AREA < 520,23,5
2003,B season,NMFS_AREA < 520,24,6
2003,B season,NMFS_AREA < 520,25,4
2003,B season,NMFS_AREA < 520,26,7
2003,B season,NMFS_AREA < 520,27,3
2003,B season,NMFS_AREA < 520,28,5
2003,B season,NMFS_AREA < 520,29,1
2003,B season,NMFS_AREA < 520,30,8
2003,B season,NMFS_AREA < 520,31,26
2003,B season,NMFS_AREA < 520,32,22
2003,B season,NMFS_AREA < 520,33,62
2003,B season,NMFS_AREA < 520,34,136
2003,B season,NMFS_AREA < 520,35,324
2003,B season,NMFS_AREA < 520,36,723
2003,B season,NMFS_AREA < 520,37,1513
2003,B season,NMFS_AREA < 520,38,2678
2003,B season,NMFS_AREA < 520,39,3837
2003,B season,NMFS_AREA < 520,40,4490
2003,B season,NMFS_AREA < 520,41,4646
2003,B season,NMFS_AREA < 520,42,4396
2003,B season,NMFS_AREA < 520,43,3688
2003,B season,NMFS_AREA < 520,44,2986
2003,B season,NMFS_AREA < 520,45,2708
2003,B season,NMFS_AREA < 520,46,2592
2003,B season,NMFS_AREA < 520,47,2748
2003,B season,NMFS_AREA < 520,48,2954
2003,B season,NMFS_AREA < 520,49,3016
2003,B season,NMFS_AREA < 520,50,3146
2003,B season,NMFS_AREA < 520,51,2952
2003,B season,NMFS_AREA < 520,52,2795
2003,B season,NMFS_AREA < 520,53,2462
2003,B season,NMFS_AREA < 520,54,2116
2003,B season,NMFS_AREA < 520,55,1874
2003,B season,NMFS_AREA < 520,56,1521
2003,B season,NMFS_AREA < 520,57,1341
2003,B season,NMFS_AREA < 520,58,1064
2003,B season,NMFS_AREA < 520,59,899
2003,B season,NMFS_AREA < 520,60,708
2003,B season,NMFS_AREA < 520,61,550
2003,B season,NMFS_AREA < 520,62,402
2003,B season,NMFS_AREA < 520,63,329
2003,B season,NMFS_AREA < 520,64,243
2003,B season,NMFS_AREA < 520,65,490
2003,B season,NMFS_AREA > 519,20,2
2003,B season,NMFS_AREA > 519,21,5
2003,B season,NMFS_AREA > 519,22,6
2003,B season,NMFS_AREA > 519,23,5
2003,B season,NMFS_AREA > 519,24,19
2003,B season,NMFS_AREA > 519,25,26
2003,B season,NMFS_AREA > 519,26,65
2003,B season,NMFS_AREA > 519,27,85
2003,B season,NMFS_AREA > 519,28,153
2003,B season,NMFS_AREA > 519,29,180
2003,B season,NMFS_AREA > 519,30,227
2003,B season,NMFS_AREA > 519,31,252
2003,B season,NMFS_AREA > 519,32,387
2003,B season,NMFS_AREA > 519,33,552
2003,B season,NMFS_AREA > 519,34,804
2003,B season,NMFS_AREA > 519,35,1002
2003,B season,NMFS_AREA > 519,36,1207
2003,B season,NMFS_AREA > 519,37,1441
2003,B season,NMFS_AREA > 519,38,1744
2003,B season,NMFS_AREA > 519,39,2411
2003,B season,NMFS_AREA > 519,40,3193
2003,B season,NMFS_AREA > 519,41,3871
2003,B season,NMFS_AREA > 519,42,4455
2003,B season,NMFS_AREA > 519,43,4822
2003,B season,NMFS_AREA > 519,44,5056
2003,B season,NMFS_AREA > 519,45,5375
2003,B season,NMFS_AREA > 519,46,5475
2003,B season,NMFS_AREA > 519,47,5285
2003,B season,NMFS_AREA > 519,48,4954
2003,B season,NMFS_AREA > 519,49,4313
2003,B season,NMFS_AREA > 519,50,3583
2003,B season,NMFS_AREA > 519,51,2839
2003,B season,NMFS_AREA > 519,52,2126
2003,B season,NMFS_AREA > 519,53,1469
2003,B season,NMFS_AREA > 519,54,1083
2003,B season,NMFS_AREA > 519,55,749
2003,B season,NMFS_AREA > 519,56,503
2003,B season,NMFS_AREA > 519,57,356
2003,B season,NMFS_AREA > 519,58,224
2003,B season,NMFS_AREA > 519,59,175
2003,B season,NMFS_AREA > 519,60,128
2003,B season,NMFS_AREA > 519,61,79
2003,B season,NMFS_AREA > 519,62,70
2003,B season,NMFS_AREA > 519,63,54
2003,B season,NMFS_AREA > 519,64,36
2003,B season,NMFS_AREA > 519,65,156
2004,A season,NMFS_AREA < 520,22,2
2004,A season,NMFS_AREA < 520,23,3
2004,A season,NMFS_AREA < 520,24,13
2004,A season,NMFS_AREA < 520,25,16
2004,A season,NMFS_AREA < 520,26,31
2004,A season,NMFS_AREA < 520,27,46
2004,A season,NMFS_AREA < 520,28,50
2004,A season,NMFS_AREA < 520,29,53
2004,A season,NMFS_AREA < 520,30,70
2004,A season,NMFS_AREA < 520,31,67
2004,A season,NMFS_AREA < 520,32,69
2004,A season,NMFS_AREA < 520,33,72
2004,A season,NMFS_AREA < 520,34,98
2004,A season,NMFS_AREA < 520,35,218
2004,A season,NMFS_AREA < 520,36,508
2004,A season,NMFS_AREA < 520,37,983
2004,A season,NMFS_AREA < 520,38,1738
2004,A season,NMFS_AREA < 520,39,2775
2004,A season,NMFS_AREA < 520,40,4060
2004,A season,NMFS_AREA < 520,41,5391
2004,A season,NMFS_AREA < 520,42,6358
2004,A season,NMFS_AREA < 520,43,6999
2004,A season,NMFS_AREA < 520,44,7176
2004,A season,NMFS_AREA < 520,45,7134
2004,A season,NMFS_AREA < 520,46,7122
2004,A season,NMFS_AREA < 520,47,6660
2004,A season,NMFS_AREA < 520,48,6350
2004,A season,NMFS_AREA < 520,49,5816
2004,A season,NMFS_AREA < 520,50,5226
2004,A season,NMFS_AREA < 520,51,4441
2004,A season,NMFS_AREA < 520,52,3890
2004,A season,NMFS_AREA < 520,53,3278
2004,A season,NMFS_AREA < 520,54,2590
2004,A season,NMFS_AREA < 520,55,2069
2004,A season,NMFS_AREA < 520,56,1588
2004,A season,NMFS_AREA < 520,57,1234
2004,A season,NMFS_AREA < 520,58,941
2004,A season,NMFS_AREA < 520,59,695
2004,A season,NMFS_AREA < 520,60,506
2004,A season,NMFS_AREA < 520,61,408
2004,A season,NMFS_AREA < 520,62,278
2004,A season,NMFS_AREA < 520,63,270
2004,A season,NMFS_AREA < 520,64,193
2004,A season,NMFS_AREA < 520,65,650
2004,A season,NMFS_AREA > 519,20,2
2004,A season,NMFS_AREA > 519,22,1
2004,A season,NMFS_AREA > 519,23,2
2004,A season,NMFS_AREA > 519,25,1
2004,A season,NMFS_AREA > 519,26,1
2004,A season,NMFS_AREA > 519,27,3
2004,A season,NMFS_AREA > 519,28,7
2004,A season,NMFS_AREA > 519,29,8
2004,A season,NMFS_AREA > 519,30,24
2004,A season,NMFS_AREA > 519,31,22
2004,A season,NMFS_AREA > 519,32,31
2004,A season,NMFS_AREA > 519,33,51
2004,A season,NMFS_AREA > 519,34,83
2004,A season,NMFS_AREA > 519,35,186
2004,A season,NMFS_AREA > 519,36,313
2004,A season,NMFS_AREA > 519,37,479
2004,A season,NMFS_AREA > 519,38,631
2004,A season,NMFS_AREA > 519,39,838
2004,A season,NMFS_AREA > 519,40,959
2004,A season,NMFS_AREA > 519,41,1033
2004,A season,NMFS_AREA > 519,42,1032
2004,A season,NMFS_AREA > 519,43,955
2004,A season,NMFS_AREA > 519,44,890
2004,A season,NMFS_AREA > 519,45,797
2004,A season,NMFS_AREA > 519,46,739
2004,A season,NMFS_AREA > 519,47,709
2004,A season,NMFS_AREA > 519,48,656
2004,A season,NMFS_AREA > 519,49,577
2004,A season,NMFS_AREA > 519,50,505
2004,A season,NMFS_AREA > 519,51,451
2004,A season,NMFS_AREA > 519,52,400
2004,A season,NMFS_AREA > 519,53,321
2004,A season,NMFS_AREA > 519,54,265
2004,A season,NMFS_AREA > 519,55,222
2004,A season,NMFS_AREA > 519,56,172
2004,A season,NMFS_AREA > 519,57,131
2004,A season,NMFS_AREA > 519,58,116
2004,A season,NMFS_AREA > 519,59,80
2004,A season,NMFS_AREA > 519,60,57
2004,A season,NMFS_AREA > 519,61,58
2004,A season,NMFS_AREA > 519,62,35
2004,A season,NMFS_AREA > 519,63,28
2004,A season,NMFS_AREA > 519,64,27
2004,A season,NMFS_AREA > 519,65,95
2004,B season,NMFS_AREA < 520,21,1
2004,B season,NMFS_AREA < 520,23,1
2004,B season,NMFS_AREA < 520,25,1
2004,B season,NMFS_AREA < 520,26,1
2004,B season,NMFS_AREA < 520,27,2
2004,B season,NMFS_AREA < 520,28,10
2004,B season,NMFS_AREA < 520,29,19
2004,B season,NMFS_AREA < 520,30,48
2004,B season,NMFS_AREA < 520,31,84
2004,B season,NMFS_AREA < 520,32,114
2004,B season,NMFS_AREA < 520,33,124
2004,B season,NMFS_AREA < 520,34,142
2004,B season,NMFS_AREA < 520,35,114
2004,B season,NMFS_AREA < 520,36,115
2004,B season,NMFS_AREA < 520,37,142
2004,B season,NMFS_AREA < 520,38,230
2004,B season,NMFS_AREA < 520,39,508
2004,B season,NMFS_AREA < 520,40,1229
2004,B season,NMFS_AREA < 520,41,2412
2004,B season,NMFS_AREA < 520,42,4170
2004,B season,NMFS_AREA < 520,43,5911
2004,B season,NMFS_AREA < 520,44,7243
2004,B season,NMFS_AREA < 520,45,7818
2004,B season,NMFS_AREA < 520,46,7876
2004,B season,NMFS_AREA < 520,47,7178
2004,B season,NMFS_AREA < 520,48,6043
2004,B season,NMFS_AREA < 520,49,4930
2004,B season,NMFS_AREA < 520,50,4145
2004,B season,NMFS_AREA < 520,51,3483
2004,B season,NMFS_AREA < 520,52,2974
2004,B season,NMFS_AREA < 520,53,2590
2004,B season,NMFS_AREA < 520,54,2174
2004,B season,NMFS_AREA < 520,55,1783
2004,B season,NMFS_AREA < 520,56,1506
2004,B season,NMFS_AREA < 520,57,1206
2004,B season,NMFS_AREA < 520,58,853
2004,B season,NMFS_AREA < 520,59,709
2004,B season,NMFS_AREA < 520,60,541
2004,B season,NMFS_AREA < 520,61,393
2004,B season,NMFS_AREA < 520,62,295
2004,B season,NMFS_AREA < 520,63,226
2004,B season,NMFS_AREA < 520,64,156
2004,B season,NMFS_AREA < 520,65,323
2004,B season,NMFS_AREA > 519,20,23
2004,B season,NMFS_AREA > 519,21,23
2004,B season,NMFS_AREA > 519,22,25
2004,B season,NMFS_AREA > 519,23,13
2004,B season,NMFS_AREA > 519,24,14
2004,B season,NMFS_AREA > 519,25,38
2004,B season,NMFS_AREA > 519,26,47
2004,B season,NMFS_AREA > 519,27,77
2004,B season,NMFS_AREA > 519,28,106
2004,B season,NMFS_AREA > 519,29,98
2004,B season,NMFS_AREA > 519,30,139
2004,B season,NMFS_AREA > 519,31,307
2004,B season,NMFS_AREA > 519,32,473
2004,B season,NMFS_AREA > 519,33,812
2004,B season,NMFS_AREA > 519,34,1243
2004,B season,NMFS_AREA > 519,35,1636
2004,B season,NMFS_AREA > 519,36,2181
2004,B season,NMFS_AREA > 519,37,2774
2004,B season,NMFS_AREA > 519,38,3644
2004,B season,NMFS_AREA > 519,39,4392
2004,B season,NMFS_AREA > 519,40,4960
2004,B season,NMFS_AREA > 519,41,5048
2004,B season,NMFS_AREA > 519,42,4854
2004,B season,NMFS_AREA > 519,43,4377
2004,B season,NMFS_AREA > 519,44,3691
2004,B season,NMFS_AREA > 519,45,3147
2004,B season,NMFS_AREA > 519,46,2636
2004,B season,NMFS_AREA > 519,47,2164
2004,B season,NMFS_AREA > 519,48,1733
2004,B season,NMFS_AREA > 519,49,1440
2004,B season,NMFS_AREA > 519,50,1149
2004,B season,NMFS_AREA > 519,51,892
2004,B season,NMFS_AREA > 519,52,695
2004,B season,NMFS_AREA > 519,53,517
2004,B season,NMFS_AREA > 519,54,383
2004,B season,NMFS_AREA > 519,55,271
2004,B season,NMFS_AREA > 519,56,189
2004,B season,NMFS_AREA > 519,57,134
2004,B season,NMFS_AREA > 519,58,85
2004,B season,NMFS_AREA > 519,59,55
2004,B season,NMFS_AREA > 519,60,45
2004,B season,NMFS_AREA > 519,61,34
2004,B season,NMFS_AREA > 519,62,25
2004,B season,NMFS_AREA > 519,63,13
2004,B season,NMFS_AREA > 519,64,12
2004,B season,NMFS_AREA > 519,65,64
2005,A season,NMFS_AREA < 520,20,1
2005,A season,NMFS_AREA < 520,24,4
2005,A season,NMFS_AREA < 520,25,2
2005,A season,NMFS_AREA < 520,26,6
2005,A season,NMFS_AREA < 520,27,4
2005,A season,NMFS_AREA < 520,28,16
2005,A season,NMFS_AREA < 520,29,21
2005,A season,NMFS_AREA < 520,30,19
2005,A season,NMFS_AREA < 520,31,17
2005,A season,NMFS_AREA < 520,32,11
2005,A season,NMFS_AREA < 520,33,17
2005,A season,NMFS_AREA < 520,34,51
2005,A season,NMFS_AREA < 520,35,143
2005,A season,NMFS_AREA < 520,36,290
2005,A season,NMFS_AREA < 520,37,843
2005,A season,NMFS_AREA < 520,38,1727
2005,A season,NMFS_AREA < 520,39,2997
2005,A season,NMFS_AREA < 520,40,4325
2005,A season,NMFS_AREA < 520,41,5319
2005,A season,NMFS_AREA < 520,42,5892
2005,A season,NMFS_AREA < 520,43,6340
2005,A season,NMFS_AREA < 520,44,6512
2005,A season,NMFS_AREA < 520,45,6644
2005,A season,NMFS_AREA < 520,46,6722
2005,A season,NMFS_AREA < 520,47,6369
2005,A season,NMFS_AREA < 520,48,5974
2005,A season,NMFS_AREA < 520,49,5284
2005,A season,NMFS_AREA < 520,50,4568
2005,A season,NMFS_AREA < 520,51,3740
2005,A season,NMFS_AREA < 520,52,3018
2005,A season,NMFS_AREA < 520,53,2455
2005,A season,NMFS_AREA < 520,54,1921
2005,A season,NMFS_AREA < 520,55,1464
2005,A season,NMFS_AREA < 520,56,1139
2005,A season,NMFS_AREA < 520,57,781
2005,A season,NMFS_AREA < 520,58,560
2005,A season,NMFS_AREA < 520,59,455
2005,A season,NMFS_AREA < 520,60,287
2005,A season,NMFS_AREA < 520,61,239
2005,A season,NMFS_AREA < 520,62,180
2005,A season,NMFS_AREA < 520,63,124
2005,A season,NMFS_AREA < 520,64,104
2005,A season,NMFS_AREA < 520,65,276
2005,A season,NMFS_AREA > 519,20,1
2005,A season,NMFS_AREA > 519,21,1
2005,A season,NMFS_AREA > 519,24,1
2005,A season,NMFS_AREA > 519,25,3
2005,A season,NMFS_AREA > 519,26,9
2005,A season,NMFS_AREA > 519,27,8
2005,A season,NMFS_AREA > 519,28,23
2005,A season,NMFS_AREA > 519,29,21
2005,A season,NMFS_AREA > 519,30,38
2005,A season,NMFS_AREA > 519,31,58
2005,A season,NMFS_AREA > 519,32,99
2005,A season,NMFS_AREA > 519,33,140
2005,A season,NMFS_AREA > 519,34,230
2005,A season,NMFS_AREA > 519,35,402
2005,A season,NMFS_AREA > 519,36,642
2005,A season,NMFS_AREA > 519,37,861
2005,A season,NMFS_AREA > 519,38,1080
2005,A season,NMFS_AREA > 519,39,1298
2005,A season,NMFS_AREA > 519,40,1484
2005,A season,NMFS_AREA > 519,41,1594
2005,A season,NMFS_AREA > 519,42,1612
2005,A season,NMFS_AREA > 519,43,1604
2005,A season,NMFS_AREA > 519,44,1423
2005,A season,NMFS_AREA > 519,45,1262
2005,A season,NMFS_AREA > 519,46,1092
2005,A season,NMFS_AREA > 519,47,867
2005,A season,NMFS_AREA > 519,48,790
2005,A season,NMFS_AREA > 519,49,648
2005,A season,NMFS_AREA > 519,50,535
2005,A season,NMFS_AREA > 519,51,427
2005,A season,NMFS_AREA > 519,52,389
2005,A season,NMFS_AREA > 519,53,282
2005,A season,NMFS_AREA > 519,54,219
2005,A season,NMFS_AREA > 519,55,187
2005,A season,NMFS_AREA > 519,56,123
2005,A season,NMFS_AREA > 519,57,90
2005,A season,NMFS_AREA > 519,58,79
2005,A season,NMFS_AREA > 519,59,56
2005,A season,NMFS_AREA > 519,60,53
2005,A season,NMFS_AREA > 519,61,24
2005,A season,NMFS_AREA > 519,62,35
2005,A season,NMFS_AREA > 519,63,26
2005,A season,NMFS_AREA > 519,64,14
2005,A season,NMFS_AREA > 519,65,74
2005,B season,NMFS_AREA < 520,20,1
2005,B season,NMFS_AREA < 520,24,1
2005,B season,NMFS_AREA < 520,26,1
2005,B season,NMFS_AREA < 520,27,1
2005,B season,NMFS_AREA < 520,29,1
2005,B season,NMFS_AREA < 520,32,5
2005,B season,NMFS_AREA < 520,33,5
2005,B season,NMFS_AREA < 520,34,9
2005,B season,NMFS_AREA < 520,35,16
2005,B season,NMFS_AREA < 520,36,23
2005,B season,NMFS_AREA < 520,37,29
2005,B season,NMFS_AREA < 520,38,54
2005,B season,NMFS_AREA < 520,39,140
2005,B season,NMFS_AREA < 520,40,386
2005,B season,NMFS_AREA < 520,41,876
2005,B season,NMFS_AREA < 520,42,1530
2005,B season,NMFS_AREA < 520,43,2305
2005,B season,NMFS_AREA < 520,44,2930
2005,B season,NMFS_AREA < 520,45,3451
2005,B season,NMFS_AREA < 520,46,3821
2005,B season,NMFS_AREA < 520,47,3897
2005,B season,NMFS_AREA < 520,48,3937
2005,B season,NMFS_AREA < 520,49,3733
2005,B season,NMFS_AREA < 520,50,3387
2005,B season,NMFS_AREA < 520,51,2954
2005,B season,NMFS_AREA < 520,52,2442
2005,B season,NMFS_AREA < 520,53,2090
2005,B season,NMFS_AREA < 520,54,1666
2005,B season,NMFS_AREA < 520,55,1419
2005,B season,NMFS_AREA < 520,56,1102
2005,B season,NMFS_AREA < 520,57,863
2005,B season,NMFS_AREA < 520,58,664
2005,B season,NMFS_AREA < 520,59,516
2005,B season,NMFS_AREA < 520,60,384
2005,B season,NMFS_AREA < 520,61,280
2005,B season,NMFS_AREA < 520,62,213
2005,B season,NMFS_AREA < 520,63,128
2005,B season,NMFS_AREA < 520,64,94
2005,B season,NMFS_AREA < 520,65,192
2005,B season,NMFS_AREA > 519,20,16
2005,B season,NMFS_AREA > 519,21,11
2005,B season,NMFS_AREA > 519,22,9
2005,B season,NMFS_AREA > 519,23,14
2005,B season,NMFS_AREA > 519,24,29
2005,B season,NMFS_AREA > 519,25,22
2005,B season,NMFS_AREA > 519,26,53
2005,B season,NMFS_AREA > 519,27,79
2005,B season,NMFS_AREA > 519,28,108
2005,B season,NMFS_AREA > 519,29,167
2005,B season,NMFS_AREA > 519,30,183
2005,B season,NMFS_AREA > 519,31,276
2005,B season,NMFS_AREA > 519,32,415
2005,B season,NMFS_AREA > 519,33,612
2005,B season,NMFS_AREA > 519,34,780
2005,B season,NMFS_AREA > 519,35,1098
2005,B season,NMFS_AREA > 519,36,1554
2005,B season,NMFS_AREA > 519,37,2366
2005,B season,NMFS_AREA > 519,38,3452
2005,B season,NMFS_AREA > 519,39,4778
2005,B season,NMFS_AREA > 519,40,5926
2005,B season,NMFS_AREA > 519,41,6897
2005,B season,NMFS_AREA > 519,42,7512
2005,B season,NMFS_AREA > 519,43,7681
2005,B season,NMFS_AREA > 519,44,7444
2005,B season,NMFS_AREA > 519,45,6806
2005,B season,NMFS_AREA > 519,46,6145
2005,B season,NMFS_AREA > 519,47,5084
2005,B season,NMFS_AREA > 519,48,4172
2005,B season,NMFS_AREA > 519,49,3353
2005,B season,NMFS_AREA > 519,50,2565
2005,B season,NMFS_AREA > 519,51,1891
2005,B season,NMFS_AREA > 519,52,1419
2005,B season,NMFS_AREA > 519,53,1117
2005,B season,NMFS_AREA > 519,54,763
2005,B season,NMFS_AREA > 519,55,507
2005,B season,NMFS_AREA > 519,56,377
2005,B season,NMFS_AREA > 519,57,261
2005,B season,NMFS_AREA > 519,58,195
2005,B season,NMFS_AREA > 519,59,102
2005,B season,NMFS_AREA > 519,60,74
2005,B season,NMFS_AREA > 519,61,56
2005,B season,NMFS_AREA > 519,62,40
2005,B season,NMFS_AREA > 519,63,30
2005,B season,NMFS_AREA > 519,64,23
2005,B season,NMFS_AREA > 519,65,80
2006,A season,NMFS_AREA < 520,24,1
2006,A season,NMFS_AREA < 520,25,1
2006,A season,NMFS_AREA < 520,26,3
2006,A season,NMFS_AREA < 520,27,6
2006,A season,NMFS_AREA < 520,28,18
2006,A season,NMFS_AREA < 520,29,16
2006,A season,NMFS_AREA < 520,30,24
2006,A season,NMFS_AREA < 520,31,41
2006,A season,NMFS_AREA < 520,32,42
2006,A season,NMFS_AREA < 520,33,43
2006,A season,NMFS_AREA < 520,34,76
2006,A season,NMFS_AREA < 520,35,120
2006,A season,NMFS_AREA < 520,36,249
2006,A season,NMFS_AREA < 520,37,433
2006,A season,NMFS_AREA < 520,38,811
2006,A season,NMFS_AREA < 520,39,1501
2006,A season,NMFS_AREA < 520,40,2556
2006,A season,NMFS_AREA < 520,41,3799
2006,A season,NMFS_AREA < 520,42,4976
2006,A season,NMFS_AREA < 520,43,5951
2006,A season,NMFS_AREA < 520,44,6785
2006,A season,NMFS_AREA < 520,45,7247
2006,A season,NMFS_AREA < 520,46,7460
2006,A season,NMFS_AREA < 520,47,7411
2006,A season,NMFS_AREA < 520,48,7072
2006,A season,NMFS_AREA < 520,49,6432
2006,A season,NMFS_AREA < 520,50,5926
2006,A season,NMFS_AREA < 520,51,5026
2006,A season,NMFS_AREA < 520,52,4113
2006,A season,NMFS_AREA < 520,53,3260
2006,A season,NMFS_AREA < 520,54,2639
2006,A season,NMFS_AREA < 520,55,2037
2006,A season,NMFS_AREA < 520,56,1480
2006,A season,NMFS_AREA < 520,57,1138
2006,A season,NMFS_AREA < 520,58,869
2006,A season,NMFS_AREA < 520,59,604
2006,A season,NMFS_AREA < 520,60,465
2006,A season,NMFS_AREA < 520,61,321
2006,A season,NMFS_AREA < 520,62,231
2006,A season,NMFS_AREA < 520,63,206
2006,A season,NMFS_AREA < 520,64,137
2006,A season,NMFS_AREA < 520,65,404
2006,A season,NMFS_AREA > 519,25,1
2006,A season,NMFS_AREA > 519,26,3
2006,A season,NMFS_AREA > 519,27,2
2006,A season,NMFS_AREA > 519,29,10
2006,A season,NMFS_AREA > 519,30,6
2006,A season,NMFS_AREA > 519,31,9
2006,A season,NMFS_AREA > 519,32,18
2006,A season,NMFS_AREA > 519,33,33
2006,A season,NMFS_AREA > 519,34,44
2006,A season,NMFS_AREA > 519,35,86
2006,A season,NMFS_AREA > 519,36,115
2006,A season,NMFS_AREA > 519,37,153
2006,A season,NMFS_AREA > 519,38,187
2006,A season,NMFS_AREA > 519,39,254
2006,A season,NMFS_AREA > 519,40,303
2006,A season,NMFS_AREA > 519,41,362
2006,A season,NMFS_AREA > 519,42,429
2006,A season,NMFS_AREA > 519,43,448
2006,A season,NMFS_AREA > 519,44,464
2006,A season,NMFS_AREA > 519,45,472
2006,A season,NMFS_AREA > 519,46,438
2006,A season,NMFS_AREA > 519,47,420
2006,A season,NMFS_AREA > 519,48,403
2006,A season,NMFS_AREA > 519,49,343
2006,A season,NMFS_AREA > 519,50,272
2006,A season,NMFS_AREA > 519,51,209
2006,A season,NMFS_AREA > 519,52,167
2006,A season,NMFS_AREA > 519,53,160
2006,A season,NMFS_AREA > 519,54,139
2006,A season,NMFS_AREA > 519,55,109
2006,A season,NMFS_AREA > 519,56,79
2006,A season,NMFS_AREA > 519,57,61
2006,A season,NMFS_AREA > 519,58,46
2006,A season,NMFS_AREA > 519,59,48
2006,A season,NMFS_AREA > 519,60,46
2006,A season,NMFS_AREA > 519,61,24
2006,A season,NMFS_AREA > 519,62,29
2006,A season,NMFS_AREA > 519,63,24
2006,A season,NMFS_AREA > 519,64,23
2006,A season,NMFS_AREA > 519,65,81
2006,B season,NMFS_AREA < 520,20,1
2006,B season,NMFS_AREA < 520,22,1
2006,B season,NMFS_AREA < 520,26,1
2006,B season,NMFS_AREA < 520,27,1
2006,B season,NMFS_AREA < 520,30,3
2006,B season,NMFS_AREA < 520,31,3
2006,B season,NMFS_AREA < 520,32,7
2006,B season,NMFS_AREA < 520,33,10
2006,B season,NMFS_AREA < 520,34,8
2006,B season,NMFS_AREA < 520,35,18
2006,B season,NMFS_AREA < 520,36,12
2006,B season,NMFS_AREA < 520,37,23
2006,B season,NMFS_AREA < 520,38,40
2006,B season,NMFS_AREA < 520,39,66
2006,B season,NMFS_AREA < 520,40,146
2006,B season,NMFS_AREA < 520,41,287
2006,B season,NMFS_AREA < 520,42,631
2006,B season,NMFS_AREA < 520,43,1072
2006,B season,NMFS_AREA < 520,44,1576
2006,B season,NMFS_AREA < 520,45,2225
2006,B season,NMFS_AREA < 520,46,2673
2006,B season,NMFS_AREA < 520,47,3068
2006,B season,NMFS_AREA < 520,48,3261
2006,B season,NMFS_AREA < 520,49,3454
2006,B season,NMFS_AREA < 520,50,3407
2006,B season,NMFS_AREA < 520,51,3180
2006,B season,NMFS_AREA < 520,52,2861
2006,B season,NMFS_AREA < 520,53,2504
2006,B season,NMFS_AREA < 520,54,2117
2006,B season,NMFS_AREA < 520,55,1770
2006,B season,NMFS_AREA < 520,56,1485
2006,B season,NMFS_AREA < 520,57,1181
2006,B season,NMFS_AREA < 520,58,916
2006,B season,NMFS_AREA < 520,59,701
2006,B season,NMFS_AREA < 520,60,518
2006,B season,NMFS_AREA < 520,61,374
2006,B season,NMFS_AREA < 520,62,278
2006,B season,NMFS_AREA < 520,63,193
2006,B season,NMFS_AREA < 520,64,142
2006,B season,NMFS_AREA < 520,65,250
2006,B season,NMFS_AREA > 519,20,28
2006,B season,NMFS_AREA > 519,21,38
2006,B season,NMFS_AREA > 519,22,62
2006,B season,NMFS_AREA > 519,23,91
2006,B season,NMFS_AREA > 519,24,147
2006,B season,NMFS_AREA > 519,25,174
2006,B season,NMFS_AREA > 519,26,247
2006,B season,NMFS_AREA > 519,27,330
2006,B season,NMFS_AREA > 519,28,375
2006,B season,NMFS_AREA > 519,29,501
2006,B season,NMFS_AREA > 519,30,635
2006,B season,NMFS_AREA > 519,31,845
2006,B season,NMFS_AREA > 519,32,1067
2006,B season,NMFS_AREA > 519,33,1342
2006,B season,NMFS_AREA > 519,34,1683
2006,B season,NMFS_AREA > 519,35,2192
2006,B season,NMFS_AREA > 519,36,2833
2006,B season,NMFS_AREA > 519,37,3680
2006,B season,NMFS_AREA > 519,38,4402
2006,B season,NMFS_AREA > 519,39,5070
2006,B season,NMFS_AREA > 519,40,5754
2006,B season,NMFS_AREA > 519,41,6449
2006,B season,NMFS_AREA > 519,42,7080
2006,B season,NMFS_AREA > 519,43,7498
2006,B season,NMFS_AREA > 519,44,7701
2006,B season,NMFS_AREA > 519,45,7613
2006,B season,NMFS_AREA > 519,46,6888
2006,B season,NMFS_AREA > 519,47,5978
2006,B season,NMFS_AREA > 519,48,4870
2006,B season,NMFS_AREA > 519,49,3743
2006,B season,NMFS_AREA > 519,50,2762
2006,B season,NMFS_AREA > 519,51,2046
2006,B season,NMFS_AREA > 519,52,1458
2006,B season,NMFS_AREA > 519,53,935
2006,B season,NMFS_AREA > 519,54,681
2006,B season,NMFS_AREA > 519,55,454
2006,B season,NMFS_AREA > 519,56,358
2006,B season,NMFS_AREA > 519,57,247
2006,B season,NMFS_AREA > 519,58,179
2006,B season,NMFS_AREA > 519,59,121
2006,B season,NMFS_AREA > 519,60,85
2006,B season,NMFS_AREA > 519,61,48
2006,B season,NMFS_AREA > 519,62,39
2006,B season,NMFS_AREA > 519,63,24
2006,B season,NMFS_AREA > 519,64,24
2006,B season,NMFS_AREA > 519,65,95
2007,A season,NMFS_AREA < 520,20,2
2007,A season,NMFS_AREA < 520,22,3
2007,A season,NMFS_AREA < 520,23,1
2007,A season,NMFS_AREA < 520,24,6
2007,A season,NMFS_AREA < 520,25,17
2007,A season,NMFS_AREA < 520,26,20
2007,A season,NMFS_AREA < 520,27,34
2007,A season,NMFS_AREA < 520,28,45
2007,A season,NMFS_AREA < 520,29,49
2007,A season,NMFS_AREA < 520,30,41
2007,A season,NMFS_AREA < 520,31,36
2007,A season,NMFS_AREA < 520,32,24
2007,A season,NMFS_AREA < 520,33,29
2007,A season,NMFS_AREA < 520,34,25
2007,A season,NMFS_AREA < 520,35,39
2007,A season,NMFS_AREA < 520,36,52
2007,A season,NMFS_AREA < 520,37,108
2007,A season,NMFS_AREA < 520,38,241
2007,A season,NMFS_AREA < 520,39,415
2007,A season,NMFS_AREA < 520,40,863
2007,A season,NMFS_AREA < 520,41,1706
2007,A season,NMFS_AREA < 520,42,2825
2007,A season,NMFS_AREA < 520,43,4304
2007,A season,NMFS_AREA < 520,44,5422
2007,A season,NMFS_AREA < 520,45,6638
2007,A season,NMFS_AREA < 520,46,7029
2007,A season,NMFS_AREA < 520,47,7203
2007,A season,NMFS_AREA < 520,48,6961
2007,A season,NMFS_AREA < 520,49,6376
2007,A season,NMFS_AREA < 520,50,5942
2007,A season,NMFS_AREA < 520,51,5171
2007,A season,NMFS_AREA < 520,52,4434
2007,A season,NMFS_AREA < 520,53,3796
2007,A season,NMFS_AREA < 520,54,3148
2007,A season,NMFS_AREA < 520,55,2511
2007,A season,NMFS_AREA < 520,56,1986
2007,A season,NMFS_AREA < 520,57,1587
2007,A season,NMFS_AREA < 520,58,1261
2007,A season,NMFS_AREA < 520,59,991
2007,A season,NMFS_AREA < 520,60,744
2007,A season,NMFS_AREA < 520,61,573
2007,A season,NMFS_AREA < 520,62,440
2007,A season,NMFS_AREA < 520,63,355
2007,A season,NMFS_AREA < 520,64,258
2007,A season,NMFS_AREA < 520,65,825
2007,A season,NMFS_AREA > 519,20,2
2007,A season,NMFS_AREA > 519,21,3
2007,A season,NMFS_AREA > 519,22,2
2007,A season,NMFS_AREA > 519,23,4
2007,A season,NMFS_AREA > 519,24,2
2007,A season,NMFS_AREA > 519,25,5
2007,A season,NMFS_AREA > 519,26,7
2007,A season,NMFS_AREA > 519,27,5
2007,A season,NMFS_AREA > 519,28,10
2007,A season,NMFS_AREA > 519,29,6
2007,A season,NMFS_AREA > 519,30,7
2007,A season,NMFS_AREA > 519,31,11
2007,A season,NMFS_AREA > 519,32,27
2007,A season,NMFS_AREA > 519,33,46
2007,A season,NMFS_AREA > 519,34,57
2007,A season,NMFS_AREA > 519,35,75
2007,A season,NMFS_AREA > 519,36,106
2007,A season,NMFS_AREA > 519,37,139
2007,A season,NMFS_AREA > 519,38,197
2007,A season,NMFS_AREA > 519,39,238
2007,A season,NMFS_AREA > 519,40,340
2007,A season,NMFS_AREA > 519,41,420
2007,A season,NMFS_AREA > 519,42,532
2007,A season,NMFS_AREA > 519,43,607
2007,A season,NMFS_AREA > 519,44,644
2007,A season,NMFS_AREA > 519,45,717
2007,A season,NMFS_AREA > 519,46,727
2007,A season,NMFS_AREA > 519,47,715
2007,A season,NMFS_AREA > 519,48,679
2007,A season,NMFS_AREA > 519,49,666
2007,A season,NMFS_AREA > 519,50,596
2007,A season,NMFS_AREA > 519,51,482
2007,A season,NMFS_AREA > 519,52,442
2007,A season,NMFS_AREA > 519,53,331
2007,A season,NMFS_AREA > 519,54,296
2007,A season,NMFS_AREA > 519,55,261
2007,A season,NMFS_AREA > 519,56,212
2007,A season,NMFS_AREA > 519,57,189
2007,A season,NMFS_AREA > 519,58,149
2007,A season,NMFS_AREA > 519,59,118
2007,A season,NMFS_AREA > 519,60,109
2007,A season,NMFS_AREA > 519,61,96
2007,A season,NMFS_AREA > 519,62,75
2007,A season,NMFS_AREA > 519,63,58
2007,A season,NMFS_AREA > 519,64,45
2007,A season,NMFS_AREA > 519,65,216
2007,B season,NMFS_AREA < 520,20,4
2007,B season,NMFS_AREA < 520,21,8
2007,B season,NMFS_AREA < 520,22,8
2007,B season,NMFS_AREA < 520,23,15
2007,B season,NMFS_AREA < 520,24,16
2007,B season,NMFS_AREA < 520,25,13
2007,B season,NMFS_AREA < 520,26,13
2007,B season,NMFS_AREA < 520,27,14
2007,B season,NMFS_AREA < 520,28,16
2007,B season,NMFS_AREA < 520,29,24
2007,B season,NMFS_AREA < 520,30,41
2007,B season,NMFS_AREA < 520,31,83
2007,B season,NMFS_AREA < 520,32,118
2007,B season,NMFS_AREA < 520,33,130
2007,B season,NMFS_AREA < 520,34,157
2007,B season,NMFS_AREA < 520,35,145
2007,B season,NMFS_AREA < 520,36,116
2007,B season,NMFS_AREA < 520,37,90
2007,B season,NMFS_AREA < 520,38,64
2007,B season,NMFS_AREA < 520,39,53
2007,B season,NMFS_AREA < 520,40,71
2007,B season,NMFS_AREA < 520,41,103
2007,B season,NMFS_AREA < 520,42,199
2007,B season,NMFS_AREA < 520,43,390
2007,B season,NMFS_AREA < 520,44,659
2007,B season,NMFS_AREA < 520,45,1146
2007,B season,NMFS_AREA < 520,46,1639
2007,B season,NMFS_AREA < 520,47,2169
2007,B season,NMFS_AREA < 520,48,2645
2007,B season,NMFS_AREA < 520,49,2968
2007,B season,NMFS_AREA < 520,50,3237
2007,B season,NMFS_AREA < 520,51,3337
2007,B season,NMFS_AREA < 520,52,3402
2007,B season,NMFS_AREA < 520,53,3278
2007,B season,NMFS_AREA < 520,54,3129
2007,B season,NMFS_AREA < 520,55,2785
2007,B season,NMFS_AREA < 520,56,2561
2007,B season,NMFS_AREA < 520,57,2122
2007,B season,NMFS_AREA < 520,58,1739
2007,B season,NMFS_AREA < 520,59,1410
2007,B season,NMFS_AREA < 520,60,1077
2007,B season,NMFS_AREA < 520,61,850
2007,B season,NMFS_AREA < 520,62,650
2007,B season,NMFS_AREA < 520,63,463
2007,B season,NMFS_AREA < 520,64,342
2007,B season,NMFS_AREA < 520,65,762
2007,B season,NMFS_AREA > 519,20,39
2007,B season,NMFS_AREA > 519,21,57
2007,B season,NMFS_AREA > 519,22,109
2007,B season,NMFS_AREA > 519,23,201
2007,B season,NMFS_AREA > 519,24,293
2007,B season,NMFS_AREA > 519,25,392
2007,B season,NMFS_AREA > 519,26,433
2007,B season,NMFS_AREA > 519,27,483
2007,B season,NMFS_AREA > 519,28,449
2007,B season,NMFS_AREA > 519,29,387
2007,B season,NMFS_AREA > 519,30,372
2007,B season,NMFS_AREA > 519,31,339
2007,B season,NMFS_AREA > 519,32,440
2007,B season,NMFS_AREA > 519,33,627
2007,B season,NMFS_AREA > 519,34,868
2007,B season,NMFS_AREA > 519,35,1200
2007,B season,NMFS_AREA > 519,36,1598
2007,B season,NMFS_AREA > 519,37,1941
2007,B season,NMFS_AREA > 519,38,2449
2007,B season,NMFS_AREA > 519,39,3138
2007,B season,NMFS_AREA > 519,40,3988
2007,B season,NMFS_AREA > 519,41,5032
2007,B season,NMFS_AREA > 519,42,5999
2007,B season,NMFS_AREA > 519,43,7072
2007,B season,NMFS_AREA > 519,44,7672
2007,B season,NMFS_AREA > 519,45,8152
2007,B season,NMFS_AREA > 519,46,7917
2007,B season,NMFS_AREA > 519,47,7549
2007,B season,NMFS_AREA > 519,48,6823
2007,B season,NMFS_AREA > 519,49,5905
2007,B season,NMFS_AREA > 519,50,4877
2007,B season,NMFS_AREA > 519,51,3893
2007,B season,NMFS_AREA > 519,52,3124
2007,B season,NMFS_AREA > 519,53,2427
2007,B season,NMFS_AREA > 519,54,1735
2007,B season,NMFS_AREA > 519,55,1284
2007,B season,NMFS_AREA > 519,56,942
2007,B season,NMFS_AREA > 519,57,658
2007,B season,NMFS_AREA > 519,58,485
2007,B season,NMFS_AREA > 519,59,336
2007,B season,NMFS_AREA > 519,60,259
2007,B season,NMFS_AREA > 519,61,202
2007,B season,NMFS_AREA > 519,62,153
2007,B season,NMFS_AREA > 519,63,93
2007,B season,NMFS_AREA > 519,64,65
2007,B season,NMFS_AREA > 519,65,186
2008,A season,NMFS_AREA < 520,23,1
2008,A season,NMFS_AREA < 520,24,3
2008,A season,NMFS_AREA < 520,25,12
2008,A season,NMFS_AREA < 520,26,12
2008,A season,NMFS_AREA < 520,27,22
2008,A season,NMFS_AREA < 520,28,23
2008,A season,NMFS_AREA < 520,29,26
2008,A season,NMFS_AREA < 520,30,13
2008,A season,NMFS_AREA < 520,31,20
2008,A season,NMFS_AREA < 520,32,19
2008,A season,NMFS_AREA < 520,33,30
2008,A season,NMFS_AREA < 520,34,31
2008,A season,NMFS_AREA < 520,35,62
2008,A season,NMFS_AREA < 520,36,89
2008,A season,NMFS_AREA < 520,37,138
2008,A season,NMFS_AREA < 520,38,227
2008,A season,NMFS_AREA < 520,39,280
2008,A season,NMFS_AREA < 520,40,499
2008,A season,NMFS_AREA < 520,41,698
2008,A season,NMFS_AREA < 520,42,1161
2008,A season,NMFS_AREA < 520,43,1803
2008,A season,NMFS_AREA < 520,44,2554
2008,A season,NMFS_AREA < 520,45,3401
2008,A season,NMFS_AREA < 520,46,4185
2008,A season,NMFS_AREA < 520,47,4552
2008,A season,NMFS_AREA < 520,48,4787
2008,A season,NMFS_AREA < 520,49,4901
2008,A season,NMFS_AREA < 520,50,4721
2008,A season,NMFS_AREA < 520,51,4460
2008,A season,NMFS_AREA < 520,52,4128
2008,A season,NMFS_AREA < 520,53,3784
2008,A season,NMFS_AREA < 520,54,3412
2008,A season,NMFS_AREA < 520,55,3047
2008,A season,NMFS_AREA < 520,56,2651
2008,A season,NMFS_AREA < 520,57,2184
2008,A season,NMFS_AREA < 520,58,1847
2008,A season,NMFS_AREA < 520,59,1512
2008,A season,NMFS_AREA < 520,60,1275
2008,A season,NMFS_AREA < 520,61,982
2008,A season,NMFS_AREA < 520,62,800
2008,A season,NMFS_AREA < 520,63,613
2008,A season,NMFS_AREA < 520,64,450
2008,A season,NMFS_AREA < 520,65,1875
2008,A season,NMFS_AREA > 519,21,1
2008,A season,NMFS_AREA > 519,22,2
2008,A season,NMFS_AREA > 519,23,6
2008,A season,NMFS_AREA > 519,24,4
2008,A season,NMFS_AREA > 519,25,4
2008,A season,NMFS_AREA > 519,26,2
2008,A season,NMFS_AREA > 519,27,4
2008,A season,NMFS_AREA > 519,28,2
2008,A season,NMFS_AREA > 519,29,2
2008,A season,NMFS_AREA > 519,30,7
2008,A season,NMFS_AREA > 519,31,5
2008,A season,NMFS_AREA > 519,32,7
2008,A season,NMFS_AREA > 519,33,14
2008,A season,NMFS_AREA > 519,34,12
2008,A season,NMFS_AREA > 519,35,21
2008,A season,NMFS_AREA > 519,36,38
2008,A season,NMFS_AREA > 519,37,55
2008,A season,NMFS_AREA > 519,38,97
2008,A season,NMFS_AREA > 519,39,129
2008,A season,NMFS_AREA > 519,40,179
2008,A season,NMFS_AREA > 519,41,278
2008,A season,NMFS_AREA > 519,42,323
2008,A season,NMFS_AREA > 519,43,427
2008,A season,NMFS_AREA > 519,44,479
2008,A season,NMFS_AREA > 519,45,563
2008,A season,NMFS_AREA > 519,46,595
2008,A season,NMFS_AREA > 519,47,599
2008,A season,NMFS_AREA > 519,48,554
2008,A season,NMFS_AREA > 519,49,548
2008,A season,NMFS_AREA > 519,50,470
2008,A season,NMFS_AREA > 519,51,420
2008,A season,NMFS_AREA > 519,52,346
2008,A season,NMFS_AREA > 519,53,300
2008,A season,NMFS_AREA > 519,54,253
2008,A season,NMFS_AREA > 519,55,205
2008,A season,NMFS_AREA > 519,56,166
2008,A season,NMFS_AREA > 519,57,147
2008,A season,NMFS_AREA > 519,58,114
2008,A season,NMFS_AREA > 519,59,102
2008,A season,NMFS_AREA > 519,60,74
2008,A season,NMFS_AREA > 519,61,76
2008,A season,NMFS_AREA > 519,62,58
2008,A season,NMFS_AREA > 519,63,57
2008,A season,NMFS_AREA > 519,64,47
2008,A season,NMFS_AREA > 519,65,199
2008,B season,NMFS_AREA < 520,21,1
2008,B season,NMFS_AREA < 520,22,1
2008,B season,NMFS_AREA < 520,23,2
2008,B season,NMFS_AREA < 520,24,2
2008,B season,NMFS_AREA < 520,25,2
2008,B season,NMFS_AREA < 520,26,2
2008,B season,NMFS_AREA < 520,27,6
2008,B season,NMFS_AREA < 520,28,6
2008,B season,NMFS_AREA < 520,29,19
2008,B season,NMFS_AREA < 520,30,34
2008,B season,NMFS_AREA < 520,31,51
2008,B season,NMFS_AREA < 520,32,63
2008,B season,NMFS_AREA < 520,33,65
2008,B season,NMFS_AREA < 520,34,55
2008,B season,NMFS_AREA < 520,35,62
2008,B season,NMFS_AREA < 520,36,53
2008,B season,NMFS_AREA < 520,37,50
2008,B season,NMFS_AREA < 520,38,71
2008,B season,NMFS_AREA < 520,39,95
2008,B season,NMFS_AREA < 520,40,130
2008,B season,NMFS_AREA < 520,41,161
2008,B season,NMFS_AREA < 520,42,172
2008,B season,NMFS_AREA < 520,43,205
2008,B season,NMFS_AREA < 520,44,217
2008,B season,NMFS_AREA < 520,45,268
2008,B season,NMFS_AREA < 520,46,422
2008,B season,NMFS_AREA < 520,47,622
2008,B season,NMFS_AREA < 520,48,856
2008,B season,NMFS_AREA < 520,49,1129
2008,B season,NMFS_AREA < 520,50,1405
2008,B season,NMFS_AREA < 520,51,1630
2008,B season,NMFS_AREA < 520,52,1772
2008,B season,NMFS_AREA < 520,53,1921
2008,B season,NMFS_AREA < 520,54,1933
2008,B season,NMFS_AREA < 520,55,1908
2008,B season,NMFS_AREA < 520,56,1818
2008,B season,NMFS_AREA < 520,57,1703
2008,B season,NMFS_AREA < 520,58,1564
2008,B season,NMFS_AREA < 520,59,1335
2008,B season,NMFS_AREA < 520,60,1194
2008,B season,NMFS_AREA < 520,61,1041
2008,B season,NMFS_AREA < 520,62,858
2008,B season,NMFS_AREA < 520,63,773
2008,B season,NMFS_AREA < 520,64,559
2008,B season,NMFS_AREA < 520,65,1884
2008,B season,NMFS_AREA > 519,20,42
2008,B season,NMFS_AREA > 519,21,84
2008,B season,NMFS_AREA > 519,22,113
2008,B season,NMFS_AREA > 519,23,203
2008,B season,NMFS_AREA > 519,24,369
2008,B season,NMFS_AREA > 519,25,503
2008,B season,NMFS_AREA > 519,26,631
2008,B season,NMFS_AREA > 519,27,649
2008,B season,NMFS_AREA > 519,28,650
2008,B season,NMFS_AREA > 519,29,615
2008,B season,NMFS_AREA > 519,30,566
2008,B season,NMFS_AREA > 519,31,626
2008,B season,NMFS_AREA > 519,32,757
2008,B season,NMFS_AREA > 519,33,931
2008,B season,NMFS_AREA > 519,34,1046
2008,B season,NMFS_AREA > 519,35,1167
2008,B season,NMFS_AREA > 519,36,1204
2008,B season,NMFS_AREA > 519,37,1304
2008,B season,NMFS_AREA > 519,38,1489
2008,B season,NMFS_AREA > 519,39,1790
2008,B season,NMFS_AREA > 519,40,2273
2008,B season,NMFS_AREA > 519,41,2765
2008,B season,NMFS_AREA > 519,42,3406
2008,B season,NMFS_AREA > 519,43,4262
2008,B season,NMFS_AREA > 519,44,4841
2008,B season,NMFS_AREA > 519,45,5709
2008,B season,NMFS_AREA > 519,46,6345
2008,B season,NMFS_AREA > 519,47,6721
2008,B season,NMFS_AREA > 519,48,6731
2008,B season,NMFS_AREA > 519,49,6236
2008,B season,NMFS_AREA > 519,50,5663
2008,B season,NMFS_AREA > 519,51,4684
2008,B season,NMFS_AREA > 519,52,3830
2008,B season,NMFS_AREA > 519,53,2861
2008,B season,NMFS_AREA > 519,54,2102
2008,B season,NMFS_AREA > 519,55,1523
2008,B season,NMFS_AREA > 519,56,1063
2008,B season,NMFS_AREA > 519,57,700
2008,B season,NMFS_AREA > 519,58,447
2008,B season,NMFS_AREA > 519,59,342
2008,B season,NMFS_AREA > 519,60,233
2008,B season,NMFS_AREA > 519,61,133
2008,B season,NMFS_AREA > 519,62,102
2008,B season,NMFS_AREA > 519,63,57
2008,B season,NMFS_AREA > 519,64,42
2008,B season,NMFS_AREA > 519,65,107
2009,A season,NMFS_AREA < 520,20,1
2009,A season,NMFS_AREA < 520,22,5
2009,A season,NMFS_AREA < 520,23,12
2009,A season,NMFS_AREA < 520,24,13
2009,A season,NMFS_AREA < 520,25,29
2009,A season,NMFS_AREA < 520,26,41
2009,A season,NMFS_AREA < 520,27,51
2009,A season,NMFS_AREA < 520,28,48
2009,A season,NMFS_AREA < 520,29,30
2009,A season,NMFS_AREA < 520,30,19
2009,A season,NMFS_AREA < 520,31,27
2009,A season,NMFS_AREA < 520,32,21
2009,A season,NMFS_AREA < 520,33,42
2009,A season,NMFS_AREA < 520,34,69
2009,A season,NMFS_AREA < 520,35,128
2009,A season,NMFS_AREA < 520,36,272
2009,A season,NMFS_AREA < 520,37,383
2009,A season,NMFS_AREA < 520,38,553
2009,A season,NMFS_AREA < 520,39,609
2009,A season,NMFS_AREA < 520,40,676
2009,A season,NMFS_AREA < 520,41,712
2009,A season,NMFS_AREA < 520,42,773
2009,A season,NMFS_AREA < 520,43,987
2009,A season,NMFS_AREA < 520,44,1308
2009,A season,NMFS_AREA < 520,45,1584
2009,A season,NMFS_AREA < 520,46,1902
2009,A season,NMFS_AREA < 520,47,2215
2009,A season,NMFS_AREA < 520,48,2506
2009,A season,NMFS_AREA < 520,49,2749
2009,A season,NMFS_AREA < 520,50,2927
2009,A season,NMFS_AREA < 520,51,3049
2009,A season,NMFS_AREA < 520,52,3085
2009,A season,NMFS_AREA < 520,53,3031
2009,A season,NMFS_AREA < 520,54,2858
2009,A season,NMFS_AREA < 520,55,2778
2009,A season,NMFS_AREA < 520,56,2539
2009,A season,NMFS_AREA < 520,57,2298
2009,A season,NMFS_AREA < 520,58,2134
2009,A season,NMFS_AREA < 520,59,1938
2009,A season,NMFS_AREA < 520,60,1693
2009,A season,NMFS_AREA < 520,61,1458
2009,A season,NMFS_AREA < 520,62,1275
2009,A season,NMFS_AREA < 520,63,1041
2009,A season,NMFS_AREA < 520,64,831
2009,A season,NMFS_AREA < 520,65,3179
2009,A season,NMFS_AREA > 519,25,4
2009,A season,NMFS_AREA > 519,26,5
2009,A season,NMFS_AREA > 519,27,3
2009,A season,NMFS_AREA > 519,28,17
2009,A season,NMFS_AREA > 519,29,34
2009,A season,NMFS_AREA > 519,30,55
2009,A season,NMFS_AREA > 519,31,79
2009,A season,NMFS_AREA > 519,32,105
2009,A season,NMFS_AREA > 519,33,120
2009,A season,NMFS_AREA > 519,34,143
2009,A season,NMFS_AREA > 519,35,212
2009,A season,NMFS_AREA > 519,36,271
2009,A season,NMFS_AREA > 519,37,370
2009,A season,NMFS_AREA > 519,38,443
2009,A season,NMFS_AREA > 519,39,479
2009,A season,NMFS_AREA > 519,40,559
2009,A season,NMFS_AREA > 519,41,548
2009,A season,NMFS_AREA > 519,42,553
2009,A season,NMFS_AREA > 519,43,626
2009,A season,NMFS_AREA > 519,44,735
2009,A season,NMFS_AREA > 519,45,867
2009,A season,NMFS_AREA > 519,46,972
2009,A season,NMFS_AREA > 519,47,1117
2009,A season,NMFS_AREA > 519,48,1126
2009,A season,NMFS_AREA > 519,49,1148
2009,A season,NMFS_AREA > 519,50,1142
2009,A season,NMFS_AREA > 519,51,1065
2009,A season,NMFS_AREA > 519,52,960
2009,A season,NMFS_AREA > 519,53,800
2009,A season,NMFS_AREA > 519,54,682
2009,A season,NMFS_AREA > 519,55,574
2009,A season,NMFS_AREA > 519,56,475
2009,A season,NMFS_AREA > 519,57,422
2009,A season,NMFS_AREA > 519,58,301
2009,A season,NMFS_AREA > 519,59,254
2009,A season,NMFS_AREA > 519,60,203
2009,A season,NMFS_AREA > 519,61,189
2009,A season,NMFS_AREA > 519,62,127
2009,A season,NMFS_AREA > 519,63,138
2009,A season,NMFS_AREA > 519,64,94
2009,A season,NMFS_AREA > 519,65,387
2009,B season,NMFS_AREA < 520,27,1
2009,B season,NMFS_AREA < 520,28,3
2009,B season,NMFS_AREA < 520,29,4
2009,B season,NMFS_AREA < 520,30,12
2009,B season,NMFS_AREA < 520,31,15
2009,B season,NMFS_AREA < 520,32,25
2009,B season,NMFS_AREA < 520,33,28
2009,B season,NMFS_AREA < 520,34,51
2009,B season,NMFS_AREA < 520,35,63
2009,B season,NMFS_AREA < 520,36,89
2009,B season,NMFS_AREA < 520,37,112
2009,B season,NMFS_AREA < 520,38,149
2009,B season,NMFS_AREA < 520,39,209
2009,B season,NMFS_AREA < 520,40,266
2009,B season,NMFS_AREA < 520,41,308
2009,B season,NMFS_AREA < 520,42,351
2009,B season,NMFS_AREA < 520,43,397
2009,B season,NMFS_AREA < 520,44,464
2009,B season,NMFS_AREA < 520,45,615
2009,B season,NMFS_AREA < 520,46,627
2009,B season,NMFS_AREA < 520,47,796
2009,B season,NMFS_AREA < 520,48,894
2009,B season,NMFS_AREA < 520,49,993
2009,B season,NMFS_AREA < 520,50,1128
2009,B season,NMFS_AREA < 520,51,1138
2009,B season,NMFS_AREA < 520,52,1161
2009,B season,NMFS_AREA < 520,53,1216
2009,B season,NMFS_AREA < 520,54,1227
2009,B season,NMFS_AREA < 520,55,1232
2009,B season,NMFS_AREA < 520,56,1186
2009,B season,NMFS_AREA < 520,57,1173
2009,B season,NMFS_AREA < 520,58,1108
2009,B season,NMFS_AREA < 520,59,1008
2009,B season,NMFS_AREA < 520,60,924
2009,B season,NMFS_AREA < 520,61,807
2009,B season,NMFS_AREA < 520,62,677
2009,B season,NMFS_AREA < 520,63,568
2009,B season,NMFS_AREA < 520,64,443
2009,B season,NMFS_AREA < 520,65,1274
2009,B season,NMFS_AREA > 519,20,10
2009,B season,NMFS_AREA > 519,21,9
2009,B season,NMFS_AREA > 519,22,13
2009,B season,NMFS_AREA > 519,23,25
2009,B season,NMFS_AREA > 519,24,53
2009,B season,NMFS_AREA > 519,25,82
2009,B season,NMFS_AREA > 519,26,125
2009,B season,NMFS_AREA > 519,27,188
2009,B season,NMFS_AREA > 519,28,309
2009,B season,NMFS_AREA > 519,29,508
2009,B season,NMFS_AREA > 519,30,889
2009,B season,NMFS_AREA > 519,31,1337
2009,B season,NMFS_AREA > 519,32,1806
2009,B season,NMFS_AREA > 519,33,2323
2009,B season,NMFS_AREA > 519,34,2555
2009,B season,NMFS_AREA > 519,35,2684
2009,B season,NMFS_AREA > 519,36,2782
2009,B season,NMFS_AREA > 519,37,2807
2009,B season,NMFS_AREA > 519,38,2937
2009,B season,NMFS_AREA > 519,39,3170
2009,B season,NMFS_AREA > 519,40,3200
2009,B season,NMFS_AREA > 519,41,3186
2009,B season,NMFS_AREA > 519,42,2731
2009,B season,NMFS_AREA > 519,43,2362
2009,B season,NMFS_AREA > 519,44,2092
2009,B season,NMFS_AREA > 519,45,2007
2009,B season,NMFS_AREA > 519,46,2050
2009,B season,NMFS_AREA > 519,47,2237
2009,B season,NMFS_AREA > 519,48,2379
2009,B season,NMFS_AREA > 519,49,2356
2009,B season,NMFS_AREA > 519,50,2339
2009,B season,NMFS_AREA > 519,51,2202
2009,B season,NMFS_AREA > 519,52,2028
2009,B season,NMFS_AREA > 519,53,1736
2009,B season,NMFS_AREA > 519,54,1448
2009,B season,NMFS_AREA > 519,55,1205
2009,B season,NMFS_AREA > 519,56,897
2009,B season,NMFS_AREA > 519,57,717
2009,B season,NMFS_AREA > 519,58,536
2009,B season,NMFS_AREA > 519,59,369
2009,B season,NMFS_AREA > 519,60,275
2009,B season,NMFS_AREA > 519,61,192
2009,B season,NMFS_AREA > 519,62,150
2009,B season,NMFS_AREA > 519,63,102
2009,B season,NMFS_AREA > 519,64,72
2009,B season,NMFS_AREA > 519,65,178
2010,A season,NMFS_AREA < 520,23,1
2010,A season,NMFS_AREA < 520,24,2
2010,A season,NMFS_AREA < 520,25,10
2010,A season,NMFS_AREA < 520,26,14
2010,A season,NMFS_AREA < 520,27,10
2010,A season,NMFS_AREA < 520,28,24
2010,A season,NMFS_AREA < 520,29,22
2010,A season,NMFS_AREA < 520,30,13
2010,A season,NMFS_AREA < 520,31,13
2010,A season,NMFS_AREA < 520,32,17
2010,A season,NMFS_AREA < 520,33,25
2010,A season,NMFS_AREA < 520,34,37
2010,A season,NMFS_AREA < 520,35,72
2010,A season,NMFS_AREA < 520,36,148
2010,A season,NMFS_AREA < 520,37,208
2010,A season,NMFS_AREA < 520,38,293
2010,A season,NMFS_AREA < 520,39,353
2010,A season,NMFS_AREA < 520,40,410
2010,A season,NMFS_AREA < 520,41,458
2010,A season,NMFS_AREA < 520,42,522
2010,A season,NMFS_AREA < 520,43,564
2010,A season,NMFS_AREA < 520,44,589
2010,A season,NMFS_AREA < 520,45,617
2010,A season,NMFS_AREA < 520,46,642
2010,A season,NMFS_AREA < 520,47,698
2010,A season,NMFS_AREA < 520,48,797
2010,A season,NMFS_AREA < 520,49,921
2010,A season,NMFS_AREA < 520,50,1008
2010,A season,NMFS_AREA < 520,51,1139
2010,A season,NMFS_AREA < 520,52,1225
2010,A season,NMFS_AREA < 520,53,1322
2010,A season,NMFS_AREA < 520,54,1307
2010,A season,NMFS_AREA < 520,55,1323
2010,A season,NMFS_AREA < 520,56,1316
2010,A season,NMFS_AREA < 520,57,1255
2010,A season,NMFS_AREA < 520,58,1158
2010,A season,NMFS_AREA < 520,59,1051
2010,A season,NMFS_AREA < 520,60,972
2010,A season,NMFS_AREA < 520,61,897
2010,A season,NMFS_AREA < 520,62,728
2010,A season,NMFS_AREA < 520,63,654
2010,A season,NMFS_AREA < 520,64,524
2010,A season,NMFS_AREA < 520,65,2207
2010,A season,NMFS_AREA > 519,20,2
2010,A season,NMFS_AREA > 519,21,2
2010,A season,NMFS_AREA > 519,22,4
2010,A season,NMFS_AREA > 519,23,8
2010,A season,NMFS_AREA > 519,24,6
2010,A season,NMFS_AREA > 519,25,17
2010,A season,NMFS_AREA > 519,26,18
2010,A season,NMFS_AREA > 519,27,19
2010,A season,NMFS_AREA > 519,28,18
2010,A season,NMFS_AREA > 519,29,27
2010,A season,NMFS_AREA > 519,30,24
2010,A season,NMFS_AREA > 519,31,53
2010,A season,NMFS_AREA > 519,32,152
2010,A season,NMFS_AREA > 519,33,252
2010,A season,NMFS_AREA > 519,34,586
2010,A season,NMFS_AREA > 519,35,980
2010,A season,NMFS_AREA > 519,36,1515
2010,A season,NMFS_AREA > 519,37,2131
2010,A season,NMFS_AREA > 519,38,2404
2010,A season,NMFS_AREA > 519,39,2619
2010,A season,NMFS_AREA > 519,40,2567
2010,A season,NMFS_AREA > 519,41,2493
2010,A season,NMFS_AREA > 519,42,2229
2010,A season,NMFS_AREA > 519,43,2108
2010,A season,NMFS_AREA > 519,44,1757
2010,A season,NMFS_AREA > 519,45,1434
2010,A season,NMFS_AREA > 519,46,1154
2010,A season,NMFS_AREA > 519,47,1116
2010,A season,NMFS_AREA > 519,48,1087
2010,A season,NMFS_AREA > 519,49,1127
2010,A season,NMFS_AREA > 519,50,1221
2010,A season,NMFS_AREA > 519,51,1315
2010,A season,NMFS_AREA > 519,52,1278
2010,A season,NMFS_AREA > 519,53,1322
2010,A season,NMFS_AREA > 519,54,1160
2010,A season,NMFS_AREA > 519,55,1053
2010,A season,NMFS_AREA > 519,56,963
2010,A season,NMFS_AREA > 519,57,746
2010,A season,NMFS_AREA > 519,58,706
2010,A season,NMFS_AREA > 519,59,607
2010,A season,NMFS_AREA > 519,60,536
2010,A season,NMFS_AREA > 519,61,429
2010,A season,NMFS_AREA > 519,62,364
2010,A season,NMFS_AREA > 519,63,296
2010,A season,NMFS_AREA > 519,64,272
2010,A season,NMFS_AREA > 519,65,1048
2010,B season,NMFS_AREA < 520,22,1
2010,B season,NMFS_AREA < 520,25,1
2010,B season,NMFS_AREA < 520,26,1
2010,B season,NMFS_AREA < 520,27,1
2010,B season,NMFS_AREA < 520,28,4
2010,B season,NMFS_AREA < 520,29,5
2010,B season,NMFS_AREA < 520,30,10
2010,B season,NMFS_AREA < 520,31,27
2010,B season,NMFS_AREA < 520,32,42
2010,B season,NMFS_AREA < 520,33,52
2010,B season,NMFS_AREA < 520,34,52
2010,B season,NMFS_AREA < 520,35,60
2010,B season,NMFS_AREA < 520,36,72
2010,B season,NMFS_AREA < 520,37,105
2010,B season,NMFS_AREA < 520,38,183
2010,B season,NMFS_AREA < 520,39,356
2010,B season,NMFS_AREA < 520,40,619
2010,B season,NMFS_AREA < 520,41,912
2010,B season,NMFS_AREA < 520,42,1133
2010,B season,NMFS_AREA < 520,43,1269
2010,B season,NMFS_AREA < 520,44,1234
2010,B season,NMFS_AREA < 520,45,1283
2010,B season,NMFS_AREA < 520,46,1202
2010,B season,NMFS_AREA < 520,47,1134
2010,B season,NMFS_AREA < 520,48,1079
2010,B season,NMFS_AREA < 520,49,1015
2010,B season,NMFS_AREA < 520,50,897
2010,B season,NMFS_AREA < 520,51,857
2010,B season,NMFS_AREA < 520,52,806
2010,B season,NMFS_AREA < 520,53,819
2010,B season,NMFS_AREA < 520,54,800
2010,B season,NMFS_AREA < 520,55,897
2010,B season,NMFS_AREA < 520,56,918
2010,B season,NMFS_AREA < 520,57,969
2010,B season,NMFS_AREA < 520,58,963
2010,B season,NMFS_AREA < 520,59,930
2010,B season,NMFS_AREA < 520,60,935
2010,B season,NMFS_AREA < 520,61,889
2010,B season,NMFS_AREA < 520,62,713
2010,B season,NMFS_AREA < 520,63,692
2010,B season,NMFS_AREA < 520,64,606
2010,B season,NMFS_AREA < 520,65,2102
2010,B season,NMFS_AREA > 519,20,27
2010,B season,NMFS_AREA > 519,21,55
2010,B season,NMFS_AREA > 519,22,59
2010,B season,NMFS_AREA > 519,23,130
2010,B season,NMFS_AREA > 519,24,225
2010,B season,NMFS_AREA > 519,25,330
2010,B season,NMFS_AREA > 519,26,448
2010,B season,NMFS_AREA > 519,27,470
2010,B season,NMFS_AREA > 519,28,466
2010,B season,NMFS_AREA > 519,29,375
2010,B season,NMFS_AREA > 519,30,282
2010,B season,NMFS_AREA > 519,31,240
2010,B season,NMFS_AREA > 519,32,274
2010,B season,NMFS_AREA > 519,33,394
2010,B season,NMFS_AREA > 519,34,659
2010,B season,NMFS_AREA > 519,35,1011
2010,B season,NMFS_AREA > 519,36,1724
2010,B season,NMFS_AREA > 519,37,2603
2010,B season,NMFS_AREA > 519,38,3655
2010,B season,NMFS_AREA > 519,39,4472
2010,B season,NMFS_AREA > 519,40,4941
2010,B season,NMFS_AREA > 519,41,4919
2010,B season,NMFS_AREA > 519,42,4523
2010,B season,NMFS_AREA > 519,43,3808
2010,B season,NMFS_AREA > 519,44,3039
2010,B season,NMFS_AREA > 519,45,2368
2010,B season,NMFS_AREA > 519,46,1700
2010,B season,NMFS_AREA > 519,47,1326
2010,B season,NMFS_AREA > 519,48,966
2010,B season,NMFS_AREA > 519,49,700
2010,B season,NMFS_AREA > 519,50,601
2010,B season,NMFS_AREA > 519,51,480
2010,B season,NMFS_AREA > 519,52,433
2010,B season,NMFS_AREA > 519,53,425
2010,B season,NMFS_AREA > 519,54,361
2010,B season,NMFS_AREA > 519,55,339
2010,B season,NMFS_AREA > 519,56,279
2010,B season,NMFS_AREA > 519,57,242
2010,B season,NMFS_AREA > 519,58,190
2010,B season,NMFS_AREA > 519,59,143
2010,B season,NMFS_AREA > 519,60,99
2010,B season,NMFS_AREA > 519,61,83
2010,B season,NMFS_AREA > 519,62,67
2010,B season,NMFS_AREA > 519,63,52
2010,B season,NMFS_AREA > 519,64,31
2010,B season,NMFS_AREA > 519,65,79
2011,A season,NMFS_AREA < 520,21,1
2011,A season,NMFS_AREA < 520,22,1
2011,A season,NMFS_AREA < 520,23,3
2011,A season,NMFS_AREA < 520,24,1
2011,A season,NMFS_AREA < 520,25,4
2011,A season,NMFS_AREA < 520,26,10
2011,A season,NMFS_AREA < 520,27,12
2011,A season,NMFS_AREA < 520,28,22
2011,A season,NMFS_AREA < 520,29,25
2011,A season,NMFS_AREA < 520,30,18
2011,A season,NMFS_AREA < 520,31,16
2011,A season,NMFS_AREA < 520,32,38
2011,A season,NMFS_AREA < 520,33,51
2011,A season,NMFS_AREA < 520,34,88
2011,A season,NMFS_AREA < 520,35,147
2011,A season,NMFS_AREA < 520,36,260
2011,A season,NMFS_AREA < 520,37,506
2011,A season,NMFS_AREA < 520,38,919
2011,A season,NMFS_AREA < 520,39,1550
2011,A season,NMFS_AREA < 520,40,2368
2011,A season,NMFS_AREA < 520,41,3453
2011,A season,NMFS_AREA < 520,42,4377
2011,A season,NMFS_AREA < 520,43,5272
2011,A season,NMFS_AREA < 520,44,5597
2011,A season,NMFS_AREA < 520,45,5670
2011,A season,NMFS_AREA < 520,46,5495
2011,A season,NMFS_AREA < 520,47,4943
2011,A season,NMFS_AREA < 520,48,4318
2011,A season,NMFS_AREA < 520,49,3648
2011,A season,NMFS_AREA < 520,50,3129
2011,A season,NMFS_AREA < 520,51,2649
2011,A season,NMFS_AREA < 520,52,2332
2011,A season,NMFS_AREA < 520,53,2037
2011,A season,NMFS_AREA < 520,54,1823
2011,A season,NMFS_AREA < 520,55,1734
2011,A season,NMFS_AREA < 520,56,1651
2011,A season,NMFS_AREA < 520,57,1440
2011,A season,NMFS_AREA < 520,58,1350
2011,A season,NMFS_AREA < 520,59,1237
2011,A season,NMFS_AREA < 520,60,1166
2011,A season,NMFS_AREA < 520,61,975
2011,A season,NMFS_AREA < 520,62,854
2011,A season,NMFS_AREA < 520,63,672
2011,A season,NMFS_AREA < 520,64,597
2011,A season,NMFS_AREA < 520,65,2180
2011,A season,NMFS_AREA > 519,21,2
2011,A season,NMFS_AREA > 519,22,1
2011,A season,NMFS_AREA > 519,23,9
2011,A season,NMFS_AREA > 519,24,11
2011,A season,NMFS_AREA > 519,25,17
2011,A season,NMFS_AREA > 519,26,19
2011,A season,NMFS_AREA > 519,27,24
2011,A season,NMFS_AREA > 519,28,45
2011,A season,NMFS_AREA > 519,29,69
2011,A season,NMFS_AREA > 519,30,121
2011,A season,NMFS_AREA > 519,31,193
2011,A season,NMFS_AREA > 519,32,262
2011,A season,NMFS_AREA > 519,33,266
2011,A season,NMFS_AREA > 519,34,328
2011,A season,NMFS_AREA > 519,35,392
2011,A season,NMFS_AREA > 519,36,490
2011,A season,NMFS_AREA > 519,37,704
2011,A season,NMFS_AREA > 519,38,920
2011,A season,NMFS_AREA > 519,39,1172
2011,A season,NMFS_AREA > 519,40,1438
2011,A season,NMFS_AREA > 519,41,1607
2011,A season,NMFS_AREA > 519,42,1679
2011,A season,NMFS_AREA > 519,43,1636
2011,A season,NMFS_AREA > 519,44,1378
2011,A season,NMFS_AREA > 519,45,1168
2011,A season,NMFS_AREA > 519,46,949
2011,A season,NMFS_AREA > 519,47,741
2011,A season,NMFS_AREA > 519,48,579
2011,A season,NMFS_AREA > 519,49,439
2011,A season,NMFS_AREA > 519,50,342
2011,A season,NMFS_AREA > 519,51,287
2011,A season,NMFS_AREA > 519,52,263
2011,A season,NMFS_AREA > 519,53,269
2011,A season,NMFS_AREA > 519,54,272
2011,A season,NMFS_AREA > 519,55,259
2011,A season,NMFS_AREA > 519,56,253
2011,A season,NMFS_AREA > 519,57,226
2011,A season,NMFS_AREA > 519,58,199
2011,A season,NMFS_AREA > 519,59,131
2011,A season,NMFS_AREA > 519,60,151
2011,A season,NMFS_AREA > 519,61,120
2011,A season,NMFS_AREA > 519,62,103
2011,A season,NMFS_AREA > 519,63,84
2011,A season,NMFS_AREA > 519,64,68
2011,A season,NMFS_AREA > 519,65,284
2011,B season,NMFS_AREA < 520,20,4
2011,B season,NMFS_AREA < 520,21,8
2011,B season,NMFS_AREA < 520,22,4
2011,B season,NMFS_AREA < 520,23,4
2011,B season,NMFS_AREA < 520,24,4
2011,B season,NMFS_AREA < 520,25,4
2011,B season,NMFS_AREA < 520,26,2
2011,B season,NMFS_AREA < 520,27,4
2011,B season,NMFS_AREA < 520,28,3
2011,B season,NMFS_AREA < 520,29,6
2011,B season,NMFS_AREA < 520,30,19
2011,B season,NMFS_AREA < 520,31,26
2011,B season,NMFS_AREA < 520,32,52
2011,B season,NMFS_AREA < 520,33,90
2011,B season,NMFS_AREA < 520,34,106
2011,B season,NMFS_AREA < 520,35,120
2011,B season,NMFS_AREA < 520,36,138
2011,B season,NMFS_AREA < 520,37,134
2011,B season,NMFS_AREA < 520,38,184
2011,B season,NMFS_AREA < 520,39,318
2011,B season,NMFS_AREA < 520,40,615
2011,B season,NMFS_AREA < 520,41,1236
2011,B season,NMFS_AREA < 520,42,2274
2011,B season,NMFS_AREA < 520,43,3478
2011,B season,NMFS_AREA < 520,44,5116
2011,B season,NMFS_AREA < 520,45,6540
2011,B season,NMFS_AREA < 520,46,7345
2011,B season,NMFS_AREA < 520,47,7371
2011,B season,NMFS_AREA < 520,48,6938
2011,B season,NMFS_AREA < 520,49,6226
2011,B season,NMFS_AREA < 520,50,5184
2011,B season,NMFS_AREA < 520,51,4117
2011,B season,NMFS_AREA < 520,52,3167
2011,B season,NMFS_AREA < 520,53,2518
2011,B season,NMFS_AREA < 520,54,2029
2011,B season,NMFS_AREA < 520,55,1556
2011,B season,NMFS_AREA < 520,56,1329
2011,B season,NMFS_AREA < 520,57,1233
2011,B season,NMFS_AREA < 520,58,1181
2011,B season,NMFS_AREA < 520,59,1128
2011,B season,NMFS_AREA < 520,60,1052
2011,B season,NMFS_AREA < 520,61,1000
2011,B season,NMFS_AREA < 520,62,898
2011,B season,NMFS_AREA < 520,63,805
2011,B season,NMFS_AREA < 520,64,717
2011,B season,NMFS_AREA < 520,65,2140
2011,B season,NMFS_AREA > 519,20,25
2011,B season,NMFS_AREA > 519,21,17
2011,B season,NMFS_AREA > 519,22,28
2011,B season,NMFS_AREA > 519,23,76
2011,B season,NMFS_AREA > 519,24,147
2011,B season,NMFS_AREA > 519,25,224
2011,B season,NMFS_AREA > 519,26,300
2011,B season,NMFS_AREA > 519,27,376
2011,B season,NMFS_AREA > 519,28,496
2011,B season,NMFS_AREA > 519,29,704
2011,B season,NMFS_AREA > 519,30,1126
2011,B season,NMFS_AREA > 519,31,1694
2011,B season,NMFS_AREA > 519,32,2273
2011,B season,NMFS_AREA > 519,33,2709
2011,B season,NMFS_AREA > 519,34,2947
2011,B season,NMFS_AREA > 519,35,2862
2011,B season,NMFS_AREA > 519,36,2372
2011,B season,NMFS_AREA > 519,37,1944
2011,B season,NMFS_AREA > 519,38,1671
2011,B season,NMFS_AREA > 519,39,1710
2011,B season,NMFS_AREA > 519,40,2121
2011,B season,NMFS_AREA > 519,41,2848
2011,B season,NMFS_AREA > 519,42,3639
2011,B season,NMFS_AREA > 519,43,4227
2011,B season,NMFS_AREA > 519,44,4454
2011,B season,NMFS_AREA > 519,45,4377
2011,B season,NMFS_AREA > 519,46,3827
2011,B season,NMFS_AREA > 519,47,3136
2011,B season,NMFS_AREA > 519,48,2438
2011,B season,NMFS_AREA > 519,49,1924
2011,B season,NMFS_AREA > 519,50,1484
2011,B season,NMFS_AREA > 519,51,1177
2011,B season,NMFS_AREA > 519,52,862
2011,B season,NMFS_AREA > 519,53,660
2011,B season,NMFS_AREA > 519,54,570
2011,B season,NMFS_AREA > 519,55,509
2011,B season,NMFS_AREA > 519,56,431
2011,B season,NMFS_AREA > 519,57,373
2011,B season,NMFS_AREA > 519,58,316
2011,B season,NMFS_AREA > 519,59,263
2011,B season,NMFS_AREA > 519,60,208
2011,B season,NMFS_AREA > 519,61,148
2011,B season,NMFS_AREA > 519,62,135
2011,B season,NMFS_AREA > 519,63,79
2011,B season,NMFS_AREA > 519,64,64
2011,B season,NMFS_AREA > 519,65,136
2012,A season,NMFS_AREA < 520,23,3
2012,A season,NMFS_AREA < 520,24,10
2012,A season,NMFS_AREA < 520,25,29
2012,A season,NMFS_AREA < 520,26,43
2012,A season,NMFS_AREA < 520,27,47
2012,A season,NMFS_AREA < 520,28,77
2012,A season,NMFS_AREA < 520,29,88
2012,A season,NMFS_AREA < 520,30,102
2012,A season,NMFS_AREA < 520,31,91
2012,A season,NMFS_AREA < 520,32,89
2012,A season,NMFS_AREA < 520,33,128
2012,A season,NMFS_AREA < 520,34,226
2012,A season,NMFS_AREA < 520,35,507
2012,A season,NMFS_AREA < 520,36,915
2012,A season,NMFS_AREA < 520,37,1376
2012,A season,NMFS_AREA < 520,38,1646
2012,A season,NMFS_AREA < 520,39,1835
2012,A season,NMFS_AREA < 520,40,1920
2012,A season,NMFS_AREA < 520,41,1933
2012,A season,NMFS_AREA < 520,42,2129
2012,A season,NMFS_AREA < 520,43,2583
2012,A season,NMFS_AREA < 520,44,3207
2012,A season,NMFS_AREA < 520,45,3990
2012,A season,NMFS_AREA < 520,46,4764
2012,A season,NMFS_AREA < 520,47,5112
2012,A season,NMFS_AREA < 520,48,5125
2012,A season,NMFS_AREA < 520,49,4847
2012,A season,NMFS_AREA < 520,50,4443
2012,A season,NMFS_AREA < 520,51,3803
2012,A season,NMFS_AREA < 520,52,3182
2012,A season,NMFS_AREA < 520,53,2650
2012,A season,NMFS_AREA < 520,54,2087
2012,A season,NMFS_AREA < 520,55,1668
2012,A season,NMFS_AREA < 520,56,1388
2012,A season,NMFS_AREA < 520,57,1182
2012,A season,NMFS_AREA < 520,58,1024
2012,A season,NMFS_AREA < 520,59,918
2012,A season,NMFS_AREA < 520,60,866
2012,A season,NMFS_AREA < 520,61,829
2012,A season,NMFS_AREA < 520,62,785
2012,A season,NMFS_AREA < 520,63,648
2012,A season,NMFS_AREA < 520,64,559
2012,A season,NMFS_AREA < 520,65,2428
2012,A season,NMFS_AREA > 519,20,2
2012,A season,NMFS_AREA > 519,22,7
2012,A season,NMFS_AREA > 519,23,11
2012,A season,NMFS_AREA > 519,24,14
2012,A season,NMFS_AREA > 519,25,21
2012,A season,NMFS_AREA > 519,26,27
2012,A season,NMFS_AREA > 519,27,34
2012,A season,NMFS_AREA > 519,28,32
2012,A season,NMFS_AREA > 519,29,73
2012,A season,NMFS_AREA > 519,30,111
2012,A season,NMFS_AREA > 519,31,145
2012,A season,NMFS_AREA > 519,32,198
2012,A season,NMFS_AREA > 519,33,378
2012,A season,NMFS_AREA > 519,34,685
2012,A season,NMFS_AREA > 519,35,1126
2012,A season,NMFS_AREA > 519,36,1488
2012,A season,NMFS_AREA > 519,37,1673
2012,A season,NMFS_AREA > 519,38,1686
2012,A season,NMFS_AREA > 519,39,1597
2012,A season,NMFS_AREA > 519,40,1372
2012,A season,NMFS_AREA > 519,41,1068
2012,A season,NMFS_AREA > 519,42,950
2012,A season,NMFS_AREA > 519,43,859
2012,A season,NMFS_AREA > 519,44,843
2012,A season,NMFS_AREA > 519,45,863
2012,A season,NMFS_AREA > 519,46,862
2012,A season,NMFS_AREA > 519,47,794
2012,A season,NMFS_AREA > 519,48,653
2012,A season,NMFS_AREA > 519,49,547
2012,A season,NMFS_AREA > 519,50,399
2012,A season,NMFS_AREA > 519,51,321
2012,A season,NMFS_AREA > 519,52,270
2012,A season,NMFS_AREA > 519,53,251
2012,A season,NMFS_AREA > 519,54,243
2012,A season,NMFS_AREA > 519,55,199
2012,A season,NMFS_AREA > 519,56,202
2012,A season,NMFS_AREA > 519,57,171
2012,A season,NMFS_AREA > 519,58,152
2012,A season,NMFS_AREA > 519,59,144
2012,A season,NMFS_AREA > 519,60,121
2012,A season,NMFS_AREA > 519,61,95
2012,A season,NMFS_AREA > 519,62,97
2012,A season,NMFS_AREA > 519,63,70
2012,A season,NMFS_AREA > 519,64,73
2012,A season,NMFS_AREA > 519,65,301
2012,B season,NMFS_AREA < 520,22,1
2012,B season,NMFS_AREA < 520,23,1
2012,B season,NMFS_AREA < 520,24,2
2012,B season,NMFS_AREA < 520,25,1
2012,B season,NMFS_AREA < 520,26,3
2012,B season,NMFS_AREA < 520,27,4
2012,B season,NMFS_AREA < 520,28,7
2012,B season,NMFS_AREA < 520,29,9
2012,B season,NMFS_AREA < 520,30,26
2012,B season,NMFS_AREA < 520,31,38
2012,B season,NMFS_AREA < 520,32,40
2012,B season,NMFS_AREA < 520,33,62
2012,B season,NMFS_AREA < 520,34,80
2012,B season,NMFS_AREA < 520,35,68
2012,B season,NMFS_AREA < 520,36,104
2012,B season,NMFS_AREA < 520,37,235
2012,B season,NMFS_AREA < 520,38,476
2012,B season,NMFS_AREA < 520,39,884
2012,B season,NMFS_AREA < 520,40,1311
2012,B season,NMFS_AREA < 520,41,1659
2012,B season,NMFS_AREA < 520,42,1887
2012,B season,NMFS_AREA < 520,43,2030
2012,B season,NMFS_AREA < 520,44,2177
2012,B season,NMFS_AREA < 520,45,2579
2012,B season,NMFS_AREA < 520,46,3063
2012,B season,NMFS_AREA < 520,47,3617
2012,B season,NMFS_AREA < 520,48,4049
2012,B season,NMFS_AREA < 520,49,4326
2012,B season,NMFS_AREA < 520,50,4359
2012,B season,NMFS_AREA < 520,51,4046
2012,B season,NMFS_AREA < 520,52,3709
2012,B season,NMFS_AREA < 520,53,3149
2012,B season,NMFS_AREA < 520,54,2506
2012,B season,NMFS_AREA < 520,55,2021
2012,B season,NMFS_AREA < 520,56,1526
2012,B season,NMFS_AREA < 520,57,1172
2012,B season,NMFS_AREA < 520,58,869
2012,B season,NMFS_AREA < 520,59,748
2012,B season,NMFS_AREA < 520,60,565
2012,B season,NMFS_AREA < 520,61,506
2012,B season,NMFS_AREA < 520,62,398
2012,B season,NMFS_AREA < 520,63,369
2012,B season,NMFS_AREA < 520,64,337
2012,B season,NMFS_AREA < 520,65,1035
2012,B season,NMFS_AREA > 519,20,16
2012,B season,NMFS_AREA > 519,21,37
2012,B season,NMFS_AREA > 519,22,80
2012,B season,NMFS_AREA > 519,23,148
2012,B season,NMFS_AREA > 519,24,237
2012,B season,NMFS_AREA > 519,25,277
2012,B season,NMFS_AREA > 519,26,312
2012,B season,NMFS_AREA > 519,27,371
2012,B season,NMFS_AREA > 519,28,379
2012,B season,NMFS_AREA > 519,29,505
2012,B season,NMFS_AREA > 519,30,720
2012,B season,NMFS_AREA > 519,31,940
2012,B season,NMFS_AREA > 519,32,1163
2012,B season,NMFS_AREA > 519,33,1493
2012,B season,NMFS_AREA > 519,34,2026
2012,B season,NMFS_AREA > 519,35,2903
2012,B season,NMFS_AREA > 519,36,4149
2012,B season,NMFS_AREA > 519,37,5309
2012,B season,NMFS_AREA > 519,38,6010
2012,B season,NMFS_AREA > 519,39,6076
2012,B season,NMFS_AREA > 519,40,5686
2012,B season,NMFS_AREA > 519,41,4614
2012,B season,NMFS_AREA > 519,42,3382
2012,B season,NMFS_AREA > 519,43,2388
2012,B season,NMFS_AREA > 519,44,1896
2012,B season,NMFS_AREA > 519,45,1673
2012,B season,NMFS_AREA > 519,46,1600
2012,B season,NMFS_AREA > 519,47,1513
2012,B season,NMFS_AREA > 519,48,1339
2012,B season,NMFS_AREA > 519,49,1043
2012,B season,NMFS_AREA > 519,50,824
2012,B season,NMFS_AREA > 519,51,624
2012,B season,NMFS_AREA > 519,52,422
2012,B season,NMFS_AREA > 519,53,331
2012,B season,NMFS_AREA > 519,54,222
2012,B season,NMFS_AREA > 519,55,175
2012,B season,NMFS_AREA > 519,56,132
2012,B season,NMFS_AREA > 519,57,105
2012,B season,NMFS_AREA > 519,58,85
2012,B season,NMFS_AREA > 519,59,74
2012,B season,NMFS_AREA > 519,60,49
2012,B season,NMFS_AREA > 519,61,39
2012,B season,NMFS_AREA > 519,62,37
2012,B season,NMFS_AREA > 519,63,18
2012,B season,NMFS_AREA > 519,64,17
2012,B season,NMFS_AREA > 519,65,49
2013,A season,NMFS_AREA < 520,21,1
2013,A season,NMFS_AREA < 520,22,2
2013,A season,NMFS_AREA < 520,24,7
2013,A season,NMFS_AREA < 520,25,10
2013,A season,NMFS_AREA < 520,26,15
2013,A season,NMFS_AREA < 520,27,21
2013,A season,NMFS_AREA < 520,28,34
2013,A season,NMFS_AREA < 520,29,36
2013,A season,NMFS_AREA < 520,30,33
2013,A season,NMFS_AREA < 520,31,21
2013,A season,NMFS_AREA < 520,32,32
2013,A season,NMFS_AREA < 520,33,41
2013,A season,NMFS_AREA < 520,34,53
2013,A season,NMFS_AREA < 520,35,99
2013,A season,NMFS_AREA < 520,36,346
2013,A season,NMFS_AREA < 520,37,751
2013,A season,NMFS_AREA < 520,38,1695
2013,A season,NMFS_AREA < 520,39,2942
2013,A season,NMFS_AREA < 520,40,4027
2013,A season,NMFS_AREA < 520,41,4760
2013,A season,NMFS_AREA < 520,42,4985
2013,A season,NMFS_AREA < 520,43,4739
2013,A season,NMFS_AREA < 520,44,4188
2013,A season,NMFS_AREA < 520,45,3513
2013,A season,NMFS_AREA < 520,46,2956
2013,A season,NMFS_AREA < 520,47,2716
2013,A season,NMFS_AREA < 520,48,2549
2013,A season,NMFS_AREA < 520,49,2573
2013,A season,NMFS_AREA < 520,50,2610
2013,A season,NMFS_AREA < 520,51,2780
2013,A season,NMFS_AREA < 520,52,2756
2013,A season,NMFS_AREA < 520,53,2696
2013,A season,NMFS_AREA < 520,54,2672
2013,A season,NMFS_AREA < 520,55,2425
2013,A season,NMFS_AREA < 520,56,2178
2013,A season,NMFS_AREA < 520,57,1901
2013,A season,NMFS_AREA < 520,58,1611
2013,A season,NMFS_AREA < 520,59,1369
2013,A season,NMFS_AREA < 520,60,1153
2013,A season,NMFS_AREA < 520,61,959
2013,A season,NMFS_AREA < 520,62,838
2013,A season,NMFS_AREA < 520,63,724
2013,A season,NMFS_AREA < 520,64,633
2013,A season,NMFS_AREA < 520,65,3033
2013,A season,NMFS_AREA > 519,21,1
2013,A season,NMFS_AREA > 519,23,2
2013,A season,NMFS_AREA > 519,24,3
2013,A season,NMFS_AREA > 519,25,1
2013,A season,NMFS_AREA > 519,26,5
2013,A season,NMFS_AREA > 519,27,5
2013,A season,NMFS_AREA > 519,28,7
2013,A season,NMFS_AREA > 519,29,8
2013,A season,NMFS_AREA > 519,30,15
2013,A season,NMFS_AREA > 519,31,29
2013,A season,NMFS_AREA > 519,32,76
2013,A season,NMFS_AREA > 519,33,110
2013,A season,NMFS_AREA > 519,34,215
2013,A season,NMFS_AREA > 519,35,316
2013,A season,NMFS_AREA > 519,36,534
2013,A season,NMFS_AREA > 519,37,865
2013,A season,NMFS_AREA > 519,38,1159
2013,A season,NMFS_AREA > 519,39,1498
2013,A season,NMFS_AREA > 519,40,1639
2013,A season,NMFS_AREA > 519,41,1641
2013,A season,NMFS_AREA > 519,42,1458
2013,A season,NMFS_AREA > 519,43,1196
2013,A season,NMFS_AREA > 519,44,929
2013,A season,NMFS_AREA > 519,45,749
2013,A season,NMFS_AREA > 519,46,547
2013,A season,NMFS_AREA > 519,47,434
2013,A season,NMFS_AREA > 519,48,381
2013,A season,NMFS_AREA > 519,49,306
2013,A season,NMFS_AREA > 519,50,265
2013,A season,NMFS_AREA > 519,51,208
2013,A season,NMFS_AREA > 519,52,166
2013,A season,NMFS_AREA > 519,53,133
2013,A season,NMFS_AREA > 519,54,132
2013,A season,NMFS_AREA > 519,55,119
2013,A season,NMFS_AREA > 519,56,91
2013,A season,NMFS_AREA > 519,57,74
2013,A season,NMFS_AREA > 519,58,81
2013,A season,NMFS_AREA > 519,59,74
2013,A season,NMFS_AREA > 519,60,74
2013,A season,NMFS_AREA > 519,61,50
2013,A season,NMFS_AREA > 519,62,58
2013,A season,NMFS_AREA > 519,63,51
2013,A season,NMFS_AREA > 519,64,49
2013,A season,NMFS_AREA > 519,65,291
2013,B season,NMFS_AREA < 520,20,64
2013,B season,NMFS_AREA < 520,21,65
2013,B season,NMFS_AREA < 520,22,61
2013,B season,NMFS_AREA < 520,23,49
2013,B season,NMFS_AREA < 520,24,19
2013,B season,NMFS_AREA < 520,25,5
2013,B season,NMFS_AREA < 520,26,7
2013,B season,NMFS_AREA < 520,27,3
2013,B season,NMFS_AREA < 520,28,12
2013,B season,NMFS_AREA < 520,29,22
2013,B season,NMFS_AREA < 520,30,34
2013,B season,NMFS_AREA < 520,31,66
2013,B season,NMFS_AREA < 520,32,87
2013,B season,NMFS_AREA < 520,33,110
2013,B season,NMFS_AREA < 520,34,106
2013,B season,NMFS_AREA < 520,35,97
2013,B season,NMFS_AREA < 520,36,75
2013,B season,NMFS_AREA < 520,37,90
2013,B season,NMFS_AREA < 520,38,150
2013,B season,NMFS_AREA < 520,39,367
2013,B season,NMFS_AREA < 520,40,891
2013,B season,NMFS_AREA < 520,41,1705
2013,B season,NMFS_AREA < 520,42,2630
2013,B season,NMFS_AREA < 520,43,3559
2013,B season,NMFS_AREA < 520,44,4204
2013,B season,NMFS_AREA < 520,45,4382
2013,B season,NMFS_AREA < 520,46,4225
2013,B season,NMFS_AREA < 520,47,3702
2013,B season,NMFS_AREA < 520,48,3020
2013,B season,NMFS_AREA < 520,49,2377
2013,B season,NMFS_AREA < 520,50,1895
2013,B season,NMFS_AREA < 520,51,1604
2013,B season,NMFS_AREA < 520,52,1519
2013,B season,NMFS_AREA < 520,53,1386
2013,B season,NMFS_AREA < 520,54,1364
2013,B season,NMFS_AREA < 520,55,1335
2013,B season,NMFS_AREA < 520,56,1243
2013,B season,NMFS_AREA < 520,57,1111
2013,B season,NMFS_AREA < 520,58,960
2013,B season,NMFS_AREA < 520,59,815
2013,B season,NMFS_AREA < 520,60,656
2013,B season,NMFS_AREA < 520,61,471
2013,B season,NMFS_AREA < 520,62,353
2013,B season,NMFS_AREA < 520,63,309
2013,B season,NMFS_AREA < 520,64,255
2013,B season,NMFS_AREA < 520,65,1080
2013,B season,NMFS_AREA > 519,20,11
2013,B season,NMFS_AREA > 519,21,12
2013,B season,NMFS_AREA > 519,22,14
2013,B season,NMFS_AREA > 519,23,25
2013,B season,NMFS_AREA > 519,24,42
2013,B season,NMFS_AREA > 519,25,40
2013,B season,NMFS_AREA > 519,26,64
2013,B season,NMFS_AREA > 519,27,92
2013,B season,NMFS_AREA > 519,28,103
2013,B season,NMFS_AREA > 519,29,187
2013,B season,NMFS_AREA > 519,30,358
2013,B season,NMFS_AREA > 519,31,550
2013,B season,NMFS_AREA > 519,32,780
2013,B season,NMFS_AREA > 519,33,932
2013,B season,NMFS_AREA > 519,34,1155
2013,B season,NMFS_AREA > 519,35,1518
2013,B season,NMFS_AREA > 519,36,2154
2013,B season,NMFS_AREA > 519,37,3113
2013,B season,NMFS_AREA > 519,38,4173
2013,B season,NMFS_AREA > 519,39,4977
2013,B season,NMFS_AREA > 519,40,5541
2013,B season,NMFS_AREA > 519,41,5762
2013,B season,NMFS_AREA > 519,42,5515
2013,B season,NMFS_AREA > 519,43,4926
2013,B season,NMFS_AREA > 519,44,4085
2013,B season,NMFS_AREA > 519,45,3047
2013,B season,NMFS_AREA > 519,46,2241
2013,B season,NMFS_AREA > 519,47,1579
2013,B season,NMFS_AREA > 519,48,1168
2013,B season,NMFS_AREA > 519,49,923
2013,B season,NMFS_AREA > 519,50,674
2013,B season,NMFS_AREA > 519,51,511
2013,B season,NMFS_AREA > 519,52,406
2013,B season,NMFS_AREA > 519,53,315
2013,B season,NMFS_AREA > 519,54,220
2013,B season,NMFS_AREA > 519,55,182
2013,B season,NMFS_AREA > 519,56,148
2013,B season,NMFS_AREA > 519,57,134
2013,B season,NMFS_AREA > 519,58,88
2013,B season,NMFS_AREA > 519,59,65
2013,B season,NMFS_AREA > 519,60,58
2013,B season,NMFS_AREA > 519,61,34
2013,B season,NMFS_AREA > 519,62,29
2013,B season,NMFS_AREA > 519,63,23
2013,B season,NMFS_AREA > 519,64,26
2013,B season,NMFS_AREA > 519,65,42
2014,A season,NMFS_AREA < 520,20,2
2014,A season,NMFS_AREA < 520,21,15
2014,A season,NMFS_AREA < 520,22,16
2014,A season,NMFS_AREA < 520,23,23
2014,A season,NMFS_AREA < 520,24,37
2014,A season,NMFS_AREA < 520,25,37
2014,A season,NMFS_AREA < 520,26,49
2014,A season,NMFS_AREA < 520,27,44
2014,A season,NMFS_AREA < 520,28,32
2014,A season,NMFS_AREA < 520,29,20
2014,A season,NMFS_AREA < 520,30,31
2014,A season,NMFS_AREA < 520,31,24
2014,A season,NMFS_AREA < 520,32,21
2014,A season,NMFS_AREA < 520,33,28
2014,A season,NMFS_AREA < 520,34,54
2014,A season,NMFS_AREA < 520,35,90
2014,A season,NMFS_AREA < 520,36,188
2014,A season,NMFS_AREA < 520,37,311
2014,A season,NMFS_AREA < 520,38,515
2014,A season,NMFS_AREA < 520,39,863
2014,A season,NMFS_AREA < 520,40,1489
2014,A season,NMFS_AREA < 520,41,2493
2014,A season,NMFS_AREA < 520,42,3497
2014,A season,NMFS_AREA < 520,43,4437
2014,A season,NMFS_AREA < 520,44,5256
2014,A season,NMFS_AREA < 520,45,5850
2014,A season,NMFS_AREA < 520,46,6151
2014,A season,NMFS_AREA < 520,47,6340
2014,A season,NMFS_AREA < 520,48,6021
2014,A season,NMFS_AREA < 520,49,5528
2014,A season,NMFS_AREA < 520,50,4909
2014,A season,NMFS_AREA < 520,51,4076
2014,A season,NMFS_AREA < 520,52,3241
2014,A season,NMFS_AREA < 520,53,2453
2014,A season,NMFS_AREA < 520,54,2048
2014,A season,NMFS_AREA < 520,55,1742
2014,A season,NMFS_AREA < 520,56,1487
2014,A season,NMFS_AREA < 520,57,1238
2014,A season,NMFS_AREA < 520,58,1045
2014,A season,NMFS_AREA < 520,59,831
2014,A season,NMFS_AREA < 520,60,711
2014,A season,NMFS_AREA < 520,61,536
2014,A season,NMFS_AREA < 520,62,396
2014,A season,NMFS_AREA < 520,63,304
2014,A season,NMFS_AREA < 520,64,268
2014,A season,NMFS_AREA < 520,65,977
2014,A season,NMFS_AREA > 519,21,5
2014,A season,NMFS_AREA > 519,22,15
2014,A season,NMFS_AREA > 519,23,15
2014,A season,NMFS_AREA > 519,24,25
2014,A season,NMFS_AREA > 519,25,34
2014,A season,NMFS_AREA > 519,26,28
2014,A season,NMFS_AREA > 519,27,20
2014,A season,NMFS_AREA > 519,28,22
2014,A season,NMFS_AREA > 519,29,17
2014,A season,NMFS_AREA > 519,30,27
2014,A season,NMFS_AREA > 519,31,40
2014,A season,NMFS_AREA > 519,32,64
2014,A season,NMFS_AREA > 519,33,118
2014,A season,NMFS_AREA > 519,34,181
2014,A season,NMFS_AREA > 519,35,267
2014,A season,NMFS_AREA > 519,36,403
2014,A season,NMFS_AREA > 519,37,474
2014,A season,NMFS_AREA > 519,38,571
2014,A season,NMFS_AREA > 519,39,647
2014,A season,NMFS_AREA > 519,40,804
2014,A season,NMFS_AREA > 519,41,1024
2014,A season,NMFS_AREA > 519,42,1164
2014,A season,NMFS_AREA > 519,43,1239
2014,A season,NMFS_AREA > 519,44,1195
2014,A season,NMFS_AREA > 519,45,1093
2014,A season,NMFS_AREA > 519,46,951
2014,A season,NMFS_AREA > 519,47,786
2014,A season,NMFS_AREA > 519,48,560
2014,A season,NMFS_AREA > 519,49,442
2014,A season,NMFS_AREA > 519,50,356
2014,A season,NMFS_AREA > 519,51,275
2014,A season,NMFS_AREA > 519,52,212
2014,A season,NMFS_AREA > 519,53,188
2014,A season,NMFS_AREA > 519,54,155
2014,A season,NMFS_AREA > 519,55,132
2014,A season,NMFS_AREA > 519,56,122
2014,A season,NMFS_AREA > 519,57,82
2014,A season,NMFS_AREA > 519,58,86
2014,A season,NMFS_AREA > 519,59,78
2014,A season,NMFS_AREA > 519,60,75
2014,A season,NMFS_AREA > 519,61,72
2014,A season,NMFS_AREA > 519,62,70
2014,A season,NMFS_AREA > 519,63,70
2014,A season,NMFS_AREA > 519,64,62
2014,A season,NMFS_AREA > 519,65,512
2014,B season,NMFS_AREA < 520,20,13
2014,B season,NMFS_AREA < 520,21,14
2014,B season,NMFS_AREA < 520,22,9
2014,B season,NMFS_AREA < 520,23,11
2014,B season,NMFS_AREA < 520,24,23
2014,B season,NMFS_AREA < 520,25,77
2014,B season,NMFS_AREA < 520,26,126
2014,B season,NMFS_AREA < 520,27,230
2014,B season,NMFS_AREA < 520,28,317
2014,B season,NMFS_AREA < 520,29,363
2014,B season,NMFS_AREA < 520,30,376
2014,B season,NMFS_AREA < 520,31,383
2014,B season,NMFS_AREA < 520,32,354
2014,B season,NMFS_AREA < 520,33,295
2014,B season,NMFS_AREA < 520,34,309
2014,B season,NMFS_AREA < 520,35,320
2014,B season,NMFS_AREA < 520,36,323
2014,B season,NMFS_AREA < 520,37,231
2014,B season,NMFS_AREA < 520,38,190
2014,B season,NMFS_AREA < 520,39,168
2014,B season,NMFS_AREA < 520,40,295
2014,B season,NMFS_AREA < 520,41,659
2014,B season,NMFS_AREA < 520,42,1364
2014,B season,NMFS_AREA < 520,43,2489
2014,B season,NMFS_AREA < 520,44,3598
2014,B season,NMFS_AREA < 520,45,4588
2014,B season,NMFS_AREA < 520,46,5077
2014,B season,NMFS_AREA < 520,47,5151
2014,B season,NMFS_AREA < 520,48,4950
2014,B season,NMFS_AREA < 520,49,4592
2014,B season,NMFS_AREA < 520,50,4281
2014,B season,NMFS_AREA < 520,51,3707
2014,B season,NMFS_AREA < 520,52,3164
2014,B season,NMFS_AREA < 520,53,2536
2014,B season,NMFS_AREA < 520,54,1990
2014,B season,NMFS_AREA < 520,55,1551
2014,B season,NMFS_AREA < 520,56,1293
2014,B season,NMFS_AREA < 520,57,1117
2014,B season,NMFS_AREA < 520,58,898
2014,B season,NMFS_AREA < 520,59,791
2014,B season,NMFS_AREA < 520,60,649
2014,B season,NMFS_AREA < 520,61,542
2014,B season,NMFS_AREA < 520,62,438
2014,B season,NMFS_AREA < 520,63,306
2014,B season,NMFS_AREA < 520,64,248
2014,B season,NMFS_AREA < 520,65,1099
2014,B season,NMFS_AREA > 519,20,18
2014,B season,NMFS_AREA > 519,21,12
2014,B season,NMFS_AREA > 519,22,27
2014,B season,NMFS_AREA > 519,23,41
2014,B season,NMFS_AREA > 519,24,101
2014,B season,NMFS_AREA > 519,25,171
2014,B season,NMFS_AREA > 519,26,274
2014,B season,NMFS_AREA > 519,27,362
2014,B season,NMFS_AREA > 519,28,405
2014,B season,NMFS_AREA > 519,29,429
2014,B season,NMFS_AREA > 519,30,429
2014,B season,NMFS_AREA > 519,31,351
2014,B season,NMFS_AREA > 519,32,408
2014,B season,NMFS_AREA > 519,33,471
2014,B season,NMFS_AREA > 519,34,574
2014,B season,NMFS_AREA > 519,35,805
2014,B season,NMFS_AREA > 519,36,1217
2014,B season,NMFS_AREA > 519,37,1823
2014,B season,NMFS_AREA > 519,38,2524
2014,B season,NMFS_AREA > 519,39,3155
2014,B season,NMFS_AREA > 519,40,3626
2014,B season,NMFS_AREA > 519,41,4090
2014,B season,NMFS_AREA > 519,42,4591
2014,B season,NMFS_AREA > 519,43,4832
2014,B season,NMFS_AREA > 519,44,4725
2014,B season,NMFS_AREA > 519,45,4394
2014,B season,NMFS_AREA > 519,46,3883
2014,B season,NMFS_AREA > 519,47,3213
2014,B season,NMFS_AREA > 519,48,2513
2014,B season,NMFS_AREA > 519,49,1826
2014,B season,NMFS_AREA > 519,50,1360
2014,B season,NMFS_AREA > 519,51,959
2014,B season,NMFS_AREA > 519,52,697
2014,B season,NMFS_AREA > 519,53,493
2014,B season,NMFS_AREA > 519,54,353
2014,B season,NMFS_AREA > 519,55,241
2014,B season,NMFS_AREA > 519,56,209
2014,B season,NMFS_AREA > 519,57,148
2014,B season,NMFS_AREA > 519,58,87
2014,B season,NMFS_AREA > 519,59,94
2014,B season,NMFS_AREA > 519,60,69
2014,B season,NMFS_AREA > 519,61,46
2014,B season,NMFS_AREA > 519,62,34
2014,B season,NMFS_AREA > 519,63,19
2014,B season,NMFS_AREA > 519,64,20
2014,B season,NMFS_AREA > 519,65,54
2015,A season,NMFS_AREA < 520,21,1
2015,A season,NMFS_AREA < 520,22,1
2015,A season,NMFS_AREA < 520,23,5
2015,A season,NMFS_AREA < 520,24,8
2015,A season,NMFS_AREA < 520,25,9
2015,A season,NMFS_AREA < 520,26,15
2015,A season,NMFS_AREA < 520,27,14
2015,A season,NMFS_AREA < 520,28,18
2015,A season,NMFS_AREA < 520,29,29
2015,A season,NMFS_AREA < 520,30,35
2015,A season,NMFS_AREA < 520,31,68
2015,A season,NMFS_AREA < 520,32,133
2015,A season,NMFS_AREA < 520,33,252
2015,A season,NMFS_AREA < 520,34,416
2015,A season,NMFS_AREA < 520,35,531
2015,A season,NMFS_AREA < 520,36,692
2015,A season,NMFS_AREA < 520,37,728
2015,A season,NMFS_AREA < 520,38,813
2015,A season,NMFS_AREA < 520,39,863
2015,A season,NMFS_AREA < 520,40,1044
2015,A season,NMFS_AREA < 520,41,1286
2015,A season,NMFS_AREA < 520,42,1674
2015,A season,NMFS_AREA < 520,43,2087
2015,A season,NMFS_AREA < 520,44,2491
2015,A season,NMFS_AREA < 520,45,2908
2015,A season,NMFS_AREA < 520,46,3243
2015,A season,NMFS_AREA < 520,47,3321
2015,A season,NMFS_AREA < 520,48,3241
2015,A season,NMFS_AREA < 520,49,3056
2015,A season,NMFS_AREA < 520,50,2715
2015,A season,NMFS_AREA < 520,51,2294
2015,A season,NMFS_AREA < 520,52,1994
2015,A season,NMFS_AREA < 520,53,1611
2015,A season,NMFS_AREA < 520,54,1287
2015,A season,NMFS_AREA < 520,55,1054
2015,A season,NMFS_AREA < 520,56,823
2015,A season,NMFS_AREA < 520,57,642
2015,A season,NMFS_AREA < 520,58,488
2015,A season,NMFS_AREA < 520,59,424
2015,A season,NMFS_AREA < 520,60,318
2015,A season,NMFS_AREA < 520,61,242
2015,A season,NMFS_AREA < 520,62,187
2015,A season,NMFS_AREA < 520,63,169
2015,A season,NMFS_AREA < 520,64,104
2015,A season,NMFS_AREA < 520,65,421
2015,A season,NMFS_AREA > 519,21,1
2015,A season,NMFS_AREA > 519,22,6
2015,A season,NMFS_AREA > 519,23,14
2015,A season,NMFS_AREA > 519,24,29
2015,A season,NMFS_AREA > 519,25,37
2015,A season,NMFS_AREA > 519,26,49
2015,A season,NMFS_AREA > 519,27,45
2015,A season,NMFS_AREA > 519,28,71
2015,A season,NMFS_AREA > 519,29,166
2015,A season,NMFS_AREA > 519,30,446
2015,A season,NMFS_AREA > 519,31,632
2015,A season,NMFS_AREA > 519,32,871
2015,A season,NMFS_AREA > 519,33,1040
2015,A season,NMFS_AREA > 519,34,1073
2015,A season,NMFS_AREA > 519,35,1108
2015,A season,NMFS_AREA > 519,36,1123
2015,A season,NMFS_AREA > 519,37,1181
2015,A season,NMFS_AREA > 519,38,1164
2015,A season,NMFS_AREA > 519,39,1332
2015,A season,NMFS_AREA > 519,40,1632
2015,A season,NMFS_AREA > 519,41,1927
2015,A season,NMFS_AREA > 519,42,2143
2015,A season,NMFS_AREA > 519,43,2368
2015,A season,NMFS_AREA > 519,44,2686
2015,A season,NMFS_AREA > 519,45,3065
2015,A season,NMFS_AREA > 519,46,3262
2015,A season,NMFS_AREA > 519,47,3215
2015,A season,NMFS_AREA > 519,48,2954
2015,A season,NMFS_AREA > 519,49,2631
2015,A season,NMFS_AREA > 519,50,2213
2015,A season,NMFS_AREA > 519,51,1689
2015,A season,NMFS_AREA > 519,52,1290
2015,A season,NMFS_AREA > 519,53,1009
2015,A season,NMFS_AREA > 519,54,814
2015,A season,NMFS_AREA > 519,55,606
2015,A season,NMFS_AREA > 519,56,498
2015,A season,NMFS_AREA > 519,57,381
2015,A season,NMFS_AREA > 519,58,337
2015,A season,NMFS_AREA > 519,59,248
2015,A season,NMFS_AREA > 519,60,211
2015,A season,NMFS_AREA > 519,61,188
2015,A season,NMFS_AREA > 519,62,126
2015,A season,NMFS_AREA > 519,63,114
2015,A season,NMFS_AREA > 519,64,120
2015,A season,NMFS_AREA > 519,65,602
2015,B season,NMFS_AREA < 520,20,1
2015,B season,NMFS_AREA < 520,21,1
2015,B season,NMFS_AREA < 520,23,3
2015,B season,NMFS_AREA < 520,24,4
2015,B season,NMFS_AREA < 520,25,2
2015,B season,NMFS_AREA < 520,26,3
2015,B season,NMFS_AREA < 520,27,10
2015,B season,NMFS_AREA < 520,28,13
2015,B season,NMFS_AREA < 520,29,24
2015,B season,NMFS_AREA < 520,30,47
2015,B season,NMFS_AREA < 520,31,55
2015,B season,NMFS_AREA < 520,32,98
2015,B season,NMFS_AREA < 520,33,202
2015,B season,NMFS_AREA < 520,34,711
2015,B season,NMFS_AREA < 520,35,1812
2015,B season,NMFS_AREA < 520,36,3298
2015,B season,NMFS_AREA < 520,37,4346
2015,B season,NMFS_AREA < 520,38,4748
2015,B season,NMFS_AREA < 520,39,4351
2015,B season,NMFS_AREA < 520,40,3518
2015,B season,NMFS_AREA < 520,41,2745
2015,B season,NMFS_AREA < 520,42,2302
2015,B season,NMFS_AREA < 520,43,2107
2015,B season,NMFS_AREA < 520,44,2175
2015,B season,NMFS_AREA < 520,45,2138
2015,B season,NMFS_AREA < 520,46,2265
2015,B season,NMFS_AREA < 520,47,2149
2015,B season,NMFS_AREA < 520,48,2036
2015,B season,NMFS_AREA < 520,49,1773
2015,B season,NMFS_AREA < 520,50,1463
2015,B season,NMFS_AREA < 520,51,1249
2015,B season,NMFS_AREA < 520,52,945
2015,B season,NMFS_AREA < 520,53,717
2015,B season,NMFS_AREA < 520,54,556
2015,B season,NMFS_AREA < 520,55,414
2015,B season,NMFS_AREA < 520,56,329
2015,B season,NMFS_AREA < 520,57,228
2015,B season,NMFS_AREA < 520,58,186
2015,B season,NMFS_AREA < 520,59,162
2015,B season,NMFS_AREA < 520,60,123
2015,B season,NMFS_AREA < 520,61,81
2015,B season,NMFS_AREA < 520,62,65
2015,B season,NMFS_AREA < 520,63,53
2015,B season,NMFS_AREA < 520,64,33
2015,B season,NMFS_AREA < 520,65,85
2015,B season,NMFS_AREA > 519,20,12
2015,B season,NMFS_AREA > 519,21,17
2015,B season,NMFS_AREA > 519,22,15
2015,B season,NMFS_AREA > 519,23,42
2015,B season,NMFS_AREA > 519,24,89
2015,B season,NMFS_AREA > 519,25,155
2015,B season,NMFS_AREA > 519,26,224
2015,B season,NMFS_AREA > 519,27,281
2015,B season,NMFS_AREA > 519,28,268
2015,B season,NMFS_AREA > 519,29,328
2015,B season,NMFS_AREA > 519,30,295
2015,B season,NMFS_AREA > 519,31,331
2015,B season,NMFS_AREA > 519,32,545
2015,B season,NMFS_AREA > 519,33,1021
2015,B season,NMFS_AREA > 519,34,1631
2015,B season,NMFS_AREA > 519,35,2235
2015,B season,NMFS_AREA > 519,36,2748
2015,B season,NMFS_AREA > 519,37,2912
2015,B season,NMFS_AREA > 519,38,2935
2015,B season,NMFS_AREA > 519,39,2808
2015,B season,NMFS_AREA > 519,40,2779
2015,B season,NMFS_AREA > 519,41,3124
2015,B season,NMFS_AREA > 519,42,3510
2015,B season,NMFS_AREA > 519,43,3857
2015,B season,NMFS_AREA > 519,44,3792
2015,B season,NMFS_AREA > 519,45,3721
2015,B season,NMFS_AREA > 519,46,3384
2015,B season,NMFS_AREA > 519,47,3045
2015,B season,NMFS_AREA > 519,48,2571
2015,B season,NMFS_AREA > 519,49,2103
2015,B season,NMFS_AREA > 519,50,1576
2015,B season,NMFS_AREA > 519,51,1093
2015,B season,NMFS_AREA > 519,52,746
2015,B season,NMFS_AREA > 519,53,548
2015,B season,NMFS_AREA > 519,54,379
2015,B season,NMFS_AREA > 519,55,293
2015,B season,NMFS_AREA > 519,56,192
2015,B season,NMFS_AREA > 519,57,153
2015,B season,NMFS_AREA > 519,58,104
2015,B season,NMFS_AREA > 519,59,70
2015,B season,NMFS_AREA > 519,60,46
2015,B season,NMFS_AREA > 519,61,40
2015,B season,NMFS_AREA > 519,62,24
2015,B season,NMFS_AREA > 519,63,24
2015,B season,NMFS_AREA > 519,64,19
2015,B season,NMFS_AREA > 519,65,33
2016,A season,NMFS_AREA < 520,22,1
2016,A season,NMFS_AREA < 520,23,2
2016,A season,NMFS_AREA < 520,24,3
2016,A season,NMFS_AREA < 520,25,4
2016,A season,NMFS_AREA < 520,26,6
2016,A season,NMFS_AREA < 520,27,12
2016,A season,NMFS_AREA < 520,28,14
2016,A season,NMFS_AREA < 520,29,21
2016,A season,NMFS_AREA < 520,30,31
2016,A season,NMFS_AREA < 520,31,39
2016,A season,NMFS_AREA < 520,32,91
2016,A season,NMFS_AREA < 520,33,187
2016,A season,NMFS_AREA < 520,34,462
2016,A season,NMFS_AREA < 520,35,835
2016,A season,NMFS_AREA < 520,36,1399
2016,A season,NMFS_AREA < 520,37,2272
2016,A season,NMFS_AREA < 520,38,3314
2016,A season,NMFS_AREA < 520,39,4279
2016,A season,NMFS_AREA < 520,40,4776
2016,A season,NMFS_AREA < 520,41,4949
2016,A season,NMFS_AREA < 520,42,4968
2016,A season,NMFS_AREA < 520,43,4907
2016,A season,NMFS_AREA < 520,44,4567
2016,A season,NMFS_AREA < 520,45,4455
2016,A season,NMFS_AREA < 520,46,4283
2016,A season,NMFS_AREA < 520,47,4052
2016,A season,NMFS_AREA < 520,48,3742
2016,A season,NMFS_AREA < 520,49,3313
2016,A season,NMFS_AREA < 520,50,2822
2016,A season,NMFS_AREA < 520,51,2379
2016,A season,NMFS_AREA < 520,52,1799
2016,A season,NMFS_AREA < 520,53,1442
2016,A season,NMFS_AREA < 520,54,1082
2016,A season,NMFS_AREA < 520,55,834
2016,A season,NMFS_AREA < 520,56,634
2016,A season,NMFS_AREA < 520,57,439
2016,A season,NMFS_AREA < 520,58,364
2016,A season,NMFS_AREA < 520,59,306
2016,A season,NMFS_AREA < 520,60,239
2016,A season,NMFS_AREA < 520,61,187
2016,A season,NMFS_AREA < 520,62,145
2016,A season,NMFS_AREA < 520,63,121
2016,A season,NMFS_AREA < 520,64,86
2016,A season,NMFS_AREA < 520,65,374
2016,A season,NMFS_AREA > 519,20,2
2016,A season,NMFS_AREA > 519,21,2
2016,A season,NMFS_AREA > 519,23,3
2016,A season,NMFS_AREA > 519,24,1
2016,A season,NMFS_AREA > 519,25,4
2016,A season,NMFS_AREA > 519,26,1
2016,A season,NMFS_AREA > 519,27,6
2016,A season,NMFS_AREA > 519,28,9
2016,A season,NMFS_AREA > 519,29,34
2016,A season,NMFS_AREA > 519,30,77
2016,A season,NMFS_AREA > 519,31,139
2016,A season,NMFS_AREA > 519,32,209
2016,A season,NMFS_AREA > 519,33,272
2016,A season,NMFS_AREA > 519,34,386
2016,A season,NMFS_AREA > 519,35,487
2016,A season,NMFS_AREA > 519,36,693
2016,A season,NMFS_AREA > 519,37,885
2016,A season,NMFS_AREA > 519,38,1049
2016,A season,NMFS_AREA > 519,39,1065
2016,A season,NMFS_AREA > 519,40,1040
2016,A season,NMFS_AREA > 519,41,888
2016,A season,NMFS_AREA > 519,42,784
2016,A season,NMFS_AREA > 519,43,688
2016,A season,NMFS_AREA > 519,44,604
2016,A season,NMFS_AREA > 519,45,593
2016,A season,NMFS_AREA > 519,46,621
2016,A season,NMFS_AREA > 519,47,665
2016,A season,NMFS_AREA > 519,48,603
2016,A season,NMFS_AREA > 519,49,560
2016,A season,NMFS_AREA > 519,50,488
2016,A season,NMFS_AREA > 519,51,400
2016,A season,NMFS_AREA > 519,52,352
2016,A season,NMFS_AREA > 519,53,282
2016,A season,NMFS_AREA > 519,54,217
2016,A season,NMFS_AREA > 519,55,161
2016,A season,NMFS_AREA > 519,56,147
2016,A season,NMFS_AREA > 519,57,122
2016,A season,NMFS_AREA > 519,58,85
2016,A season,NMFS_AREA > 519,59,70
2016,A season,NMFS_AREA > 519,60,58
2016,A season,NMFS_AREA > 519,61,46
2016,A season,NMFS_AREA > 519,62,34
2016,A season,NMFS_AREA > 519,63,36
2016,A season,NMFS_AREA > 519,64,20
2016,A season,NMFS_AREA > 519,65,78
2016,B season,NMFS_AREA < 520,20,2
2016,B season,NMFS_AREA < 520,21,5
2016,B season,NMFS_AREA < 520,22,8
2016,B season,NMFS_AREA < 520,23,4
2016,B season,NMFS_AREA < 520,24,8
2016,B season,NMFS_AREA < 520,25,6
2016,B season,NMFS_AREA < 520,26,5
2016,B season,NMFS_AREA < 520,27,5
2016,B season,NMFS_AREA < 520,28,6
2016,B season,NMFS_AREA < 520,29,19
2016,B season,NMFS_AREA < 520,30,24
2016,B season,NMFS_AREA < 520,31,35
2016,B season,NMFS_AREA < 520,32,39
2016,B season,NMFS_AREA < 520,33,56
2016,B season,NMFS_AREA < 520,34,97
2016,B season,NMFS_AREA < 520,35,151
2016,B season,NMFS_AREA < 520,36,298
2016,B season,NMFS_AREA < 520,37,968
2016,B season,NMFS_AREA < 520,38,2545
2016,B season,NMFS_AREA < 520,39,5724
2016,B season,NMFS_AREA < 520,40,8954
2016,B season,NMFS_AREA < 520,41,10477
2016,B season,NMFS_AREA < 520,42,10472
2016,B season,NMFS_AREA < 520,43,8880
2016,B season,NMFS_AREA < 520,44,6533
2016,B season,NMFS_AREA < 520,45,4396
2016,B season,NMFS_AREA < 520,46,3022
2016,B season,NMFS_AREA < 520,47,2286
2016,B season,NMFS_AREA < 520,48,1624
2016,B season,NMFS_AREA < 520,49,1407
2016,B season,NMFS_AREA < 520,50,1067
2016,B season,NMFS_AREA < 520,51,819
2016,B season,NMFS_AREA < 520,52,561
2016,B season,NMFS_AREA < 520,53,376
2016,B season,NMFS_AREA < 520,54,297
2016,B season,NMFS_AREA < 520,55,183
2016,B season,NMFS_AREA < 520,56,129
2016,B season,NMFS_AREA < 520,57,83
2016,B season,NMFS_AREA < 520,58,60
2016,B season,NMFS_AREA < 520,59,46
2016,B season,NMFS_AREA < 520,60,30
2016,B season,NMFS_AREA < 520,61,22
2016,B season,NMFS_AREA < 520,62,11
2016,B season,NMFS_AREA < 520,63,13
2016,B season,NMFS_AREA < 520,64,4
2016,B season,NMFS_AREA < 520,65,10
2016,B season,NMFS_AREA > 519,20,1
2016,B season,NMFS_AREA > 519,21,1
2016,B season,NMFS_AREA > 519,24,2
2016,B season,NMFS_AREA > 519,25,2
2016,B season,NMFS_AREA > 519,27,3
2016,B season,NMFS_AREA > 519,28,4
2016,B season,NMFS_AREA > 519,29,6
2016,B season,NMFS_AREA > 519,30,14
2016,B season,NMFS_AREA > 519,31,28
2016,B season,NMFS_AREA > 519,32,63
2016,B season,NMFS_AREA > 519,33,87
2016,B season,NMFS_AREA > 519,34,123
2016,B season,NMFS_AREA > 519,35,181
2016,B season,NMFS_AREA > 519,36,269
2016,B season,NMFS_AREA > 519,37,402
2016,B season,NMFS_AREA > 519,38,641
2016,B season,NMFS_AREA > 519,39,869
2016,B season,NMFS_AREA > 519,40,1029
2016,B season,NMFS_AREA > 519,41,1078
2016,B season,NMFS_AREA > 519,42,994
2016,B season,NMFS_AREA > 519,43,874
2016,B season,NMFS_AREA > 519,44,734
2016,B season,NMFS_AREA > 519,45,660
2016,B season,NMFS_AREA > 519,46,559
2016,B season,NMFS_AREA > 519,47,523
2016,B season,NMFS_AREA > 519,48,417
2016,B season,NMFS_AREA > 519,49,364
2016,B season,NMFS_AREA > 519,50,291
2016,B season,NMFS_AREA > 519,51,214
2016,B season,NMFS_AREA > 519,52,154
2016,B season,NMFS_AREA > 519,53,121
2016,B season,NMFS_AREA > 519,54,75
2016,B season,NMFS_AREA > 519,55,61
2016,B season,NMFS_AREA > 519,56,31
2016,B season,NMFS_AREA > 519,57,38
2016,B season,NMFS_AREA > 519,58,15
2016,B season,NMFS_AREA > 519,59,16
2016,B season,NMFS_AREA > 519,60,13
2016,B season,NMFS_AREA > 519,61,8
2016,B season,NMFS_AREA > 519,62,7
2016,B season,NMFS_AREA > 519,63,3
2016,B season,NMFS_AREA > 519,64,3
2016,B season,NMFS_AREA > 519,65,10
2017,A season,NMFS_AREA < 520,20,1
2017,A season,NMFS_AREA < 520,21,4
2017,A season,NMFS_AREA < 520,22,2
2017,A season,NMFS_AREA < 520,24,2
2017,A season,NMFS_AREA < 520,25,6
2017,A season,NMFS_AREA < 520,26,13
2017,A season,NMFS_AREA < 520,27,35
2017,A season,NMFS_AREA < 520,28,89
2017,A season,NMFS_AREA < 520,29,132
2017,A season,NMFS_AREA < 520,30,161
2017,A season,NMFS_AREA < 520,31,183
2017,A season,NMFS_AREA < 520,32,153
2017,A season,NMFS_AREA < 520,33,187
2017,A season,NMFS_AREA < 520,34,289
2017,A season,NMFS_AREA < 520,35,659
2017,A season,NMFS_AREA < 520,36,1253
2017,A season,NMFS_AREA < 520,37,2203
2017,A season,NMFS_AREA < 520,38,3217
2017,A season,NMFS_AREA < 520,39,4131
2017,A season,NMFS_AREA < 520,40,4959
2017,A season,NMFS_AREA < 520,41,5640
2017,A season,NMFS_AREA < 520,42,6318
2017,A season,NMFS_AREA < 520,43,6705
2017,A season,NMFS_AREA < 520,44,6977
2017,A season,NMFS_AREA < 520,45,6779
2017,A season,NMFS_AREA < 520,46,6409
2017,A season,NMFS_AREA < 520,47,5670
2017,A season,NMFS_AREA < 520,48,4938
2017,A season,NMFS_AREA < 520,49,4109
2017,A season,NMFS_AREA < 520,50,3198
2017,A season,NMFS_AREA < 520,51,2607
2017,A season,NMFS_AREA < 520,52,2005
2017,A season,NMFS_AREA < 520,53,1563
2017,A season,NMFS_AREA < 520,54,1115
2017,A season,NMFS_AREA < 520,55,779
2017,A season,NMFS_AREA < 520,56,604
2017,A season,NMFS_AREA < 520,57,411
2017,A season,NMFS_AREA < 520,58,332
2017,A season,NMFS_AREA < 520,59,240
2017,A season,NMFS_AREA < 520,60,187
2017,A season,NMFS_AREA < 520,61,153
2017,A season,NMFS_AREA < 520,62,102
2017,A season,NMFS_AREA < 520,63,87
2017,A season,NMFS_AREA < 520,64,61
2017,A season,NMFS_AREA < 520,65,225
2017,A season,NMFS_AREA > 519,21,1
2017,A season,NMFS_AREA > 519,23,2
2017,A season,NMFS_AREA > 519,24,3
2017,A season,NMFS_AREA > 519,25,4
2017,A season,NMFS_AREA > 519,26,5
2017,A season,NMFS_AREA > 519,27,15
2017,A season,NMFS_AREA > 519,28,14
2017,A season,NMFS_AREA > 519,29,19
2017,A season,NMFS_AREA > 519,30,45
2017,A season,NMFS_AREA > 519,31,68
2017,A season,NMFS_AREA > 519,32,113
2017,A season,NMFS_AREA > 519,33,155
2017,A season,NMFS_AREA > 519,34,281
2017,A season,NMFS_AREA > 519,35,358
2017,A season,NMFS_AREA > 519,36,422
2017,A season,NMFS_AREA > 519,37,457
2017,A season,NMFS_AREA > 519,38,424
2017,A season,NMFS_AREA > 519,39,375
2017,A season,NMFS_AREA > 519,40,302
2017,A season,NMFS_AREA > 519,41,313
2017,A season,NMFS_AREA > 519,42,295
2017,A season,NMFS_AREA > 519,43,297
2017,A season,NMFS_AREA > 519,44,278
2017,A season,NMFS_AREA > 519,45,279
2017,A season,NMFS_AREA > 519,46,272
2017,A season,NMFS_AREA > 519,47,249
2017,A season,NMFS_AREA > 519,48,224
2017,A season,NMFS_AREA > 519,49,196
2017,A season,NMFS_AREA > 519,50,184
2017,A season,NMFS_AREA > 519,51,155
2017,A season,NMFS_AREA > 519,52,92
2017,A season,NMFS_AREA > 519,53,89
2017,A season,NMFS_AREA > 519,54,74
2017,A season,NMFS_AREA > 519,55,63
2017,A season,NMFS_AREA > 519,56,71
2017,A season,NMFS_AREA > 519,57,44
2017,A season,NMFS_AREA > 519,58,42
2017,A season,NMFS_AREA > 519,59,35
2017,A season,NMFS_AREA > 519,60,34
2017,A season,NMFS_AREA > 519,61,22
2017,A season,NMFS_AREA > 519,62,20
2017,A season,NMFS_AREA > 519,63,10
2017,A season,NMFS_AREA > 519,64,13
2017,A season,NMFS_AREA > 519,65,46
2017,B season,NMFS_AREA < 520,20,2
2017,B season,NMFS_AREA < 520,27,3
2017,B season,NMFS_AREA < 520,28,6
2017,B season,NMFS_AREA < 520,29,3
2017,B season,NMFS_AREA < 520,30,3
2017,B season,NMFS_AREA < 520,31,11
2017,B season,NMFS_AREA < 520,32,16
2017,B season,NMFS_AREA < 520,33,41
2017,B season,NMFS_AREA < 520,34,60
2017,B season,NMFS_AREA < 520,35,69
2017,B season,NMFS_AREA < 520,36,139
2017,B season,NMFS_AREA < 520,37,345
2017,B season,NMFS_AREA < 520,38,797
2017,B season,NMFS_AREA < 520,39,1621
2017,B season,NMFS_AREA < 520,40,2962
2017,B season,NMFS_AREA < 520,41,4634
2017,B season,NMFS_AREA < 520,42,6424
2017,B season,NMFS_AREA < 520,43,7850
2017,B season,NMFS_AREA < 520,44,8683
2017,B season,NMFS_AREA < 520,45,8694
2017,B season,NMFS_AREA < 520,46,8174
2017,B season,NMFS_AREA < 520,47,6805
2017,B season,NMFS_AREA < 520,48,5046
2017,B season,NMFS_AREA < 520,49,3558
2017,B season,NMFS_AREA < 520,50,2371
2017,B season,NMFS_AREA < 520,51,1532
2017,B season,NMFS_AREA < 520,52,1005
2017,B season,NMFS_AREA < 520,53,580
2017,B season,NMFS_AREA < 520,54,424
2017,B season,NMFS_AREA < 520,55,282
2017,B season,NMFS_AREA < 520,56,179
2017,B season,NMFS_AREA < 520,57,105
2017,B season,NMFS_AREA < 520,58,73
2017,B season,NMFS_AREA < 520,59,48
2017,B season,NMFS_AREA < 520,60,33
2017,B season,NMFS_AREA < 520,61,24
2017,B season,NMFS_AREA < 520,62,7
2017,B season,NMFS_AREA < 520,63,5
2017,B season,NMFS_AREA < 520,64,7
2017,B season,NMFS_AREA < 520,65,9
2017,B season,NMFS_AREA > 519,25,1
2017,B season,NMFS_AREA > 519,27,1
2017,B season,NMFS_AREA > 519,28,1
2017,B season,NMFS_AREA > 519,29,2
2017,B season,NMFS_AREA > 519,30,4
2017,B season,NMFS_AREA > 519,31,6
2017,B season,NMFS_AREA > 519,32,17
2017,B season,NMFS_AREA > 519,33,31
2017,B season,NMFS_AREA > 519,34,92
2017,B season,NMFS_AREA > 519,35,257
2017,B season,NMFS_AREA > 519,36,521
2017,B season,NMFS_AREA > 519,37,937
2017,B season,NMFS_AREA > 519,38,1440
2017,B season,NMFS_AREA > 519,39,1779
2017,B season,NMFS_AREA > 519,40,1855
2017,B season,NMFS_AREA > 519,41,1727
2017,B season,NMFS_AREA > 519,42,1425
2017,B season,NMFS_AREA > 519,43,1179
2017,B season,NMFS_AREA > 519,44,991
2017,B season,NMFS_AREA > 519,45,885
2017,B season,NMFS_AREA > 519,46,802
2017,B season,NMFS_AREA > 519,47,751
2017,B season,NMFS_AREA > 519,48,731
2017,B season,NMFS_AREA > 519,49,634
2017,B season,NMFS_AREA > 519,50,527
2017,B season,NMFS_AREA > 519,51,423
2017,B season,NMFS_AREA > 519,52,337
2017,B season,NMFS_AREA > 519,53,265
2017,B season,NMFS_AREA > 519,54,224
2017,B season,NMFS_AREA > 519,55,164
2017,B season,NMFS_AREA > 519,56,118
2017,B season,NMFS_AREA > 519,57,84
2017,B season,NMFS_AREA > 519,58,52
2017,B season,NMFS_AREA > 519,59,42
2017,B season,NMFS_AREA > 519,60,32
2017,B season,NMFS_AREA > 519,61,18
2017,B season,NMFS_AREA > 519,62,19
2017,B season,NMFS_AREA > 519,63,14
2017,B season,NMFS_AREA > 519,64,10
2017,B season,NMFS_AREA > 519,65,16
2018,A season,NMFS_AREA < 520,20,1
2018,A season,NMFS_AREA < 520,25,2
2018,A season,NMFS_AREA < 520,26,3
2018,A season,NMFS_AREA < 520,27,10
2018,A season,NMFS_AREA < 520,28,8
2018,A season,NMFS_AREA < 520,29,14
2018,A season,NMFS_AREA < 520,30,8
2018,A season,NMFS_AREA < 520,31,14
2018,A season,NMFS_AREA < 520,32,31
2018,A season,NMFS_AREA < 520,33,66
2018,A season,NMFS_AREA < 520,34,151
2018,A season,NMFS_AREA < 520,35,289
2018,A season,NMFS_AREA < 520,36,686
2018,A season,NMFS_AREA < 520,37,1596
2018,A season,NMFS_AREA < 520,38,3165
2018,A season,NMFS_AREA < 520,39,5097
2018,A season,NMFS_AREA < 520,40,6864
2018,A season,NMFS_AREA < 520,41,7825
2018,A season,NMFS_AREA < 520,42,8110
2018,A season,NMFS_AREA < 520,43,7815
2018,A season,NMFS_AREA < 520,44,7344
2018,A season,NMFS_AREA < 520,45,6870
2018,A season,NMFS_AREA < 520,46,6143
2018,A season,NMFS_AREA < 520,47,5527
2018,A season,NMFS_AREA < 520,48,4621
2018,A season,NMFS_AREA < 520,49,3935
2018,A season,NMFS_AREA < 520,50,3036
2018,A season,NMFS_AREA < 520,51,2311
2018,A season,NMFS_AREA < 520,52,1756
2018,A season,NMFS_AREA < 520,53,1254
2018,A season,NMFS_AREA < 520,54,894
2018,A season,NMFS_AREA < 520,55,726
2018,A season,NMFS_AREA < 520,56,549
2018,A season,NMFS_AREA < 520,57,409
2018,A season,NMFS_AREA < 520,58,280
2018,A season,NMFS_AREA < 520,59,217
2018,A season,NMFS_AREA < 520,60,185
2018,A season,NMFS_AREA < 520,61,135
2018,A season,NMFS_AREA < 520,62,102
2018,A season,NMFS_AREA < 520,63,62
2018,A season,NMFS_AREA < 520,64,57
2018,A season,NMFS_AREA < 520,65,153
2018,A season,NMFS_AREA > 519,21,1
2018,A season,NMFS_AREA > 519,23,1
2018,A season,NMFS_AREA > 519,24,1
2018,A season,NMFS_AREA > 519,25,4
2018,A season,NMFS_AREA > 519,27,4
2018,A season,NMFS_AREA > 519,28,3
2018,A season,NMFS_AREA > 519,29,8
2018,A season,NMFS_AREA > 519,30,5
2018,A season,NMFS_AREA > 519,31,8
2018,A season,NMFS_AREA > 519,32,8
2018,A season,NMFS_AREA > 519,33,9
2018,A season,NMFS_AREA > 519,34,11
2018,A season,NMFS_AREA > 519,35,6
2018,A season,NMFS_AREA > 519,36,14
2018,A season,NMFS_AREA > 519,37,35
2018,A season,NMFS_AREA > 519,38,42
2018,A season,NMFS_AREA > 519,39,88
2018,A season,NMFS_AREA > 519,40,122
2018,A season,NMFS_AREA > 519,41,164
2018,A season,NMFS_AREA > 519,42,181
2018,A season,NMFS_AREA > 519,43,180
2018,A season,NMFS_AREA > 519,44,160
2018,A season,NMFS_AREA > 519,45,124
2018,A season,NMFS_AREA > 519,46,99
2018,A season,NMFS_AREA > 519,47,62
2018,A season,NMFS_AREA > 519,48,35
2018,A season,NMFS_AREA > 519,49,35
2018,A season,NMFS_AREA > 519,50,29
2018,A season,NMFS_AREA > 519,51,16
2018,A season,NMFS_AREA > 519,52,14
2018,A season,NMFS_AREA > 519,53,14
2018,A season,NMFS_AREA > 519,54,9
2018,A season,NMFS_AREA > 519,55,8
2018,A season,NMFS_AREA > 519,56,8
2018,A season,NMFS_AREA > 519,57,10
2018,A season,NMFS_AREA > 519,58,6
2018,A season,NMFS_AREA > 519,59,10
2018,A season,NMFS_AREA > 519,60,4
2018,A season,NMFS_AREA > 519,61,5
2018,A season,NMFS_AREA > 519,62,2
2018,A season,NMFS_AREA > 519,63,2
2018,A season,NMFS_AREA > 519,64,2
2018,A season,NMFS_AREA > 519,65,5
2018,B season,NMFS_AREA < 520,20,4
2018,B season,NMFS_AREA < 520,21,6
2018,B season,NMFS_AREA < 520,22,3
2018,B season,NMFS_AREA < 520,23,3
2018,B season,NMFS_AREA < 520,24,6
2018,B season,NMFS_AREA < 520,25,3
2018,B season,NMFS_AREA < 520,26,11
2018,B season,NMFS_AREA < 520,27,5
2018,B season,NMFS_AREA < 520,28,3
2018,B season,NMFS_AREA < 520,29,5
2018,B season,NMFS_AREA < 520,30,4
2018,B season,NMFS_AREA < 520,31,9
2018,B season,NMFS_AREA < 520,32,16
2018,B season,NMFS_AREA < 520,33,6
2018,B season,NMFS_AREA < 520,34,21
2018,B season,NMFS_AREA < 520,35,22
2018,B season,NMFS_AREA < 520,36,34
2018,B season,NMFS_AREA < 520,37,83
2018,B season,NMFS_AREA < 520,38,149
2018,B season,NMFS_AREA < 520,39,350
2018,B season,NMFS_AREA < 520,40,714
2018,B season,NMFS_AREA < 520,41,1433
2018,B season,NMFS_AREA < 520,42,2540
2018,B season,NMFS_AREA < 520,43,4338
2018,B season,NMFS_AREA < 520,44,5823
2018,B season,NMFS_AREA < 520,45,6787
2018,B season,NMFS_AREA < 520,46,7185
2018,B season,NMFS_AREA < 520,47,6867
2018,B season,NMFS_AREA < 520,48,6109
2018,B season,NMFS_AREA < 520,49,4926
2018,B season,NMFS_AREA < 520,50,3608
2018,B season,NMFS_AREA < 520,51,2316
2018,B season,NMFS_AREA < 520,52,1423
2018,B season,NMFS_AREA < 520,53,892
2018,B season,NMFS_AREA < 520,54,523
2018,B season,NMFS_AREA < 520,55,298
2018,B season,NMFS_AREA < 520,56,177
2018,B season,NMFS_AREA < 520,57,106
2018,B season,NMFS_AREA < 520,58,64
2018,B season,NMFS_AREA < 520,59,32
2018,B season,NMFS_AREA < 520,60,24
2018,B season,NMFS_AREA < 520,61,14
2018,B season,NMFS_AREA < 520,62,6
2018,B season,NMFS_AREA < 520,63,3
2018,B season,NMFS_AREA < 520,64,6
2018,B season,NMFS_AREA < 520,65,8
2018,B season,NMFS_AREA > 519,20,2
2018,B season,NMFS_AREA > 519,21,2
2018,B season,NMFS_AREA > 519,22,5
2018,B season,NMFS_AREA > 519,23,8
2018,B season,NMFS_AREA > 519,24,23
2018,B season,NMFS_AREA > 519,25,36
2018,B season,NMFS_AREA > 519,26,52
2018,B season,NMFS_AREA > 519,27,71
2018,B season,NMFS_AREA > 519,28,76
2018,B season,NMFS_AREA > 519,29,55
2018,B season,NMFS_AREA > 519,30,42
2018,B season,NMFS_AREA > 519,31,33
2018,B season,NMFS_AREA > 519,32,44
2018,B season,NMFS_AREA > 519,33,67
2018,B season,NMFS_AREA > 519,34,117
2018,B season,NMFS_AREA > 519,35,224
2018,B season,NMFS_AREA > 519,36,485
2018,B season,NMFS_AREA > 519,37,867
2018,B season,NMFS_AREA > 519,38,1355
2018,B season,NMFS_AREA > 519,39,2018
2018,B season,NMFS_AREA > 519,40,3024
2018,B season,NMFS_AREA > 519,41,3870
2018,B season,NMFS_AREA > 519,42,4489
2018,B season,NMFS_AREA > 519,43,4570
2018,B season,NMFS_AREA > 519,44,4195
2018,B season,NMFS_AREA > 519,45,3563
2018,B season,NMFS_AREA > 519,46,2861
2018,B season,NMFS_AREA > 519,47,2247
2018,B season,NMFS_AREA > 519,48,1730
2018,B season,NMFS_AREA > 519,49,1494
2018,B season,NMFS_AREA > 519,50,1207
2018,B season,NMFS_AREA > 519,51,880
2018,B season,NMFS_AREA > 519,52,637
2018,B season,NMFS_AREA > 519,53,453
2018,B season,NMFS_AREA > 519,54,305
2018,B season,NMFS_AREA > 519,55,204
2018,B season,NMFS_AREA > 519,56,131
2018,B season,NMFS_AREA > 519,57,121
2018,B season,NMFS_AREA > 519,58,56
2018,B season,NMFS_AREA > 519,59,35
2018,B season,NMFS_AREA > 519,60,42
2018,B season,NMFS_AREA > 519,61,20
2018,B season,NMFS_AREA > 519,62,17
2018,B season,NMFS_AREA > 519,63,11
2018,B season,NMFS_AREA > 519,64,9
2018,B season,NMFS_AREA > 519,65,27
2019,A season,NMFS_AREA < 520,20,1
2019,A season,NMFS_AREA < 520,21,4
2019,A season,NMFS_AREA < 520,22,1
2019,A season,NMFS_AREA < 520,23,2
2019,A season,NMFS_AREA < 520,24,6
2019,A season,NMFS_AREA < 520,25,11
2019,A season,NMFS_AREA < 520,26,27
2019,A season,NMFS_AREA < 520,27,47
2019,A season,NMFS_AREA < 520,28,58
2019,A season,NMFS_AREA < 520,29,79
2019,A season,NMFS_AREA < 520,30,74
2019,A season,NMFS_AREA < 520,31,78
2019,A season,NMFS_AREA < 520,32,69
2019,A season,NMFS_AREA < 520,33,48
2019,A season,NMFS_AREA < 520,34,49
2019,A season,NMFS_AREA < 520,35,55
2019,A season,NMFS_AREA < 520,36,64
2019,A season,NMFS_AREA < 520,37,112
2019,A season,NMFS_AREA < 520,38,269
2019,A season,NMFS_AREA < 520,39,613
2019,A season,NMFS_AREA < 520,40,1240
2019,A season,NMFS_AREA < 520,41,2404
2019,A season,NMFS_AREA < 520,42,3896
2019,A season,NMFS_AREA < 520,43,5404
2019,A season,NMFS_AREA < 520,44,6652
2019,A season,NMFS_AREA < 520,45,7509
2019,A season,NMFS_AREA < 520,46,7970
2019,A season,NMFS_AREA < 520,47,7825
2019,A season,NMFS_AREA < 520,48,7198
2019,A season,NMFS_AREA < 520,49,6219
2019,A season,NMFS_AREA < 520,50,4977
2019,A season,NMFS_AREA < 520,51,3812
2019,A season,NMFS_AREA < 520,52,2761
2019,A season,NMFS_AREA < 520,53,1991
2019,A season,NMFS_AREA < 520,54,1390
2019,A season,NMFS_AREA < 520,55,933
2019,A season,NMFS_AREA < 520,56,655
2019,A season,NMFS_AREA < 520,57,461
2019,A season,NMFS_AREA < 520,58,332
2019,A season,NMFS_AREA < 520,59,226
2019,A season,NMFS_AREA < 520,60,187
2019,A season,NMFS_AREA < 520,61,110
2019,A season,NMFS_AREA < 520,62,95
2019,A season,NMFS_AREA < 520,63,69
2019,A season,NMFS_AREA < 520,64,63
2019,A season,NMFS_AREA < 520,65,176
2019,A season,NMFS_AREA > 519,26,1
2019,A season,NMFS_AREA > 519,27,2
2019,A season,NMFS_AREA > 519,28,2
2019,A season,NMFS_AREA > 519,29,7
2019,A season,NMFS_AREA > 519,30,13
2019,A season,NMFS_AREA > 519,31,10
2019,A season,NMFS_AREA > 519,32,11
2019,A season,NMFS_AREA > 519,33,9
2019,A season,NMFS_AREA > 519,34,7
2019,A season,NMFS_AREA > 519,35,3
2019,A season,NMFS_AREA > 519,36,3
2019,A season,NMFS_AREA > 519,37,8
2019,A season,NMFS_AREA > 519,38,10
2019,A season,NMFS_AREA > 519,39,19
2019,A season,NMFS_AREA > 519,40,28
2019,A season,NMFS_AREA > 519,41,60
2019,A season,NMFS_AREA > 519,42,76
2019,A season,NMFS_AREA > 519,43,98
2019,A season,NMFS_AREA > 519,44,117
2019,A season,NMFS_AREA > 519,45,127
2019,A season,NMFS_AREA > 519,46,123
2019,A season,NMFS_AREA > 519,47,114
2019,A season,NMFS_AREA > 519,48,105
2019,A season,NMFS_AREA > 519,49,86
2019,A season,NMFS_AREA > 519,50,53
2019,A season,NMFS_AREA > 519,51,50
2019,A season,NMFS_AREA > 519,52,45
2019,A season,NMFS_AREA > 519,53,30
2019,A season,NMFS_AREA > 519,54,21
2019,A season,NMFS_AREA > 519,55,23
2019,A season,NMFS_AREA > 519,56,15
2019,A season,NMFS_AREA > 519,57,16
2019,A season,NMFS_AREA > 519,58,12
2019,A season,NMFS_AREA > 519,59,11
2019,A season,NMFS_AREA > 519,60,5
2019,A season,NMFS_AREA > 519,61,6
2019,A season,NMFS_AREA > 519,62,3
2019,A season,NMFS_AREA > 519,63,3
2019,A season,NMFS_AREA > 519,64,2
2019,A season,NMFS_AREA > 519,65,9
2019,B season,NMFS_AREA < 520,20,21
2019,B season,NMFS_AREA < 520,21,38
2019,B season,NMFS_AREA < 520,22,42
2019,B season,NMFS_AREA < 520,23,71
2019,B season,NMFS_AREA < 520,24,63
2019,B season,NMFS_AREA < 520,25,71
2019,B season,NMFS_AREA < 520,26,65
2019,B season,NMFS_AREA < 520,27,54
2019,B season,NMFS_AREA < 520,28,39
2019,B season,NMFS_AREA < 520,29,18
2019,B season,NMFS_AREA < 520,30,9
2019,B season,NMFS_AREA < 520,31,14
2019,B season,NMFS_AREA < 520,32,16
2019,B season,NMFS_AREA < 520,33,25
2019,B season,NMFS_AREA < 520,34,43
2019,B season,NMFS_AREA < 520,35,63
2019,B season,NMFS_AREA < 520,36,99
2019,B season,NMFS_AREA < 520,37,114
2019,B season,NMFS_AREA < 520,38,144
2019,B season,NMFS_AREA < 520,39,156
2019,B season,NMFS_AREA < 520,40,166
2019,B season,NMFS_AREA < 520,41,294
2019,B season,NMFS_AREA < 520,42,608
2019,B season,NMFS_AREA < 520,43,1356
2019,B season,NMFS_AREA < 520,44,2862
2019,B season,NMFS_AREA < 520,45,4630
2019,B season,NMFS_AREA < 520,46,6421
2019,B season,NMFS_AREA < 520,47,7644
2019,B season,NMFS_AREA < 520,48,8230
2019,B season,NMFS_AREA < 520,49,7910
2019,B season,NMFS_AREA < 520,50,7057
2019,B season,NMFS_AREA < 520,51,5661
2019,B season,NMFS_AREA < 520,52,4275
2019,B season,NMFS_AREA < 520,53,2902
2019,B season,NMFS_AREA < 520,54,1785
2019,B season,NMFS_AREA < 520,55,1094
2019,B season,NMFS_AREA < 520,56,618
2019,B season,NMFS_AREA < 520,57,350
2019,B season,NMFS_AREA < 520,58,208
2019,B season,NMFS_AREA < 520,59,139
2019,B season,NMFS_AREA < 520,60,84
2019,B season,NMFS_AREA < 520,61,50
2019,B season,NMFS_AREA < 520,62,23
2019,B season,NMFS_AREA < 520,63,27
2019,B season,NMFS_AREA < 520,64,14
2019,B season,NMFS_AREA < 520,65,35
2019,B season,NMFS_AREA > 519,20,21
2019,B season,NMFS_AREA > 519,21,28
2019,B season,NMFS_AREA > 519,22,16
2019,B season,NMFS_AREA > 519,23,21
2019,B season,NMFS_AREA > 519,24,16
2019,B season,NMFS_AREA > 519,25,37
2019,B season,NMFS_AREA > 519,26,48
2019,B season,NMFS_AREA > 519,27,74
2019,B season,NMFS_AREA > 519,28,97
2019,B season,NMFS_AREA > 519,29,124
2019,B season,NMFS_AREA > 519,30,167
2019,B season,NMFS_AREA > 519,31,206
2019,B season,NMFS_AREA > 519,32,219
2019,B season,NMFS_AREA > 519,33,289
2019,B season,NMFS_AREA > 519,34,281
2019,B season,NMFS_AREA > 519,35,339
2019,B season,NMFS_AREA > 519,36,317
2019,B season,NMFS_AREA > 519,37,320
2019,B season,NMFS_AREA > 519,38,332
2019,B season,NMFS_AREA > 519,39,451
2019,B season,NMFS_AREA > 519,40,789
2019,B season,NMFS_AREA > 519,41,1422
2019,B season,NMFS_AREA > 519,42,2069
2019,B season,NMFS_AREA > 519,43,2761
2019,B season,NMFS_AREA > 519,44,3466
2019,B season,NMFS_AREA > 519,45,3793
2019,B season,NMFS_AREA > 519,46,3859
2019,B season,NMFS_AREA > 519,47,3679
2019,B season,NMFS_AREA > 519,48,3433
2019,B season,NMFS_AREA > 519,49,2980
2019,B season,NMFS_AREA > 519,50,2430
2019,B season,NMFS_AREA > 519,51,1974
2019,B season,NMFS_AREA > 519,52,1421
2019,B season,NMFS_AREA > 519,53,1082
2019,B season,NMFS_AREA > 519,54,769
2019,B season,NMFS_AREA > 519,55,551
2019,B season,NMFS_AREA > 519,56,355
2019,B season,NMFS_AREA > 519,57,231
2019,B season,NMFS_AREA > 519,58,119
2019,B season,NMFS_AREA > 519,59,74
2019,B season,NMFS_AREA > 519,60,61
2019,B season,NMFS_AREA > 519,61,26
2019,B season,NMFS_AREA > 519,62,27
2019,B season,NMFS_AREA > 519,63,13
2019,B season,NMFS_AREA > 519,64,12
2019,B season,NMFS_AREA > 519,65,24
2020,A season,NMFS_AREA < 520,20,6
2020,A season,NMFS_AREA < 520,21,8
2020,A season,NMFS_AREA < 520,22,15
2020,A season,NMFS_AREA < 520,23,43
2020,A season,NMFS_AREA < 520,24,65
2020,A season,NMFS_AREA < 520,25,72
2020,A season,NMFS_AREA < 520,26,110
2020,A season,NMFS_AREA < 520,27,115
2020,A season,NMFS_AREA < 520,28,102
2020,A season,NMFS_AREA < 520,29,73
2020,A season,NMFS_AREA < 520,30,53
2020,A season,NMFS_AREA < 520,31,53
2020,A season,NMFS_AREA < 520,32,59
2020,A season,NMFS_AREA < 520,33,85
2020,A season,NMFS_AREA < 520,34,109
2020,A season,NMFS_AREA < 520,35,188
2020,A season,NMFS_AREA < 520,36,263
2020,A season,NMFS_AREA < 520,37,405
2020,A season,NMFS_AREA < 520,38,589
2020,A season,NMFS_AREA < 520,39,865
2020,A season,NMFS_AREA < 520,40,1144
2020,A season,NMFS_AREA < 520,41,1874
2020,A season,NMFS_AREA < 520,42,2919
2020,A season,NMFS_AREA < 520,43,4352
2020,A season,NMFS_AREA < 520,44,5512
2020,A season,NMFS_AREA < 520,45,6359
2020,A season,NMFS_AREA < 520,46,6780
2020,A season,NMFS_AREA < 520,47,6812
2020,A season,NMFS_AREA < 520,48,6454
2020,A season,NMFS_AREA < 520,49,5711
2020,A season,NMFS_AREA < 520,50,4921
2020,A season,NMFS_AREA < 520,51,3743
2020,A season,NMFS_AREA < 520,52,2881
2020,A season,NMFS_AREA < 520,53,2145
2020,A season,NMFS_AREA < 520,54,1540
2020,A season,NMFS_AREA < 520,55,1218
2020,A season,NMFS_AREA < 520,56,863
2020,A season,NMFS_AREA < 520,57,646
2020,A season,NMFS_AREA < 520,58,483
2020,A season,NMFS_AREA < 520,59,413
2020,A season,NMFS_AREA < 520,60,294
2020,A season,NMFS_AREA < 520,61,225
2020,A season,NMFS_AREA < 520,62,172
2020,A season,NMFS_AREA < 520,63,133
2020,A season,NMFS_AREA < 520,64,115
2020,A season,NMFS_AREA < 520,65,296
2020,A season,NMFS_AREA > 519,20,1
2020,A season,NMFS_AREA > 519,21,15
2020,A season,NMFS_AREA > 519,22,26
2020,A season,NMFS_AREA > 519,23,30
2020,A season,NMFS_AREA > 519,24,47
2020,A season,NMFS_AREA > 519,25,51
2020,A season,NMFS_AREA > 519,26,50
2020,A season,NMFS_AREA > 519,27,45
2020,A season,NMFS_AREA > 519,28,38
2020,A season,NMFS_AREA > 519,29,56
2020,A season,NMFS_AREA > 519,30,97
2020,A season,NMFS_AREA > 519,31,169
2020,A season,NMFS_AREA > 519,32,203
2020,A season,NMFS_AREA > 519,33,260
2020,A season,NMFS_AREA > 519,34,286
2020,A season,NMFS_AREA > 519,35,351
2020,A season,NMFS_AREA > 519,36,341
2020,A season,NMFS_AREA > 519,37,396
2020,A season,NMFS_AREA > 519,38,372
2020,A season,NMFS_AREA > 519,39,394
2020,A season,NMFS_AREA > 519,40,376
2020,A season,NMFS_AREA > 519,41,427
2020,A season,NMFS_AREA > 519,42,534
2020,A season,NMFS_AREA > 519,43,761
2020,A season,NMFS_AREA > 519,44,919
2020,A season,NMFS_AREA > 519,45,1117
2020,A season,NMFS_AREA > 519,46,1142
2020,A season,NMFS_AREA > 519,47,1150
2020,A season,NMFS_AREA > 519,48,1022
2020,A season,NMFS_AREA > 519,49,869
2020,A season,NMFS_AREA > 519,50,706
2020,A season,NMFS_AREA > 519,51,564
2020,A season,NMFS_AREA > 519,52,426
2020,A season,NMFS_AREA > 519,53,322
2020,A season,NMFS_AREA > 519,54,266
2020,A season,NMFS_AREA > 519,55,224
2020,A season,NMFS_AREA > 519,56,189
2020,A season,NMFS_AREA > 519,57,156
2020,A season,NMFS_AREA > 519,58,152
2020,A season,NMFS_AREA > 519,59,105
2020,A season,NMFS_AREA > 519,60,89
2020,A season,NMFS_AREA > 519,61,95
2020,A season,NMFS_AREA > 519,62,62
2020,A season,NMFS_AREA > 519,63,60
2020,A season,NMFS_AREA > 519,64,48
2020,A season,NMFS_AREA > 519,65,147
2020,B season,NMFS_AREA < 520,20,11
2020,B season,NMFS_AREA < 520,21,21
2020,B season,NMFS_AREA < 520,22,32
2020,B season,NMFS_AREA < 520,23,37
2020,B season,NMFS_AREA < 520,24,57
2020,B season,NMFS_AREA < 520,25,132
2020,B season,NMFS_AREA < 520,26,239
2020,B season,NMFS_AREA < 520,27,462
2020,B season,NMFS_AREA < 520,28,633
2020,B season,NMFS_AREA < 520,29,878
2020,B season,NMFS_AREA < 520,30,1269
2020,B season,NMFS_AREA < 520,31,1614
2020,B season,NMFS_AREA < 520,32,1900
2020,B season,NMFS_AREA < 520,33,1916
2020,B season,NMFS_AREA < 520,34,1834
2020,B season,NMFS_AREA < 520,35,1618
2020,B season,NMFS_AREA < 520,36,1312
2020,B season,NMFS_AREA < 520,37,1117
2020,B season,NMFS_AREA < 520,38,965
2020,B season,NMFS_AREA < 520,39,740
2020,B season,NMFS_AREA < 520,40,569
2020,B season,NMFS_AREA < 520,41,563
2020,B season,NMFS_AREA < 520,42,583
2020,B season,NMFS_AREA < 520,43,805
2020,B season,NMFS_AREA < 520,44,1166
2020,B season,NMFS_AREA < 520,45,1737
2020,B season,NMFS_AREA < 520,46,2603
2020,B season,NMFS_AREA < 520,47,3446
2020,B season,NMFS_AREA < 520,48,4108
2020,B season,NMFS_AREA < 520,49,4700
2020,B season,NMFS_AREA < 520,50,4836
2020,B season,NMFS_AREA < 520,51,4543
2020,B season,NMFS_AREA < 520,52,4086
2020,B season,NMFS_AREA < 520,53,3246
2020,B season,NMFS_AREA < 520,54,2405
2020,B season,NMFS_AREA < 520,55,1677
2020,B season,NMFS_AREA < 520,56,1065
2020,B season,NMFS_AREA < 520,57,660
2020,B season,NMFS_AREA < 520,58,378
2020,B season,NMFS_AREA < 520,59,198
2020,B season,NMFS_AREA < 520,60,135
2020,B season,NMFS_AREA < 520,61,89
2020,B season,NMFS_AREA < 520,62,39
2020,B season,NMFS_AREA < 520,63,26
2020,B season,NMFS_AREA < 520,64,16
2020,B season,NMFS_AREA < 520,65,39
2020,B season,NMFS_AREA > 519,20,32
2020,B season,NMFS_AREA > 519,21,97
2020,B season,NMFS_AREA > 519,22,201
2020,B season,NMFS_AREA > 519,23,326
2020,B season,NMFS_AREA > 519,24,570
2020,B season,NMFS_AREA > 519,25,783
2020,B season,NMFS_AREA > 519,26,1041
2020,B season,NMFS_AREA > 519,27,1195
2020,B season,NMFS_AREA > 519,28,1328
2020,B season,NMFS_AREA > 519,29,1393
2020,B season,NMFS_AREA > 519,30,1514
2020,B season,NMFS_AREA > 519,31,1588
2020,B season,NMFS_AREA > 519,32,1665
2020,B season,NMFS_AREA > 519,33,1653
2020,B season,NMFS_AREA > 519,34,1577
2020,B season,NMFS_AREA > 519,35,1392
2020,B season,NMFS_AREA > 519,36,1332
2020,B season,NMFS_AREA > 519,37,1254
2020,B season,NMFS_AREA > 519,38,1370
2020,B season,NMFS_AREA > 519,39,1401
2020,B season,NMFS_AREA > 519,40,1595
2020,B season,NMFS_AREA > 519,41,1698
2020,B season,NMFS_AREA > 519,42,1997
2020,B season,NMFS_AREA > 519,43,2769
2020,B season,NMFS_AREA > 519,44,3602
2020,B season,NMFS_AREA > 519,45,4454
2020,B season,NMFS_AREA > 519,46,5099
2020,B season,NMFS_AREA > 519,47,5131
2020,B season,NMFS_AREA > 519,48,4918
2020,B season,NMFS_AREA > 519,49,4300
2020,B season,NMFS_AREA > 519,50,3576
2020,B season,NMFS_AREA > 519,51,2796
2020,B season,NMFS_AREA > 519,52,2084
2020,B season,NMFS_AREA > 519,53,1474
2020,B season,NMFS_AREA > 519,54,949
2020,B season,NMFS_AREA > 519,55,652
2020,B season,NMFS_AREA > 519,56,441
2020,B season,NMFS_AREA > 519,57,223
2020,B season,NMFS_AREA > 519,58,160
2020,B season,NMFS_AREA > 519,59,107
2020,B season,NMFS_AREA > 519,60,66
2020,B season,NMFS_AREA > 519,61,43
2020,B season,NMFS_AREA > 519,62,15
2020,B season,NMFS_AREA > 519,63,17
2020,B season,NMFS_AREA > 519,64,8
2020,B season,NMFS_AREA > 519,65,33
2021,A season,NMFS_AREA < 520,20,3
2021,A season,NMFS_AREA < 520,21,2
2021,A season,NMFS_AREA < 520,22,1
2021,A season,NMFS_AREA < 520,23,2
2021,A season,NMFS_AREA < 520,24,4
2021,A season,NMFS_AREA < 520,25,17
2021,A season,NMFS_AREA < 520,26,34
2021,A season,NMFS_AREA < 520,27,86
2021,A season,NMFS_AREA < 520,28,129
2021,A season,NMFS_AREA < 520,29,214
2021,A season,NMFS_AREA < 520,30,361
2021,A season,NMFS_AREA < 520,31,653
2021,A season,NMFS_AREA < 520,32,916
2021,A season,NMFS_AREA < 520,33,1271
2021,A season,NMFS_AREA < 520,34,1570
2021,A season,NMFS_AREA < 520,35,1732
2021,A season,NMFS_AREA < 520,36,1814
2021,A season,NMFS_AREA < 520,37,1741
2021,A season,NMFS_AREA < 520,38,1715
2021,A season,NMFS_AREA < 520,39,1791
2021,A season,NMFS_AREA < 520,40,2099
2021,A season,NMFS_AREA < 520,41,2372
2021,A season,NMFS_AREA < 520,42,2872
2021,A season,NMFS_AREA < 520,43,3618
2021,A season,NMFS_AREA < 520,44,4303
2021,A season,NMFS_AREA < 520,45,5242
2021,A season,NMFS_AREA < 520,46,5815
2021,A season,NMFS_AREA < 520,47,6105
2021,A season,NMFS_AREA < 520,48,6023
2021,A season,NMFS_AREA < 520,49,5578
2021,A season,NMFS_AREA < 520,50,5015
2021,A season,NMFS_AREA < 520,51,4159
2021,A season,NMFS_AREA < 520,52,3289
2021,A season,NMFS_AREA < 520,53,2582
2021,A season,NMFS_AREA < 520,54,1895
2021,A season,NMFS_AREA < 520,55,1405
2021,A season,NMFS_AREA < 520,56,1108
2021,A season,NMFS_AREA < 520,57,858
2021,A season,NMFS_AREA < 520,58,676
2021,A season,NMFS_AREA < 520,59,530
2021,A season,NMFS_AREA < 520,60,406
2021,A season,NMFS_AREA < 520,61,289
2021,A season,NMFS_AREA < 520,62,255
2021,A season,NMFS_AREA < 520,63,187
2021,A season,NMFS_AREA < 520,64,136
2021,A season,NMFS_AREA < 520,65,424
2021,A season,NMFS_AREA > 519,22,1
2021,A season,NMFS_AREA > 519,23,2
2021,A season,NMFS_AREA > 519,24,1
2021,A season,NMFS_AREA > 519,25,1
2021,A season,NMFS_AREA > 519,26,3
2021,A season,NMFS_AREA > 519,27,12
2021,A season,NMFS_AREA > 519,28,18
2021,A season,NMFS_AREA > 519,29,43
2021,A season,NMFS_AREA > 519,30,88
2021,A season,NMFS_AREA > 519,31,188
2021,A season,NMFS_AREA > 519,32,246
2021,A season,NMFS_AREA > 519,33,300
2021,A season,NMFS_AREA > 519,34,332
2021,A season,NMFS_AREA > 519,35,375
2021,A season,NMFS_AREA > 519,36,397
2021,A season,NMFS_AREA > 519,37,377
2021,A season,NMFS_AREA > 519,38,360
2021,A season,NMFS_AREA > 519,39,299
2021,A season,NMFS_AREA > 519,40,305
2021,A season,NMFS_AREA > 519,41,264
2021,A season,NMFS_AREA > 519,42,298
2021,A season,NMFS_AREA > 519,43,408
2021,A season,NMFS_AREA > 519,44,472
2021,A season,NMFS_AREA > 519,45,602
2021,A season,NMFS_AREA > 519,46,664
2021,A season,NMFS_AREA > 519,47,684
2021,A season,NMFS_AREA > 519,48,689
2021,A season,NMFS_AREA > 519,49,587
2021,A season,NMFS_AREA > 519,50,547
2021,A season,NMFS_AREA > 519,51,445
2021,A season,NMFS_AREA > 519,52,349
2021,A season,NMFS_AREA > 519,53,271
2021,A season,NMFS_AREA > 519,54,208
2021,A season,NMFS_AREA > 519,55,183
2021,A season,NMFS_AREA > 519,56,147
2021,A season,NMFS_AREA > 519,57,99
2021,A season,NMFS_AREA > 519,58,82
2021,A season,NMFS_AREA > 519,59,57
2021,A season,NMFS_AREA > 519,60,49
2021,A season,NMFS_AREA > 519,61,47
2021,A season,NMFS_AREA > 519,62,32
2021,A season,NMFS_AREA > 519,63,18
2021,A season,NMFS_AREA > 519,64,18
2021,A season,NMFS_AREA > 519,65,35
2021,B season,NMFS_AREA < 520,20,6
2021,B season,NMFS_AREA < 520,21,11
2021,B season,NMFS_AREA < 520,22,6
2021,B season,NMFS_AREA < 520,23,21
2021,B season,NMFS_AREA < 520,24,19
2021,B season,NMFS_AREA < 520,25,33
2021,B season,NMFS_AREA < 520,26,40
2021,B season,NMFS_AREA < 520,27,60
2021,B season,NMFS_AREA < 520,28,161
2021,B season,NMFS_AREA < 520,29,294
2021,B season,NMFS_AREA < 520,30,520
2021,B season,NMFS_AREA < 520,31,903
2021,B season,NMFS_AREA < 520,32,1447
2021,B season,NMFS_AREA < 520,33,2253
2021,B season,NMFS_AREA < 520,34,3378
2021,B season,NMFS_AREA < 520,35,4765
2021,B season,NMFS_AREA < 520,36,5751
2021,B season,NMFS_AREA < 520,37,6220
2021,B season,NMFS_AREA < 520,38,5851
2021,B season,NMFS_AREA < 520,39,4858
2021,B season,NMFS_AREA < 520,40,3531
2021,B season,NMFS_AREA < 520,41,2344
2021,B season,NMFS_AREA < 520,42,1452
2021,B season,NMFS_AREA < 520,43,896
2021,B season,NMFS_AREA < 520,44,611
2021,B season,NMFS_AREA < 520,45,544
2021,B season,NMFS_AREA < 520,46,513
2021,B season,NMFS_AREA < 520,47,593
2021,B season,NMFS_AREA < 520,48,671
2021,B season,NMFS_AREA < 520,49,756
2021,B season,NMFS_AREA < 520,50,818
2021,B season,NMFS_AREA < 520,51,794
2021,B season,NMFS_AREA < 520,52,814
2021,B season,NMFS_AREA < 520,53,725
2021,B season,NMFS_AREA < 520,54,611
2021,B season,NMFS_AREA < 520,55,494
2021,B season,NMFS_AREA < 520,56,379
2021,B season,NMFS_AREA < 520,57,289
2021,B season,NMFS_AREA < 520,58,193
2021,B season,NMFS_AREA < 520,59,146
2021,B season,NMFS_AREA < 520,60,81
2021,B season,NMFS_AREA < 520,61,51
2021,B season,NMFS_AREA < 520,62,32
2021,B season,NMFS_AREA < 520,63,28
2021,B season,NMFS_AREA < 520,64,20
2021,B season,NMFS_AREA < 520,65,26
2021,B season,NMFS_AREA > 519,20,2
2021,B season,NMFS_AREA > 519,22,4
2021,B season,NMFS_AREA > 519,23,3
2021,B season,NMFS_AREA > 519,24,7
2021,B season,NMFS_AREA > 519,25,18
2021,B season,NMFS_AREA > 519,26,37
2021,B season,NMFS_AREA > 519,27,72
2021,B season,NMFS_AREA > 519,28,112
2021,B season,NMFS_AREA > 519,29,229
2021,B season,NMFS_AREA > 519,30,486
2021,B season,NMFS_AREA > 519,31,893
2021,B season,NMFS_AREA > 519,32,1631
2021,B season,NMFS_AREA > 519,33,2393
2021,B season,NMFS_AREA > 519,34,3058
2021,B season,NMFS_AREA > 519,35,3369
2021,B season,NMFS_AREA > 519,36,3524
2021,B season,NMFS_AREA > 519,37,3418
2021,B season,NMFS_AREA > 519,38,2973
2021,B season,NMFS_AREA > 519,39,2321
2021,B season,NMFS_AREA > 519,40,1726
2021,B season,NMFS_AREA > 519,41,1065
2021,B season,NMFS_AREA > 519,42,712
2021,B season,NMFS_AREA > 519,43,553
2021,B season,NMFS_AREA > 519,44,528
2021,B season,NMFS_AREA > 519,45,647
2021,B season,NMFS_AREA > 519,46,760
2021,B season,NMFS_AREA > 519,47,935
2021,B season,NMFS_AREA > 519,48,1002
2021,B season,NMFS_AREA > 519,49,921
2021,B season,NMFS_AREA > 519,50,812
2021,B season,NMFS_AREA > 519,51,649
2021,B season,NMFS_AREA > 519,52,477
2021,B season,NMFS_AREA > 519,53,331
2021,B season,NMFS_AREA > 519,54,211
2021,B season,NMFS_AREA > 519,55,145
2021,B season,NMFS_AREA > 519,56,67
2021,B season,NMFS_AREA > 519,57,54
2021,B season,NMFS_AREA > 519,58,29
2021,B season,NMFS_AREA > 519,59,19
2021,B season,NMFS_AREA > 519,60,15
2021,B season,NMFS_AREA > 519,61,7
2021,B season,NMFS_AREA > 519,62,8
2021,B season,NMFS_AREA > 519,63,4
2021,B season,NMFS_AREA > 519,64,2
2021,B season,NMFS_AREA > 519,65,9
2022,A season,NMFS_AREA < 520,20,1
2022,A season,NMFS_AREA < 520,22,10
2022,A season,NMFS_AREA < 520,23,20
2022,A season,NMFS_AREA < 520,24,50
2022,A season,NMFS_AREA < 520,25,107
2022,A season,NMFS_AREA < 520,26,135
2022,A season,NMFS_AREA < 520,27,185
2022,A season,NMFS_AREA < 520,28,220
2022,A season,NMFS_AREA < 520,29,244
2022,A season,NMFS_AREA < 520,30,235
2022,A season,NMFS_AREA < 520,31,274
2022,A season,NMFS_AREA < 520,32,322
2022,A season,NMFS_AREA < 520,33,494
2022,A season,NMFS_AREA < 520,34,868
2022,A season,NMFS_AREA < 520,35,1550
2022,A season,NMFS_AREA < 520,36,2408
2022,A season,NMFS_AREA < 520,37,3229
2022,A season,NMFS_AREA < 520,38,3855
2022,A season,NMFS_AREA < 520,39,4200
2022,A season,NMFS_AREA < 520,40,4403
2022,A season,NMFS_AREA < 520,41,4349
2022,A season,NMFS_AREA < 520,42,3952
2022,A season,NMFS_AREA < 520,43,3777
2022,A season,NMFS_AREA < 520,44,3415
2022,A season,NMFS_AREA < 520,45,3246
2022,A season,NMFS_AREA < 520,46,3245
2022,A season,NMFS_AREA < 520,47,3447
2022,A season,NMFS_AREA < 520,48,3558
2022,A season,NMFS_AREA < 520,49,3421
2022,A season,NMFS_AREA < 520,50,3260
2022,A season,NMFS_AREA < 520,51,2839
2022,A season,NMFS_AREA < 520,52,2355
2022,A season,NMFS_AREA < 520,53,1987
2022,A season,NMFS_AREA < 520,54,1470
2022,A season,NMFS_AREA < 520,55,1142
2022,A season,NMFS_AREA < 520,56,823
2022,A season,NMFS_AREA < 520,57,608
2022,A season,NMFS_AREA < 520,58,457
2022,A season,NMFS_AREA < 520,59,359
2022,A season,NMFS_AREA < 520,60,260
2022,A season,NMFS_AREA < 520,61,212
2022,A season,NMFS_AREA < 520,62,154
2022,A season,NMFS_AREA < 520,63,135
2022,A season,NMFS_AREA < 520,64,98
2022,A season,NMFS_AREA < 520,65,297
2022,A season,NMFS_AREA > 519,21,1
2022,A season,NMFS_AREA > 519,22,2
2022,A season,NMFS_AREA > 519,23,1
2022,A season,NMFS_AREA > 519,24,9
2022,A season,NMFS_AREA > 519,25,8
2022,A season,NMFS_AREA > 519,26,6
2022,A season,NMFS_AREA > 519,27,6
2022,A season,NMFS_AREA > 519,28,7
2022,A season,NMFS_AREA > 519,29,3
2022,A season,NMFS_AREA > 519,30,8
2022,A season,NMFS_AREA > 519,31,8
2022,A season,NMFS_AREA > 519,32,22
2022,A season,NMFS_AREA > 519,33,18
2022,A season,NMFS_AREA > 519,34,29
2022,A season,NMFS_AREA > 519,35,49
2022,A season,NMFS_AREA > 519,36,77
2022,A season,NMFS_AREA > 519,37,118
2022,A season,NMFS_AREA > 519,38,126
2022,A season,NMFS_AREA > 519,39,162
2022,A season,NMFS_AREA > 519,40,151
2022,A season,NMFS_AREA > 519,41,158
2022,A season,NMFS_AREA > 519,42,179
2022,A season,NMFS_AREA > 519,43,154
2022,A season,NMFS_AREA > 519,44,143
2022,A season,NMFS_AREA > 519,45,134
2022,A season,NMFS_AREA > 519,46,139
2022,A season,NMFS_AREA > 519,47,145
2022,A season,NMFS_AREA > 519,48,185
2022,A season,NMFS_AREA > 519,49,165
2022,A season,NMFS_AREA > 519,50,178
2022,A season,NMFS_AREA > 519,51,170
2022,A season,NMFS_AREA > 519,52,127
2022,A season,NMFS_AREA > 519,53,126
2022,A season,NMFS_AREA > 519,54,124
2022,A season,NMFS_AREA > 519,55,101
2022,A season,NMFS_AREA > 519,56,75
2022,A season,NMFS_AREA > 519,57,78
2022,A season,NMFS_AREA > 519,58,65
2022,A season,NMFS_AREA > 519,59,54
2022,A season,NMFS_AREA > 519,60,55
2022,A season,NMFS_AREA > 519,61,46
2022,A season,NMFS_AREA > 519,62,24
2022,A season,NMFS_AREA > 519,63,23
2022,A season,NMFS_AREA > 519,64,28
2022,A season,NMFS_AREA > 519,65,70
2022,B season,NMFS_AREA < 520,20,4
2022,B season,NMFS_AREA < 520,21,4
2022,B season,NMFS_AREA < 520,22,7
2022,B season,NMFS_AREA < 520,23,5
2022,B season,NMFS_AREA < 520,24,3
2022,B season,NMFS_AREA < 520,25,6
2022,B season,NMFS_AREA < 520,26,11
2022,B season,NMFS_AREA < 520,27,7
2022,B season,NMFS_AREA < 520,28,17
2022,B season,NMFS_AREA < 520,29,43
2022,B season,NMFS_AREA < 520,30,122
2022,B season,NMFS_AREA < 520,31,266
2022,B season,NMFS_AREA < 520,32,430
2022,B season,NMFS_AREA < 520,33,640
2022,B season,NMFS_AREA < 520,34,914
2022,B season,NMFS_AREA < 520,35,1155
2022,B season,NMFS_AREA < 520,36,1513
2022,B season,NMFS_AREA < 520,37,2178
2022,B season,NMFS_AREA < 520,38,2969
2022,B season,NMFS_AREA < 520,39,3901
2022,B season,NMFS_AREA < 520,40,4674
2022,B season,NMFS_AREA < 520,41,4995
2022,B season,NMFS_AREA < 520,42,4950
2022,B season,NMFS_AREA < 520,43,4446
2022,B season,NMFS_AREA < 520,44,3446
2022,B season,NMFS_AREA < 520,45,2444
2022,B season,NMFS_AREA < 520,46,1565
2022,B season,NMFS_AREA < 520,47,1045
2022,B season,NMFS_AREA < 520,48,727
2022,B season,NMFS_AREA < 520,49,593
2022,B season,NMFS_AREA < 520,50,533
2022,B season,NMFS_AREA < 520,51,561
2022,B season,NMFS_AREA < 520,52,523
2022,B season,NMFS_AREA < 520,53,500
2022,B season,NMFS_AREA < 520,54,411
2022,B season,NMFS_AREA < 520,55,357
2022,B season,NMFS_AREA < 520,56,281
2022,B season,NMFS_AREA < 520,57,212
2022,B season,NMFS_AREA < 520,58,147
2022,B season,NMFS_AREA < 520,59,100
2022,B season,NMFS_AREA < 520,60,71
2022,B season,NMFS_AREA < 520,61,45
2022,B season,NMFS_AREA < 520,62,40
2022,B season,NMFS_AREA < 520,63,27
2022,B season,NMFS_AREA < 520,64,15
2022,B season,NMFS_AREA < 520,65,23
2022,B season,NMFS_AREA > 519,20,1
2022,B season,NMFS_AREA > 519,21,1
2022,B season,NMFS_AREA > 519,22,2
2022,B season,NMFS_AREA > 519,23,5
2022,B season,NMFS_AREA > 519,24,1
2022,B season,NMFS_AREA > 519,25,5
2022,B season,NMFS_AREA > 519,26,6
2022,B season,NMFS_AREA > 519,27,4
2022,B season,NMFS_AREA > 519,28,4
2022,B season,NMFS_AREA > 519,29,8
2022,B season,NMFS_AREA > 519,30,19
2022,B season,NMFS_AREA > 519,31,26
2022,B season,NMFS_AREA > 519,32,59
2022,B season,NMFS_AREA > 519,33,143
2022,B season,NMFS_AREA > 519,34,326
2022,B season,NMFS_AREA > 519,35,677
2022,B season,NMFS_AREA > 519,36,1163
2022,B season,NMFS_AREA > 519,37,1733
2022,B season,NMFS_AREA > 519,38,2059
2022,B season,NMFS_AREA > 519,39,2251
2022,B season,NMFS_AREA > 519,40,2206
2022,B season,NMFS_AREA > 519,41,1968
2022,B season,NMFS_AREA > 519,42,1598
2022,B season,NMFS_AREA > 519,43,1227
2022,B season,NMFS_AREA > 519,44,836
2022,B season,NMFS_AREA > 519,45,587
2022,B season,NMFS_AREA > 519,46,441
2022,B season,NMFS_AREA > 519,47,371
2022,B season,NMFS_AREA > 519,48,322
2022,B season,NMFS_AREA > 519,49,355
2022,B season,NMFS_AREA > 519,50,350
2022,B season,NMFS_AREA > 519,51,290
2022,B season,NMFS_AREA > 519,52,245
2022,B season,NMFS_AREA > 519,53,210
2022,B season,NMFS_AREA > 519,54,181
2022,B season,NMFS_AREA > 519,55,124
2022,B season,NMFS_AREA > 519,56,99
2022,B season,NMFS_AREA > 519,57,69
2022,B season,NMFS_AREA > 519,58,47
2022,B season,NMFS_AREA > 519,59,31
2022,B season,NMFS_AREA > 519,60,25
2022,B season,NMFS_AREA > 519,61,21
2022,B season,NMFS_AREA > 519,62,9
2022,B season,NMFS_AREA > 519,63,10
2022,B season,NMFS_AREA > 519,64,10
2022,B season,NMFS_AREA > 519,65,34
2023,A season,NMFS_AREA < 520,20,1
2023,A season,NMFS_AREA < 520,21,2
2023,A season,NMFS_AREA < 520,22,4
2023,A season,NMFS_AREA < 520,23,7
2023,A season,NMFS_AREA < 520,24,21
2023,A season,NMFS_AREA < 520,25,49
2023,A season,NMFS_AREA < 520,26,92
2023,A season,NMFS_AREA < 520,27,172
2023,A season,NMFS_AREA < 520,28,233
2023,A season,NMFS_AREA < 520,29,275
2023,A season,NMFS_AREA < 520,30,230
2023,A season,NMFS_AREA < 520,31,176
2023,A season,NMFS_AREA < 520,32,128
2023,A season,NMFS_AREA < 520,33,174
2023,A season,NMFS_AREA < 520,34,297
2023,A season,NMFS_AREA < 520,35,708
2023,A season,NMFS_AREA < 520,36,1441
2023,A season,NMFS_AREA < 520,37,2676
2023,A season,NMFS_AREA < 520,38,4254
2023,A season,NMFS_AREA < 520,39,5552
2023,A season,NMFS_AREA < 520,40,6448
2023,A season,NMFS_AREA < 520,41,6964
2023,A season,NMFS_AREA < 520,42,7023
2023,A season,NMFS_AREA < 520,43,6747
2023,A season,NMFS_AREA < 520,44,6188
2023,A season,NMFS_AREA < 520,45,5282
2023,A season,NMFS_AREA < 520,46,4297
2023,A season,NMFS_AREA < 520,47,3474
2023,A season,NMFS_AREA < 520,48,2809
2023,A season,NMFS_AREA < 520,49,2468
2023,A season,NMFS_AREA < 520,50,2195
2023,A season,NMFS_AREA < 520,51,1939
2023,A season,NMFS_AREA < 520,52,1610
2023,A season,NMFS_AREA < 520,53,1394
2023,A season,NMFS_AREA < 520,54,1177
2023,A season,NMFS_AREA < 520,55,930
2023,A season,NMFS_AREA < 520,56,761
2023,A season,NMFS_AREA < 520,57,639
2023,A season,NMFS_AREA < 520,58,537
2023,A season,NMFS_AREA < 520,59,390
2023,A season,NMFS_AREA < 520,60,339
2023,A season,NMFS_AREA < 520,61,277
2023,A season,NMFS_AREA < 520,62,223
2023,A season,NMFS_AREA < 520,63,197
2023,A season,NMFS_AREA < 520,64,146
2023,A season,NMFS_AREA < 520,65,441
2023,A season,NMFS_AREA > 519,21,1
2023,A season,NMFS_AREA > 519,24,2
2023,A season,NMFS_AREA > 519,25,3
2023,A season,NMFS_AREA > 519,26,2
2023,A season,NMFS_AREA > 519,27,2
2023,A season,NMFS_AREA > 519,28,1
2023,A season,NMFS_AREA > 519,29,1
2023,A season,NMFS_AREA > 519,30,1
2023,A season,NMFS_AREA > 519,31,5
2023,A season,NMFS_AREA > 519,32,7
2023,A season,NMFS_AREA > 519,33,16
2023,A season,NMFS_AREA > 519,34,29
2023,A season,NMFS_AREA > 519,35,65
2023,A season,NMFS_AREA > 519,36,90
2023,A season,NMFS_AREA > 519,37,131
2023,A season,NMFS_AREA > 519,38,199
2023,A season,NMFS_AREA > 519,39,250
2023,A season,NMFS_AREA > 519,40,286
2023,A season,NMFS_AREA > 519,41,297
2023,A season,NMFS_AREA > 519,42,305
2023,A season,NMFS_AREA > 519,43,276
2023,A season,NMFS_AREA > 519,44,239
2023,A season,NMFS_AREA > 519,45,223
2023,A season,NMFS_AREA > 519,46,188
2023,A season,NMFS_AREA > 519,47,180
2023,A season,NMFS_AREA > 519,48,167
2023,A season,NMFS_AREA > 519,49,147
2023,A season,NMFS_AREA > 519,50,140
2023,A season,NMFS_AREA > 519,51,150
2023,A season,NMFS_AREA > 519,52,126
2023,A season,NMFS_AREA > 519,53,118
2023,A season,NMFS_AREA > 519,54,94
2023,A season,NMFS_AREA > 519,55,101
2023,A season,NMFS_AREA > 519,56,72
2023,A season,NMFS_AREA > 519,57,86
2023,A season,NMFS_AREA > 519,58,78
2023,A season,NMFS_AREA > 519,59,61
2023,A season,NMFS_AREA > 519,60,60
2023,A season,NMFS_AREA > 519,61,36
2023,A season,NMFS_AREA > 519,62,35
2023,A season,NMFS_AREA > 519,63,41
2023,A season,NMFS_AREA > 519,64,19
2023,A season,NMFS_AREA > 519,65,58
2023,B season,NMFS_AREA < 520,20,4
2023,B season,NMFS_AREA < 520,23,2
2023,B season,NMFS_AREA < 520,24,1
2023,B season,NMFS_AREA < 520,25,3
2023,B season,NMFS_AREA < 520,26,6
2023,B season,NMFS_AREA < 520,27,11
2023,B season,NMFS_AREA < 520,28,14
2023,B season,NMFS_AREA < 520,29,48
2023,B season,NMFS_AREA < 520,30,76
2023,B season,NMFS_AREA < 520,31,132
2023,B season,NMFS_AREA < 520,32,198
2023,B season,NMFS_AREA < 520,33,293
2023,B season,NMFS_AREA < 520,34,338
2023,B season,NMFS_AREA < 520,35,459
2023,B season,NMFS_AREA < 520,36,482
2023,B season,NMFS_AREA < 520,37,531
2023,B season,NMFS_AREA < 520,38,684
2023,B season,NMFS_AREA < 520,39,1117
2023,B season,NMFS_AREA < 520,40,1871
2023,B season,NMFS_AREA < 520,41,2682
2023,B season,NMFS_AREA < 520,42,3494
2023,B season,NMFS_AREA < 520,43,3935
2023,B season,NMFS_AREA < 520,44,3994
2023,B season,NMFS_AREA < 520,45,3787
2023,B season,NMFS_AREA < 520,46,3304
2023,B season,NMFS_AREA < 520,47,2674
2023,B season,NMFS_AREA < 520,48,1953
2023,B season,NMFS_AREA < 520,49,1417
2023,B season,NMFS_AREA < 520,50,922
2023,B season,NMFS_AREA < 520,51,701
2023,B season,NMFS_AREA < 520,52,535
2023,B season,NMFS_AREA < 520,53,404
2023,B season,NMFS_AREA < 520,54,384
2023,B season,NMFS_AREA < 520,55,325
2023,B season,NMFS_AREA < 520,56,285
2023,B season,NMFS_AREA < 520,57,223
2023,B season,NMFS_AREA < 520,58,172
2023,B season,NMFS_AREA < 520,59,112
2023,B season,NMFS_AREA < 520,60,91
2023,B season,NMFS_AREA < 520,61,54
2023,B season,NMFS_AREA < 520,62,52
2023,B season,NMFS_AREA < 520,63,29
2023,B season,NMFS_AREA < 520,64,21
2023,B season,NMFS_AREA < 520,65,41
2023,B season,NMFS_AREA > 519,20,2
2023,B season,NMFS_AREA > 519,22,2
2023,B season,NMFS_AREA > 519,23,10
2023,B season,NMFS_AREA > 519,24,12
2023,B season,NMFS_AREA > 519,25,26
2023,B season,NMFS_AREA > 519,26,16
2023,B season,NMFS_AREA > 519,27,25
2023,B season,NMFS_AREA > 519,28,21
2023,B season,NMFS_AREA > 519,29,23
2023,B season,NMFS_AREA > 519,30,36
2023,B season,NMFS_AREA > 519,31,47
2023,B season,NMFS_AREA > 519,32,113
2023,B season,NMFS_AREA > 519,33,194
2023,B season,NMFS_AREA > 519,34,331
2023,B season,NMFS_AREA > 519,35,595
2023,B season,NMFS_AREA > 519,36,1124
2023,B season,NMFS_AREA > 519,37,2019
2023,B season,NMFS_AREA > 519,38,3348
2023,B season,NMFS_AREA > 519,39,4392
2023,B season,NMFS_AREA > 519,40,4954
2023,B season,NMFS_AREA > 519,41,4991
2023,B season,NMFS_AREA > 519,42,4489
2023,B season,NMFS_AREA > 519,43,3594
2023,B season,NMFS_AREA > 519,44,2626
2023,B season,NMFS_AREA > 519,45,1774
2023,B season,NMFS_AREA > 519,46,1150
2023,B season,NMFS_AREA > 519,47,786
2023,B season,NMFS_AREA > 519,48,555
2023,B season,NMFS_AREA > 519,49,382
2023,B season,NMFS_AREA > 519,50,330
2023,B season,NMFS_AREA > 519,51,296
2023,B season,NMFS_AREA > 519,52,276
2023,B season,NMFS_AREA > 519,53,238
2023,B season,NMFS_AREA > 519,54,211
2023,B season,NMFS_AREA > 519,55,154
2023,B season,NMFS_AREA > 519,56,150
2023,B season,NMFS_AREA > 519,57,96
2023,B season,NMFS_AREA > 519,58,83
2023,B season,NMFS_AREA > 519,59,65
2023,B season,NMFS_AREA > 519,60,39
2023,B season,NMFS_AREA > 519,61,36
2023,B season,NMFS_AREA > 519,62,21
2023,B season,NMFS_AREA > 519,63,8
2023,B season,NMFS_AREA > 519,64,3
2023,B season,NMFS_AREA > 519,65,19
2024,A season,NMFS_AREA < 520,20,1
2024,A season,NMFS_AREA < 520,22,1
2024,A season,NMFS_AREA < 520,23,2
2024,A season,NMFS_AREA < 520,24,10
2024,A season,NMFS_AREA < 520,25,11
2024,A season,NMFS_AREA < 520,26,9
2024,A season,NMFS_AREA < 520,27,22
2024,A season,NMFS_AREA < 520,28,17
2024,A season,NMFS_AREA < 520,29,28
2024,A season,NMFS_AREA < 520,30,35
2024,A season,NMFS_AREA < 520,31,36
2024,A season,NMFS_AREA < 520,32,66
2024,A season,NMFS_AREA < 520,33,148
2024,A season,NMFS_AREA < 520,34,280
2024,A season,NMFS_AREA < 520,35,531
2024,A season,NMFS_AREA < 520,36,969
2024,A season,NMFS_AREA < 520,37,1604
2024,A season,NMFS_AREA < 520,38,2544
2024,A season,NMFS_AREA < 520,39,3919
2024,A season,NMFS_AREA < 520,40,5331
2024,A season,NMFS_AREA < 520,41,6612
2024,A season,NMFS_AREA < 520,42,7182
2024,A season,NMFS_AREA < 520,43,7327
2024,A season,NMFS_AREA < 520,44,7110
2024,A season,NMFS_AREA < 520,45,6590
2024,A season,NMFS_AREA < 520,46,5780
2024,A season,NMFS_AREA < 520,47,4795
2024,A season,NMFS_AREA < 520,48,3873
2024,A season,NMFS_AREA < 520,49,3074
2024,A season,NMFS_AREA < 520,50,2372
2024,A season,NMFS_AREA < 520,51,1888
2024,A season,NMFS_AREA < 520,52,1516
2024,A season,NMFS_AREA < 520,53,1242
2024,A season,NMFS_AREA < 520,54,974
2024,A season,NMFS_AREA < 520,55,839
2024,A season,NMFS_AREA < 520,56,646
2024,A season,NMFS_AREA < 520,57,498
2024,A season,NMFS_AREA < 520,58,414
2024,A season,NMFS_AREA < 520,59,314
2024,A season,NMFS_AREA < 520,60,250
2024,A season,NMFS_AREA < 520,61,196
2024,A season,NMFS_AREA < 520,62,183
2024,A season,NMFS_AREA < 520,63,122
2024,A season,NMFS_AREA < 520,64,90
2024,A season,NMFS_AREA < 520,65,339
2024,A season,NMFS_AREA > 519,20,3
2024,A season,NMFS_AREA > 519,21,3
2024,A season,NMFS_AREA > 519,22,4
2024,A season,NMFS_AREA > 519,23,2
2024,A season,NMFS_AREA > 519,24,3
2024,A season,NMFS_AREA > 519,25,6
2024,A season,NMFS_AREA > 519,26,3
2024,A season,NMFS_AREA > 519,27,2
2024,A season,NMFS_AREA > 519,28,13
2024,A season,NMFS_AREA > 519,29,25
2024,A season,NMFS_AREA > 519,30,47
2024,A season,NMFS_AREA > 519,31,55
2024,A season,NMFS_AREA > 519,32,65
2024,A season,NMFS_AREA > 519,33,76
2024,A season,NMFS_AREA > 519,34,126
2024,A season,NMFS_AREA > 519,35,208
2024,A season,NMFS_AREA > 519,36,246
2024,A season,NMFS_AREA > 519,37,330
2024,A season,NMFS_AREA > 519,38,513
2024,A season,NMFS_AREA > 519,39,648
2024,A season,NMFS_AREA > 519,40,790
2024,A season,NMFS_AREA > 519,41,843
2024,A season,NMFS_AREA > 519,42,835
2024,A season,NMFS_AREA > 519,43,772
2024,A season,NMFS_AREA > 519,44,612
2024,A season,NMFS_AREA > 519,45,511
2024,A season,NMFS_AREA > 519,46,407
2024,A season,NMFS_AREA > 519,47,385
2024,A season,NMFS_AREA > 519,48,349
2024,A season,NMFS_AREA > 519,49,331
2024,A season,NMFS_AREA > 519,50,310
2024,A season,NMFS_AREA > 519,51,290
2024,A season,NMFS_AREA > 519,52,222
2024,A season,NMFS_AREA > 519,53,203
2024,A season,NMFS_AREA > 519,54,180
2024,A season,NMFS_AREA > 519,55,156
2024,A season,NMFS_AREA > 519,56,125
2024,A season,NMFS_AREA > 519,57,103
2024,A season,NMFS_AREA > 519,58,95
2024,A season,NMFS_AREA > 519,59,76
2024,A season,NMFS_AREA > 519,60,66
2024,A season,NMFS_AREA > 519,61,57
2024,A season,NMFS_AREA > 519,62,34
2024,A season,NMFS_AREA > 519,63,38
2024,A season,NMFS_AREA > 519,64,28
2024,A season,NMFS_AREA > 519,65,55
2024,B season,NMFS_AREA < 520,20,1
2024,B season,NMFS_AREA < 520,21,2
2024,B season,NMFS_AREA < 520,22,5
2024,B season,NMFS_AREA < 520,23,7
2024,B season,NMFS_AREA < 520,24,4
2024,B season,NMFS_AREA < 520,25,2
2024,B season,NMFS_AREA < 520,26,9
2024,B season,NMFS_AREA < 520,27,9
2024,B season,NMFS_AREA < 520,28,2
2024,B season,NMFS_AREA < 520,29,8
2024,B season,NMFS_AREA < 520,30,6
2024,B season,NMFS_AREA < 520,31,14
2024,B season,NMFS_AREA < 520,32,9
2024,B season,NMFS_AREA < 520,33,14
2024,B season,NMFS_AREA < 520,34,17
2024,B season,NMFS_AREA < 520,35,41
2024,B season,NMFS_AREA < 520,36,95
2024,B season,NMFS_AREA < 520,37,235
2024,B season,NMFS_AREA < 520,38,567
2024,B season,NMFS_AREA < 520,39,1056
2024,B season,NMFS_AREA < 520,40,1828
2024,B season,NMFS_AREA < 520,41,2740
2024,B season,NMFS_AREA < 520,42,3715
2024,B season,NMFS_AREA < 520,43,4396
2024,B season,NMFS_AREA < 520,44,4919
2024,B season,NMFS_AREA < 520,45,4977
2024,B season,NMFS_AREA < 520,46,4917
2024,B season,NMFS_AREA < 520,47,4475
2024,B season,NMFS_AREA < 520,48,3744
2024,B season,NMFS_AREA < 520,49,2947
2024,B season,NMFS_AREA < 520,50,2186
2024,B season,NMFS_AREA < 520,51,1681
2024,B season,NMFS_AREA < 520,52,1162
2024,B season,NMFS_AREA < 520,53,831
2024,B season,NMFS_AREA < 520,54,661
2024,B season,NMFS_AREA < 520,55,487
2024,B season,NMFS_AREA < 520,56,375
2024,B season,NMFS_AREA < 520,57,301
2024,B season,NMFS_AREA < 520,58,242
2024,B season,NMFS_AREA < 520,59,175
2024,B season,NMFS_AREA < 520,60,130
2024,B season,NMFS_AREA < 520,61,79
2024,B season,NMFS_AREA < 520,62,62
2024,B season,NMFS_AREA < 520,63,32
2024,B season,NMFS_AREA < 520,64,37
2024,B season,NMFS_AREA < 520,65,65
2024,B season,NMFS_AREA > 519,20,4
2024,B season,NMFS_AREA > 519,21,9
2024,B season,NMFS_AREA > 519,22,9
2024,B season,NMFS_AREA > 519,23,6
2024,B season,NMFS_AREA > 519,24,16
2024,B season,NMFS_AREA > 519,25,26
2024,B season,NMFS_AREA > 519,26,29
2024,B season,NMFS_AREA > 519,27,25
2024,B season,NMFS_AREA > 519,28,42
2024,B season,NMFS_AREA > 519,29,25
2024,B season,NMFS_AREA > 519,30,44
2024,B season,NMFS_AREA > 519,31,64
2024,B season,NMFS_AREA > 519,32,109
2024,B season,NMFS_AREA > 519,33,136
2024,B season,NMFS_AREA > 519,34,166
2024,B season,NMFS_AREA > 519,35,235
2024,B season,NMFS_AREA > 519,36,340
2024,B season,NMFS_AREA > 519,37,583
2024,B season,NMFS_AREA > 519,38,1082
2024,B season,NMFS_AREA > 519,39,1886
2024,B season,NMFS_AREA > 519,40,2846
2024,B season,NMFS_AREA > 519,41,3720
2024,B season,NMFS_AREA > 519,42,4279
2024,B season,NMFS_AREA > 519,43,4342
2024,B season,NMFS_AREA > 519,44,3973
2024,B season,NMFS_AREA > 519,45,3326
2024,B season,NMFS_AREA > 519,46,2532
2024,B season,NMFS_AREA > 519,47,1800
2024,B season,NMFS_AREA > 519,48,1240
2024,B season,NMFS_AREA > 519,49,751
2024,B season,NMFS_AREA > 519,50,581
2024,B season,NMFS_AREA > 519,51,399
2024,B season,NMFS_AREA > 519,52,284
2024,B season,NMFS_AREA > 519,53,237
2024,B season,NMFS_AREA > 519,54,166
2024,B season,NMFS_AREA > 519,55,151
2024,B season,NMFS_AREA > 519,56,124
2024,B season,NMFS_AREA > 519,57,85
2024,B season,NMFS_AREA > 519,58,64
2024,B season,NMFS_AREA > 519,59,46
2024,B season,NMFS_AREA > 519,60,25
2024,B season,NMFS_AREA > 519,61,21
2024,B season,NMFS_AREA > 519,62,9
2024,B season,NMFS_AREA > 519,63,9
2024,B season,NMFS_AREA > 519,64,5
2024,B season,NMFS_AREA > 519,65,11
2025,A season,NMFS_AREA < 520,20,2
2025,A season,NMFS_AREA < 520,21,3
2025,A season,NMFS_AREA < 520,22,2
2025,A season,NMFS_AREA < 520,23,11
2025,A season,NMFS_AREA < 520,24,26
2025,A season,NMFS_AREA < 520,25,27
2025,A season,NMFS_AREA < 520,26,39
2025,A season,NMFS_AREA < 520,27,66
2025,A season,NMFS_AREA < 520,28,63
2025,A season,NMFS_AREA < 520,29,59
2025,A season,NMFS_AREA < 520,30,46
2025,A season,NMFS_AREA < 520,31,31
2025,A season,NMFS_AREA < 520,32,19
2025,A season,NMFS_AREA < 520,33,36
2025,A season,NMFS_AREA < 520,34,25
2025,A season,NMFS_AREA < 520,35,39
2025,A season,NMFS_AREA < 520,36,72
2025,A season,NMFS_AREA < 520,37,142
2025,A season,NMFS_AREA < 520,38,284
2025,A season,NMFS_AREA < 520,39,702
2025,A season,NMFS_AREA < 520,40,1583
2025,A season,NMFS_AREA < 520,41,3060
2025,A season,NMFS_AREA < 520,42,4500
2025,A season,NMFS_AREA < 520,43,5639
2025,A season,NMFS_AREA < 520,44,6327
2025,A season,NMFS_AREA < 520,45,6531
2025,A season,NMFS_AREA < 520,46,6351
2025,A season,NMFS_AREA < 520,47,5792
2025,A season,NMFS_AREA < 520,48,5266
2025,A season,NMFS_AREA < 520,49,4456
2025,A season,NMFS_AREA < 520,50,3682
2025,A season,NMFS_AREA < 520,51,2930
2025,A season,NMFS_AREA < 520,52,2294
2025,A season,NMFS_AREA < 520,53,1750
2025,A season,NMFS_AREA < 520,54,1403
2025,A season,NMFS_AREA < 520,55,1084
2025,A season,NMFS_AREA < 520,56,880
2025,A season,NMFS_AREA < 520,57,670
2025,A season,NMFS_AREA < 520,58,496
2025,A season,NMFS_AREA < 520,59,412
2025,A season,NMFS_AREA < 520,60,327
2025,A season,NMFS_AREA < 520,61,251
2025,A season,NMFS_AREA < 520,62,201
2025,A season,NMFS_AREA < 520,63,162
2025,A season,NMFS_AREA < 520,64,115
2025,A season,NMFS_AREA < 520,65,378
2025,A season,NMFS_AREA > 519,20,1
2025,A season,NMFS_AREA > 519,21,2
2025,A season,NMFS_AREA > 519,22,5
2025,A season,NMFS_AREA > 519,23,7
2025,A season,NMFS_AREA > 519,24,11
2025,A season,NMFS_AREA > 519,25,14
2025,A season,NMFS_AREA > 519,26,24
2025,A season,NMFS_AREA > 519,27,26
2025,A season,NMFS_AREA > 519,28,39
2025,A season,NMFS_AREA > 519,29,58
2025,A season,NMFS_AREA > 519,30,72
2025,A season,NMFS_AREA > 519,31,100
2025,A season,NMFS_AREA > 519,32,133
2025,A season,NMFS_AREA > 519,33,129
2025,A season,NMFS_AREA > 519,34,168
2025,A season,NMFS_AREA > 519,35,187
2025,A season,NMFS_AREA > 519,36,278
2025,A season,NMFS_AREA > 519,37,356
2025,A season,NMFS_AREA > 519,38,401
2025,A season,NMFS_AREA > 519,39,620
2025,A season,NMFS_AREA > 519,40,947
2025,A season,NMFS_AREA > 519,41,1436
2025,A season,NMFS_AREA > 519,42,1896
2025,A season,NMFS_AREA > 519,43,2217
2025,A season,NMFS_AREA > 519,44,2272
2025,A season,NMFS_AREA > 519,45,2230
2025,A season,NMFS_AREA > 519,46,1979
2025,A season,NMFS_AREA > 519,47,1680
2025,A season,NMFS_AREA > 519,48,1373
2025,A season,NMFS_AREA > 519,49,1112
2025,A season,NMFS_AREA > 519,50,855
2025,A season,NMFS_AREA > 519,51,665
2025,A season,NMFS_AREA > 519,52,528
2025,A season,NMFS_AREA > 519,53,427
2025,A season,NMFS_AREA > 519,54,348
2025,A season,NMFS_AREA > 519,55,257
2025,A season,NMFS_AREA > 519,56,224
2025,A season,NMFS_AREA > 519,57,149
2025,A season,NMFS_AREA > 519,58,116
2025,A season,NMFS_AREA > 519,59,91
2025,A season,NMFS_AREA > 519,60,79
2025,A season,NMFS_AREA > 519,61,54
2025,A season,NMFS_AREA > 519,62,33
2025,A season,NMFS_AREA > 519,63,16
2025,A season,NMFS_AREA > 519,64,18
2025,A season,NMFS_AREA > 519,65,45
2025,B season,NMFS_AREA < 520,20,3
2025,B season,NMFS_AREA < 520,21,7
2025,B season,NMFS_AREA < 520,22,5
2025,B season,NMFS_AREA < 520,23,5
2025,B season,NMFS_AREA < 520,24,2
2025,B season,NMFS_AREA < 520,25,4
2025,B season,NMFS_AREA < 520,26,6
2025,B season,NMFS_AREA < 520,27,19
2025,B season,NMFS_AREA < 520,28,39
2025,B season,NMFS_AREA < 520,29,65
2025,B season,NMFS_AREA < 520,30,70
2025,B season,NMFS_AREA < 520,31,84
2025,B season,NMFS_AREA < 520,32,86
2025,B season,NMFS_AREA < 520,33,81
2025,B season,NMFS_AREA < 520,34,75
2025,B season,NMFS_AREA < 520,35,64
2025,B season,NMFS_AREA < 520,36,47
2025,B season,NMFS_AREA < 520,37,30
2025,B season,NMFS_AREA < 520,38,19
2025,B season,NMFS_AREA < 520,39,40
2025,B season,NMFS_AREA < 520,40,58
2025,B season,NMFS_AREA < 520,41,188
2025,B season,NMFS_AREA < 520,42,416
2025,B season,NMFS_AREA < 520,43,986
2025,B season,NMFS_AREA < 520,44,1645
2025,B season,NMFS_AREA < 520,45,2365
2025,B season,NMFS_AREA < 520,46,2973
2025,B season,NMFS_AREA < 520,47,3296
2025,B season,NMFS_AREA < 520,48,3336
2025,B season,NMFS_AREA < 520,49,3200
2025,B season,NMFS_AREA < 520,50,2832
2025,B season,NMFS_AREA < 520,51,2315
2025,B season,NMFS_AREA < 520,52,1889
2025,B season,NMFS_AREA < 520,53,1450
2025,B season,NMFS_AREA < 520,54,1116
2025,B season,NMFS_AREA < 520,55,770
2025,B season,NMFS_AREA < 520,56,564
2025,B season,NMFS_AREA < 520,57,362
2025,B season,NMFS_AREA < 520,58,300
2025,B season,NMFS_AREA < 520,59,173
2025,B season,NMFS_AREA < 520,60,161
2025,B season,NMFS_AREA < 520,61,86
2025,B season,NMFS_AREA < 520,62,65
2025,B season,NMFS_AREA < 520,63,42
2025,B season,NMFS_AREA < 520,64,35
2025,B season,NMFS_AREA < 520,65,38
2025,B season,NMFS_AREA > 519,20,12
2025,B season,NMFS_AREA > 519,21,34
2025,B season,NMFS_AREA > 519,22,58
2025,B season,NMFS_AREA > 519,23,73
2025,B season,NMFS_AREA > 519,24,100
2025,B season,NMFS_AREA > 519,25,145
2025,B season,NMFS_AREA > 519,26,207
2025,B season,NMFS_AREA > 519,27,229
2025,B season,NMFS_AREA > 519,28,280
2025,B season,NMFS_AREA > 519,29,351
2025,B season,NMFS_AREA > 519,30,441
2025,B season,NMFS_AREA > 519,31,538
2025,B season,NMFS_AREA > 519,32,573
2025,B season,NMFS_AREA > 519,33,608
2025,B season,NMFS_AREA > 519,34,659
2025,B season,NMFS_AREA > 519,35,559
2025,B season,NMFS_AREA > 519,36,542
2025,B season,NMFS_AREA > 519,37,472
2025,B season,NMFS_AREA > 519,38,536
2025,B season,NMFS_AREA > 519,39,655
2025,B season,NMFS_AREA > 519,40,976
2025,B season,NMFS_AREA > 519,41,1666
2025,B season,NMFS_AREA > 519,42,2748
2025,B season,NMFS_AREA > 519,43,3979
2025,B season,NMFS_AREA > 519,44,4864
2025,B season,NMFS_AREA > 519,45,5395
2025,B season,NMFS_AREA > 519,46,5178
2025,B season,NMFS_AREA > 519,47,4538
2025,B season,NMFS_AREA > 519,48,3727
2025,B season,NMFS_AREA > 519,49,2799
2025,B season,NMFS_AREA > 519,50,2099
2025,B season,NMFS_AREA > 519,51,1434
2025,B season,NMFS_AREA > 519,52,908
2025,B season,NMFS_AREA > 519,53,619
2025,B season,NMFS_AREA > 519,54,438
2025,B season,NMFS_AREA > 519,55,264
2025,B season,NMFS_AREA > 519,56,208
2025,B season,NMFS_AREA > 519,57,155
2025,B season,NMFS_AREA > 519,58,94
2025,B season,NMFS_AREA > 519,59,56
2025,B season,NMFS_AREA > 519,60,47
2025,B season,NMFS_AREA > 519,61,29
2025,B season,NMFS_AREA > 519,62,21
2025,B season,NMFS_AREA > 519,63,7
2025,B season,NMFS_AREA > 519,64,6
2025,B season,NMFS_AREA > 519,65,10
2026,A season,NMFS_AREA < 520,20,16
2026,A season,NMFS_AREA < 520,21,56
2026,A season,NMFS_AREA < 520,22,112
2026,A season,NMFS_AREA < 520,23,173
2026,A season,NMFS_AREA < 520,24,223
2026,A season,NMFS_AREA < 520,25,235
2026,A season,NMFS_AREA < 520,26,269
2026,A season,NMFS_AREA < 520,27,252
2026,A season,NMFS_AREA < 520,28,225
2026,A season,NMFS_AREA < 520,29,177
2026,A season,NMFS_AREA < 520,30,145
2026,A season,NMFS_AREA < 520,31,183
2026,A season,NMFS_AREA < 520,32,245
2026,A season,NMFS_AREA < 520,33,367
2026,A season,NMFS_AREA < 520,34,621
2026,A season,NMFS_AREA < 520,35,965
2026,A season,NMFS_AREA < 520,36,1346
2026,A season,NMFS_AREA < 520,37,1756
2026,A season,NMFS_AREA < 520,38,2087
2026,A season,NMFS_AREA < 520,39,2242
2026,A season,NMFS_AREA < 520,40,2189
2026,A season,NMFS_AREA < 520,41,2488
2026,A season,NMFS_AREA < 520,42,3244
2026,A season,NMFS_AREA < 520,43,4338
2026,A season,NMFS_AREA < 520,44,5450
2026,A season,NMFS_AREA < 520,45,6471
2026,A season,NMFS_AREA < 520,46,6856
2026,A season,NMFS_AREA < 520,47,6764
2026,A season,NMFS_AREA < 520,48,6250
2026,A season,NMFS_AREA < 520,49,5647
2026,A season,NMFS_AREA < 520,50,4719
2026,A season,NMFS_AREA < 520,51,3885
2026,A season,NMFS_AREA < 520,52,3226
2026,A season,NMFS_AREA < 520,53,2592
2026,A season,NMFS_AREA < 520,54,2010
2026,A season,NMFS_AREA < 520,55,1599
2026,A season,NMFS_AREA < 520,56,1239
2026,A season,NMFS_AREA < 520,57,901
2026,A season,NMFS_AREA < 520,58,693
2026,A season,NMFS_AREA < 520,59,518
2026,A season,NMFS_AREA < 520,60,361
2026,A season,NMFS_AREA < 520,61,321
2026,A season,NMFS_AREA < 520,62,217
2026,A season,NMFS_AREA < 520,63,195
2026,A season,NMFS_AREA < 520,64,118
2026,A season,NMFS_AREA < 520,65,450
2026,A season,NMFS_AREA > 519,20,8
2026,A season,NMFS_AREA > 519,21,15
2026,A season,NMFS_AREA > 519,22,40
2026,A season,NMFS_AREA > 519,23,80
2026,A season,NMFS_AREA > 519,24,109
2026,A season,NMFS_AREA > 519,25,122
2026,A season,NMFS_AREA > 519,26,135
2026,A season,NMFS_AREA > 519,27,133
2026,A season,NMFS_AREA > 519,28,122
2026,A season,NMFS_AREA > 519,29,82
2026,A season,NMFS_AREA > 519,30,89
2026,A season,NMFS_AREA > 519,31,128
2026,A season,NMFS_AREA > 519,32,209
2026,A season,NMFS_AREA > 519,33,244
2026,A season,NMFS_AREA > 519,34,327
2026,A season,NMFS_AREA > 519,35,403
2026,A season,NMFS_AREA > 519,36,500
2026,A season,NMFS_AREA > 519,37,585
2026,A season,NMFS_AREA > 519,38,630
2026,A season,NMFS_AREA > 519,39,675
2026,A season,NMFS_AREA > 519,40,622
2026,A season,NMFS_AREA > 519,41,602
2026,A season,NMFS_AREA > 519,42,609
2026,A season,NMFS_AREA > 519,43,631
2026,A season,NMFS_AREA > 519,44,778
2026,A season,NMFS_AREA > 519,45,908
2026,A season,NMFS_AREA > 519,46,957
2026,A season,NMFS_AREA > 519,47,907
2026,A season,NMFS_AREA > 519,48,911
2026,A season,NMFS_AREA > 519,49,802
2026,A season,NMFS_AREA > 519,50,692
2026,A season,NMFS_AREA > 519,51,604
2026,A season,NMFS_AREA > 519,52,524
2026,A season,NMFS_AREA > 519,53,427
2026,A season,NMFS_AREA > 519,54,364
2026,A season,NMFS_AREA > 519,55,276
2026,A season,NMFS_AREA > 519,56,265
2026,A season,NMFS_AREA > 519,57,204
2026,A season,NMFS_AREA > 519,58,179
2026,A season,NMFS_AREA > 519,59,136
2026,A season,NMFS_AREA > 519,60,119
2026,A season,NMFS_AREA > 519,61,112
2026,A season,NMFS_AREA > 519,62,87
2026,A season,NMFS_AREA > 519,63,56
2026,A season,NMFS_AREA > 519,64,51
2026,A season,NMFS_AREA > 519,65,143
2026,B season,NMFS_AREA < 520,20,1
2026,B season,NMFS_AREA < 520,21,1
2026,B season,NMFS_AREA < 520,22,3
2026,B season,NMFS_AREA < 520,23,16
2026,B season,NMFS_AREA < 520,24,41
2026,B season,NMFS_AREA < 520,25,75
2026,B season,NMFS_AREA < 520,26,121
2026,B season,NMFS_AREA < 520,27,168
2026,B season,NMFS_AREA < 520,28,168
2026,B season,NMFS_AREA < 520,29,150
2026,B season,NMFS_AREA < 520,30,135
2026,B season,NMFS_AREA < 520,31,116
2026,B season,NMFS_AREA < 520,32,74
2026,B season,NMFS_AREA < 520,33,64
2026,B season,NMFS_AREA < 520,34,97
2026,B season,NMFS_AREA < 520,35,188
2026,B season,NMFS_AREA < 520,36,378
2026,B season,NMFS_AREA < 520,37,535
2026,B season,NMFS_AREA < 520,38,805
2026,B season,NMFS_AREA < 520,39,1000
2026,B season,NMFS_AREA < 520,40,1109
2026,B season,NMFS_AREA < 520,41,1087
2026,B season,NMFS_AREA < 520,42,1070
2026,B season,NMFS_AREA < 520,43,959
2026,B season,NMFS_AREA < 520,44,947
2026,B season,NMFS_AREA < 520,45,1028
2026,B season,NMFS_AREA < 520,46,1136
2026,B season,NMFS_AREA < 520,47,1382
2026,B season,NMFS_AREA < 520,48,1434
2026,B season,NMFS_AREA < 520,49,1478
2026,B season,NMFS_AREA < 520,50,1413
2026,B season,NMFS_AREA < 520,51,1272
2026,B season,NMFS_AREA < 520,52,1123
2026,B season,NMFS_AREA < 520,53,890
2026,B season,NMFS_AREA < 520,54,676
2026,B season,NMFS_AREA < 520,55,512
2026,B season,NMFS_AREA < 520,56,371
2026,B season,NMFS_AREA < 520,57,261
2026,B season,NMFS_AREA < 520,58,190
2026,B season,NMFS_AREA < 520,59,135
2026,B season,NMFS_AREA < 520,60,100
2026,B season,NMFS_AREA < 520,61,48
2026,B season,NMFS_AREA < 520,62,39
2026,B season,NMFS_AREA < 520,63,34
2026,B season,NMFS_AREA < 520,64,20
2026,B season,NMFS_AREA < 520,65,37
2026,B season,NMFS_AREA > 519,20,26
2026,B season,NMFS_AREA > 519,21,47
2026,B season,NMFS_AREA > 519,22,68
2026,B season,NMFS_AREA > 519,23,132
2026,B season,NMFS_AREA > 519,24,196
2026,B season,NMFS_AREA > 519,25,301
2026,B season,NMFS_AREA > 519,26,445
2026,B season,NMFS_AREA > 519,27,535
2026,B season,NMFS_AREA > 519,28,604
2026,B season,NMFS_AREA > 519,29,567
2026,B season,NMFS_AREA > 519,30,511
2026,B season,NMFS_AREA > 519,31,475
2026,B season,NMFS_AREA > 519,32,516
2026,B season,NMFS_AREA > 519,33,551
2026,B season,NMFS_AREA > 519,34,693
2026,B season,NMFS_AREA > 519,35,816
2026,B season,NMFS_AREA > 519,36,950
2026,B season,NMFS_AREA > 519,37,1074
2026,B season,NMFS_AREA > 519,38,1074
2026,B season,NMFS_AREA > 519,39,1156
2026,B season,NMFS_AREA > 519,40,1159
2026,B season,NMFS_AREA > 519,41,1053
2026,B season,NMFS_AREA > 519,42,892
2026,B season,NMFS_AREA > 519,43,936
2026,B season,NMFS_AREA > 519,44,987
2026,B season,NMFS_AREA > 519,45,1085
2026,B season,NMFS_AREA > 519,46,1072
2026,B season,NMFS_AREA > 519,47,1026
2026,B season,NMFS_AREA > 519,48,894
2026,B season,NMFS_AREA > 519,49,717
2026,B season,NMFS_AREA > 519,50,552
2026,B season,NMFS_AREA > 519,51,357
2026,B season,NMFS_AREA > 519,52,234
2026,B season,NMFS_AREA > 519,53,162
2026,B season,NMFS_AREA > 519,54,100
2026,B season,NMFS_AREA > 519,55,60
2026,B season,NMFS_AREA > 519,56,43
2026,B season,NMFS_AREA > 519,57,33
2026,B season,NMFS_AREA > 519,58,20
2026,B season,NMFS_AREA > 519,59,17
2026,B season,NMFS_AREA > 519,60,13
2026,B season,NMFS_AREA > 519,61,1
2026,B season,NMFS_AREA > 519,62,3
2026,B season,NMFS_AREA > 519,63,3
2026,B season,NMFS_AREA > 519,64,3
2026,B season,NMFS_AREA > 519,65,11
