"term","estimate","std.error","gradient","estimation_type","module","year","age","engine","model","statistic","p.value"
"log_avgrec",0,NA,NA,"fixed_input",NA,NA,NA,"custom RTMB","base coefficients",NA,NA
"log_avginit",0,NA,NA,"fixed_input",NA,NA,NA,"custom RTMB","base coefficients",NA,NA
"log_avg_F",-1.6,NA,NA,"fixed_input",NA,NA,NA,"custom RTMB","base coefficients",NA,NA
"natmort_phi",0,NA,NA,"fixed_input",NA,NA,NA,"custom RTMB","base coefficients",NA,NA
"log_q_bts",0,NA,NA,"fixed_input",NA,NA,NA,"custom RTMB","base coefficients",NA,NA
"log_q_std_area",-0.6,NA,NA,"fixed_input",NA,NA,NA,"custom RTMB","base coefficients",NA,NA
"bt_slope",0,NA,NA,"fixed_input",NA,NA,NA,"custom RTMB","base coefficients",NA,NA
"log_q_ats",-0.655456215448041,NA,NA,"fixed_input",NA,NA,NA,"custom RTMB","base coefficients",NA,NA
"log_Rzero",9.97883489248466,NA,NA,"fixed_input",NA,NA,NA,"custom RTMB","base coefficients",NA,NA
"steepness",0.67,NA,NA,"fixed_input",NA,NA,NA,"custom RTMB","base coefficients",NA,NA
"log_q_cpue",-0.104121610394526,NA,NA,"fixed_input",NA,NA,NA,"custom RTMB","base coefficients",NA,NA
"log_q_avo",-8.22857299554825,NA,NA,"fixed_input",NA,NA,NA,"custom RTMB","base coefficients",NA,NA
"log_initdevs[1]",8.01029467794179,NA,NA,"fixed_input",NA,NA,NA,"custom RTMB","base coefficients",NA,NA
"log_initdevs[2]",7.507529199926,NA,NA,"fixed_input",NA,NA,NA,"custom RTMB","base coefficients",NA,NA
"log_initdevs[3]",5.95007951517334,NA,NA,"fixed_input",NA,NA,NA,"custom RTMB","base coefficients",NA,NA
"log_initdevs[4]",5.18041630863895,NA,NA,"fixed_input",NA,NA,NA,"custom RTMB","base coefficients",NA,NA
"log_initdevs[5]",6.20601815561663,NA,NA,"fixed_input",NA,NA,NA,"custom RTMB","base coefficients",NA,NA
"log_initdevs[6]",5.41760771408228,NA,NA,"fixed_input",NA,NA,NA,"custom RTMB","base coefficients",NA,NA
"log_initdevs[7]",4.26111081002331,NA,NA,"fixed_input",NA,NA,NA,"custom RTMB","base coefficients",NA,NA
"log_initdevs[8]",3.79486816836989,NA,NA,"fixed_input",NA,NA,NA,"custom RTMB","base coefficients",NA,NA
"log_initdevs[9]",3.80487273690962,NA,NA,"fixed_input",NA,NA,NA,"custom RTMB","base coefficients",NA,NA
"log_initdevs[10]",3.81065973928498,NA,NA,"fixed_input",NA,NA,NA,"custom RTMB","base coefficients",NA,NA
"log_initdevs[11]",3.80824487262913,NA,NA,"fixed_input",NA,NA,NA,"custom RTMB","base coefficients",NA,NA
"log_initdevs[12]",3.80629405196088,NA,NA,"fixed_input",NA,NA,NA,"custom RTMB","base coefficients",NA,NA
"log_initdevs[13]",3.80467058696991,NA,NA,"fixed_input",NA,NA,NA,"custom RTMB","base coefficients",NA,NA
"log_initdevs[14]",3.80302229888831,NA,NA,"fixed_input",NA,NA,NA,"custom RTMB","base coefficients",NA,NA
"log_rec_devs[1]",8.70960994377789,NA,NA,"fixed_input",NA,NA,NA,"custom RTMB","base coefficients",NA,NA
"log_rec_devs[2]",9.91636770230328,NA,NA,"fixed_input",NA,NA,NA,"custom RTMB","base coefficients",NA,NA
"log_rec_devs[3]",9.60556564223702,NA,NA,"fixed_input",NA,NA,NA,"custom RTMB","base coefficients",NA,NA
"log_rec_devs[4]",10.1382485282656,NA,NA,"fixed_input",NA,NA,NA,"custom RTMB","base coefficients",NA,NA
"log_rec_devs[5]",10.0200396410453,NA,NA,"fixed_input",NA,NA,NA,"custom RTMB","base coefficients",NA,NA
"log_rec_devs[6]",10.1967277657168,NA,NA,"fixed_input",NA,NA,NA,"custom RTMB","base coefficients",NA,NA
"log_rec_devs[7]",10.0967688055913,NA,NA,"fixed_input",NA,NA,NA,"custom RTMB","base coefficients",NA,NA
"log_rec_devs[8]",9.60291682248114,NA,NA,"fixed_input",NA,NA,NA,"custom RTMB","base coefficients",NA,NA
"log_rec_devs[9]",9.39594332368241,NA,NA,"fixed_input",NA,NA,NA,"custom RTMB","base coefficients",NA,NA
"log_rec_devs[10]",10.216225520093,NA,NA,"fixed_input",NA,NA,NA,"custom RTMB","base coefficients",NA,NA
"log_rec_devs[11]",9.88249912923849,NA,NA,"fixed_input",NA,NA,NA,"custom RTMB","base coefficients",NA,NA
"log_rec_devs[12]",9.70441678349812,NA,NA,"fixed_input",NA,NA,NA,"custom RTMB","base coefficients",NA,NA
"log_rec_devs[13]",9.44487115640485,NA,NA,"fixed_input",NA,NA,NA,"custom RTMB","base coefficients",NA,NA
"log_rec_devs[14]",9.49467067120345,NA,NA,"fixed_input",NA,NA,NA,"custom RTMB","base coefficients",NA,NA
"log_rec_devs[15]",10.1125925202059,NA,NA,"fixed_input",NA,NA,NA,"custom RTMB","base coefficients",NA,NA
"log_rec_devs[16]",10.9492224091371,NA,NA,"fixed_input",NA,NA,NA,"custom RTMB","base coefficients",NA,NA
"log_rec_devs[17]",10.2261437528455,NA,NA,"fixed_input",NA,NA,NA,"custom RTMB","base coefficients",NA,NA
"log_rec_devs[18]",10.3808672363208,NA,NA,"fixed_input",NA,NA,NA,"custom RTMB","base coefficients",NA,NA
"log_rec_devs[19]",9.82701279023854,NA,NA,"fixed_input",NA,NA,NA,"custom RTMB","base coefficients",NA,NA
"log_rec_devs[20]",10.8467412888594,NA,NA,"fixed_input",NA,NA,NA,"custom RTMB","base coefficients",NA,NA
"log_rec_devs[21]",9.56097304057899,NA,NA,"fixed_input",NA,NA,NA,"custom RTMB","base coefficients",NA,NA
"log_rec_devs[22]",10.41942290503,NA,NA,"fixed_input",NA,NA,NA,"custom RTMB","base coefficients",NA,NA
"log_rec_devs[23]",9.48569740802577,NA,NA,"fixed_input",NA,NA,NA,"custom RTMB","base coefficients",NA,NA
"log_rec_devs[24]",8.89430625475292,NA,NA,"fixed_input",NA,NA,NA,"custom RTMB","base coefficients",NA,NA
"log_rec_devs[25]",8.61585752965238,NA,NA,"fixed_input",NA,NA,NA,"custom RTMB","base coefficients",NA,NA
"log_rec_devs[26]",9.35294677393428,NA,NA,"fixed_input",NA,NA,NA,"custom RTMB","base coefficients",NA,NA
"log_rec_devs[27]",10.8084316536504,NA,NA,"fixed_input",NA,NA,NA,"custom RTMB","base coefficients",NA,NA
"log_rec_devs[28]",10.2076263815288,NA,NA,"fixed_input",NA,NA,NA,"custom RTMB","base coefficients",NA,NA
"log_rec_devs[29]",10.0521583081327,NA,NA,"fixed_input",NA,NA,NA,"custom RTMB","base coefficients",NA,NA
"log_rec_devs[30]",10.7135044062924,NA,NA,"fixed_input",NA,NA,NA,"custom RTMB","base coefficients",NA,NA
"log_rec_devs[31]",9.63579471294005,NA,NA,"fixed_input",NA,NA,NA,"custom RTMB","base coefficients",NA,NA
"log_rec_devs[32]",9.29404962040295,NA,NA,"fixed_input",NA,NA,NA,"custom RTMB","base coefficients",NA,NA
"log_rec_devs[33]",10.0144860753412,NA,NA,"fixed_input",NA,NA,NA,"custom RTMB","base coefficients",NA,NA
"log_rec_devs[34]",10.3058086275809,NA,NA,"fixed_input",NA,NA,NA,"custom RTMB","base coefficients",NA,NA
"log_rec_devs[35]",9.59186241659694,NA,NA,"fixed_input",NA,NA,NA,"custom RTMB","base coefficients",NA,NA
"log_rec_devs[36]",9.67770043445631,NA,NA,"fixed_input",NA,NA,NA,"custom RTMB","base coefficients",NA,NA
"log_rec_devs[37]",10.1036448417015,NA,NA,"fixed_input",NA,NA,NA,"custom RTMB","base coefficients",NA,NA
"log_rec_devs[38]",10.4495179813994,NA,NA,"fixed_input",NA,NA,NA,"custom RTMB","base coefficients",NA,NA
"log_rec_devs[39]",10.0443948274409,NA,NA,"fixed_input",NA,NA,NA,"custom RTMB","base coefficients",NA,NA
"log_rec_devs[40]",9.56891657349416,NA,NA,"fixed_input",NA,NA,NA,"custom RTMB","base coefficients",NA,NA
"log_rec_devs[41]",8.77214921114784,NA,NA,"fixed_input",NA,NA,NA,"custom RTMB","base coefficients",NA,NA
"log_rec_devs[42]",8.42274483805232,NA,NA,"fixed_input",NA,NA,NA,"custom RTMB","base coefficients",NA,NA
"log_rec_devs[43]",9.34187346569785,NA,NA,"fixed_input",NA,NA,NA,"custom RTMB","base coefficients",NA,NA
"log_rec_devs[44]",10.1283425531118,NA,NA,"fixed_input",NA,NA,NA,"custom RTMB","base coefficients",NA,NA
"log_rec_devs[45]",9.50187809293668,NA,NA,"fixed_input",NA,NA,NA,"custom RTMB","base coefficients",NA,NA
"log_rec_devs[46]",10.8106390080077,NA,NA,"fixed_input",NA,NA,NA,"custom RTMB","base coefficients",NA,NA
"log_rec_devs[47]",10.0310744995176,NA,NA,"fixed_input",NA,NA,NA,"custom RTMB","base coefficients",NA,NA
"log_rec_devs[48]",9.56907209144805,NA,NA,"fixed_input",NA,NA,NA,"custom RTMB","base coefficients",NA,NA
"log_rec_devs[49]",9.42688777378797,NA,NA,"fixed_input",NA,NA,NA,"custom RTMB","base coefficients",NA,NA
"log_rec_devs[50]",10.6774160730307,NA,NA,"fixed_input",NA,NA,NA,"custom RTMB","base coefficients",NA,NA
"log_rec_devs[51]",10.8151564846888,NA,NA,"fixed_input",NA,NA,NA,"custom RTMB","base coefficients",NA,NA
"log_rec_devs[52]",9.97975157901904,NA,NA,"fixed_input",NA,NA,NA,"custom RTMB","base coefficients",NA,NA
"log_rec_devs[53]",9.01254027396641,NA,NA,"fixed_input",NA,NA,NA,"custom RTMB","base coefficients",NA,NA
"log_rec_devs[54]",9.0178434627318,NA,NA,"fixed_input",NA,NA,NA,"custom RTMB","base coefficients",NA,NA
"log_rec_devs[55]",9.72967551030262,NA,NA,"fixed_input",NA,NA,NA,"custom RTMB","base coefficients",NA,NA
"log_rec_devs[56]",11.2292416151388,NA,NA,"fixed_input",NA,NA,NA,"custom RTMB","base coefficients",NA,NA
"log_rec_devs[57]",9.88540556712148,NA,NA,"fixed_input",NA,NA,NA,"custom RTMB","base coefficients",NA,NA
"log_rec_devs[58]",9.37712426511592,NA,NA,"fixed_input",NA,NA,NA,"custom RTMB","base coefficients",NA,NA
"log_rec_devs[59]",9.37001802495522,NA,NA,"fixed_input",NA,NA,NA,"custom RTMB","base coefficients",NA,NA
"log_rec_devs[60]",9.83805291095393,NA,NA,"fixed_input",NA,NA,NA,"custom RTMB","base coefficients",NA,NA
"log_rec_devs[61]",9.9089964105678,NA,NA,"fixed_input",NA,NA,NA,"custom RTMB","base coefficients",NA,NA
"larv_rec_devs[1]",0,NA,NA,"fixed_input",NA,NA,NA,"custom RTMB","base coefficients",NA,NA
"larv_rec_devs[2]",0,NA,NA,"fixed_input",NA,NA,NA,"custom RTMB","base coefficients",NA,NA
"larv_rec_devs[3]",0,NA,NA,"fixed_input",NA,NA,NA,"custom RTMB","base coefficients",NA,NA
"larv_rec_devs[4]",0,NA,NA,"fixed_input",NA,NA,NA,"custom RTMB","base coefficients",NA,NA
"larv_rec_devs[5]",0,NA,NA,"fixed_input",NA,NA,NA,"custom RTMB","base coefficients",NA,NA
"larv_rec_devs[6]",0,NA,NA,"fixed_input",NA,NA,NA,"custom RTMB","base coefficients",NA,NA
"larv_rec_devs[7]",0,NA,NA,"fixed_input",NA,NA,NA,"custom RTMB","base coefficients",NA,NA
"larv_rec_devs[8]",0,NA,NA,"fixed_input",NA,NA,NA,"custom RTMB","base coefficients",NA,NA
"larv_rec_devs[9]",0,NA,NA,"fixed_input",NA,NA,NA,"custom RTMB","base coefficients",NA,NA
"larv_rec_devs[10]",0,NA,NA,"fixed_input",NA,NA,NA,"custom RTMB","base coefficients",NA,NA
"larv_rec_devs[11]",0,NA,NA,"fixed_input",NA,NA,NA,"custom RTMB","base coefficients",NA,NA
"larv_rec_devs[12]",0,NA,NA,"fixed_input",NA,NA,NA,"custom RTMB","base coefficients",NA,NA
"larv_rec_devs[13]",0,NA,NA,"fixed_input",NA,NA,NA,"custom RTMB","base coefficients",NA,NA
"larv_rec_devs[14]",0,NA,NA,"fixed_input",NA,NA,NA,"custom RTMB","base coefficients",NA,NA
"larv_rec_devs[15]",0,NA,NA,"fixed_input",NA,NA,NA,"custom RTMB","base coefficients",NA,NA
"larv_rec_devs[16]",0,NA,NA,"fixed_input",NA,NA,NA,"custom RTMB","base coefficients",NA,NA
"larv_rec_devs[17]",0,NA,NA,"fixed_input",NA,NA,NA,"custom RTMB","base coefficients",NA,NA
"larv_rec_devs[18]",0,NA,NA,"fixed_input",NA,NA,NA,"custom RTMB","base coefficients",NA,NA
"larv_rec_devs[19]",0,NA,NA,"fixed_input",NA,NA,NA,"custom RTMB","base coefficients",NA,NA
"larv_rec_devs[20]",0,NA,NA,"fixed_input",NA,NA,NA,"custom RTMB","base coefficients",NA,NA
"larv_rec_devs[21]",0,NA,NA,"fixed_input",NA,NA,NA,"custom RTMB","base coefficients",NA,NA
"larv_rec_devs[22]",0,NA,NA,"fixed_input",NA,NA,NA,"custom RTMB","base coefficients",NA,NA
"larv_rec_devs[23]",0,NA,NA,"fixed_input",NA,NA,NA,"custom RTMB","base coefficients",NA,NA
"larv_rec_devs[24]",0,NA,NA,"fixed_input",NA,NA,NA,"custom RTMB","base coefficients",NA,NA
"larv_rec_devs[25]",0,NA,NA,"fixed_input",NA,NA,NA,"custom RTMB","base coefficients",NA,NA
"larv_rec_devs[26]",0,NA,NA,"fixed_input",NA,NA,NA,"custom RTMB","base coefficients",NA,NA
"larv_rec_devs[27]",0,NA,NA,"fixed_input",NA,NA,NA,"custom RTMB","base coefficients",NA,NA
"larv_rec_devs[28]",0,NA,NA,"fixed_input",NA,NA,NA,"custom RTMB","base coefficients",NA,NA
"larv_rec_devs[29]",0,NA,NA,"fixed_input",NA,NA,NA,"custom RTMB","base coefficients",NA,NA
"larv_rec_devs[30]",0,NA,NA,"fixed_input",NA,NA,NA,"custom RTMB","base coefficients",NA,NA
"larv_rec_devs[31]",0,NA,NA,"fixed_input",NA,NA,NA,"custom RTMB","base coefficients",NA,NA
"larv_rec_devs[32]",0,NA,NA,"fixed_input",NA,NA,NA,"custom RTMB","base coefficients",NA,NA
"larv_rec_devs[33]",0,NA,NA,"fixed_input",NA,NA,NA,"custom RTMB","base coefficients",NA,NA
"larv_rec_devs[34]",0,NA,NA,"fixed_input",NA,NA,NA,"custom RTMB","base coefficients",NA,NA
"larv_rec_devs[35]",0,NA,NA,"fixed_input",NA,NA,NA,"custom RTMB","base coefficients",NA,NA
"larv_rec_devs[36]",0,NA,NA,"fixed_input",NA,NA,NA,"custom RTMB","base coefficients",NA,NA
"larv_rec_devs[37]",0,NA,NA,"fixed_input",NA,NA,NA,"custom RTMB","base coefficients",NA,NA
"larv_rec_devs[38]",0,NA,NA,"fixed_input",NA,NA,NA,"custom RTMB","base coefficients",NA,NA
"larv_rec_devs[39]",0,NA,NA,"fixed_input",NA,NA,NA,"custom RTMB","base coefficients",NA,NA
"larv_rec_devs[40]",0,NA,NA,"fixed_input",NA,NA,NA,"custom RTMB","base coefficients",NA,NA
"larv_rec_devs[41]",0,NA,NA,"fixed_input",NA,NA,NA,"custom RTMB","base coefficients",NA,NA
"larv_rec_devs[42]",0,NA,NA,"fixed_input",NA,NA,NA,"custom RTMB","base coefficients",NA,NA
"larv_rec_devs[43]",0,NA,NA,"fixed_input",NA,NA,NA,"custom RTMB","base coefficients",NA,NA
"larv_rec_devs[44]",0,NA,NA,"fixed_input",NA,NA,NA,"custom RTMB","base coefficients",NA,NA
"larv_rec_devs[45]",0,NA,NA,"fixed_input",NA,NA,NA,"custom RTMB","base coefficients",NA,NA
"larv_rec_devs[46]",0,NA,NA,"fixed_input",NA,NA,NA,"custom RTMB","base coefficients",NA,NA
"larv_rec_devs[47]",0,NA,NA,"fixed_input",NA,NA,NA,"custom RTMB","base coefficients",NA,NA
"larv_rec_devs[48]",0,NA,NA,"fixed_input",NA,NA,NA,"custom RTMB","base coefficients",NA,NA
"larv_rec_devs[49]",0,NA,NA,"fixed_input",NA,NA,NA,"custom RTMB","base coefficients",NA,NA
"larv_rec_devs[50]",0,NA,NA,"fixed_input",NA,NA,NA,"custom RTMB","base coefficients",NA,NA
"larv_rec_devs[51]",0,NA,NA,"fixed_input",NA,NA,NA,"custom RTMB","base coefficients",NA,NA
"larv_rec_devs[52]",0,NA,NA,"fixed_input",NA,NA,NA,"custom RTMB","base coefficients",NA,NA
"larv_rec_devs[53]",0,NA,NA,"fixed_input",NA,NA,NA,"custom RTMB","base coefficients",NA,NA
"larv_rec_devs[54]",0,NA,NA,"fixed_input",NA,NA,NA,"custom RTMB","base coefficients",NA,NA
"larv_rec_devs[55]",0,NA,NA,"fixed_input",NA,NA,NA,"custom RTMB","base coefficients",NA,NA
"larv_rec_devs[56]",0,NA,NA,"fixed_input",NA,NA,NA,"custom RTMB","base coefficients",NA,NA
"larv_rec_devs[57]",0,NA,NA,"fixed_input",NA,NA,NA,"custom RTMB","base coefficients",NA,NA
"larv_rec_devs[58]",0,NA,NA,"fixed_input",NA,NA,NA,"custom RTMB","base coefficients",NA,NA
"larv_rec_devs[59]",0,NA,NA,"fixed_input",NA,NA,NA,"custom RTMB","base coefficients",NA,NA
"larv_rec_devs[60]",0,NA,NA,"fixed_input",NA,NA,NA,"custom RTMB","base coefficients",NA,NA
"larv_rec_devs[61]",0,NA,NA,"fixed_input",NA,NA,NA,"custom RTMB","base coefficients",NA,NA
"larv_rec_devs[62]",0,NA,NA,"fixed_input",NA,NA,NA,"custom RTMB","base coefficients",NA,NA
"larv_rec_devs[63]",0,NA,NA,"fixed_input",NA,NA,NA,"custom RTMB","base coefficients",NA,NA
"larv_rec_devs[64]",0,NA,NA,"fixed_input",NA,NA,NA,"custom RTMB","base coefficients",NA,NA
"larv_rec_devs[65]",0,NA,NA,"fixed_input",NA,NA,NA,"custom RTMB","base coefficients",NA,NA
"larv_rec_devs[66]",0,NA,NA,"fixed_input",NA,NA,NA,"custom RTMB","base coefficients",NA,NA
"larv_rec_devs[67]",0,NA,NA,"fixed_input",NA,NA,NA,"custom RTMB","base coefficients",NA,NA
"larv_rec_devs[68]",0,NA,NA,"fixed_input",NA,NA,NA,"custom RTMB","base coefficients",NA,NA
"larv_rec_devs[69]",0,NA,NA,"fixed_input",NA,NA,NA,"custom RTMB","base coefficients",NA,NA
"larv_rec_devs[70]",0,NA,NA,"fixed_input",NA,NA,NA,"custom RTMB","base coefficients",NA,NA
"larv_rec_devs[71]",0,NA,NA,"fixed_input",NA,NA,NA,"custom RTMB","base coefficients",NA,NA
"larv_rec_devs[72]",0,NA,NA,"fixed_input",NA,NA,NA,"custom RTMB","base coefficients",NA,NA
"larv_rec_devs[73]",0,NA,NA,"fixed_input",NA,NA,NA,"custom RTMB","base coefficients",NA,NA
"larv_rec_devs[74]",0,NA,NA,"fixed_input",NA,NA,NA,"custom RTMB","base coefficients",NA,NA
"larv_rec_devs[75]",0,NA,NA,"fixed_input",NA,NA,NA,"custom RTMB","base coefficients",NA,NA
"larv_rec_devs[76]",0,NA,NA,"fixed_input",NA,NA,NA,"custom RTMB","base coefficients",NA,NA
"larv_rec_devs[77]",0,NA,NA,"fixed_input",NA,NA,NA,"custom RTMB","base coefficients",NA,NA
"larv_rec_devs[78]",0,NA,NA,"fixed_input",NA,NA,NA,"custom RTMB","base coefficients",NA,NA
"larv_rec_devs[79]",0,NA,NA,"fixed_input",NA,NA,NA,"custom RTMB","base coefficients",NA,NA
"larv_rec_devs[80]",0,NA,NA,"fixed_input",NA,NA,NA,"custom RTMB","base coefficients",NA,NA
"larv_rec_devs[81]",0,NA,NA,"fixed_input",NA,NA,NA,"custom RTMB","base coefficients",NA,NA
"larv_rec_devs[82]",0,NA,NA,"fixed_input",NA,NA,NA,"custom RTMB","base coefficients",NA,NA
"larv_rec_devs[83]",0,NA,NA,"fixed_input",NA,NA,NA,"custom RTMB","base coefficients",NA,NA
"larv_rec_devs[84]",0,NA,NA,"fixed_input",NA,NA,NA,"custom RTMB","base coefficients",NA,NA
"larv_rec_devs[85]",0,NA,NA,"fixed_input",NA,NA,NA,"custom RTMB","base coefficients",NA,NA
"larv_rec_devs[86]",0,NA,NA,"fixed_input",NA,NA,NA,"custom RTMB","base coefficients",NA,NA
"larv_rec_devs[87]",0,NA,NA,"fixed_input",NA,NA,NA,"custom RTMB","base coefficients",NA,NA
"larv_rec_devs[88]",0,NA,NA,"fixed_input",NA,NA,NA,"custom RTMB","base coefficients",NA,NA
"larv_rec_devs[89]",0,NA,NA,"fixed_input",NA,NA,NA,"custom RTMB","base coefficients",NA,NA
"larv_rec_devs[90]",0,NA,NA,"fixed_input",NA,NA,NA,"custom RTMB","base coefficients",NA,NA
"larv_rec_devs[91]",0,NA,NA,"fixed_input",NA,NA,NA,"custom RTMB","base coefficients",NA,NA
"larv_rec_devs[92]",0,NA,NA,"fixed_input",NA,NA,NA,"custom RTMB","base coefficients",NA,NA
"larv_rec_devs[93]",0,NA,NA,"fixed_input",NA,NA,NA,"custom RTMB","base coefficients",NA,NA
"larv_rec_devs[94]",0,NA,NA,"fixed_input",NA,NA,NA,"custom RTMB","base coefficients",NA,NA
"larv_rec_devs[95]",0,NA,NA,"fixed_input",NA,NA,NA,"custom RTMB","base coefficients",NA,NA
"larv_rec_devs[96]",0,NA,NA,"fixed_input",NA,NA,NA,"custom RTMB","base coefficients",NA,NA
"larv_rec_devs[97]",0,NA,NA,"fixed_input",NA,NA,NA,"custom RTMB","base coefficients",NA,NA
"larv_rec_devs[98]",0,NA,NA,"fixed_input",NA,NA,NA,"custom RTMB","base coefficients",NA,NA
"larv_rec_devs[99]",0,NA,NA,"fixed_input",NA,NA,NA,"custom RTMB","base coefficients",NA,NA
"larv_rec_devs[100]",0,NA,NA,"fixed_input",NA,NA,NA,"custom RTMB","base coefficients",NA,NA
"larv_rec_devs[101]",0,NA,NA,"fixed_input",NA,NA,NA,"custom RTMB","base coefficients",NA,NA
"larv_rec_devs[102]",0,NA,NA,"fixed_input",NA,NA,NA,"custom RTMB","base coefficients",NA,NA
"larv_rec_devs[103]",0,NA,NA,"fixed_input",NA,NA,NA,"custom RTMB","base coefficients",NA,NA
"larv_rec_devs[104]",0,NA,NA,"fixed_input",NA,NA,NA,"custom RTMB","base coefficients",NA,NA
"larv_rec_devs[105]",0,NA,NA,"fixed_input",NA,NA,NA,"custom RTMB","base coefficients",NA,NA
"larv_rec_devs[106]",0,NA,NA,"fixed_input",NA,NA,NA,"custom RTMB","base coefficients",NA,NA
"larv_rec_devs[107]",0,NA,NA,"fixed_input",NA,NA,NA,"custom RTMB","base coefficients",NA,NA
"larv_rec_devs[108]",0,NA,NA,"fixed_input",NA,NA,NA,"custom RTMB","base coefficients",NA,NA
"larv_rec_devs[109]",0,NA,NA,"fixed_input",NA,NA,NA,"custom RTMB","base coefficients",NA,NA
"larv_rec_devs[110]",0,NA,NA,"fixed_input",NA,NA,NA,"custom RTMB","base coefficients",NA,NA
"larv_rec_devs[111]",0,NA,NA,"fixed_input",NA,NA,NA,"custom RTMB","base coefficients",NA,NA
"larv_rec_devs[112]",0,NA,NA,"fixed_input",NA,NA,NA,"custom RTMB","base coefficients",NA,NA
"larv_rec_devs[113]",0,NA,NA,"fixed_input",NA,NA,NA,"custom RTMB","base coefficients",NA,NA
"larv_rec_devs[114]",0,NA,NA,"fixed_input",NA,NA,NA,"custom RTMB","base coefficients",NA,NA
"larv_rec_devs[115]",0,NA,NA,"fixed_input",NA,NA,NA,"custom RTMB","base coefficients",NA,NA
"larv_rec_devs[116]",0,NA,NA,"fixed_input",NA,NA,NA,"custom RTMB","base coefficients",NA,NA
"larv_rec_devs[117]",0,NA,NA,"fixed_input",NA,NA,NA,"custom RTMB","base coefficients",NA,NA
"larv_rec_devs[118]",0,NA,NA,"fixed_input",NA,NA,NA,"custom RTMB","base coefficients",NA,NA
"larv_rec_devs[119]",0,NA,NA,"fixed_input",NA,NA,NA,"custom RTMB","base coefficients",NA,NA
"larv_rec_devs[120]",0,NA,NA,"fixed_input",NA,NA,NA,"custom RTMB","base coefficients",NA,NA
"larv_rec_devs[121]",0,NA,NA,"fixed_input",NA,NA,NA,"custom RTMB","base coefficients",NA,NA
"log_F_devs[1]",-2.24543732882422,NA,NA,"fixed_input",NA,NA,NA,"custom RTMB","base coefficients",NA,NA
"log_F_devs[2]",-2.26476628756219,NA,NA,"fixed_input",NA,NA,NA,"custom RTMB","base coefficients",NA,NA
"log_F_devs[3]",-2.35626521703151,NA,NA,"fixed_input",NA,NA,NA,"custom RTMB","base coefficients",NA,NA
"log_F_devs[4]",-1.77096685627982,NA,NA,"fixed_input",NA,NA,NA,"custom RTMB","base coefficients",NA,NA
"log_F_devs[5]",-1.80868095132306,NA,NA,"fixed_input",NA,NA,NA,"custom RTMB","base coefficients",NA,NA
"log_F_devs[6]",-1.77011568908036,NA,NA,"fixed_input",NA,NA,NA,"custom RTMB","base coefficients",NA,NA
"log_F_devs[7]",-1.39556234404694,NA,NA,"fixed_input",NA,NA,NA,"custom RTMB","base coefficients",NA,NA
"log_F_devs[8]",-1.05568823964504,NA,NA,"fixed_input",NA,NA,NA,"custom RTMB","base coefficients",NA,NA
"log_F_devs[9]",-0.93589973299503,NA,NA,"fixed_input",NA,NA,NA,"custom RTMB","base coefficients",NA,NA
"log_F_devs[10]",-0.796293622468168,NA,NA,"fixed_input",NA,NA,NA,"custom RTMB","base coefficients",NA,NA
"log_F_devs[11]",-0.721312237353209,NA,NA,"fixed_input",NA,NA,NA,"custom RTMB","base coefficients",NA,NA
"log_F_devs[12]",-0.934520267120571,NA,NA,"fixed_input",NA,NA,NA,"custom RTMB","base coefficients",NA,NA
"log_F_devs[13]",-1.03620307587225,NA,NA,"fixed_input",NA,NA,NA,"custom RTMB","base coefficients",NA,NA
"log_F_devs[14]",-1.11304087064262,NA,NA,"fixed_input",NA,NA,NA,"custom RTMB","base coefficients",NA,NA
"log_F_devs[15]",-0.98334250609734,NA,NA,"fixed_input",NA,NA,NA,"custom RTMB","base coefficients",NA,NA
"log_F_devs[16]",-0.909089836565925,NA,NA,"fixed_input",NA,NA,NA,"custom RTMB","base coefficients",NA,NA
"log_F_devs[17]",-0.957241653256271,NA,NA,"fixed_input",NA,NA,NA,"custom RTMB","base coefficients",NA,NA
"log_F_devs[18]",-1.25638051015512,NA,NA,"fixed_input",NA,NA,NA,"custom RTMB","base coefficients",NA,NA
"log_F_devs[19]",-1.68538515935412,NA,NA,"fixed_input",NA,NA,NA,"custom RTMB","base coefficients",NA,NA
"log_F_devs[20]",-1.8813989657606,NA,NA,"fixed_input",NA,NA,NA,"custom RTMB","base coefficients",NA,NA
"log_F_devs[21]",-1.92243607250107,NA,NA,"fixed_input",NA,NA,NA,"custom RTMB","base coefficients",NA,NA
"log_F_devs[22]",-1.92728264133597,NA,NA,"fixed_input",NA,NA,NA,"custom RTMB","base coefficients",NA,NA
"log_F_devs[23]",-2.01432578643939,NA,NA,"fixed_input",NA,NA,NA,"custom RTMB","base coefficients",NA,NA
"log_F_devs[24]",-2.3295561269154,NA,NA,"fixed_input",NA,NA,NA,"custom RTMB","base coefficients",NA,NA
"log_F_devs[25]",-2.0356262676328,NA,NA,"fixed_input",NA,NA,NA,"custom RTMB","base coefficients",NA,NA
"log_F_devs[26]",-1.98883022199736,NA,NA,"fixed_input",NA,NA,NA,"custom RTMB","base coefficients",NA,NA
"log_F_devs[27]",-1.58284417519518,NA,NA,"fixed_input",NA,NA,NA,"custom RTMB","base coefficients",NA,NA
"log_F_devs[28]",-1.36805848277877,NA,NA,"fixed_input",NA,NA,NA,"custom RTMB","base coefficients",NA,NA
"log_F_devs[29]",-1.06256035935885,NA,NA,"fixed_input",NA,NA,NA,"custom RTMB","base coefficients",NA,NA
"log_F_devs[30]",-1.52856086723622,NA,NA,"fixed_input",NA,NA,NA,"custom RTMB","base coefficients",NA,NA
"log_F_devs[31]",-1.77023726947211,NA,NA,"fixed_input",NA,NA,NA,"custom RTMB","base coefficients",NA,NA
"log_F_devs[32]",-1.79425422376615,NA,NA,"fixed_input",NA,NA,NA,"custom RTMB","base coefficients",NA,NA
"log_F_devs[33]",-1.63405186836185,NA,NA,"fixed_input",NA,NA,NA,"custom RTMB","base coefficients",NA,NA
"log_F_devs[34]",-1.62646887450355,NA,NA,"fixed_input",NA,NA,NA,"custom RTMB","base coefficients",NA,NA
"log_F_devs[35]",-1.79626203575269,NA,NA,"fixed_input",NA,NA,NA,"custom RTMB","base coefficients",NA,NA
"log_F_devs[36]",-2.00776923095148,NA,NA,"fixed_input",NA,NA,NA,"custom RTMB","base coefficients",NA,NA
"log_F_devs[37]",-1.89457708604658,NA,NA,"fixed_input",NA,NA,NA,"custom RTMB","base coefficients",NA,NA
"log_F_devs[38]",-1.73099306036866,NA,NA,"fixed_input",NA,NA,NA,"custom RTMB","base coefficients",NA,NA
"log_F_devs[39]",-1.56134045895378,NA,NA,"fixed_input",NA,NA,NA,"custom RTMB","base coefficients",NA,NA
"log_F_devs[40]",-1.49106534172775,NA,NA,"fixed_input",NA,NA,NA,"custom RTMB","base coefficients",NA,NA
"log_F_devs[41]",-1.59880094364981,NA,NA,"fixed_input",NA,NA,NA,"custom RTMB","base coefficients",NA,NA
"log_F_devs[42]",-1.65681637639667,NA,NA,"fixed_input",NA,NA,NA,"custom RTMB","base coefficients",NA,NA
"log_F_devs[43]",-1.44402580496838,NA,NA,"fixed_input",NA,NA,NA,"custom RTMB","base coefficients",NA,NA
"log_F_devs[44]",-1.36207220126527,NA,NA,"fixed_input",NA,NA,NA,"custom RTMB","base coefficients",NA,NA
"log_F_devs[45]",-1.25879505087396,NA,NA,"fixed_input",NA,NA,NA,"custom RTMB","base coefficients",NA,NA
"log_F_devs[46]",-1.28186947856722,NA,NA,"fixed_input",NA,NA,NA,"custom RTMB","base coefficients",NA,NA
"log_F_devs[47]",-1.47259403462738,NA,NA,"fixed_input",NA,NA,NA,"custom RTMB","base coefficients",NA,NA
"log_F_devs[48]",-1.15943241246116,NA,NA,"fixed_input",NA,NA,NA,"custom RTMB","base coefficients",NA,NA
"log_F_devs[49]",-1.16756887522353,NA,NA,"fixed_input",NA,NA,NA,"custom RTMB","base coefficients",NA,NA
"log_F_devs[50]",-1.24058522360997,NA,NA,"fixed_input",NA,NA,NA,"custom RTMB","base coefficients",NA,NA
"log_F_devs[51]",-1.31380641612631,NA,NA,"fixed_input",NA,NA,NA,"custom RTMB","base coefficients",NA,NA
"log_F_devs[52]",-1.24850803644189,NA,NA,"fixed_input",NA,NA,NA,"custom RTMB","base coefficients",NA,NA
"log_F_devs[53]",-1.57761573892346,NA,NA,"fixed_input",NA,NA,NA,"custom RTMB","base coefficients",NA,NA
"log_F_devs[54]",-1.58764319718374,NA,NA,"fixed_input",NA,NA,NA,"custom RTMB","base coefficients",NA,NA
"log_F_devs[55]",-1.81252102473454,NA,NA,"fixed_input",NA,NA,NA,"custom RTMB","base coefficients",NA,NA
"log_F_devs[56]",-1.72770258385744,NA,NA,"fixed_input",NA,NA,NA,"custom RTMB","base coefficients",NA,NA
"log_F_devs[57]",-1.47102830158811,NA,NA,"fixed_input",NA,NA,NA,"custom RTMB","base coefficients",NA,NA
"log_F_devs[58]",-1.53403124009741,NA,NA,"fixed_input",NA,NA,NA,"custom RTMB","base coefficients",NA,NA
"log_F_devs[59]",-1.88103619276182,NA,NA,"fixed_input",NA,NA,NA,"custom RTMB","base coefficients",NA,NA
"log_F_devs[60]",-1.89078134954512,NA,NA,"fixed_input",NA,NA,NA,"custom RTMB","base coefficients",NA,NA
"log_F_devs[61]",-1.77487619690003,NA,NA,"fixed_input",NA,NA,NA,"custom RTMB","base coefficients",NA,NA
"sigr",1,NA,NA,"fixed_input",NA,NA,NA,"custom RTMB","base coefficients",NA,NA
"sel_devs_fsh[1]",0.049649346122219,NA,NA,"fixed_input",NA,NA,NA,"custom RTMB","base coefficients",NA,NA
"sel_devs_fsh[2]",0.04968017124488,NA,NA,"fixed_input",NA,NA,NA,"custom RTMB","base coefficients",NA,NA
"sel_devs_fsh[3]",0.117610435227761,NA,NA,"fixed_input",NA,NA,NA,"custom RTMB","base coefficients",NA,NA
"sel_devs_fsh[4]",0.121148855011689,NA,NA,"fixed_input",NA,NA,NA,"custom RTMB","base coefficients",NA,NA
"sel_devs_fsh[5]",0.173323773710461,NA,NA,"fixed_input",NA,NA,NA,"custom RTMB","base coefficients",NA,NA
"sel_devs_fsh[6]",0.00330427338258244,NA,NA,"fixed_input",NA,NA,NA,"custom RTMB","base coefficients",NA,NA
"sel_devs_fsh[7]",-0.238076018431263,NA,NA,"fixed_input",NA,NA,NA,"custom RTMB","base coefficients",NA,NA
"sel_devs_fsh[8]",-0.25703269801477,NA,NA,"fixed_input",NA,NA,NA,"custom RTMB","base coefficients",NA,NA
"sel_devs_fsh[9]",-0.213158074729876,NA,NA,"fixed_input",NA,NA,NA,"custom RTMB","base coefficients",NA,NA
"sel_devs_fsh[10]",-0.194847311295503,NA,NA,"fixed_input",NA,NA,NA,"custom RTMB","base coefficients",NA,NA
"sel_devs_fsh[11]",-0.196310373300307,NA,NA,"fixed_input",NA,NA,NA,"custom RTMB","base coefficients",NA,NA
"sel_devs_fsh[12]",-0.188024553797312,NA,NA,"fixed_input",NA,NA,NA,"custom RTMB","base coefficients",NA,NA
"sel_devs_fsh[13]",-0.227547575247896,NA,NA,"fixed_input",NA,NA,NA,"custom RTMB","base coefficients",NA,NA
"sel_devs_fsh[14]",-0.180131236470219,NA,NA,"fixed_input",NA,NA,NA,"custom RTMB","base coefficients",NA,NA
"sel_devs_fsh[15]",-0.195644413682135,NA,NA,"fixed_input",NA,NA,NA,"custom RTMB","base coefficients",NA,NA
"sel_devs_fsh[16]",-0.162110812972236,NA,NA,"fixed_input",NA,NA,NA,"custom RTMB","base coefficients",NA,NA
"sel_devs_fsh[17]",-0.126756238265043,NA,NA,"fixed_input",NA,NA,NA,"custom RTMB","base coefficients",NA,NA
"sel_devs_fsh[18]",-0.144802981115936,NA,NA,"fixed_input",NA,NA,NA,"custom RTMB","base coefficients",NA,NA
"sel_devs_fsh[19]",-0.134343555557138,NA,NA,"fixed_input",NA,NA,NA,"custom RTMB","base coefficients",NA,NA
"sel_devs_fsh[20]",-0.151560211614597,NA,NA,"fixed_input",NA,NA,NA,"custom RTMB","base coefficients",NA,NA
"sel_devs_fsh[21]",-0.160578688102967,NA,NA,"fixed_input",NA,NA,NA,"custom RTMB","base coefficients",NA,NA
"sel_devs_fsh[22]",-0.160225052500224,NA,NA,"fixed_input",NA,NA,NA,"custom RTMB","base coefficients",NA,NA
"sel_devs_fsh[23]",-0.198519122172344,NA,NA,"fixed_input",NA,NA,NA,"custom RTMB","base coefficients",NA,NA
"sel_devs_fsh[24]",-0.159132864788079,NA,NA,"fixed_input",NA,NA,NA,"custom RTMB","base coefficients",NA,NA
"sel_devs_fsh[25]",-0.145765267847637,NA,NA,"fixed_input",NA,NA,NA,"custom RTMB","base coefficients",NA,NA
"sel_devs_fsh[26]",-0.0562421227928967,NA,NA,"fixed_input",NA,NA,NA,"custom RTMB","base coefficients",NA,NA
"sel_devs_fsh[27]",-0.161988407790991,NA,NA,"fixed_input",NA,NA,NA,"custom RTMB","base coefficients",NA,NA
"sel_devs_fsh[28]",-0.153265496520574,NA,NA,"fixed_input",NA,NA,NA,"custom RTMB","base coefficients",NA,NA
"sel_devs_fsh[29]",-0.0498269334143358,NA,NA,"fixed_input",NA,NA,NA,"custom RTMB","base coefficients",NA,NA
"sel_devs_fsh[30]",-0.0188315172901175,NA,NA,"fixed_input",NA,NA,NA,"custom RTMB","base coefficients",NA,NA
"sel_devs_fsh[31]",-0.037358238323679,NA,NA,"fixed_input",NA,NA,NA,"custom RTMB","base coefficients",NA,NA
"sel_devs_fsh[32]",-0.143715893989936,NA,NA,"fixed_input",NA,NA,NA,"custom RTMB","base coefficients",NA,NA
"sel_devs_fsh[33]",-0.107719065158149,NA,NA,"fixed_input",NA,NA,NA,"custom RTMB","base coefficients",NA,NA
"sel_devs_fsh[34]",-0.157011365326023,NA,NA,"fixed_input",NA,NA,NA,"custom RTMB","base coefficients",NA,NA
"sel_devs_fsh[35]",-0.0742661648188933,NA,NA,"fixed_input",NA,NA,NA,"custom RTMB","base coefficients",NA,NA
"sel_devs_fsh[36]",-0.0271108158342377,NA,NA,"fixed_input",NA,NA,NA,"custom RTMB","base coefficients",NA,NA
"sel_devs_fsh[37]",-0.0856782248129896,NA,NA,"fixed_input",NA,NA,NA,"custom RTMB","base coefficients",NA,NA
"sel_devs_fsh[38]",-0.0905355149916036,NA,NA,"fixed_input",NA,NA,NA,"custom RTMB","base coefficients",NA,NA
"sel_devs_fsh[39]",-0.0351092210578565,NA,NA,"fixed_input",NA,NA,NA,"custom RTMB","base coefficients",NA,NA
"sel_devs_fsh[40]",-0.0667642163688651,NA,NA,"fixed_input",NA,NA,NA,"custom RTMB","base coefficients",NA,NA
"sel_devs_fsh[41]",-0.0915683984840162,NA,NA,"fixed_input",NA,NA,NA,"custom RTMB","base coefficients",NA,NA
"sel_devs_fsh[42]",-0.0480105991152235,NA,NA,"fixed_input",NA,NA,NA,"custom RTMB","base coefficients",NA,NA
"sel_devs_fsh[43]",0.0068806448948411,NA,NA,"fixed_input",NA,NA,NA,"custom RTMB","base coefficients",NA,NA
"sel_devs_fsh[44]",-0.0255138696482037,NA,NA,"fixed_input",NA,NA,NA,"custom RTMB","base coefficients",NA,NA
"sel_devs_fsh[45]",0.00178541401817136,NA,NA,"fixed_input",NA,NA,NA,"custom RTMB","base coefficients",NA,NA
"sel_devs_fsh[46]",0.0191566939538666,NA,NA,"fixed_input",NA,NA,NA,"custom RTMB","base coefficients",NA,NA
"sel_devs_fsh[47]",-0.0196047219738571,NA,NA,"fixed_input",NA,NA,NA,"custom RTMB","base coefficients",NA,NA
"sel_devs_fsh[48]",0.0177503270936279,NA,NA,"fixed_input",NA,NA,NA,"custom RTMB","base coefficients",NA,NA
"sel_devs_fsh[49]",-0.0211409038116557,NA,NA,"fixed_input",NA,NA,NA,"custom RTMB","base coefficients",NA,NA
"sel_devs_fsh[50]",-0.0184137267166284,NA,NA,"fixed_input",NA,NA,NA,"custom RTMB","base coefficients",NA,NA
"sel_devs_fsh[51]",0.0756636181316108,NA,NA,"fixed_input",NA,NA,NA,"custom RTMB","base coefficients",NA,NA
"sel_devs_fsh[52]",0.0583021540882742,NA,NA,"fixed_input",NA,NA,NA,"custom RTMB","base coefficients",NA,NA
"sel_devs_fsh[53]",0.0347770083918534,NA,NA,"fixed_input",NA,NA,NA,"custom RTMB","base coefficients",NA,NA
"sel_devs_fsh[54]",0.101973158026716,NA,NA,"fixed_input",NA,NA,NA,"custom RTMB","base coefficients",NA,NA
"sel_devs_fsh[55]",0.14077981358052,NA,NA,"fixed_input",NA,NA,NA,"custom RTMB","base coefficients",NA,NA
"sel_devs_fsh[56]",-0.0446419616114222,NA,NA,"fixed_input",NA,NA,NA,"custom RTMB","base coefficients",NA,NA
"sel_devs_fsh[57]",-0.00536257867577152,NA,NA,"fixed_input",NA,NA,NA,"custom RTMB","base coefficients",NA,NA
"sel_devs_fsh[58]",0.0285404125280828,NA,NA,"fixed_input",NA,NA,NA,"custom RTMB","base coefficients",NA,NA
"sel_devs_fsh[59]",4.03905071831536e-06,NA,NA,"fixed_input",NA,NA,NA,"custom RTMB","base coefficients",NA,NA
"sel_devs_fsh[60]",0.0829504231682142,NA,NA,"fixed_input",NA,NA,NA,"custom RTMB","base coefficients",NA,NA
"sel_devs_fsh[61]",0.0847400436652518,NA,NA,"fixed_input",NA,NA,NA,"custom RTMB","base coefficients",NA,NA
"sel_devs_fsh[62]",0.0886218392476049,NA,NA,"fixed_input",NA,NA,NA,"custom RTMB","base coefficients",NA,NA
"sel_devs_fsh[63]",0.0523863483770358,NA,NA,"fixed_input",NA,NA,NA,"custom RTMB","base coefficients",NA,NA
"sel_devs_fsh[64]",0.122834815404353,NA,NA,"fixed_input",NA,NA,NA,"custom RTMB","base coefficients",NA,NA
"sel_devs_fsh[65]",0.0219372549044548,NA,NA,"fixed_input",NA,NA,NA,"custom RTMB","base coefficients",NA,NA
"sel_devs_fsh[66]",0.194457410306926,NA,NA,"fixed_input",NA,NA,NA,"custom RTMB","base coefficients",NA,NA
"sel_devs_fsh[67]",0.105298820271658,NA,NA,"fixed_input",NA,NA,NA,"custom RTMB","base coefficients",NA,NA
"sel_devs_fsh[68]",0.145664083073421,NA,NA,"fixed_input",NA,NA,NA,"custom RTMB","base coefficients",NA,NA
"sel_devs_fsh[69]",-0.172694012520372,NA,NA,"fixed_input",NA,NA,NA,"custom RTMB","base coefficients",NA,NA
"sel_devs_fsh[70]",-0.0795251173949895,NA,NA,"fixed_input",NA,NA,NA,"custom RTMB","base coefficients",NA,NA
"sel_devs_fsh[71]",0.00319628004048151,NA,NA,"fixed_input",NA,NA,NA,"custom RTMB","base coefficients",NA,NA
"sel_devs_fsh[72]",-0.155717747646876,NA,NA,"fixed_input",NA,NA,NA,"custom RTMB","base coefficients",NA,NA
"sel_devs_fsh[73]",-0.392692752842149,NA,NA,"fixed_input",NA,NA,NA,"custom RTMB","base coefficients",NA,NA
"sel_devs_fsh[74]",-0.486014513053698,NA,NA,"fixed_input",NA,NA,NA,"custom RTMB","base coefficients",NA,NA
"sel_devs_fsh[75]",-0.273444948090281,NA,NA,"fixed_input",NA,NA,NA,"custom RTMB","base coefficients",NA,NA
"sel_devs_fsh[76]",-0.100162050385735,NA,NA,"fixed_input",NA,NA,NA,"custom RTMB","base coefficients",NA,NA
"sel_devs_fsh[77]",0.104594864697723,NA,NA,"fixed_input",NA,NA,NA,"custom RTMB","base coefficients",NA,NA
"sel_devs_fsh[78]",-0.149544292670502,NA,NA,"fixed_input",NA,NA,NA,"custom RTMB","base coefficients",NA,NA
"sel_devs_fsh[79]",0.0461592787007644,NA,NA,"fixed_input",NA,NA,NA,"custom RTMB","base coefficients",NA,NA
"sel_devs_fsh[80]",-0.0308225351709424,NA,NA,"fixed_input",NA,NA,NA,"custom RTMB","base coefficients",NA,NA
"sel_devs_fsh[81]",-0.0735331251176654,NA,NA,"fixed_input",NA,NA,NA,"custom RTMB","base coefficients",NA,NA
"sel_devs_fsh[82]",-0.115696914949335,NA,NA,"fixed_input",NA,NA,NA,"custom RTMB","base coefficients",NA,NA
"sel_devs_fsh[83]",-0.0669556054201955,NA,NA,"fixed_input",NA,NA,NA,"custom RTMB","base coefficients",NA,NA
"sel_devs_fsh[84]",-0.0313314570290257,NA,NA,"fixed_input",NA,NA,NA,"custom RTMB","base coefficients",NA,NA
"sel_devs_fsh[85]",0.0306891044989852,NA,NA,"fixed_input",NA,NA,NA,"custom RTMB","base coefficients",NA,NA
"sel_devs_fsh[86]",-0.0811813472695029,NA,NA,"fixed_input",NA,NA,NA,"custom RTMB","base coefficients",NA,NA
"sel_devs_fsh[87]",-0.488389892153879,NA,NA,"fixed_input",NA,NA,NA,"custom RTMB","base coefficients",NA,NA
"sel_devs_fsh[88]",0.0196864546256567,NA,NA,"fixed_input",NA,NA,NA,"custom RTMB","base coefficients",NA,NA
"sel_devs_fsh[89]",0.195632698032534,NA,NA,"fixed_input",NA,NA,NA,"custom RTMB","base coefficients",NA,NA
"sel_devs_fsh[90]",0.520128065295083,NA,NA,"fixed_input",NA,NA,NA,"custom RTMB","base coefficients",NA,NA
"sel_devs_fsh[91]",0.347053097862969,NA,NA,"fixed_input",NA,NA,NA,"custom RTMB","base coefficients",NA,NA
"sel_devs_fsh[92]",-0.385919979536964,NA,NA,"fixed_input",NA,NA,NA,"custom RTMB","base coefficients",NA,NA
"sel_devs_fsh[93]",-0.39736667855298,NA,NA,"fixed_input",NA,NA,NA,"custom RTMB","base coefficients",NA,NA
"sel_devs_fsh[94]",-0.159747942247558,NA,NA,"fixed_input",NA,NA,NA,"custom RTMB","base coefficients",NA,NA
"sel_devs_fsh[95]",-0.207294167922945,NA,NA,"fixed_input",NA,NA,NA,"custom RTMB","base coefficients",NA,NA
"sel_devs_fsh[96]",0.154973521961126,NA,NA,"fixed_input",NA,NA,NA,"custom RTMB","base coefficients",NA,NA
"sel_devs_fsh[97]",-0.343942899517653,NA,NA,"fixed_input",NA,NA,NA,"custom RTMB","base coefficients",NA,NA
"sel_devs_fsh[98]",-0.142234059385467,NA,NA,"fixed_input",NA,NA,NA,"custom RTMB","base coefficients",NA,NA
"sel_devs_fsh[99]",0.0772153123464601,NA,NA,"fixed_input",NA,NA,NA,"custom RTMB","base coefficients",NA,NA
"sel_devs_fsh[100]",0.0985599919890771,NA,NA,"fixed_input",NA,NA,NA,"custom RTMB","base coefficients",NA,NA
"sel_devs_fsh[101]",0.041178754919656,NA,NA,"fixed_input",NA,NA,NA,"custom RTMB","base coefficients",NA,NA
"sel_devs_fsh[102]",-0.0542703850035244,NA,NA,"fixed_input",NA,NA,NA,"custom RTMB","base coefficients",NA,NA
"sel_devs_fsh[103]",-0.332025840246527,NA,NA,"fixed_input",NA,NA,NA,"custom RTMB","base coefficients",NA,NA
"sel_devs_fsh[104]",0.081090894278676,NA,NA,"fixed_input",NA,NA,NA,"custom RTMB","base coefficients",NA,NA
"sel_devs_fsh[105]",-0.0443970362894088,NA,NA,"fixed_input",NA,NA,NA,"custom RTMB","base coefficients",NA,NA
"sel_devs_fsh[106]",0.204004114376303,NA,NA,"fixed_input",NA,NA,NA,"custom RTMB","base coefficients",NA,NA
"sel_devs_fsh[107]",-0.187157298743437,NA,NA,"fixed_input",NA,NA,NA,"custom RTMB","base coefficients",NA,NA
"sel_devs_fsh[108]",0.166882266970878,NA,NA,"fixed_input",NA,NA,NA,"custom RTMB","base coefficients",NA,NA
"sel_devs_fsh[109]",-0.512009404862247,NA,NA,"fixed_input",NA,NA,NA,"custom RTMB","base coefficients",NA,NA
"sel_devs_fsh[110]",-0.104857082402929,NA,NA,"fixed_input",NA,NA,NA,"custom RTMB","base coefficients",NA,NA
"sel_devs_fsh[111]",0.140733047634966,NA,NA,"fixed_input",NA,NA,NA,"custom RTMB","base coefficients",NA,NA
"sel_devs_fsh[112]",0.191078570579499,NA,NA,"fixed_input",NA,NA,NA,"custom RTMB","base coefficients",NA,NA
"sel_devs_fsh[113]",0.7779322337418,NA,NA,"fixed_input",NA,NA,NA,"custom RTMB","base coefficients",NA,NA
"sel_devs_fsh[114]",1.0406847520352,NA,NA,"fixed_input",NA,NA,NA,"custom RTMB","base coefficients",NA,NA
"sel_devs_fsh[115]",0.40360075191155,NA,NA,"fixed_input",NA,NA,NA,"custom RTMB","base coefficients",NA,NA
"sel_devs_fsh[116]",0.110982000807287,NA,NA,"fixed_input",NA,NA,NA,"custom RTMB","base coefficients",NA,NA
"sel_devs_fsh[117]",-0.357918923584937,NA,NA,"fixed_input",NA,NA,NA,"custom RTMB","base coefficients",NA,NA
"sel_devs_fsh[118]",0.00338367362228193,NA,NA,"fixed_input",NA,NA,NA,"custom RTMB","base coefficients",NA,NA
"sel_devs_fsh[119]",0.121492423797785,NA,NA,"fixed_input",NA,NA,NA,"custom RTMB","base coefficients",NA,NA
"sel_devs_fsh[120]",0.220895858273229,NA,NA,"fixed_input",NA,NA,NA,"custom RTMB","base coefficients",NA,NA
"sel_devs_fsh[121]",-0.014796279651527,NA,NA,"fixed_input",NA,NA,NA,"custom RTMB","base coefficients",NA,NA
"sel_devs_fsh[122]",0.138434352243742,NA,NA,"fixed_input",NA,NA,NA,"custom RTMB","base coefficients",NA,NA
"sel_devs_fsh[123]",-0.045120935303813,NA,NA,"fixed_input",NA,NA,NA,"custom RTMB","base coefficients",NA,NA
"sel_devs_fsh[124]",-0.090304548953354,NA,NA,"fixed_input",NA,NA,NA,"custom RTMB","base coefficients",NA,NA
"sel_devs_fsh[125]",0.116666762559001,NA,NA,"fixed_input",NA,NA,NA,"custom RTMB","base coefficients",NA,NA
"sel_devs_fsh[126]",0.0778194561074894,NA,NA,"fixed_input",NA,NA,NA,"custom RTMB","base coefficients",NA,NA
"sel_devs_fsh[127]",0.197723622733691,NA,NA,"fixed_input",NA,NA,NA,"custom RTMB","base coefficients",NA,NA
"sel_devs_fsh[128]",0.155619592992885,NA,NA,"fixed_input",NA,NA,NA,"custom RTMB","base coefficients",NA,NA
"sel_devs_fsh[129]",-0.126651293924609,NA,NA,"fixed_input",NA,NA,NA,"custom RTMB","base coefficients",NA,NA
"sel_devs_fsh[130]",-0.164777677374383,NA,NA,"fixed_input",NA,NA,NA,"custom RTMB","base coefficients",NA,NA
"sel_devs_fsh[131]",-0.0724385808606785,NA,NA,"fixed_input",NA,NA,NA,"custom RTMB","base coefficients",NA,NA
"sel_devs_fsh[132]",-0.186344669979496,NA,NA,"fixed_input",NA,NA,NA,"custom RTMB","base coefficients",NA,NA
"sel_devs_fsh[133]",-0.283547145702883,NA,NA,"fixed_input",NA,NA,NA,"custom RTMB","base coefficients",NA,NA
"sel_devs_fsh[134]",-0.271337771277085,NA,NA,"fixed_input",NA,NA,NA,"custom RTMB","base coefficients",NA,NA
"sel_devs_fsh[135]",-0.303194127089844,NA,NA,"fixed_input",NA,NA,NA,"custom RTMB","base coefficients",NA,NA
"sel_devs_fsh[136]",-0.0856050525346107,NA,NA,"fixed_input",NA,NA,NA,"custom RTMB","base coefficients",NA,NA
"sel_devs_fsh[137]",0.0641420719969493,NA,NA,"fixed_input",NA,NA,NA,"custom RTMB","base coefficients",NA,NA
"sel_devs_fsh[138]",0.139862300350515,NA,NA,"fixed_input",NA,NA,NA,"custom RTMB","base coefficients",NA,NA
"sel_devs_fsh[139]",0.0764010905195432,NA,NA,"fixed_input",NA,NA,NA,"custom RTMB","base coefficients",NA,NA
"sel_devs_fsh[140]",0.129411436141956,NA,NA,"fixed_input",NA,NA,NA,"custom RTMB","base coefficients",NA,NA
"sel_devs_fsh[141]",0.4716761569209,NA,NA,"fixed_input",NA,NA,NA,"custom RTMB","base coefficients",NA,NA
"sel_devs_fsh[142]",-0.383797247570517,NA,NA,"fixed_input",NA,NA,NA,"custom RTMB","base coefficients",NA,NA
"sel_devs_fsh[143]",-0.337104023544983,NA,NA,"fixed_input",NA,NA,NA,"custom RTMB","base coefficients",NA,NA
"sel_devs_fsh[144]",-0.349219191617766,NA,NA,"fixed_input",NA,NA,NA,"custom RTMB","base coefficients",NA,NA
"sel_devs_fsh[145]",0.500756290591333,NA,NA,"fixed_input",NA,NA,NA,"custom RTMB","base coefficients",NA,NA
"sel_devs_fsh[146]",-0.0324454779765389,NA,NA,"fixed_input",NA,NA,NA,"custom RTMB","base coefficients",NA,NA
"sel_devs_fsh[147]",-0.775486393774684,NA,NA,"fixed_input",NA,NA,NA,"custom RTMB","base coefficients",NA,NA
"sel_devs_fsh[148]",-0.27216591791445,NA,NA,"fixed_input",NA,NA,NA,"custom RTMB","base coefficients",NA,NA
"sel_devs_fsh[149]",0.28778304629176,NA,NA,"fixed_input",NA,NA,NA,"custom RTMB","base coefficients",NA,NA
"sel_devs_fsh[150]",0.151596420747757,NA,NA,"fixed_input",NA,NA,NA,"custom RTMB","base coefficients",NA,NA
"sel_devs_fsh[151]",0.277636158204411,NA,NA,"fixed_input",NA,NA,NA,"custom RTMB","base coefficients",NA,NA
"sel_devs_fsh[152]",0.811432010946351,NA,NA,"fixed_input",NA,NA,NA,"custom RTMB","base coefficients",NA,NA
"sel_devs_fsh[153]",-0.557406196891776,NA,NA,"fixed_input",NA,NA,NA,"custom RTMB","base coefficients",NA,NA
"sel_devs_fsh[154]",-0.463102572283585,NA,NA,"fixed_input",NA,NA,NA,"custom RTMB","base coefficients",NA,NA
"sel_devs_fsh[155]",0.061041821540575,NA,NA,"fixed_input",NA,NA,NA,"custom RTMB","base coefficients",NA,NA
"sel_devs_fsh[156]",0.673820203371191,NA,NA,"fixed_input",NA,NA,NA,"custom RTMB","base coefficients",NA,NA
"sel_devs_fsh[157]",-0.661732092220622,NA,NA,"fixed_input",NA,NA,NA,"custom RTMB","base coefficients",NA,NA
"sel_devs_fsh[158]",-0.00263961817807096,NA,NA,"fixed_input",NA,NA,NA,"custom RTMB","base coefficients",NA,NA
"sel_devs_fsh[159]",0.566171200758333,NA,NA,"fixed_input",NA,NA,NA,"custom RTMB","base coefficients",NA,NA
"sel_devs_fsh[160]",-0.0404348562966203,NA,NA,"fixed_input",NA,NA,NA,"custom RTMB","base coefficients",NA,NA
"sel_devs_fsh[161]",-0.521170721147948,NA,NA,"fixed_input",NA,NA,NA,"custom RTMB","base coefficients",NA,NA
"sel_devs_fsh[162]",0.19824321627626,NA,NA,"fixed_input",NA,NA,NA,"custom RTMB","base coefficients",NA,NA
"sel_devs_fsh[163]",-0.61233356399644,NA,NA,"fixed_input",NA,NA,NA,"custom RTMB","base coefficients",NA,NA
"sel_devs_fsh[164]",0.0506176023785479,NA,NA,"fixed_input",NA,NA,NA,"custom RTMB","base coefficients",NA,NA
"sel_devs_fsh[165]",0.199452230312272,NA,NA,"fixed_input",NA,NA,NA,"custom RTMB","base coefficients",NA,NA
"sel_devs_fsh[166]",0.02752366346301,NA,NA,"fixed_input",NA,NA,NA,"custom RTMB","base coefficients",NA,NA
"sel_devs_fsh[167]",-0.0286439238130152,NA,NA,"fixed_input",NA,NA,NA,"custom RTMB","base coefficients",NA,NA
"sel_devs_fsh[168]",1.11501860829632,NA,NA,"fixed_input",NA,NA,NA,"custom RTMB","base coefficients",NA,NA
"sel_devs_fsh[169]",-1.44572753705689,NA,NA,"fixed_input",NA,NA,NA,"custom RTMB","base coefficients",NA,NA
"sel_devs_fsh[170]",-0.306181263003648,NA,NA,"fixed_input",NA,NA,NA,"custom RTMB","base coefficients",NA,NA
"sel_devs_fsh[171]",0.0608319866279404,NA,NA,"fixed_input",NA,NA,NA,"custom RTMB","base coefficients",NA,NA
"sel_devs_fsh[172]",0.137228735454274,NA,NA,"fixed_input",NA,NA,NA,"custom RTMB","base coefficients",NA,NA
"sel_devs_fsh[173]",0.647102913409167,NA,NA,"fixed_input",NA,NA,NA,"custom RTMB","base coefficients",NA,NA
"sel_devs_fsh[174]",0.992375358960586,NA,NA,"fixed_input",NA,NA,NA,"custom RTMB","base coefficients",NA,NA
"sel_devs_fsh[175]",-0.327162472236446,NA,NA,"fixed_input",NA,NA,NA,"custom RTMB","base coefficients",NA,NA
"sel_devs_fsh[176]",-0.129217958437297,NA,NA,"fixed_input",NA,NA,NA,"custom RTMB","base coefficients",NA,NA
"sel_devs_fsh[177]",0.00439282470068299,NA,NA,"fixed_input",NA,NA,NA,"custom RTMB","base coefficients",NA,NA
"sel_devs_fsh[178]",-0.0728222478188236,NA,NA,"fixed_input",NA,NA,NA,"custom RTMB","base coefficients",NA,NA
"sel_devs_fsh[179]",-0.172420107727834,NA,NA,"fixed_input",NA,NA,NA,"custom RTMB","base coefficients",NA,NA
"sel_devs_fsh[180]",-0.0267034064979344,NA,NA,"fixed_input",NA,NA,NA,"custom RTMB","base coefficients",NA,NA
"sel_devs_fsh[181]",-0.137565354662852,NA,NA,"fixed_input",NA,NA,NA,"custom RTMB","base coefficients",NA,NA
"sel_devs_fsh[182]",-0.319089271020462,NA,NA,"fixed_input",NA,NA,NA,"custom RTMB","base coefficients",NA,NA
"sel_devs_fsh[183]",-0.0937167606306825,NA,NA,"fixed_input",NA,NA,NA,"custom RTMB","base coefficients",NA,NA
"sel_devs_fsh[184]",0.0567983079670633,NA,NA,"fixed_input",NA,NA,NA,"custom RTMB","base coefficients",NA,NA
"sel_devs_fsh[185]",0.0389253350171247,NA,NA,"fixed_input",NA,NA,NA,"custom RTMB","base coefficients",NA,NA
"sel_devs_fsh[186]",0.0373838481545714,NA,NA,"fixed_input",NA,NA,NA,"custom RTMB","base coefficients",NA,NA
"sel_devs_fsh[187]",0.0836832211909024,NA,NA,"fixed_input",NA,NA,NA,"custom RTMB","base coefficients",NA,NA
"sel_devs_fsh[188]",0.135589388264486,NA,NA,"fixed_input",NA,NA,NA,"custom RTMB","base coefficients",NA,NA
"sel_devs_fsh[189]",-0.116229033125225,NA,NA,"fixed_input",NA,NA,NA,"custom RTMB","base coefficients",NA,NA
"sel_devs_fsh[190]",-0.0729450631656326,NA,NA,"fixed_input",NA,NA,NA,"custom RTMB","base coefficients",NA,NA
"sel_devs_fsh[191]",-0.0640542587025244,NA,NA,"fixed_input",NA,NA,NA,"custom RTMB","base coefficients",NA,NA
"sel_devs_fsh[192]",0.0592571218447666,NA,NA,"fixed_input",NA,NA,NA,"custom RTMB","base coefficients",NA,NA
"sel_devs_fsh[193]",-0.02766737134001,NA,NA,"fixed_input",NA,NA,NA,"custom RTMB","base coefficients",NA,NA
"sel_devs_fsh[194]",-0.011097649279262,NA,NA,"fixed_input",NA,NA,NA,"custom RTMB","base coefficients",NA,NA
"sel_devs_fsh[195]",-0.168296020296858,NA,NA,"fixed_input",NA,NA,NA,"custom RTMB","base coefficients",NA,NA
"sel_devs_fsh[196]",-0.0716595816264013,NA,NA,"fixed_input",NA,NA,NA,"custom RTMB","base coefficients",NA,NA
"sel_devs_fsh[197]",-0.0755933293308722,NA,NA,"fixed_input",NA,NA,NA,"custom RTMB","base coefficients",NA,NA
"sel_devs_fsh[198]",0.165021309953329,NA,NA,"fixed_input",NA,NA,NA,"custom RTMB","base coefficients",NA,NA
"sel_devs_fsh[199]",-0.0811597146918225,NA,NA,"fixed_input",NA,NA,NA,"custom RTMB","base coefficients",NA,NA
"sel_devs_fsh[200]",0.0499551802280485,NA,NA,"fixed_input",NA,NA,NA,"custom RTMB","base coefficients",NA,NA
"sel_devs_fsh[201]",0.186145341966324,NA,NA,"fixed_input",NA,NA,NA,"custom RTMB","base coefficients",NA,NA
"sel_devs_fsh[202]",0.0325890006409082,NA,NA,"fixed_input",NA,NA,NA,"custom RTMB","base coefficients",NA,NA
"sel_devs_fsh[203]",-0.299006637063874,NA,NA,"fixed_input",NA,NA,NA,"custom RTMB","base coefficients",NA,NA
"sel_devs_fsh[204]",-0.265159699816876,NA,NA,"fixed_input",NA,NA,NA,"custom RTMB","base coefficients",NA,NA
"sel_devs_fsh[205]",0.842427242562381,NA,NA,"fixed_input",NA,NA,NA,"custom RTMB","base coefficients",NA,NA
"sel_devs_fsh[206]",-0.342136445310545,NA,NA,"fixed_input",NA,NA,NA,"custom RTMB","base coefficients",NA,NA
"sel_devs_fsh[207]",-0.681060111751805,NA,NA,"fixed_input",NA,NA,NA,"custom RTMB","base coefficients",NA,NA
"sel_devs_fsh[208]",-0.774448530751971,NA,NA,"fixed_input",NA,NA,NA,"custom RTMB","base coefficients",NA,NA
"sel_devs_fsh[209]",0.666071064581202,NA,NA,"fixed_input",NA,NA,NA,"custom RTMB","base coefficients",NA,NA
"sel_devs_fsh[210]",0.227535220492535,NA,NA,"fixed_input",NA,NA,NA,"custom RTMB","base coefficients",NA,NA
"sel_devs_fsh[211]",0.438678550855237,NA,NA,"fixed_input",NA,NA,NA,"custom RTMB","base coefficients",NA,NA
"sel_devs_fsh[212]",0.304098140431783,NA,NA,"fixed_input",NA,NA,NA,"custom RTMB","base coefficients",NA,NA
"sel_devs_fsh[213]",-0.31197118951765,NA,NA,"fixed_input",NA,NA,NA,"custom RTMB","base coefficients",NA,NA
"sel_devs_fsh[214]",-0.0326628909226378,NA,NA,"fixed_input",NA,NA,NA,"custom RTMB","base coefficients",NA,NA
"sel_devs_fsh[215]",-0.0635437415316863,NA,NA,"fixed_input",NA,NA,NA,"custom RTMB","base coefficients",NA,NA
"sel_devs_fsh[216]",0.742046044920456,NA,NA,"fixed_input",NA,NA,NA,"custom RTMB","base coefficients",NA,NA
"sel_devs_fsh[217]",-0.332836657559153,NA,NA,"fixed_input",NA,NA,NA,"custom RTMB","base coefficients",NA,NA
"sel_devs_fsh[218]",-0.0779436931724448,NA,NA,"fixed_input",NA,NA,NA,"custom RTMB","base coefficients",NA,NA
"sel_devs_fsh[219]",0.0291500430490501,NA,NA,"fixed_input",NA,NA,NA,"custom RTMB","base coefficients",NA,NA
"sel_devs_fsh[220]",-0.116418373483244,NA,NA,"fixed_input",NA,NA,NA,"custom RTMB","base coefficients",NA,NA
"sel_devs_fsh[221]",0.0563984626156633,NA,NA,"fixed_input",NA,NA,NA,"custom RTMB","base coefficients",NA,NA
"sel_devs_fsh[222]",0.432024192404291,NA,NA,"fixed_input",NA,NA,NA,"custom RTMB","base coefficients",NA,NA
"sel_devs_fsh[223]",-1.07553389673301,NA,NA,"fixed_input",NA,NA,NA,"custom RTMB","base coefficients",NA,NA
"sel_devs_fsh[224]",0.622793056141356,NA,NA,"fixed_input",NA,NA,NA,"custom RTMB","base coefficients",NA,NA
"sel_devs_fsh[225]",-0.0979745011277095,NA,NA,"fixed_input",NA,NA,NA,"custom RTMB","base coefficients",NA,NA
"sel_devs_fsh[226]",-0.156132030552852,NA,NA,"fixed_input",NA,NA,NA,"custom RTMB","base coefficients",NA,NA
"sel_devs_fsh[227]",0.189321440358797,NA,NA,"fixed_input",NA,NA,NA,"custom RTMB","base coefficients",NA,NA
"sel_devs_fsh[228]",1.13822556101977,NA,NA,"fixed_input",NA,NA,NA,"custom RTMB","base coefficients",NA,NA
"sel_devs_fsh[229]",-1.15066870811149,NA,NA,"fixed_input",NA,NA,NA,"custom RTMB","base coefficients",NA,NA
"sel_devs_fsh[230]",-0.548919381395365,NA,NA,"fixed_input",NA,NA,NA,"custom RTMB","base coefficients",NA,NA
"sel_devs_fsh[231]",-0.650905552292994,NA,NA,"fixed_input",NA,NA,NA,"custom RTMB","base coefficients",NA,NA
"sel_devs_fsh[232]",0.716456342924762,NA,NA,"fixed_input",NA,NA,NA,"custom RTMB","base coefficients",NA,NA
"sel_devs_fsh[233]",-0.216351595089148,NA,NA,"fixed_input",NA,NA,NA,"custom RTMB","base coefficients",NA,NA
"sel_devs_fsh[234]",0.745691646347197,NA,NA,"fixed_input",NA,NA,NA,"custom RTMB","base coefficients",NA,NA
"sel_devs_fsh[235]",-0.00529195928395052,NA,NA,"fixed_input",NA,NA,NA,"custom RTMB","base coefficients",NA,NA
"sel_devs_fsh[236]",0.176378312939889,NA,NA,"fixed_input",NA,NA,NA,"custom RTMB","base coefficients",NA,NA
"sel_devs_fsh[237]",-0.0397950909374695,NA,NA,"fixed_input",NA,NA,NA,"custom RTMB","base coefficients",NA,NA
"sel_devs_fsh[238]",-0.116401289133364,NA,NA,"fixed_input",NA,NA,NA,"custom RTMB","base coefficients",NA,NA
"sel_devs_fsh[239]",-0.131015537810628,NA,NA,"fixed_input",NA,NA,NA,"custom RTMB","base coefficients",NA,NA
"sel_devs_fsh[240]",-0.173264996738983,NA,NA,"fixed_input",NA,NA,NA,"custom RTMB","base coefficients",NA,NA
"sel_devs_fsh[241]",-0.146214328508011,NA,NA,"fixed_input",NA,NA,NA,"custom RTMB","base coefficients",NA,NA
"sel_devs_fsh[242]",-0.0238535452975279,NA,NA,"fixed_input",NA,NA,NA,"custom RTMB","base coefficients",NA,NA
"sel_devs_fsh[243]",-0.0750763669036077,NA,NA,"fixed_input",NA,NA,NA,"custom RTMB","base coefficients",NA,NA
"sel_devs_fsh[244]",-0.00136591022588205,NA,NA,"fixed_input",NA,NA,NA,"custom RTMB","base coefficients",NA,NA
"sel_devs_fsh[245]",-0.0287049997060537,NA,NA,"fixed_input",NA,NA,NA,"custom RTMB","base coefficients",NA,NA
"sel_devs_fsh[246]",-0.000316616591374296,NA,NA,"fixed_input",NA,NA,NA,"custom RTMB","base coefficients",NA,NA
"sel_devs_fsh[247]",0.06827210631219,NA,NA,"fixed_input",NA,NA,NA,"custom RTMB","base coefficients",NA,NA
"sel_devs_fsh[248]",0.104868278681297,NA,NA,"fixed_input",NA,NA,NA,"custom RTMB","base coefficients",NA,NA
"sel_devs_fsh[249]",0.0362079886232905,NA,NA,"fixed_input",NA,NA,NA,"custom RTMB","base coefficients",NA,NA
"sel_devs_fsh[250]",0.0612608168117759,NA,NA,"fixed_input",NA,NA,NA,"custom RTMB","base coefficients",NA,NA
"sel_devs_fsh[251]",0.10323608348432,NA,NA,"fixed_input",NA,NA,NA,"custom RTMB","base coefficients",NA,NA
"sel_devs_fsh[252]",0.116030786017302,NA,NA,"fixed_input",NA,NA,NA,"custom RTMB","base coefficients",NA,NA
"sel_devs_fsh[253]",0.0237957978333852,NA,NA,"fixed_input",NA,NA,NA,"custom RTMB","base coefficients",NA,NA
"sel_devs_fsh[254]",-0.0666512447772617,NA,NA,"fixed_input",NA,NA,NA,"custom RTMB","base coefficients",NA,NA
"sel_devs_fsh[255]",0.0509080058219943,NA,NA,"fixed_input",NA,NA,NA,"custom RTMB","base coefficients",NA,NA
"sel_devs_fsh[256]",-0.228995323956382,NA,NA,"fixed_input",NA,NA,NA,"custom RTMB","base coefficients",NA,NA
"sel_devs_fsh[257]",-0.015829388172388,NA,NA,"fixed_input",NA,NA,NA,"custom RTMB","base coefficients",NA,NA
"sel_devs_fsh[258]",0.0181488930158319,NA,NA,"fixed_input",NA,NA,NA,"custom RTMB","base coefficients",NA,NA
"sel_devs_fsh[259]",0.11459384655984,NA,NA,"fixed_input",NA,NA,NA,"custom RTMB","base coefficients",NA,NA
"sel_devs_fsh[260]",0.0490568125638494,NA,NA,"fixed_input",NA,NA,NA,"custom RTMB","base coefficients",NA,NA
"sel_devs_fsh[261]",0.233135073543324,NA,NA,"fixed_input",NA,NA,NA,"custom RTMB","base coefficients",NA,NA
"sel_devs_fsh[262]",-0.250102027394333,NA,NA,"fixed_input",NA,NA,NA,"custom RTMB","base coefficients",NA,NA
"sel_devs_fsh[263]",-0.373759937222487,NA,NA,"fixed_input",NA,NA,NA,"custom RTMB","base coefficients",NA,NA
"sel_devs_fsh[264]",-0.0874083378139969,NA,NA,"fixed_input",NA,NA,NA,"custom RTMB","base coefficients",NA,NA
"sel_devs_fsh[265]",1.05673361219199,NA,NA,"fixed_input",NA,NA,NA,"custom RTMB","base coefficients",NA,NA
"sel_devs_fsh[266]",-0.378287943258638,NA,NA,"fixed_input",NA,NA,NA,"custom RTMB","base coefficients",NA,NA
"sel_devs_fsh[267]",-0.731410654683179,NA,NA,"fixed_input",NA,NA,NA,"custom RTMB","base coefficients",NA,NA
"sel_devs_fsh[268]",0.000570144606123758,NA,NA,"fixed_input",NA,NA,NA,"custom RTMB","base coefficients",NA,NA
"sel_devs_fsh[269]",0.192224142222656,NA,NA,"fixed_input",NA,NA,NA,"custom RTMB","base coefficients",NA,NA
"sel_devs_fsh[270]",0.121995929710131,NA,NA,"fixed_input",NA,NA,NA,"custom RTMB","base coefficients",NA,NA
"sel_devs_fsh[271]",0.416256139715065,NA,NA,"fixed_input",NA,NA,NA,"custom RTMB","base coefficients",NA,NA
"sel_devs_fsh[272]",0.251869082157825,NA,NA,"fixed_input",NA,NA,NA,"custom RTMB","base coefficients",NA,NA
"sel_devs_fsh[273]",-0.238894332773177,NA,NA,"fixed_input",NA,NA,NA,"custom RTMB","base coefficients",NA,NA
"sel_devs_fsh[274]",0.0268695741179172,NA,NA,"fixed_input",NA,NA,NA,"custom RTMB","base coefficients",NA,NA
"sel_devs_fsh[275]",0.0443267130751826,NA,NA,"fixed_input",NA,NA,NA,"custom RTMB","base coefficients",NA,NA
"sel_devs_fsh[276]",0.436943316279572,NA,NA,"fixed_input",NA,NA,NA,"custom RTMB","base coefficients",NA,NA
"sel_devs_fsh[277]",-0.307600154246846,NA,NA,"fixed_input",NA,NA,NA,"custom RTMB","base coefficients",NA,NA
"sel_devs_fsh[278]",-0.0421901512983239,NA,NA,"fixed_input",NA,NA,NA,"custom RTMB","base coefficients",NA,NA
"sel_devs_fsh[279]",-0.0517671851632725,NA,NA,"fixed_input",NA,NA,NA,"custom RTMB","base coefficients",NA,NA
"sel_devs_fsh[280]",-0.129167819816066,NA,NA,"fixed_input",NA,NA,NA,"custom RTMB","base coefficients",NA,NA
"sel_devs_fsh[281]",0.167725162050616,NA,NA,"fixed_input",NA,NA,NA,"custom RTMB","base coefficients",NA,NA
"sel_devs_fsh[282]",0.415079969240562,NA,NA,"fixed_input",NA,NA,NA,"custom RTMB","base coefficients",NA,NA
"sel_devs_fsh[283]",-1.08182755617595,NA,NA,"fixed_input",NA,NA,NA,"custom RTMB","base coefficients",NA,NA
"sel_devs_fsh[284]",0.530869784988042,NA,NA,"fixed_input",NA,NA,NA,"custom RTMB","base coefficients",NA,NA
"sel_devs_fsh[285]",-0.0839720474763759,NA,NA,"fixed_input",NA,NA,NA,"custom RTMB","base coefficients",NA,NA
"sel_devs_fsh[286]",-0.205188194410184,NA,NA,"fixed_input",NA,NA,NA,"custom RTMB","base coefficients",NA,NA
"sel_devs_fsh[287]",0.180178932698172,NA,NA,"fixed_input",NA,NA,NA,"custom RTMB","base coefficients",NA,NA
"sel_devs_fsh[288]",0.747236761439085,NA,NA,"fixed_input",NA,NA,NA,"custom RTMB","base coefficients",NA,NA
"sel_devs_fsh[289]",0.0654925951292222,NA,NA,"fixed_input",NA,NA,NA,"custom RTMB","base coefficients",NA,NA
"sel_devs_fsh[290]",-1.37181215441272,NA,NA,"fixed_input",NA,NA,NA,"custom RTMB","base coefficients",NA,NA
"sel_devs_fsh[291]",0.183951849078644,NA,NA,"fixed_input",NA,NA,NA,"custom RTMB","base coefficients",NA,NA
"sel_devs_fsh[292]",-0.129732760215561,NA,NA,"fixed_input",NA,NA,NA,"custom RTMB","base coefficients",NA,NA
"sel_devs_fsh[293]",0.0966070794762551,NA,NA,"fixed_input",NA,NA,NA,"custom RTMB","base coefficients",NA,NA
"sel_devs_fsh[294]",0.701713367922325,NA,NA,"fixed_input",NA,NA,NA,"custom RTMB","base coefficients",NA,NA
"sel_devs_fsh[295]",-0.00843413884160735,NA,NA,"fixed_input",NA,NA,NA,"custom RTMB","base coefficients",NA,NA
"sel_devs_fsh[296]",-0.075906910389404,NA,NA,"fixed_input",NA,NA,NA,"custom RTMB","base coefficients",NA,NA
"sel_devs_fsh[297]",-0.0542987297643999,NA,NA,"fixed_input",NA,NA,NA,"custom RTMB","base coefficients",NA,NA
"sel_devs_fsh[298]",-0.035157990913263,NA,NA,"fixed_input",NA,NA,NA,"custom RTMB","base coefficients",NA,NA
"sel_devs_fsh[299]",-0.0378725988418408,NA,NA,"fixed_input",NA,NA,NA,"custom RTMB","base coefficients",NA,NA
"sel_devs_fsh[300]",-0.0100374975530702,NA,NA,"fixed_input",NA,NA,NA,"custom RTMB","base coefficients",NA,NA
"sel_devs_fsh[301]",0.0179338747400391,NA,NA,"fixed_input",NA,NA,NA,"custom RTMB","base coefficients",NA,NA
"sel_devs_fsh[302]",0.0178280044370006,NA,NA,"fixed_input",NA,NA,NA,"custom RTMB","base coefficients",NA,NA
"sel_devs_fsh[303]",0.0448381994460428,NA,NA,"fixed_input",NA,NA,NA,"custom RTMB","base coefficients",NA,NA
"sel_devs_fsh[304]",-0.028860478585109,NA,NA,"fixed_input",NA,NA,NA,"custom RTMB","base coefficients",NA,NA
"sel_devs_fsh[305]",0.00950391544533405,NA,NA,"fixed_input",NA,NA,NA,"custom RTMB","base coefficients",NA,NA
"sel_devs_fsh[306]",0.0366636845929506,NA,NA,"fixed_input",NA,NA,NA,"custom RTMB","base coefficients",NA,NA
"sel_devs_fsh[307]",0.0735250367872267,NA,NA,"fixed_input",NA,NA,NA,"custom RTMB","base coefficients",NA,NA
"sel_devs_fsh[308]",0.0926954349972696,NA,NA,"fixed_input",NA,NA,NA,"custom RTMB","base coefficients",NA,NA
"sel_devs_fsh[309]",0.180808941776982,NA,NA,"fixed_input",NA,NA,NA,"custom RTMB","base coefficients",NA,NA
"sel_devs_fsh[310]",0.168914574669636,NA,NA,"fixed_input",NA,NA,NA,"custom RTMB","base coefficients",NA,NA
"sel_devs_fsh[311]",0.0862177735252987,NA,NA,"fixed_input",NA,NA,NA,"custom RTMB","base coefficients",NA,NA
"sel_devs_fsh[312]",0.0755157872374337,NA,NA,"fixed_input",NA,NA,NA,"custom RTMB","base coefficients",NA,NA
"sel_devs_fsh[313]",0.056785807455466,NA,NA,"fixed_input",NA,NA,NA,"custom RTMB","base coefficients",NA,NA
"sel_devs_fsh[314]",0.0180531920991416,NA,NA,"fixed_input",NA,NA,NA,"custom RTMB","base coefficients",NA,NA
"sel_devs_fsh[315]",0.0824751085060289,NA,NA,"fixed_input",NA,NA,NA,"custom RTMB","base coefficients",NA,NA
"sel_devs_fsh[316]",-0.0571692182119831,NA,NA,"fixed_input",NA,NA,NA,"custom RTMB","base coefficients",NA,NA
"sel_devs_fsh[317]",-0.0358361421404114,NA,NA,"fixed_input",NA,NA,NA,"custom RTMB","base coefficients",NA,NA
"sel_devs_fsh[318]",-0.0345067226862661,NA,NA,"fixed_input",NA,NA,NA,"custom RTMB","base coefficients",NA,NA
"sel_devs_fsh[319]",0.102137086832222,NA,NA,"fixed_input",NA,NA,NA,"custom RTMB","base coefficients",NA,NA
"sel_devs_fsh[320]",0.0281426037052395,NA,NA,"fixed_input",NA,NA,NA,"custom RTMB","base coefficients",NA,NA
"sel_devs_fsh[321]",-0.0240497459028562,NA,NA,"fixed_input",NA,NA,NA,"custom RTMB","base coefficients",NA,NA
"sel_devs_fsh[322]",-0.031102221974877,NA,NA,"fixed_input",NA,NA,NA,"custom RTMB","base coefficients",NA,NA
"sel_devs_fsh[323]",0.025951040686395,NA,NA,"fixed_input",NA,NA,NA,"custom RTMB","base coefficients",NA,NA
"sel_devs_fsh[324]",0.172282420113787,NA,NA,"fixed_input",NA,NA,NA,"custom RTMB","base coefficients",NA,NA
"sel_devs_fsh[325]",0.511116337388792,NA,NA,"fixed_input",NA,NA,NA,"custom RTMB","base coefficients",NA,NA
"sel_devs_fsh[326]",-0.334033512654954,NA,NA,"fixed_input",NA,NA,NA,"custom RTMB","base coefficients",NA,NA
"sel_devs_fsh[327]",-0.41020947429057,NA,NA,"fixed_input",NA,NA,NA,"custom RTMB","base coefficients",NA,NA
"sel_devs_fsh[328]",0.245744821143344,NA,NA,"fixed_input",NA,NA,NA,"custom RTMB","base coefficients",NA,NA
"sel_devs_fsh[329]",-0.212824942624447,NA,NA,"fixed_input",NA,NA,NA,"custom RTMB","base coefficients",NA,NA
"sel_devs_fsh[330]",0.00878842921939287,NA,NA,"fixed_input",NA,NA,NA,"custom RTMB","base coefficients",NA,NA
"sel_devs_fsh[331]",0.562189133261039,NA,NA,"fixed_input",NA,NA,NA,"custom RTMB","base coefficients",NA,NA
"sel_devs_fsh[332]",0.0401064855649764,NA,NA,"fixed_input",NA,NA,NA,"custom RTMB","base coefficients",NA,NA
"sel_devs_fsh[333]",-0.163191302371977,NA,NA,"fixed_input",NA,NA,NA,"custom RTMB","base coefficients",NA,NA
"sel_devs_fsh[334]",-0.100943324173985,NA,NA,"fixed_input",NA,NA,NA,"custom RTMB","base coefficients",NA,NA
"sel_devs_fsh[335]",0.237530443199905,NA,NA,"fixed_input",NA,NA,NA,"custom RTMB","base coefficients",NA,NA
"sel_devs_fsh[336]",-0.0499035271232353,NA,NA,"fixed_input",NA,NA,NA,"custom RTMB","base coefficients",NA,NA
"sel_devs_fsh[337]",0.00822742129066405,NA,NA,"fixed_input",NA,NA,NA,"custom RTMB","base coefficients",NA,NA
"sel_devs_fsh[338]",0.0516239705395183,NA,NA,"fixed_input",NA,NA,NA,"custom RTMB","base coefficients",NA,NA
"sel_devs_fsh[339]",-0.0690282599820613,NA,NA,"fixed_input",NA,NA,NA,"custom RTMB","base coefficients",NA,NA
"sel_devs_fsh[340]",-0.223955710738574,NA,NA,"fixed_input",NA,NA,NA,"custom RTMB","base coefficients",NA,NA
"sel_devs_fsh[341]",0.343061551615189,NA,NA,"fixed_input",NA,NA,NA,"custom RTMB","base coefficients",NA,NA
"sel_devs_fsh[342]",-0.0260785197100231,NA,NA,"fixed_input",NA,NA,NA,"custom RTMB","base coefficients",NA,NA
"sel_devs_fsh[343]",-0.573554665989642,NA,NA,"fixed_input",NA,NA,NA,"custom RTMB","base coefficients",NA,NA
"sel_devs_fsh[344]",0.276332178507365,NA,NA,"fixed_input",NA,NA,NA,"custom RTMB","base coefficients",NA,NA
"sel_devs_fsh[345]",-0.0788979163748436,NA,NA,"fixed_input",NA,NA,NA,"custom RTMB","base coefficients",NA,NA
"sel_devs_fsh[346]",0.0253157336047776,NA,NA,"fixed_input",NA,NA,NA,"custom RTMB","base coefficients",NA,NA
"sel_devs_fsh[347]",0.309576962032741,NA,NA,"fixed_input",NA,NA,NA,"custom RTMB","base coefficients",NA,NA
"sel_devs_fsh[348]",0.231450013915668,NA,NA,"fixed_input",NA,NA,NA,"custom RTMB","base coefficients",NA,NA
"sel_devs_fsh[349]",0.0794741164610843,NA,NA,"fixed_input",NA,NA,NA,"custom RTMB","base coefficients",NA,NA
"sel_devs_fsh[350]",-0.550945415003693,NA,NA,"fixed_input",NA,NA,NA,"custom RTMB","base coefficients",NA,NA
"sel_devs_fsh[351]",-0.526063126978398,NA,NA,"fixed_input",NA,NA,NA,"custom RTMB","base coefficients",NA,NA
"sel_devs_fsh[352]",-0.0444460956182478,NA,NA,"fixed_input",NA,NA,NA,"custom RTMB","base coefficients",NA,NA
"sel_devs_fsh[353]",0.239131111392912,NA,NA,"fixed_input",NA,NA,NA,"custom RTMB","base coefficients",NA,NA
"sel_devs_fsh[354]",-0.136423558755205,NA,NA,"fixed_input",NA,NA,NA,"custom RTMB","base coefficients",NA,NA
"sel_devs_fsh[355]",-0.0433207477795936,NA,NA,"fixed_input",NA,NA,NA,"custom RTMB","base coefficients",NA,NA
"sel_devs_fsh[356]",-0.0348947781802415,NA,NA,"fixed_input",NA,NA,NA,"custom RTMB","base coefficients",NA,NA
"sel_devs_fsh[357]",-0.0230086773075028,NA,NA,"fixed_input",NA,NA,NA,"custom RTMB","base coefficients",NA,NA
"sel_devs_fsh[358]",-0.0243585581757842,NA,NA,"fixed_input",NA,NA,NA,"custom RTMB","base coefficients",NA,NA
"sel_devs_fsh[359]",0.0105232477179005,NA,NA,"fixed_input",NA,NA,NA,"custom RTMB","base coefficients",NA,NA
"sel_devs_fsh[360]",0.0115423032391818,NA,NA,"fixed_input",NA,NA,NA,"custom RTMB","base coefficients",NA,NA
"sel_devs_fsh[361]",0.00378128534805861,NA,NA,"fixed_input",NA,NA,NA,"custom RTMB","base coefficients",NA,NA
"sel_devs_fsh[362]",0.0299345316156267,NA,NA,"fixed_input",NA,NA,NA,"custom RTMB","base coefficients",NA,NA
"sel_devs_fsh[363]",-0.0207190233114087,NA,NA,"fixed_input",NA,NA,NA,"custom RTMB","base coefficients",NA,NA
"sel_devs_fsh[364]",0.0154816910822333,NA,NA,"fixed_input",NA,NA,NA,"custom RTMB","base coefficients",NA,NA
"sel_devs_fsh[365]",0.0331123443142146,NA,NA,"fixed_input",NA,NA,NA,"custom RTMB","base coefficients",NA,NA
"sel_devs_fsh[366]",0.0623527194090124,NA,NA,"fixed_input",NA,NA,NA,"custom RTMB","base coefficients",NA,NA
"sel_devs_fsh[367]",0.0918635353656982,NA,NA,"fixed_input",NA,NA,NA,"custom RTMB","base coefficients",NA,NA
"sel_devs_fsh[368]",0.13758616048988,NA,NA,"fixed_input",NA,NA,NA,"custom RTMB","base coefficients",NA,NA
"sel_devs_fsh[369]",0.16279914293454,NA,NA,"fixed_input",NA,NA,NA,"custom RTMB","base coefficients",NA,NA
"sel_devs_fsh[370]",0.10581728139218,NA,NA,"fixed_input",NA,NA,NA,"custom RTMB","base coefficients",NA,NA
"sel_devs_fsh[371]",0.0718520166178157,NA,NA,"fixed_input",NA,NA,NA,"custom RTMB","base coefficients",NA,NA
"sel_devs_fsh[372]",0.0473146604146714,NA,NA,"fixed_input",NA,NA,NA,"custom RTMB","base coefficients",NA,NA
"sel_devs_fsh[373]",0.0585955918693453,NA,NA,"fixed_input",NA,NA,NA,"custom RTMB","base coefficients",NA,NA
"sel_devs_fsh[374]",0.0529196270281041,NA,NA,"fixed_input",NA,NA,NA,"custom RTMB","base coefficients",NA,NA
"sel_devs_fsh[375]",0.0485904832067931,NA,NA,"fixed_input",NA,NA,NA,"custom RTMB","base coefficients",NA,NA
"sel_devs_fsh[376]",-0.0957709301286856,NA,NA,"fixed_input",NA,NA,NA,"custom RTMB","base coefficients",NA,NA
"sel_devs_fsh[377]",0.0916635956112976,NA,NA,"fixed_input",NA,NA,NA,"custom RTMB","base coefficients",NA,NA
"sel_devs_fsh[378]",0.120926648095895,NA,NA,"fixed_input",NA,NA,NA,"custom RTMB","base coefficients",NA,NA
"sel_devs_fsh[379]",-0.0567284770457562,NA,NA,"fixed_input",NA,NA,NA,"custom RTMB","base coefficients",NA,NA
"sel_devs_fsh[380]",0.199464360881055,NA,NA,"fixed_input",NA,NA,NA,"custom RTMB","base coefficients",NA,NA
"sel_devs_fsh[381]",-0.0893221882174737,NA,NA,"fixed_input",NA,NA,NA,"custom RTMB","base coefficients",NA,NA
"sel_devs_fsh[382]",0.0591853411398355,NA,NA,"fixed_input",NA,NA,NA,"custom RTMB","base coefficients",NA,NA
"sel_devs_fsh[383]",0.0609366256721023,NA,NA,"fixed_input",NA,NA,NA,"custom RTMB","base coefficients",NA,NA
"sel_devs_fsh[384]",0.162337954521639,NA,NA,"fixed_input",NA,NA,NA,"custom RTMB","base coefficients",NA,NA
"sel_devs_fsh[385]",0.299772528132012,NA,NA,"fixed_input",NA,NA,NA,"custom RTMB","base coefficients",NA,NA
"sel_devs_fsh[386]",-0.407001654092961,NA,NA,"fixed_input",NA,NA,NA,"custom RTMB","base coefficients",NA,NA
"sel_devs_fsh[387]",-0.203508260266784,NA,NA,"fixed_input",NA,NA,NA,"custom RTMB","base coefficients",NA,NA
"sel_devs_fsh[388]",0.211336769599295,NA,NA,"fixed_input",NA,NA,NA,"custom RTMB","base coefficients",NA,NA
"sel_devs_fsh[389]",-0.028829200891549,NA,NA,"fixed_input",NA,NA,NA,"custom RTMB","base coefficients",NA,NA
"sel_devs_fsh[390]",0.141782720517784,NA,NA,"fixed_input",NA,NA,NA,"custom RTMB","base coefficients",NA,NA
"sel_devs_fsh[391]",0.0694436734222157,NA,NA,"fixed_input",NA,NA,NA,"custom RTMB","base coefficients",NA,NA
"sel_devs_fsh[392]",0.0182368431729865,NA,NA,"fixed_input",NA,NA,NA,"custom RTMB","base coefficients",NA,NA
"sel_devs_fsh[393]",-0.017209832729299,NA,NA,"fixed_input",NA,NA,NA,"custom RTMB","base coefficients",NA,NA
"sel_devs_fsh[394]",-0.0957509524070695,NA,NA,"fixed_input",NA,NA,NA,"custom RTMB","base coefficients",NA,NA
"sel_devs_fsh[395]",-0.0603906203880825,NA,NA,"fixed_input",NA,NA,NA,"custom RTMB","base coefficients",NA,NA
"sel_devs_fsh[396]",0.0503260431273466,NA,NA,"fixed_input",NA,NA,NA,"custom RTMB","base coefficients",NA,NA
"sel_devs_fsh[397]",0.0653890002538474,NA,NA,"fixed_input",NA,NA,NA,"custom RTMB","base coefficients",NA,NA
"sel_devs_fsh[398]",-0.0403052257063388,NA,NA,"fixed_input",NA,NA,NA,"custom RTMB","base coefficients",NA,NA
"sel_devs_fsh[399]",-0.0674265007708808,NA,NA,"fixed_input",NA,NA,NA,"custom RTMB","base coefficients",NA,NA
"sel_devs_fsh[400]",0.136891772340623,NA,NA,"fixed_input",NA,NA,NA,"custom RTMB","base coefficients",NA,NA
"sel_devs_fsh[401]",0.0252497363314585,NA,NA,"fixed_input",NA,NA,NA,"custom RTMB","base coefficients",NA,NA
"sel_devs_fsh[402]",-0.148977180265082,NA,NA,"fixed_input",NA,NA,NA,"custom RTMB","base coefficients",NA,NA
"sel_devs_fsh[403]",0.129559597650231,NA,NA,"fixed_input",NA,NA,NA,"custom RTMB","base coefficients",NA,NA
"sel_devs_fsh[404]",-0.146639858380129,NA,NA,"fixed_input",NA,NA,NA,"custom RTMB","base coefficients",NA,NA
"sel_devs_fsh[405]",-0.0295816255790903,NA,NA,"fixed_input",NA,NA,NA,"custom RTMB","base coefficients",NA,NA
"sel_devs_fsh[406]",0.166944356916554,NA,NA,"fixed_input",NA,NA,NA,"custom RTMB","base coefficients",NA,NA
"sel_devs_fsh[407]",0.080272553037292,NA,NA,"fixed_input",NA,NA,NA,"custom RTMB","base coefficients",NA,NA
"sel_devs_fsh[408]",0.528620371900574,NA,NA,"fixed_input",NA,NA,NA,"custom RTMB","base coefficients",NA,NA
"sel_devs_fsh[409]",-0.66886406441538,NA,NA,"fixed_input",NA,NA,NA,"custom RTMB","base coefficients",NA,NA
"sel_devs_fsh[410]",-0.20512109527182,NA,NA,"fixed_input",NA,NA,NA,"custom RTMB","base coefficients",NA,NA
"sel_devs_fsh[411]",-0.19883368656412,NA,NA,"fixed_input",NA,NA,NA,"custom RTMB","base coefficients",NA,NA
"sel_devs_fsh[412]",-0.28968379282518,NA,NA,"fixed_input",NA,NA,NA,"custom RTMB","base coefficients",NA,NA
"sel_devs_fsh[413]",0.0783995914068642,NA,NA,"fixed_input",NA,NA,NA,"custom RTMB","base coefficients",NA,NA
"sel_devs_fsh[414]",-0.0268084241115418,NA,NA,"fixed_input",NA,NA,NA,"custom RTMB","base coefficients",NA,NA
"sel_devs_fsh[415]",-0.00939253970273477,NA,NA,"fixed_input",NA,NA,NA,"custom RTMB","base coefficients",NA,NA
"sel_devs_fsh[416]",-0.0104267193147812,NA,NA,"fixed_input",NA,NA,NA,"custom RTMB","base coefficients",NA,NA
"sel_devs_fsh[417]",-0.00368613314483737,NA,NA,"fixed_input",NA,NA,NA,"custom RTMB","base coefficients",NA,NA
"sel_devs_fsh[418]",0.0300035041150048,NA,NA,"fixed_input",NA,NA,NA,"custom RTMB","base coefficients",NA,NA
"sel_devs_fsh[419]",0.0265702919345929,NA,NA,"fixed_input",NA,NA,NA,"custom RTMB","base coefficients",NA,NA
"sel_devs_fsh[420]",-0.0106241746391018,NA,NA,"fixed_input",NA,NA,NA,"custom RTMB","base coefficients",NA,NA
"sel_devs_fsh[421]",0.0140890613785216,NA,NA,"fixed_input",NA,NA,NA,"custom RTMB","base coefficients",NA,NA
"sel_devs_fsh[422]",-0.0179865564963212,NA,NA,"fixed_input",NA,NA,NA,"custom RTMB","base coefficients",NA,NA
"sel_devs_fsh[423]",0.0174480332995801,NA,NA,"fixed_input",NA,NA,NA,"custom RTMB","base coefficients",NA,NA
"sel_devs_fsh[424]",0.0326837543040128,NA,NA,"fixed_input",NA,NA,NA,"custom RTMB","base coefficients",NA,NA
"sel_devs_fsh[425]",0.0545563828548084,NA,NA,"fixed_input",NA,NA,NA,"custom RTMB","base coefficients",NA,NA
"sel_devs_fsh[426]",0.0810201915590014,NA,NA,"fixed_input",NA,NA,NA,"custom RTMB","base coefficients",NA,NA
"sel_devs_fsh[427]",0.12904033811296,NA,NA,"fixed_input",NA,NA,NA,"custom RTMB","base coefficients",NA,NA
"sel_devs_fsh[428]",0.139009299836915,NA,NA,"fixed_input",NA,NA,NA,"custom RTMB","base coefficients",NA,NA
"sel_devs_fsh[429]",0.115640761350515,NA,NA,"fixed_input",NA,NA,NA,"custom RTMB","base coefficients",NA,NA
"sel_devs_fsh[430]",0.0868079290985514,NA,NA,"fixed_input",NA,NA,NA,"custom RTMB","base coefficients",NA,NA
"sel_devs_fsh[431]",0.0449852202681522,NA,NA,"fixed_input",NA,NA,NA,"custom RTMB","base coefficients",NA,NA
"sel_devs_fsh[432]",0.0331104087365333,NA,NA,"fixed_input",NA,NA,NA,"custom RTMB","base coefficients",NA,NA
"sel_devs_fsh[433]",0.0456144078919533,NA,NA,"fixed_input",NA,NA,NA,"custom RTMB","base coefficients",NA,NA
"sel_devs_fsh[434]",-0.0534081396131034,NA,NA,"fixed_input",NA,NA,NA,"custom RTMB","base coefficients",NA,NA
"sel_devs_fsh[435]",0.125114167722691,NA,NA,"fixed_input",NA,NA,NA,"custom RTMB","base coefficients",NA,NA
"sel_devs_fsh[436]",-0.105263610249908,NA,NA,"fixed_input",NA,NA,NA,"custom RTMB","base coefficients",NA,NA
"sel_devs_fsh[437]",0.125901507303481,NA,NA,"fixed_input",NA,NA,NA,"custom RTMB","base coefficients",NA,NA
"sel_devs_fsh[438]",0.0824274976105548,NA,NA,"fixed_input",NA,NA,NA,"custom RTMB","base coefficients",NA,NA
"sel_devs_fsh[439]",-0.053548654305043,NA,NA,"fixed_input",NA,NA,NA,"custom RTMB","base coefficients",NA,NA
"sel_devs_fsh[440]",0.246000617737949,NA,NA,"fixed_input",NA,NA,NA,"custom RTMB","base coefficients",NA,NA
"sel_devs_fsh[441]",0.0323106955018384,NA,NA,"fixed_input",NA,NA,NA,"custom RTMB","base coefficients",NA,NA
"sel_devs_fsh[442]",-0.0195150927628764,NA,NA,"fixed_input",NA,NA,NA,"custom RTMB","base coefficients",NA,NA
"sel_devs_fsh[443]",0.210923603796501,NA,NA,"fixed_input",NA,NA,NA,"custom RTMB","base coefficients",NA,NA
"sel_devs_fsh[444]",0.350212409772004,NA,NA,"fixed_input",NA,NA,NA,"custom RTMB","base coefficients",NA,NA
"sel_devs_fsh[445]",-0.339520220983,NA,NA,"fixed_input",NA,NA,NA,"custom RTMB","base coefficients",NA,NA
"sel_devs_fsh[446]",-0.104782007728276,NA,NA,"fixed_input",NA,NA,NA,"custom RTMB","base coefficients",NA,NA
"sel_devs_fsh[447]",-0.129505053343138,NA,NA,"fixed_input",NA,NA,NA,"custom RTMB","base coefficients",NA,NA
"sel_devs_fsh[448]",0.279329919413964,NA,NA,"fixed_input",NA,NA,NA,"custom RTMB","base coefficients",NA,NA
"sel_devs_fsh[449]",-0.0937439766431123,NA,NA,"fixed_input",NA,NA,NA,"custom RTMB","base coefficients",NA,NA
"sel_devs_fsh[450]",0.06275572812814,NA,NA,"fixed_input",NA,NA,NA,"custom RTMB","base coefficients",NA,NA
"sel_devs_fsh[451]",0.0424200726926521,NA,NA,"fixed_input",NA,NA,NA,"custom RTMB","base coefficients",NA,NA
"sel_devs_fsh[452]",0.0320949202436736,NA,NA,"fixed_input",NA,NA,NA,"custom RTMB","base coefficients",NA,NA
"sel_devs_fsh[453]",-0.209815264776199,NA,NA,"fixed_input",NA,NA,NA,"custom RTMB","base coefficients",NA,NA
"sel_devs_fsh[454]",-0.017988039976,NA,NA,"fixed_input",NA,NA,NA,"custom RTMB","base coefficients",NA,NA
"sel_devs_fsh[455]",-0.0878378012577086,NA,NA,"fixed_input",NA,NA,NA,"custom RTMB","base coefficients",NA,NA
"sel_devs_fsh[456]",0.155948408125126,NA,NA,"fixed_input",NA,NA,NA,"custom RTMB","base coefficients",NA,NA
"sel_devs_fsh[457]",0.00194545323145635,NA,NA,"fixed_input",NA,NA,NA,"custom RTMB","base coefficients",NA,NA
"sel_devs_fsh[458]",0.0752795034590143,NA,NA,"fixed_input",NA,NA,NA,"custom RTMB","base coefficients",NA,NA
"sel_devs_fsh[459]",0.0313868636934,NA,NA,"fixed_input",NA,NA,NA,"custom RTMB","base coefficients",NA,NA
"sel_devs_fsh[460]",0.0444473168398411,NA,NA,"fixed_input",NA,NA,NA,"custom RTMB","base coefficients",NA,NA
"sel_devs_fsh[461]",0.0550996911179455,NA,NA,"fixed_input",NA,NA,NA,"custom RTMB","base coefficients",NA,NA
"sel_devs_fsh[462]",-0.114884656431078,NA,NA,"fixed_input",NA,NA,NA,"custom RTMB","base coefficients",NA,NA
"sel_devs_fsh[463]",-0.122914522952499,NA,NA,"fixed_input",NA,NA,NA,"custom RTMB","base coefficients",NA,NA
"sel_devs_fsh[464]",0.224524289549909,NA,NA,"fixed_input",NA,NA,NA,"custom RTMB","base coefficients",NA,NA
"sel_devs_fsh[465]",-0.0609195795537203,NA,NA,"fixed_input",NA,NA,NA,"custom RTMB","base coefficients",NA,NA
"sel_devs_fsh[466]",0.0943723570479743,NA,NA,"fixed_input",NA,NA,NA,"custom RTMB","base coefficients",NA,NA
"sel_devs_fsh[467]",0.229316026407189,NA,NA,"fixed_input",NA,NA,NA,"custom RTMB","base coefficients",NA,NA
"sel_devs_fsh[468]",-0.637215604695622,NA,NA,"fixed_input",NA,NA,NA,"custom RTMB","base coefficients",NA,NA
"sel_devs_fsh[469]",0.145428085772516,NA,NA,"fixed_input",NA,NA,NA,"custom RTMB","base coefficients",NA,NA
"sel_devs_fsh[470]",-0.0549475874557033,NA,NA,"fixed_input",NA,NA,NA,"custom RTMB","base coefficients",NA,NA
"sel_devs_fsh[471]",-0.288074643254678,NA,NA,"fixed_input",NA,NA,NA,"custom RTMB","base coefficients",NA,NA
"sel_devs_fsh[472]",-0.11798516896328,NA,NA,"fixed_input",NA,NA,NA,"custom RTMB","base coefficients",NA,NA
"sel_devs_fsh[473]",-0.00998246211654642,NA,NA,"fixed_input",NA,NA,NA,"custom RTMB","base coefficients",NA,NA
"sel_devs_fsh[474]",0.000757113008968237,NA,NA,"fixed_input",NA,NA,NA,"custom RTMB","base coefficients",NA,NA
"sel_devs_fsh[475]",0.00523165816276818,NA,NA,"fixed_input",NA,NA,NA,"custom RTMB","base coefficients",NA,NA
"sel_devs_fsh[476]",0.011732653987932,NA,NA,"fixed_input",NA,NA,NA,"custom RTMB","base coefficients",NA,NA
"sel_devs_fsh[477]",0.0463969615974597,NA,NA,"fixed_input",NA,NA,NA,"custom RTMB","base coefficients",NA,NA
"sel_devs_fsh[478]",0.0348834318709498,NA,NA,"fixed_input",NA,NA,NA,"custom RTMB","base coefficients",NA,NA
"sel_devs_fsh[479]",-0.013867950663046,NA,NA,"fixed_input",NA,NA,NA,"custom RTMB","base coefficients",NA,NA
"sel_devs_fsh[480]",-0.00388600798321179,NA,NA,"fixed_input",NA,NA,NA,"custom RTMB","base coefficients",NA,NA
"sel_devs_fsh[481]",-0.0165212717418033,NA,NA,"fixed_input",NA,NA,NA,"custom RTMB","base coefficients",NA,NA
"sel_devs_fsh[482]",0.0228892544968982,NA,NA,"fixed_input",NA,NA,NA,"custom RTMB","base coefficients",NA,NA
"sel_devs_fsh[483]",0.032161321463582,NA,NA,"fixed_input",NA,NA,NA,"custom RTMB","base coefficients",NA,NA
"sel_devs_fsh[484]",0.0536708683647977,NA,NA,"fixed_input",NA,NA,NA,"custom RTMB","base coefficients",NA,NA
"sel_devs_fsh[485]",0.0777711562897976,NA,NA,"fixed_input",NA,NA,NA,"custom RTMB","base coefficients",NA,NA
"sel_devs_fsh[486]",0.119266107613074,NA,NA,"fixed_input",NA,NA,NA,"custom RTMB","base coefficients",NA,NA
"sel_devs_fsh[487]",0.118923083230074,NA,NA,"fixed_input",NA,NA,NA,"custom RTMB","base coefficients",NA,NA
"sel_devs_fsh[488]",0.110403875250217,NA,NA,"fixed_input",NA,NA,NA,"custom RTMB","base coefficients",NA,NA
"sel_devs_fsh[489]",0.0929873208228538,NA,NA,"fixed_input",NA,NA,NA,"custom RTMB","base coefficients",NA,NA
"sel_devs_fsh[490]",0.0581585871463063,NA,NA,"fixed_input",NA,NA,NA,"custom RTMB","base coefficients",NA,NA
"sel_devs_fsh[491]",0.0350707871049395,NA,NA,"fixed_input",NA,NA,NA,"custom RTMB","base coefficients",NA,NA
"sel_devs_fsh[492]",0.0233409845787371,NA,NA,"fixed_input",NA,NA,NA,"custom RTMB","base coefficients",NA,NA
"sel_devs_fsh[493]",0.0182061833617578,NA,NA,"fixed_input",NA,NA,NA,"custom RTMB","base coefficients",NA,NA
"sel_devs_fsh[494]",0.110918452795525,NA,NA,"fixed_input",NA,NA,NA,"custom RTMB","base coefficients",NA,NA
"sel_devs_fsh[495]",-0.0947189227897373,NA,NA,"fixed_input",NA,NA,NA,"custom RTMB","base coefficients",NA,NA
"sel_devs_fsh[496]",-0.0408376621302631,NA,NA,"fixed_input",NA,NA,NA,"custom RTMB","base coefficients",NA,NA
"sel_devs_fsh[497]",0.120734522221231,NA,NA,"fixed_input",NA,NA,NA,"custom RTMB","base coefficients",NA,NA
"sel_devs_fsh[498]",0.244476829597678,NA,NA,"fixed_input",NA,NA,NA,"custom RTMB","base coefficients",NA,NA
"sel_devs_fsh[499]",0.0749195246303641,NA,NA,"fixed_input",NA,NA,NA,"custom RTMB","base coefficients",NA,NA
"sel_devs_fsh[500]",-0.00646649293250282,NA,NA,"fixed_input",NA,NA,NA,"custom RTMB","base coefficients",NA,NA
"sel_devs_fsh[501]",-0.059585518291851,NA,NA,"fixed_input",NA,NA,NA,"custom RTMB","base coefficients",NA,NA
"sel_devs_fsh[502]",0.127010095544821,NA,NA,"fixed_input",NA,NA,NA,"custom RTMB","base coefficients",NA,NA
"sel_devs_fsh[503]",0.234606511609142,NA,NA,"fixed_input",NA,NA,NA,"custom RTMB","base coefficients",NA,NA
"sel_devs_fsh[504]",0.0383068135634295,NA,NA,"fixed_input",NA,NA,NA,"custom RTMB","base coefficients",NA,NA
"sel_devs_fsh[505]",-0.0853632042697229,NA,NA,"fixed_input",NA,NA,NA,"custom RTMB","base coefficients",NA,NA
"sel_devs_fsh[506]",-0.314373710136759,NA,NA,"fixed_input",NA,NA,NA,"custom RTMB","base coefficients",NA,NA
"sel_devs_fsh[507]",-0.0310057146948886,NA,NA,"fixed_input",NA,NA,NA,"custom RTMB","base coefficients",NA,NA
"sel_devs_fsh[508]",0.081271886964586,NA,NA,"fixed_input",NA,NA,NA,"custom RTMB","base coefficients",NA,NA
"sel_devs_fsh[509]",0.072680606725911,NA,NA,"fixed_input",NA,NA,NA,"custom RTMB","base coefficients",NA,NA
"sel_devs_fsh[510]",0.00792053101578715,NA,NA,"fixed_input",NA,NA,NA,"custom RTMB","base coefficients",NA,NA
"sel_devs_fsh[511]",0.0629753097136132,NA,NA,"fixed_input",NA,NA,NA,"custom RTMB","base coefficients",NA,NA
"sel_devs_fsh[512]",-0.0550643954063108,NA,NA,"fixed_input",NA,NA,NA,"custom RTMB","base coefficients",NA,NA
"sel_devs_fsh[513]",-0.11705178818351,NA,NA,"fixed_input",NA,NA,NA,"custom RTMB","base coefficients",NA,NA
"sel_devs_fsh[514]",-0.0355349051133358,NA,NA,"fixed_input",NA,NA,NA,"custom RTMB","base coefficients",NA,NA
"sel_devs_fsh[515]",0.186471867828754,NA,NA,"fixed_input",NA,NA,NA,"custom RTMB","base coefficients",NA,NA
"sel_devs_fsh[516]",-0.00302256758665202,NA,NA,"fixed_input",NA,NA,NA,"custom RTMB","base coefficients",NA,NA
"sel_devs_fsh[517]",0.0992927253519266,NA,NA,"fixed_input",NA,NA,NA,"custom RTMB","base coefficients",NA,NA
"sel_devs_fsh[518]",0.0234925160637353,NA,NA,"fixed_input",NA,NA,NA,"custom RTMB","base coefficients",NA,NA
"sel_devs_fsh[519]",0.0159320824937722,NA,NA,"fixed_input",NA,NA,NA,"custom RTMB","base coefficients",NA,NA
"sel_devs_fsh[520]",0.127219041301922,NA,NA,"fixed_input",NA,NA,NA,"custom RTMB","base coefficients",NA,NA
"sel_devs_fsh[521]",-0.10538776503216,NA,NA,"fixed_input",NA,NA,NA,"custom RTMB","base coefficients",NA,NA
"sel_devs_fsh[522]",-0.118062648986984,NA,NA,"fixed_input",NA,NA,NA,"custom RTMB","base coefficients",NA,NA
"sel_devs_fsh[523]",0.0485427664545897,NA,NA,"fixed_input",NA,NA,NA,"custom RTMB","base coefficients",NA,NA
"sel_devs_fsh[524]",0.106402942900448,NA,NA,"fixed_input",NA,NA,NA,"custom RTMB","base coefficients",NA,NA
"sel_devs_fsh[525]",-0.0200800400276765,NA,NA,"fixed_input",NA,NA,NA,"custom RTMB","base coefficients",NA,NA
"sel_devs_fsh[526]",0.127475412835089,NA,NA,"fixed_input",NA,NA,NA,"custom RTMB","base coefficients",NA,NA
"sel_devs_fsh[527]",-0.371763164012371,NA,NA,"fixed_input",NA,NA,NA,"custom RTMB","base coefficients",NA,NA
"sel_devs_fsh[528]",-0.147685877302193,NA,NA,"fixed_input",NA,NA,NA,"custom RTMB","base coefficients",NA,NA
"sel_devs_fsh[529]",-0.0864354020703909,NA,NA,"fixed_input",NA,NA,NA,"custom RTMB","base coefficients",NA,NA
"sel_devs_fsh[530]",-0.00309124645732252,NA,NA,"fixed_input",NA,NA,NA,"custom RTMB","base coefficients",NA,NA
"sel_devs_fsh[531]",-0.120107668958555,NA,NA,"fixed_input",NA,NA,NA,"custom RTMB","base coefficients",NA,NA
"sel_devs_fsh[532]",0.00293782794129637,NA,NA,"fixed_input",NA,NA,NA,"custom RTMB","base coefficients",NA,NA
"sel_devs_fsh[533]",0.0105767632846466,NA,NA,"fixed_input",NA,NA,NA,"custom RTMB","base coefficients",NA,NA
"sel_devs_fsh[534]",0.0119530537250654,NA,NA,"fixed_input",NA,NA,NA,"custom RTMB","base coefficients",NA,NA
"sel_devs_fsh[535]",0.0237080096177551,NA,NA,"fixed_input",NA,NA,NA,"custom RTMB","base coefficients",NA,NA
"sel_devs_fsh[536]",0.0608592275944169,NA,NA,"fixed_input",NA,NA,NA,"custom RTMB","base coefficients",NA,NA
"sel_devs_fsh[537]",0.0407910037198991,NA,NA,"fixed_input",NA,NA,NA,"custom RTMB","base coefficients",NA,NA
"sel_devs_fsh[538]",-0.0200476441168687,NA,NA,"fixed_input",NA,NA,NA,"custom RTMB","base coefficients",NA,NA
"sel_devs_fsh[539]",-0.0180899651241349,NA,NA,"fixed_input",NA,NA,NA,"custom RTMB","base coefficients",NA,NA
"sel_devs_fsh[540]",-0.0211254366547509,NA,NA,"fixed_input",NA,NA,NA,"custom RTMB","base coefficients",NA,NA
"sel_devs_fsh[541]",0.0284084134684591,NA,NA,"fixed_input",NA,NA,NA,"custom RTMB","base coefficients",NA,NA
"sel_devs_fsh[542]",0.0324229965430899,NA,NA,"fixed_input",NA,NA,NA,"custom RTMB","base coefficients",NA,NA
"sel_devs_fsh[543]",0.0565334829180251,NA,NA,"fixed_input",NA,NA,NA,"custom RTMB","base coefficients",NA,NA
"sel_devs_fsh[544]",0.0758372103693083,NA,NA,"fixed_input",NA,NA,NA,"custom RTMB","base coefficients",NA,NA
"sel_devs_fsh[545]",0.104163931460644,NA,NA,"fixed_input",NA,NA,NA,"custom RTMB","base coefficients",NA,NA
"sel_devs_fsh[546]",0.110002282406679,NA,NA,"fixed_input",NA,NA,NA,"custom RTMB","base coefficients",NA,NA
"sel_devs_fsh[547]",0.100859668731472,NA,NA,"fixed_input",NA,NA,NA,"custom RTMB","base coefficients",NA,NA
"sel_devs_fsh[548]",0.0939469973637552,NA,NA,"fixed_input",NA,NA,NA,"custom RTMB","base coefficients",NA,NA
"sel_devs_fsh[549]",0.0721453084557579,NA,NA,"fixed_input",NA,NA,NA,"custom RTMB","base coefficients",NA,NA
"sel_devs_fsh[550]",0.0427575104615514,NA,NA,"fixed_input",NA,NA,NA,"custom RTMB","base coefficients",NA,NA
"sel_devs_fsh[551]",0.0293635888401452,NA,NA,"fixed_input",NA,NA,NA,"custom RTMB","base coefficients",NA,NA
"sel_devs_fsh[552]",0.00100373072363422,NA,NA,"fixed_input",NA,NA,NA,"custom RTMB","base coefficients",NA,NA
"sel_devs_fsh[553]",0.048540502706646,NA,NA,"fixed_input",NA,NA,NA,"custom RTMB","base coefficients",NA,NA
"sel_devs_fsh[554]",-0.121639431367348,NA,NA,"fixed_input",NA,NA,NA,"custom RTMB","base coefficients",NA,NA
"sel_devs_fsh[555]",0.06302252019427,NA,NA,"fixed_input",NA,NA,NA,"custom RTMB","base coefficients",NA,NA
"sel_devs_fsh[556]",-0.0205830158989373,NA,NA,"fixed_input",NA,NA,NA,"custom RTMB","base coefficients",NA,NA
"sel_devs_fsh[557]",0.162289469393206,NA,NA,"fixed_input",NA,NA,NA,"custom RTMB","base coefficients",NA,NA
"sel_devs_fsh[558]",0.251960703774253,NA,NA,"fixed_input",NA,NA,NA,"custom RTMB","base coefficients",NA,NA
"sel_devs_fsh[559]",-0.0752919959695268,NA,NA,"fixed_input",NA,NA,NA,"custom RTMB","base coefficients",NA,NA
"sel_devs_fsh[560]",-0.0325493898695581,NA,NA,"fixed_input",NA,NA,NA,"custom RTMB","base coefficients",NA,NA
"sel_devs_fsh[561]",0.0989817620019094,NA,NA,"fixed_input",NA,NA,NA,"custom RTMB","base coefficients",NA,NA
"sel_devs_fsh[562]",0.134703135210939,NA,NA,"fixed_input",NA,NA,NA,"custom RTMB","base coefficients",NA,NA
"sel_devs_fsh[563]",0.0646705528820452,NA,NA,"fixed_input",NA,NA,NA,"custom RTMB","base coefficients",NA,NA
"sel_devs_fsh[564]",-0.0213586734883822,NA,NA,"fixed_input",NA,NA,NA,"custom RTMB","base coefficients",NA,NA
"sel_devs_fsh[565]",-0.256870139203441,NA,NA,"fixed_input",NA,NA,NA,"custom RTMB","base coefficients",NA,NA
"sel_devs_fsh[566]",-0.108239066285191,NA,NA,"fixed_input",NA,NA,NA,"custom RTMB","base coefficients",NA,NA
"sel_devs_fsh[567]",0.0552058833846682,NA,NA,"fixed_input",NA,NA,NA,"custom RTMB","base coefficients",NA,NA
"sel_devs_fsh[568]",-0.000717701519075014,NA,NA,"fixed_input",NA,NA,NA,"custom RTMB","base coefficients",NA,NA
"sel_devs_fsh[569]",-0.014425533345971,NA,NA,"fixed_input",NA,NA,NA,"custom RTMB","base coefficients",NA,NA
"sel_devs_fsh[570]",0.0396518316967729,NA,NA,"fixed_input",NA,NA,NA,"custom RTMB","base coefficients",NA,NA
"sel_devs_fsh[571]",0.0441552740182187,NA,NA,"fixed_input",NA,NA,NA,"custom RTMB","base coefficients",NA,NA
"sel_devs_fsh[572]",-0.0216889959119174,NA,NA,"fixed_input",NA,NA,NA,"custom RTMB","base coefficients",NA,NA
"sel_devs_fsh[573]",0.0024132429628789,NA,NA,"fixed_input",NA,NA,NA,"custom RTMB","base coefficients",NA,NA
"sel_devs_fsh[574]",0.0613409354179837,NA,NA,"fixed_input",NA,NA,NA,"custom RTMB","base coefficients",NA,NA
"sel_devs_fsh[575]",0.198681020240771,NA,NA,"fixed_input",NA,NA,NA,"custom RTMB","base coefficients",NA,NA
"sel_devs_fsh[576]",0.0342180882578443,NA,NA,"fixed_input",NA,NA,NA,"custom RTMB","base coefficients",NA,NA
"sel_devs_fsh[577]",0.107510159616098,NA,NA,"fixed_input",NA,NA,NA,"custom RTMB","base coefficients",NA,NA
"sel_devs_fsh[578]",-0.0603644396184338,NA,NA,"fixed_input",NA,NA,NA,"custom RTMB","base coefficients",NA,NA
"sel_devs_fsh[579]",0.141854402070575,NA,NA,"fixed_input",NA,NA,NA,"custom RTMB","base coefficients",NA,NA
"sel_devs_fsh[580]",-0.0361144818303881,NA,NA,"fixed_input",NA,NA,NA,"custom RTMB","base coefficients",NA,NA
"sel_devs_fsh[581]",-0.0602382951865128,NA,NA,"fixed_input",NA,NA,NA,"custom RTMB","base coefficients",NA,NA
"sel_devs_fsh[582]",-0.0617328723547018,NA,NA,"fixed_input",NA,NA,NA,"custom RTMB","base coefficients",NA,NA
"sel_devs_fsh[583]",0.0359241531708677,NA,NA,"fixed_input",NA,NA,NA,"custom RTMB","base coefficients",NA,NA
"sel_devs_fsh[584]",-0.103268362917565,NA,NA,"fixed_input",NA,NA,NA,"custom RTMB","base coefficients",NA,NA
"sel_devs_fsh[585]",0.268912730343246,NA,NA,"fixed_input",NA,NA,NA,"custom RTMB","base coefficients",NA,NA
"sel_devs_fsh[586]",-0.397334633547564,NA,NA,"fixed_input",NA,NA,NA,"custom RTMB","base coefficients",NA,NA
"sel_devs_fsh[587]",-0.172829420101949,NA,NA,"fixed_input",NA,NA,NA,"custom RTMB","base coefficients",NA,NA
"sel_devs_fsh[588]",-0.215795024407468,NA,NA,"fixed_input",NA,NA,NA,"custom RTMB","base coefficients",NA,NA
"sel_devs_fsh[589]",0.0748631475979653,NA,NA,"fixed_input",NA,NA,NA,"custom RTMB","base coefficients",NA,NA
"sel_devs_fsh[590]",0.0249079802520989,NA,NA,"fixed_input",NA,NA,NA,"custom RTMB","base coefficients",NA,NA
"sel_devs_fsh[591]",0.0116048913754456,NA,NA,"fixed_input",NA,NA,NA,"custom RTMB","base coefficients",NA,NA
"sel_devs_fsh[592]",0.0207558661613413,NA,NA,"fixed_input",NA,NA,NA,"custom RTMB","base coefficients",NA,NA
"sel_devs_fsh[593]",0.0176901973580063,NA,NA,"fixed_input",NA,NA,NA,"custom RTMB","base coefficients",NA,NA
"sel_devs_fsh[594]",0.0293352675128981,NA,NA,"fixed_input",NA,NA,NA,"custom RTMB","base coefficients",NA,NA
"sel_devs_fsh[595]",0.0765152154931167,NA,NA,"fixed_input",NA,NA,NA,"custom RTMB","base coefficients",NA,NA
"sel_devs_fsh[596]",0.0509089121188988,NA,NA,"fixed_input",NA,NA,NA,"custom RTMB","base coefficients",NA,NA
"sel_devs_fsh[597]",-0.0318374088534324,NA,NA,"fixed_input",NA,NA,NA,"custom RTMB","base coefficients",NA,NA
"sel_devs_fsh[598]",-0.0305286455183059,NA,NA,"fixed_input",NA,NA,NA,"custom RTMB","base coefficients",NA,NA
"sel_devs_fsh[599]",-0.0336933600394948,NA,NA,"fixed_input",NA,NA,NA,"custom RTMB","base coefficients",NA,NA
"sel_devs_fsh[600]",0.0348214586623467,NA,NA,"fixed_input",NA,NA,NA,"custom RTMB","base coefficients",NA,NA
"sel_devs_fsh[601]",0.0315790753873483,NA,NA,"fixed_input",NA,NA,NA,"custom RTMB","base coefficients",NA,NA
"sel_devs_fsh[602]",0.0603241848371523,NA,NA,"fixed_input",NA,NA,NA,"custom RTMB","base coefficients",NA,NA
"sel_devs_fsh[603]",0.0732486771126525,NA,NA,"fixed_input",NA,NA,NA,"custom RTMB","base coefficients",NA,NA
"sel_devs_fsh[604]",0.0910907778032828,NA,NA,"fixed_input",NA,NA,NA,"custom RTMB","base coefficients",NA,NA
"sel_devs_fsh[605]",0.103057785855528,NA,NA,"fixed_input",NA,NA,NA,"custom RTMB","base coefficients",NA,NA
"sel_devs_fsh[606]",0.099583933984288,NA,NA,"fixed_input",NA,NA,NA,"custom RTMB","base coefficients",NA,NA
"sel_devs_fsh[607]",0.0962975856166994,NA,NA,"fixed_input",NA,NA,NA,"custom RTMB","base coefficients",NA,NA
"sel_devs_fsh[608]",0.0813651737174523,NA,NA,"fixed_input",NA,NA,NA,"custom RTMB","base coefficients",NA,NA
"sel_devs_fsh[609]",0.0529059830950421,NA,NA,"fixed_input",NA,NA,NA,"custom RTMB","base coefficients",NA,NA
"sel_devs_fsh[610]",0.036410830936165,NA,NA,"fixed_input",NA,NA,NA,"custom RTMB","base coefficients",NA,NA
"sel_devs_fsh[611]",0.00858409302959078,NA,NA,"fixed_input",NA,NA,NA,"custom RTMB","base coefficients",NA,NA
"sel_devs_fsh[612]",0.0143907596992424,NA,NA,"fixed_input",NA,NA,NA,"custom RTMB","base coefficients",NA,NA
"sel_devs_fsh[613]",-0.0575410769107266,NA,NA,"fixed_input",NA,NA,NA,"custom RTMB","base coefficients",NA,NA
"sel_devs_fsh[614]",0.00353416830227375,NA,NA,"fixed_input",NA,NA,NA,"custom RTMB","base coefficients",NA,NA
"sel_devs_fsh[615]",0.0944788019526121,NA,NA,"fixed_input",NA,NA,NA,"custom RTMB","base coefficients",NA,NA
"sel_devs_fsh[616]",0.395223174580391,NA,NA,"fixed_input",NA,NA,NA,"custom RTMB","base coefficients",NA,NA
"sel_devs_fsh[617]",-0.0711208329220157,NA,NA,"fixed_input",NA,NA,NA,"custom RTMB","base coefficients",NA,NA
"sel_devs_fsh[618]",-0.116600207430713,NA,NA,"fixed_input",NA,NA,NA,"custom RTMB","base coefficients",NA,NA
"sel_devs_fsh[619]",-0.0305351015053556,NA,NA,"fixed_input",NA,NA,NA,"custom RTMB","base coefficients",NA,NA
"sel_devs_fsh[620]",0.0443421334850307,NA,NA,"fixed_input",NA,NA,NA,"custom RTMB","base coefficients",NA,NA
"sel_devs_fsh[621]",0.0500430426646728,NA,NA,"fixed_input",NA,NA,NA,"custom RTMB","base coefficients",NA,NA
"sel_devs_fsh[622]",0.0321779375898697,NA,NA,"fixed_input",NA,NA,NA,"custom RTMB","base coefficients",NA,NA
"sel_devs_fsh[623]",-0.0344870077991571,NA,NA,"fixed_input",NA,NA,NA,"custom RTMB","base coefficients",NA,NA
"sel_devs_fsh[624]",-0.115485630984158,NA,NA,"fixed_input",NA,NA,NA,"custom RTMB","base coefficients",NA,NA
"sel_devs_fsh[625]",-0.048974804134959,NA,NA,"fixed_input",NA,NA,NA,"custom RTMB","base coefficients",NA,NA
"sel_devs_fsh[626]",0.0109045800447241,NA,NA,"fixed_input",NA,NA,NA,"custom RTMB","base coefficients",NA,NA
"sel_devs_fsh[627]",-0.103043590252069,NA,NA,"fixed_input",NA,NA,NA,"custom RTMB","base coefficients",NA,NA
"sel_devs_fsh[628]",-0.0936237016762536,NA,NA,"fixed_input",NA,NA,NA,"custom RTMB","base coefficients",NA,NA
"sel_devs_fsh[629]",0.0361338053316863,NA,NA,"fixed_input",NA,NA,NA,"custom RTMB","base coefficients",NA,NA
"sel_devs_fsh[630]",-0.0329681974957756,NA,NA,"fixed_input",NA,NA,NA,"custom RTMB","base coefficients",NA,NA
"sel_devs_fsh[631]",0.0793987764319274,NA,NA,"fixed_input",NA,NA,NA,"custom RTMB","base coefficients",NA,NA
"sel_devs_fsh[632]",0.122702847282282,NA,NA,"fixed_input",NA,NA,NA,"custom RTMB","base coefficients",NA,NA
"sel_devs_fsh[633]",0.215955757542548,NA,NA,"fixed_input",NA,NA,NA,"custom RTMB","base coefficients",NA,NA
"sel_devs_fsh[634]",0.143787257787886,NA,NA,"fixed_input",NA,NA,NA,"custom RTMB","base coefficients",NA,NA
"sel_devs_fsh[635]",0.0122958923811931,NA,NA,"fixed_input",NA,NA,NA,"custom RTMB","base coefficients",NA,NA
"sel_devs_fsh[636]",-0.00726336650007104,NA,NA,"fixed_input",NA,NA,NA,"custom RTMB","base coefficients",NA,NA
"sel_devs_fsh[637]",0.0759895011804015,NA,NA,"fixed_input",NA,NA,NA,"custom RTMB","base coefficients",NA,NA
"sel_devs_fsh[638]",0.107340092716602,NA,NA,"fixed_input",NA,NA,NA,"custom RTMB","base coefficients",NA,NA
"sel_devs_fsh[639]",-0.0264966909338313,NA,NA,"fixed_input",NA,NA,NA,"custom RTMB","base coefficients",NA,NA
"sel_devs_fsh[640]",-0.04197211628993,NA,NA,"fixed_input",NA,NA,NA,"custom RTMB","base coefficients",NA,NA
"sel_devs_fsh[641]",-0.0505475480698837,NA,NA,"fixed_input",NA,NA,NA,"custom RTMB","base coefficients",NA,NA
"sel_devs_fsh[642]",-0.0473471312226948,NA,NA,"fixed_input",NA,NA,NA,"custom RTMB","base coefficients",NA,NA
"sel_devs_fsh[643]",-0.0860013222840759,NA,NA,"fixed_input",NA,NA,NA,"custom RTMB","base coefficients",NA,NA
"sel_devs_fsh[644]",-0.228195797827976,NA,NA,"fixed_input",NA,NA,NA,"custom RTMB","base coefficients",NA,NA
"sel_devs_fsh[645]",-0.102837846889625,NA,NA,"fixed_input",NA,NA,NA,"custom RTMB","base coefficients",NA,NA
"sel_devs_fsh[646]",-0.0989743804740748,NA,NA,"fixed_input",NA,NA,NA,"custom RTMB","base coefficients",NA,NA
"sel_devs_fsh[647]",-0.0202996504567169,NA,NA,"fixed_input",NA,NA,NA,"custom RTMB","base coefficients",NA,NA
"sel_devs_fsh[648]",0.0290263312554396,NA,NA,"fixed_input",NA,NA,NA,"custom RTMB","base coefficients",NA,NA
"sel_devs_fsh[649]",0.0954727737657413,NA,NA,"fixed_input",NA,NA,NA,"custom RTMB","base coefficients",NA,NA
"sel_devs_fsh[650]",9.70748419031774e-07,NA,NA,"fixed_input",NA,NA,NA,"custom RTMB","base coefficients",NA,NA
"sel_devs_fsh[651]",1.62887025704652e-06,NA,NA,"fixed_input",NA,NA,NA,"custom RTMB","base coefficients",NA,NA
"sel_devs_fsh[652]",1.42777443019365e-06,NA,NA,"fixed_input",NA,NA,NA,"custom RTMB","base coefficients",NA,NA
"sel_devs_fsh[653]",2.1548132453318e-06,NA,NA,"fixed_input",NA,NA,NA,"custom RTMB","base coefficients",NA,NA
"sel_devs_fsh[654]",5.28675264422297e-06,NA,NA,"fixed_input",NA,NA,NA,"custom RTMB","base coefficients",NA,NA
"sel_devs_fsh[655]",3.50897096579884e-06,NA,NA,"fixed_input",NA,NA,NA,"custom RTMB","base coefficients",NA,NA
"sel_devs_fsh[656]",-2.20701073020851e-06,NA,NA,"fixed_input",NA,NA,NA,"custom RTMB","base coefficients",NA,NA
"sel_devs_fsh[657]",-2.17697015871843e-06,NA,NA,"fixed_input",NA,NA,NA,"custom RTMB","base coefficients",NA,NA
"sel_devs_fsh[658]",-2.35269686577049e-06,NA,NA,"fixed_input",NA,NA,NA,"custom RTMB","base coefficients",NA,NA
"sel_devs_fsh[659]",2.35976861106432e-06,NA,NA,"fixed_input",NA,NA,NA,"custom RTMB","base coefficients",NA,NA
"sel_devs_fsh[660]",2.11343803194951e-06,NA,NA,"fixed_input",NA,NA,NA,"custom RTMB","base coefficients",NA,NA
"sel_devs_fsh[661]",4.03040411882523e-06,NA,NA,"fixed_input",NA,NA,NA,"custom RTMB","base coefficients",NA,NA
"sel_devs_fsh[662]",4.77260406536184e-06,NA,NA,"fixed_input",NA,NA,NA,"custom RTMB","base coefficients",NA,NA
"sel_devs_fsh[663]",5.84392579012872e-06,NA,NA,"fixed_input",NA,NA,NA,"custom RTMB","base coefficients",NA,NA
"sel_devs_fsh[664]",6.69817625636712e-06,NA,NA,"fixed_input",NA,NA,NA,"custom RTMB","base coefficients",NA,NA
"sel_devs_fsh[665]",6.82342833866573e-06,NA,NA,"fixed_input",NA,NA,NA,"custom RTMB","base coefficients",NA,NA
"sel_devs_fsh[666]",6.63042939002072e-06,NA,NA,"fixed_input",NA,NA,NA,"custom RTMB","base coefficients",NA,NA
"sel_devs_fsh[667]",5.67656913701792e-06,NA,NA,"fixed_input",NA,NA,NA,"custom RTMB","base coefficients",NA,NA
"sel_devs_fsh[668]",3.87866854431899e-06,NA,NA,"fixed_input",NA,NA,NA,"custom RTMB","base coefficients",NA,NA
"sel_devs_fsh[669]",2.73806943809576e-06,NA,NA,"fixed_input",NA,NA,NA,"custom RTMB","base coefficients",NA,NA
"sel_devs_fsh[670]",1.07847673565645e-06,NA,NA,"fixed_input",NA,NA,NA,"custom RTMB","base coefficients",NA,NA
"sel_devs_fsh[671]",7.52496917395699e-07,NA,NA,"fixed_input",NA,NA,NA,"custom RTMB","base coefficients",NA,NA
"sel_devs_fsh[672]",-2.97819442203769e-06,NA,NA,"fixed_input",NA,NA,NA,"custom RTMB","base coefficients",NA,NA
"sel_devs_fsh[673]",-7.05349261554543e-07,NA,NA,"fixed_input",NA,NA,NA,"custom RTMB","base coefficients",NA,NA
"sel_devs_fsh[674]",4.74169246869193e-06,NA,NA,"fixed_input",NA,NA,NA,"custom RTMB","base coefficients",NA,NA
"sel_devs_fsh[675]",2.54401254534231e-05,NA,NA,"fixed_input",NA,NA,NA,"custom RTMB","base coefficients",NA,NA
"sel_devs_fsh[676]",-2.50151967631558e-06,NA,NA,"fixed_input",NA,NA,NA,"custom RTMB","base coefficients",NA,NA
"sel_devs_fsh[677]",-6.41909271934801e-06,NA,NA,"fixed_input",NA,NA,NA,"custom RTMB","base coefficients",NA,NA
"sel_devs_fsh[678]",-4.23767432995434e-06,NA,NA,"fixed_input",NA,NA,NA,"custom RTMB","base coefficients",NA,NA
"sel_devs_fsh[679]",9.05443783362318e-07,NA,NA,"fixed_input",NA,NA,NA,"custom RTMB","base coefficients",NA,NA
"sel_devs_fsh[680]",2.19743816976582e-06,NA,NA,"fixed_input",NA,NA,NA,"custom RTMB","base coefficients",NA,NA
"sel_devs_fsh[681]",1.21152307130075e-06,NA,NA,"fixed_input",NA,NA,NA,"custom RTMB","base coefficients",NA,NA
"sel_devs_fsh[682]",-2.14381551190459e-06,NA,NA,"fixed_input",NA,NA,NA,"custom RTMB","base coefficients",NA,NA
"sel_devs_fsh[683]",-5.74094006868603e-06,NA,NA,"fixed_input",NA,NA,NA,"custom RTMB","base coefficients",NA,NA
"sel_devs_fsh[684]",-3.53881538935451e-06,NA,NA,"fixed_input",NA,NA,NA,"custom RTMB","base coefficients",NA,NA
"sel_devs_fsh[685]",-5.64129096315449e-07,NA,NA,"fixed_input",NA,NA,NA,"custom RTMB","base coefficients",NA,NA
"sel_devs_fsh[686]",-5.09706299540313e-06,NA,NA,"fixed_input",NA,NA,NA,"custom RTMB","base coefficients",NA,NA
"sel_devs_fsh[687]",-4.53093538877995e-06,NA,NA,"fixed_input",NA,NA,NA,"custom RTMB","base coefficients",NA,NA
"sel_devs_fsh[688]",-9.54141551261138e-08,NA,NA,"fixed_input",NA,NA,NA,"custom RTMB","base coefficients",NA,NA
"sel_devs_fsh[689]",-5.04365271264203e-06,NA,NA,"fixed_input",NA,NA,NA,"custom RTMB","base coefficients",NA,NA
"sel_devs_fsh[690]",5.24830671493866e-06,NA,NA,"fixed_input",NA,NA,NA,"custom RTMB","base coefficients",NA,NA
"sel_devs_fsh[691]",9.96044933399237e-06,NA,NA,"fixed_input",NA,NA,NA,"custom RTMB","base coefficients",NA,NA
"sel_devs_fsh[692]",1.60801953709159e-05,NA,NA,"fixed_input",NA,NA,NA,"custom RTMB","base coefficients",NA,NA
"sel_devs_fsh[693]",8.17283381224931e-06,NA,NA,"fixed_input",NA,NA,NA,"custom RTMB","base coefficients",NA,NA
"sel_devs_fsh[694]",3.90330416111733e-06,NA,NA,"fixed_input",NA,NA,NA,"custom RTMB","base coefficients",NA,NA
"sel_devs_fsh[695]",-2.82937952875233e-06,NA,NA,"fixed_input",NA,NA,NA,"custom RTMB","base coefficients",NA,NA
"sel_devs_fsh[696]",7.19980285620741e-06,NA,NA,"fixed_input",NA,NA,NA,"custom RTMB","base coefficients",NA,NA
"sel_devs_fsh[697]",6.64337414755484e-06,NA,NA,"fixed_input",NA,NA,NA,"custom RTMB","base coefficients",NA,NA
"sel_devs_fsh[698]",-1.54324711712121e-06,NA,NA,"fixed_input",NA,NA,NA,"custom RTMB","base coefficients",NA,NA
"sel_devs_fsh[699]",-3.36449515622673e-06,NA,NA,"fixed_input",NA,NA,NA,"custom RTMB","base coefficients",NA,NA
"sel_devs_fsh[700]",-4.23599533206505e-06,NA,NA,"fixed_input",NA,NA,NA,"custom RTMB","base coefficients",NA,NA
"sel_devs_fsh[701]",-3.69629138000572e-06,NA,NA,"fixed_input",NA,NA,NA,"custom RTMB","base coefficients",NA,NA
"sel_devs_fsh[702]",-5.97810476710923e-06,NA,NA,"fixed_input",NA,NA,NA,"custom RTMB","base coefficients",NA,NA
"sel_devs_fsh[703]",-1.92806362785771e-05,NA,NA,"fixed_input",NA,NA,NA,"custom RTMB","base coefficients",NA,NA
"sel_devs_fsh[704]",-1.49424640440262e-05,NA,NA,"fixed_input",NA,NA,NA,"custom RTMB","base coefficients",NA,NA
"sel_devs_fsh[705]",-3.97960008634493e-06,NA,NA,"fixed_input",NA,NA,NA,"custom RTMB","base coefficients",NA,NA
"sel_devs_fsh[706]",1.77085412563146e-06,NA,NA,"fixed_input",NA,NA,NA,"custom RTMB","base coefficients",NA,NA
"sel_devs_fsh[707]",4.15314663973733e-06,NA,NA,"fixed_input",NA,NA,NA,"custom RTMB","base coefficients",NA,NA
"sel_devs_fsh[708]",1.13397803700486e-05,NA,NA,"fixed_input",NA,NA,NA,"custom RTMB","base coefficients",NA,NA
"sel_devs_bts[1]",0,NA,NA,"fixed_input",NA,NA,NA,"custom RTMB","base coefficients",NA,NA
"sel_devs_bts[2]",0,NA,NA,"fixed_input",NA,NA,NA,"custom RTMB","base coefficients",NA,NA
"sel_devs_bts[3]",0,NA,NA,"fixed_input",NA,NA,NA,"custom RTMB","base coefficients",NA,NA
"sel_devs_bts[4]",0,NA,NA,"fixed_input",NA,NA,NA,"custom RTMB","base coefficients",NA,NA
"sel_devs_bts[5]",0,NA,NA,"fixed_input",NA,NA,NA,"custom RTMB","base coefficients",NA,NA
"sel_devs_bts[6]",0,NA,NA,"fixed_input",NA,NA,NA,"custom RTMB","base coefficients",NA,NA
"sel_devs_bts[7]",0,NA,NA,"fixed_input",NA,NA,NA,"custom RTMB","base coefficients",NA,NA
"sel_devs_bts[8]",0,NA,NA,"fixed_input",NA,NA,NA,"custom RTMB","base coefficients",NA,NA
"sel_devs_bts[9]",0,NA,NA,"fixed_input",NA,NA,NA,"custom RTMB","base coefficients",NA,NA
"sel_devs_bts[10]",0,NA,NA,"fixed_input",NA,NA,NA,"custom RTMB","base coefficients",NA,NA
"sel_devs_bts[11]",0,NA,NA,"fixed_input",NA,NA,NA,"custom RTMB","base coefficients",NA,NA
"sel_devs_bts[12]",0,NA,NA,"fixed_input",NA,NA,NA,"custom RTMB","base coefficients",NA,NA
"sel_devs_bts[13]",0,NA,NA,"fixed_input",NA,NA,NA,"custom RTMB","base coefficients",NA,NA
"sel_devs_bts[14]",0,NA,NA,"fixed_input",NA,NA,NA,"custom RTMB","base coefficients",NA,NA
"sel_devs_bts[15]",0,NA,NA,"fixed_input",NA,NA,NA,"custom RTMB","base coefficients",NA,NA
"sel_devs_bts[16]",0,NA,NA,"fixed_input",NA,NA,NA,"custom RTMB","base coefficients",NA,NA
"sel_devs_bts[17]",0,NA,NA,"fixed_input",NA,NA,NA,"custom RTMB","base coefficients",NA,NA
"sel_devs_bts[18]",0,NA,NA,"fixed_input",NA,NA,NA,"custom RTMB","base coefficients",NA,NA
"sel_devs_bts[19]",0,NA,NA,"fixed_input",NA,NA,NA,"custom RTMB","base coefficients",NA,NA
"sel_devs_bts[20]",0,NA,NA,"fixed_input",NA,NA,NA,"custom RTMB","base coefficients",NA,NA
"sel_devs_bts[21]",0,NA,NA,"fixed_input",NA,NA,NA,"custom RTMB","base coefficients",NA,NA
"sel_devs_bts[22]",0,NA,NA,"fixed_input",NA,NA,NA,"custom RTMB","base coefficients",NA,NA
"sel_devs_bts[23]",0,NA,NA,"fixed_input",NA,NA,NA,"custom RTMB","base coefficients",NA,NA
"sel_devs_bts[24]",0,NA,NA,"fixed_input",NA,NA,NA,"custom RTMB","base coefficients",NA,NA
"sel_devs_bts[25]",0,NA,NA,"fixed_input",NA,NA,NA,"custom RTMB","base coefficients",NA,NA
"sel_devs_bts[26]",0,NA,NA,"fixed_input",NA,NA,NA,"custom RTMB","base coefficients",NA,NA
"sel_devs_bts[27]",0,NA,NA,"fixed_input",NA,NA,NA,"custom RTMB","base coefficients",NA,NA
"sel_devs_bts[28]",0,NA,NA,"fixed_input",NA,NA,NA,"custom RTMB","base coefficients",NA,NA
"sel_devs_bts[29]",0,NA,NA,"fixed_input",NA,NA,NA,"custom RTMB","base coefficients",NA,NA
"sel_devs_bts[30]",0,NA,NA,"fixed_input",NA,NA,NA,"custom RTMB","base coefficients",NA,NA
"sel_devs_bts[31]",0,NA,NA,"fixed_input",NA,NA,NA,"custom RTMB","base coefficients",NA,NA
"sel_devs_bts[32]",0,NA,NA,"fixed_input",NA,NA,NA,"custom RTMB","base coefficients",NA,NA
"sel_devs_bts[33]",0,NA,NA,"fixed_input",NA,NA,NA,"custom RTMB","base coefficients",NA,NA
"sel_devs_bts[34]",0,NA,NA,"fixed_input",NA,NA,NA,"custom RTMB","base coefficients",NA,NA
"sel_devs_bts[35]",0,NA,NA,"fixed_input",NA,NA,NA,"custom RTMB","base coefficients",NA,NA
"sel_devs_bts[36]",0,NA,NA,"fixed_input",NA,NA,NA,"custom RTMB","base coefficients",NA,NA
"sel_devs_bts[37]",0,NA,NA,"fixed_input",NA,NA,NA,"custom RTMB","base coefficients",NA,NA
"sel_devs_bts[38]",0,NA,NA,"fixed_input",NA,NA,NA,"custom RTMB","base coefficients",NA,NA
"sel_devs_bts[39]",0,NA,NA,"fixed_input",NA,NA,NA,"custom RTMB","base coefficients",NA,NA
"sel_devs_bts[40]",0,NA,NA,"fixed_input",NA,NA,NA,"custom RTMB","base coefficients",NA,NA
"sel_devs_bts[41]",0,NA,NA,"fixed_input",NA,NA,NA,"custom RTMB","base coefficients",NA,NA
"sel_devs_bts[42]",0,NA,NA,"fixed_input",NA,NA,NA,"custom RTMB","base coefficients",NA,NA
"sel_devs_bts[43]",0,NA,NA,"fixed_input",NA,NA,NA,"custom RTMB","base coefficients",NA,NA
"sel_devs_bts[44]",0,NA,NA,"fixed_input",NA,NA,NA,"custom RTMB","base coefficients",NA,NA
"sel_devs_bts[45]",0,NA,NA,"fixed_input",NA,NA,NA,"custom RTMB","base coefficients",NA,NA
"sel_devs_bts[46]",0,NA,NA,"fixed_input",NA,NA,NA,"custom RTMB","base coefficients",NA,NA
"sel_devs_bts[47]",0,NA,NA,"fixed_input",NA,NA,NA,"custom RTMB","base coefficients",NA,NA
"sel_devs_bts[48]",0,NA,NA,"fixed_input",NA,NA,NA,"custom RTMB","base coefficients",NA,NA
"sel_devs_bts[49]",0,NA,NA,"fixed_input",NA,NA,NA,"custom RTMB","base coefficients",NA,NA
"sel_devs_bts[50]",0,NA,NA,"fixed_input",NA,NA,NA,"custom RTMB","base coefficients",NA,NA
"sel_devs_bts[51]",0,NA,NA,"fixed_input",NA,NA,NA,"custom RTMB","base coefficients",NA,NA
"sel_devs_bts[52]",0,NA,NA,"fixed_input",NA,NA,NA,"custom RTMB","base coefficients",NA,NA
"sel_devs_bts[53]",0,NA,NA,"fixed_input",NA,NA,NA,"custom RTMB","base coefficients",NA,NA
"sel_devs_bts[54]",0,NA,NA,"fixed_input",NA,NA,NA,"custom RTMB","base coefficients",NA,NA
"sel_devs_bts[55]",0,NA,NA,"fixed_input",NA,NA,NA,"custom RTMB","base coefficients",NA,NA
"sel_devs_bts[56]",0,NA,NA,"fixed_input",NA,NA,NA,"custom RTMB","base coefficients",NA,NA
"sel_devs_bts[57]",0,NA,NA,"fixed_input",NA,NA,NA,"custom RTMB","base coefficients",NA,NA
"sel_devs_bts[58]",0,NA,NA,"fixed_input",NA,NA,NA,"custom RTMB","base coefficients",NA,NA
"sel_devs_bts[59]",0,NA,NA,"fixed_input",NA,NA,NA,"custom RTMB","base coefficients",NA,NA
"sel_devs_bts[60]",0,NA,NA,"fixed_input",NA,NA,NA,"custom RTMB","base coefficients",NA,NA
"sel_devs_bts[61]",0,NA,NA,"fixed_input",NA,NA,NA,"custom RTMB","base coefficients",NA,NA
"sel_devs_bts[62]",0,NA,NA,"fixed_input",NA,NA,NA,"custom RTMB","base coefficients",NA,NA
"sel_devs_bts[63]",0,NA,NA,"fixed_input",NA,NA,NA,"custom RTMB","base coefficients",NA,NA
"sel_devs_bts[64]",0,NA,NA,"fixed_input",NA,NA,NA,"custom RTMB","base coefficients",NA,NA
"sel_devs_bts[65]",0,NA,NA,"fixed_input",NA,NA,NA,"custom RTMB","base coefficients",NA,NA
"sel_devs_bts[66]",0,NA,NA,"fixed_input",NA,NA,NA,"custom RTMB","base coefficients",NA,NA
"sel_devs_bts[67]",0,NA,NA,"fixed_input",NA,NA,NA,"custom RTMB","base coefficients",NA,NA
"sel_devs_bts[68]",0,NA,NA,"fixed_input",NA,NA,NA,"custom RTMB","base coefficients",NA,NA
"sel_devs_bts[69]",0,NA,NA,"fixed_input",NA,NA,NA,"custom RTMB","base coefficients",NA,NA
"sel_devs_bts[70]",0,NA,NA,"fixed_input",NA,NA,NA,"custom RTMB","base coefficients",NA,NA
"sel_devs_bts[71]",0,NA,NA,"fixed_input",NA,NA,NA,"custom RTMB","base coefficients",NA,NA
"sel_devs_bts[72]",0,NA,NA,"fixed_input",NA,NA,NA,"custom RTMB","base coefficients",NA,NA
"sel_devs_bts[73]",0,NA,NA,"fixed_input",NA,NA,NA,"custom RTMB","base coefficients",NA,NA
"sel_devs_bts[74]",0,NA,NA,"fixed_input",NA,NA,NA,"custom RTMB","base coefficients",NA,NA
"sel_devs_bts[75]",0,NA,NA,"fixed_input",NA,NA,NA,"custom RTMB","base coefficients",NA,NA
"sel_devs_bts[76]",0,NA,NA,"fixed_input",NA,NA,NA,"custom RTMB","base coefficients",NA,NA
"sel_devs_bts[77]",0,NA,NA,"fixed_input",NA,NA,NA,"custom RTMB","base coefficients",NA,NA
"sel_devs_bts[78]",0,NA,NA,"fixed_input",NA,NA,NA,"custom RTMB","base coefficients",NA,NA
"sel_devs_bts[79]",0,NA,NA,"fixed_input",NA,NA,NA,"custom RTMB","base coefficients",NA,NA
"sel_devs_bts[80]",0,NA,NA,"fixed_input",NA,NA,NA,"custom RTMB","base coefficients",NA,NA
"sel_devs_bts[81]",0,NA,NA,"fixed_input",NA,NA,NA,"custom RTMB","base coefficients",NA,NA
"sel_devs_bts[82]",0,NA,NA,"fixed_input",NA,NA,NA,"custom RTMB","base coefficients",NA,NA
"sel_devs_bts[83]",0,NA,NA,"fixed_input",NA,NA,NA,"custom RTMB","base coefficients",NA,NA
"sel_devs_bts[84]",0,NA,NA,"fixed_input",NA,NA,NA,"custom RTMB","base coefficients",NA,NA
"sel_devs_bts[85]",0,NA,NA,"fixed_input",NA,NA,NA,"custom RTMB","base coefficients",NA,NA
"sel_devs_bts[86]",0,NA,NA,"fixed_input",NA,NA,NA,"custom RTMB","base coefficients",NA,NA
"sel_devs_bts[87]",0,NA,NA,"fixed_input",NA,NA,NA,"custom RTMB","base coefficients",NA,NA
"sel_devs_bts[88]",0,NA,NA,"fixed_input",NA,NA,NA,"custom RTMB","base coefficients",NA,NA
"sel_devs_bts[89]",0,NA,NA,"fixed_input",NA,NA,NA,"custom RTMB","base coefficients",NA,NA
"sel_devs_bts[90]",0,NA,NA,"fixed_input",NA,NA,NA,"custom RTMB","base coefficients",NA,NA
"sel_devs_bts[91]",0,NA,NA,"fixed_input",NA,NA,NA,"custom RTMB","base coefficients",NA,NA
"sel_devs_bts[92]",0,NA,NA,"fixed_input",NA,NA,NA,"custom RTMB","base coefficients",NA,NA
"sel_devs_bts[93]",0,NA,NA,"fixed_input",NA,NA,NA,"custom RTMB","base coefficients",NA,NA
"sel_devs_bts[94]",0,NA,NA,"fixed_input",NA,NA,NA,"custom RTMB","base coefficients",NA,NA
"sel_devs_bts[95]",0,NA,NA,"fixed_input",NA,NA,NA,"custom RTMB","base coefficients",NA,NA
"sel_devs_bts[96]",0,NA,NA,"fixed_input",NA,NA,NA,"custom RTMB","base coefficients",NA,NA
"sel_devs_bts[97]",0,NA,NA,"fixed_input",NA,NA,NA,"custom RTMB","base coefficients",NA,NA
"sel_devs_bts[98]",0,NA,NA,"fixed_input",NA,NA,NA,"custom RTMB","base coefficients",NA,NA
"sel_devs_bts[99]",0,NA,NA,"fixed_input",NA,NA,NA,"custom RTMB","base coefficients",NA,NA
"sel_devs_bts[100]",0,NA,NA,"fixed_input",NA,NA,NA,"custom RTMB","base coefficients",NA,NA
"sel_devs_bts[101]",0,NA,NA,"fixed_input",NA,NA,NA,"custom RTMB","base coefficients",NA,NA
"sel_devs_bts[102]",0,NA,NA,"fixed_input",NA,NA,NA,"custom RTMB","base coefficients",NA,NA
"sel_devs_bts[103]",0,NA,NA,"fixed_input",NA,NA,NA,"custom RTMB","base coefficients",NA,NA
"sel_devs_bts[104]",0,NA,NA,"fixed_input",NA,NA,NA,"custom RTMB","base coefficients",NA,NA
"sel_devs_bts[105]",0,NA,NA,"fixed_input",NA,NA,NA,"custom RTMB","base coefficients",NA,NA
"sel_devs_bts[106]",0,NA,NA,"fixed_input",NA,NA,NA,"custom RTMB","base coefficients",NA,NA
"sel_devs_bts[107]",0,NA,NA,"fixed_input",NA,NA,NA,"custom RTMB","base coefficients",NA,NA
"sel_devs_bts[108]",0,NA,NA,"fixed_input",NA,NA,NA,"custom RTMB","base coefficients",NA,NA
"sel_devs_bts[109]",0,NA,NA,"fixed_input",NA,NA,NA,"custom RTMB","base coefficients",NA,NA
"sel_devs_bts[110]",0,NA,NA,"fixed_input",NA,NA,NA,"custom RTMB","base coefficients",NA,NA
"sel_devs_bts[111]",0,NA,NA,"fixed_input",NA,NA,NA,"custom RTMB","base coefficients",NA,NA
"sel_devs_bts[112]",0,NA,NA,"fixed_input",NA,NA,NA,"custom RTMB","base coefficients",NA,NA
"sel_devs_bts[113]",0,NA,NA,"fixed_input",NA,NA,NA,"custom RTMB","base coefficients",NA,NA
"sel_devs_bts[114]",0,NA,NA,"fixed_input",NA,NA,NA,"custom RTMB","base coefficients",NA,NA
"sel_devs_bts[115]",0,NA,NA,"fixed_input",NA,NA,NA,"custom RTMB","base coefficients",NA,NA
"sel_devs_bts[116]",0,NA,NA,"fixed_input",NA,NA,NA,"custom RTMB","base coefficients",NA,NA
"sel_devs_bts[117]",0,NA,NA,"fixed_input",NA,NA,NA,"custom RTMB","base coefficients",NA,NA
"sel_devs_bts[118]",0,NA,NA,"fixed_input",NA,NA,NA,"custom RTMB","base coefficients",NA,NA
"sel_devs_bts[119]",0,NA,NA,"fixed_input",NA,NA,NA,"custom RTMB","base coefficients",NA,NA
"sel_devs_bts[120]",0,NA,NA,"fixed_input",NA,NA,NA,"custom RTMB","base coefficients",NA,NA
"sel_devs_bts[121]",0,NA,NA,"fixed_input",NA,NA,NA,"custom RTMB","base coefficients",NA,NA
"sel_devs_bts[122]",0,NA,NA,"fixed_input",NA,NA,NA,"custom RTMB","base coefficients",NA,NA
"sel_devs_bts[123]",0,NA,NA,"fixed_input",NA,NA,NA,"custom RTMB","base coefficients",NA,NA
"sel_devs_bts[124]",0,NA,NA,"fixed_input",NA,NA,NA,"custom RTMB","base coefficients",NA,NA
"sel_devs_bts[125]",0,NA,NA,"fixed_input",NA,NA,NA,"custom RTMB","base coefficients",NA,NA
"sel_devs_bts[126]",0,NA,NA,"fixed_input",NA,NA,NA,"custom RTMB","base coefficients",NA,NA
"sel_devs_bts[127]",0,NA,NA,"fixed_input",NA,NA,NA,"custom RTMB","base coefficients",NA,NA
"sel_devs_bts[128]",0,NA,NA,"fixed_input",NA,NA,NA,"custom RTMB","base coefficients",NA,NA
"sel_devs_bts[129]",0,NA,NA,"fixed_input",NA,NA,NA,"custom RTMB","base coefficients",NA,NA
"sel_devs_bts[130]",0,NA,NA,"fixed_input",NA,NA,NA,"custom RTMB","base coefficients",NA,NA
"sel_devs_bts[131]",0,NA,NA,"fixed_input",NA,NA,NA,"custom RTMB","base coefficients",NA,NA
"sel_devs_bts[132]",0,NA,NA,"fixed_input",NA,NA,NA,"custom RTMB","base coefficients",NA,NA
"sel_devs_bts[133]",0,NA,NA,"fixed_input",NA,NA,NA,"custom RTMB","base coefficients",NA,NA
"sel_devs_bts[134]",0,NA,NA,"fixed_input",NA,NA,NA,"custom RTMB","base coefficients",NA,NA
"sel_devs_bts[135]",0,NA,NA,"fixed_input",NA,NA,NA,"custom RTMB","base coefficients",NA,NA
"sel_devs_bts[136]",0,NA,NA,"fixed_input",NA,NA,NA,"custom RTMB","base coefficients",NA,NA
"sel_devs_bts[137]",0,NA,NA,"fixed_input",NA,NA,NA,"custom RTMB","base coefficients",NA,NA
"sel_devs_bts[138]",0,NA,NA,"fixed_input",NA,NA,NA,"custom RTMB","base coefficients",NA,NA
"sel_devs_bts[139]",0,NA,NA,"fixed_input",NA,NA,NA,"custom RTMB","base coefficients",NA,NA
"sel_devs_bts[140]",0,NA,NA,"fixed_input",NA,NA,NA,"custom RTMB","base coefficients",NA,NA
"sel_devs_bts[141]",0,NA,NA,"fixed_input",NA,NA,NA,"custom RTMB","base coefficients",NA,NA
"sel_devs_bts[142]",0,NA,NA,"fixed_input",NA,NA,NA,"custom RTMB","base coefficients",NA,NA
"sel_devs_bts[143]",0,NA,NA,"fixed_input",NA,NA,NA,"custom RTMB","base coefficients",NA,NA
"sel_devs_bts[144]",0,NA,NA,"fixed_input",NA,NA,NA,"custom RTMB","base coefficients",NA,NA
"sel_devs_bts[145]",0,NA,NA,"fixed_input",NA,NA,NA,"custom RTMB","base coefficients",NA,NA
"sel_devs_bts[146]",0,NA,NA,"fixed_input",NA,NA,NA,"custom RTMB","base coefficients",NA,NA
"sel_devs_bts[147]",0,NA,NA,"fixed_input",NA,NA,NA,"custom RTMB","base coefficients",NA,NA
"sel_devs_bts[148]",0,NA,NA,"fixed_input",NA,NA,NA,"custom RTMB","base coefficients",NA,NA
"sel_devs_bts[149]",0,NA,NA,"fixed_input",NA,NA,NA,"custom RTMB","base coefficients",NA,NA
"sel_devs_bts[150]",0,NA,NA,"fixed_input",NA,NA,NA,"custom RTMB","base coefficients",NA,NA
"sel_devs_bts[151]",0,NA,NA,"fixed_input",NA,NA,NA,"custom RTMB","base coefficients",NA,NA
"sel_devs_bts[152]",0,NA,NA,"fixed_input",NA,NA,NA,"custom RTMB","base coefficients",NA,NA
"sel_devs_bts[153]",0,NA,NA,"fixed_input",NA,NA,NA,"custom RTMB","base coefficients",NA,NA
"sel_devs_bts[154]",0,NA,NA,"fixed_input",NA,NA,NA,"custom RTMB","base coefficients",NA,NA
"sel_devs_bts[155]",0,NA,NA,"fixed_input",NA,NA,NA,"custom RTMB","base coefficients",NA,NA
"sel_devs_bts[156]",0,NA,NA,"fixed_input",NA,NA,NA,"custom RTMB","base coefficients",NA,NA
"sel_devs_bts[157]",0,NA,NA,"fixed_input",NA,NA,NA,"custom RTMB","base coefficients",NA,NA
"sel_devs_bts[158]",0,NA,NA,"fixed_input",NA,NA,NA,"custom RTMB","base coefficients",NA,NA
"sel_devs_bts[159]",0,NA,NA,"fixed_input",NA,NA,NA,"custom RTMB","base coefficients",NA,NA
"sel_devs_bts[160]",0,NA,NA,"fixed_input",NA,NA,NA,"custom RTMB","base coefficients",NA,NA
"sel_devs_bts[161]",0,NA,NA,"fixed_input",NA,NA,NA,"custom RTMB","base coefficients",NA,NA
"sel_devs_bts[162]",0,NA,NA,"fixed_input",NA,NA,NA,"custom RTMB","base coefficients",NA,NA
"sel_devs_bts[163]",0,NA,NA,"fixed_input",NA,NA,NA,"custom RTMB","base coefficients",NA,NA
"sel_devs_bts[164]",0,NA,NA,"fixed_input",NA,NA,NA,"custom RTMB","base coefficients",NA,NA
"sel_devs_bts[165]",0,NA,NA,"fixed_input",NA,NA,NA,"custom RTMB","base coefficients",NA,NA
"sel_devs_bts[166]",0,NA,NA,"fixed_input",NA,NA,NA,"custom RTMB","base coefficients",NA,NA
"sel_devs_bts[167]",0,NA,NA,"fixed_input",NA,NA,NA,"custom RTMB","base coefficients",NA,NA
"sel_devs_bts[168]",0,NA,NA,"fixed_input",NA,NA,NA,"custom RTMB","base coefficients",NA,NA
"sel_devs_bts[169]",0,NA,NA,"fixed_input",NA,NA,NA,"custom RTMB","base coefficients",NA,NA
"sel_devs_bts[170]",0,NA,NA,"fixed_input",NA,NA,NA,"custom RTMB","base coefficients",NA,NA
"sel_devs_bts[171]",0,NA,NA,"fixed_input",NA,NA,NA,"custom RTMB","base coefficients",NA,NA
"sel_devs_bts[172]",0,NA,NA,"fixed_input",NA,NA,NA,"custom RTMB","base coefficients",NA,NA
"sel_devs_bts[173]",0,NA,NA,"fixed_input",NA,NA,NA,"custom RTMB","base coefficients",NA,NA
"sel_devs_bts[174]",0,NA,NA,"fixed_input",NA,NA,NA,"custom RTMB","base coefficients",NA,NA
"sel_devs_bts[175]",0,NA,NA,"fixed_input",NA,NA,NA,"custom RTMB","base coefficients",NA,NA
"sel_devs_bts[176]",0,NA,NA,"fixed_input",NA,NA,NA,"custom RTMB","base coefficients",NA,NA
"sel_devs_bts[177]",0,NA,NA,"fixed_input",NA,NA,NA,"custom RTMB","base coefficients",NA,NA
"sel_devs_bts[178]",0,NA,NA,"fixed_input",NA,NA,NA,"custom RTMB","base coefficients",NA,NA
"sel_devs_bts[179]",0,NA,NA,"fixed_input",NA,NA,NA,"custom RTMB","base coefficients",NA,NA
"sel_devs_bts[180]",0,NA,NA,"fixed_input",NA,NA,NA,"custom RTMB","base coefficients",NA,NA
"sel_devs_bts[181]",0,NA,NA,"fixed_input",NA,NA,NA,"custom RTMB","base coefficients",NA,NA
"sel_devs_bts[182]",0,NA,NA,"fixed_input",NA,NA,NA,"custom RTMB","base coefficients",NA,NA
"sel_devs_bts[183]",0,NA,NA,"fixed_input",NA,NA,NA,"custom RTMB","base coefficients",NA,NA
"sel_devs_bts[184]",0,NA,NA,"fixed_input",NA,NA,NA,"custom RTMB","base coefficients",NA,NA
"sel_devs_bts[185]",0,NA,NA,"fixed_input",NA,NA,NA,"custom RTMB","base coefficients",NA,NA
"sel_devs_bts[186]",0,NA,NA,"fixed_input",NA,NA,NA,"custom RTMB","base coefficients",NA,NA
"sel_devs_bts[187]",0,NA,NA,"fixed_input",NA,NA,NA,"custom RTMB","base coefficients",NA,NA
"sel_devs_bts[188]",0,NA,NA,"fixed_input",NA,NA,NA,"custom RTMB","base coefficients",NA,NA
"sel_devs_bts[189]",0,NA,NA,"fixed_input",NA,NA,NA,"custom RTMB","base coefficients",NA,NA
"sel_devs_bts[190]",0,NA,NA,"fixed_input",NA,NA,NA,"custom RTMB","base coefficients",NA,NA
"sel_devs_bts[191]",0,NA,NA,"fixed_input",NA,NA,NA,"custom RTMB","base coefficients",NA,NA
"sel_devs_bts[192]",0,NA,NA,"fixed_input",NA,NA,NA,"custom RTMB","base coefficients",NA,NA
"sel_devs_bts[193]",0,NA,NA,"fixed_input",NA,NA,NA,"custom RTMB","base coefficients",NA,NA
"sel_devs_bts[194]",0,NA,NA,"fixed_input",NA,NA,NA,"custom RTMB","base coefficients",NA,NA
"sel_devs_bts[195]",0,NA,NA,"fixed_input",NA,NA,NA,"custom RTMB","base coefficients",NA,NA
"sel_devs_bts[196]",0,NA,NA,"fixed_input",NA,NA,NA,"custom RTMB","base coefficients",NA,NA
"sel_devs_bts[197]",0,NA,NA,"fixed_input",NA,NA,NA,"custom RTMB","base coefficients",NA,NA
"sel_devs_bts[198]",0,NA,NA,"fixed_input",NA,NA,NA,"custom RTMB","base coefficients",NA,NA
"sel_devs_bts[199]",0,NA,NA,"fixed_input",NA,NA,NA,"custom RTMB","base coefficients",NA,NA
"sel_devs_bts[200]",0,NA,NA,"fixed_input",NA,NA,NA,"custom RTMB","base coefficients",NA,NA
"sel_devs_bts[201]",0,NA,NA,"fixed_input",NA,NA,NA,"custom RTMB","base coefficients",NA,NA
"sel_devs_bts[202]",0,NA,NA,"fixed_input",NA,NA,NA,"custom RTMB","base coefficients",NA,NA
"sel_devs_bts[203]",0,NA,NA,"fixed_input",NA,NA,NA,"custom RTMB","base coefficients",NA,NA
"sel_devs_bts[204]",0,NA,NA,"fixed_input",NA,NA,NA,"custom RTMB","base coefficients",NA,NA
"sel_devs_bts[205]",0,NA,NA,"fixed_input",NA,NA,NA,"custom RTMB","base coefficients",NA,NA
"sel_devs_bts[206]",0,NA,NA,"fixed_input",NA,NA,NA,"custom RTMB","base coefficients",NA,NA
"sel_devs_bts[207]",0,NA,NA,"fixed_input",NA,NA,NA,"custom RTMB","base coefficients",NA,NA
"sel_devs_bts[208]",0,NA,NA,"fixed_input",NA,NA,NA,"custom RTMB","base coefficients",NA,NA
"sel_devs_bts[209]",0,NA,NA,"fixed_input",NA,NA,NA,"custom RTMB","base coefficients",NA,NA
"sel_devs_bts[210]",0,NA,NA,"fixed_input",NA,NA,NA,"custom RTMB","base coefficients",NA,NA
"sel_devs_bts[211]",0,NA,NA,"fixed_input",NA,NA,NA,"custom RTMB","base coefficients",NA,NA
"sel_devs_bts[212]",0,NA,NA,"fixed_input",NA,NA,NA,"custom RTMB","base coefficients",NA,NA
"sel_devs_bts[213]",0,NA,NA,"fixed_input",NA,NA,NA,"custom RTMB","base coefficients",NA,NA
"sel_devs_bts[214]",0,NA,NA,"fixed_input",NA,NA,NA,"custom RTMB","base coefficients",NA,NA
"sel_devs_bts[215]",0,NA,NA,"fixed_input",NA,NA,NA,"custom RTMB","base coefficients",NA,NA
"sel_devs_bts[216]",0,NA,NA,"fixed_input",NA,NA,NA,"custom RTMB","base coefficients",NA,NA
"sel_devs_bts[217]",0,NA,NA,"fixed_input",NA,NA,NA,"custom RTMB","base coefficients",NA,NA
"sel_devs_bts[218]",0,NA,NA,"fixed_input",NA,NA,NA,"custom RTMB","base coefficients",NA,NA
"sel_devs_bts[219]",0,NA,NA,"fixed_input",NA,NA,NA,"custom RTMB","base coefficients",NA,NA
"sel_devs_bts[220]",0,NA,NA,"fixed_input",NA,NA,NA,"custom RTMB","base coefficients",NA,NA
"sel_devs_bts[221]",0,NA,NA,"fixed_input",NA,NA,NA,"custom RTMB","base coefficients",NA,NA
"sel_devs_bts[222]",0,NA,NA,"fixed_input",NA,NA,NA,"custom RTMB","base coefficients",NA,NA
"sel_devs_bts[223]",0,NA,NA,"fixed_input",NA,NA,NA,"custom RTMB","base coefficients",NA,NA
"sel_devs_bts[224]",0,NA,NA,"fixed_input",NA,NA,NA,"custom RTMB","base coefficients",NA,NA
"sel_devs_bts[225]",0,NA,NA,"fixed_input",NA,NA,NA,"custom RTMB","base coefficients",NA,NA
"sel_devs_bts[226]",0,NA,NA,"fixed_input",NA,NA,NA,"custom RTMB","base coefficients",NA,NA
"sel_devs_bts[227]",0,NA,NA,"fixed_input",NA,NA,NA,"custom RTMB","base coefficients",NA,NA
"sel_devs_bts[228]",0,NA,NA,"fixed_input",NA,NA,NA,"custom RTMB","base coefficients",NA,NA
"sel_devs_bts[229]",0,NA,NA,"fixed_input",NA,NA,NA,"custom RTMB","base coefficients",NA,NA
"sel_devs_bts[230]",0,NA,NA,"fixed_input",NA,NA,NA,"custom RTMB","base coefficients",NA,NA
"sel_devs_bts[231]",0,NA,NA,"fixed_input",NA,NA,NA,"custom RTMB","base coefficients",NA,NA
"sel_devs_bts[232]",0,NA,NA,"fixed_input",NA,NA,NA,"custom RTMB","base coefficients",NA,NA
"sel_devs_bts[233]",0,NA,NA,"fixed_input",NA,NA,NA,"custom RTMB","base coefficients",NA,NA
"sel_devs_bts[234]",0,NA,NA,"fixed_input",NA,NA,NA,"custom RTMB","base coefficients",NA,NA
"sel_devs_bts[235]",0,NA,NA,"fixed_input",NA,NA,NA,"custom RTMB","base coefficients",NA,NA
"sel_devs_bts[236]",0,NA,NA,"fixed_input",NA,NA,NA,"custom RTMB","base coefficients",NA,NA
"sel_devs_bts[237]",0,NA,NA,"fixed_input",NA,NA,NA,"custom RTMB","base coefficients",NA,NA
"sel_devs_bts[238]",0,NA,NA,"fixed_input",NA,NA,NA,"custom RTMB","base coefficients",NA,NA
"sel_devs_bts[239]",0,NA,NA,"fixed_input",NA,NA,NA,"custom RTMB","base coefficients",NA,NA
"sel_devs_bts[240]",0,NA,NA,"fixed_input",NA,NA,NA,"custom RTMB","base coefficients",NA,NA
"sel_devs_bts[241]",0,NA,NA,"fixed_input",NA,NA,NA,"custom RTMB","base coefficients",NA,NA
"sel_devs_bts[242]",0,NA,NA,"fixed_input",NA,NA,NA,"custom RTMB","base coefficients",NA,NA
"sel_devs_bts[243]",0,NA,NA,"fixed_input",NA,NA,NA,"custom RTMB","base coefficients",NA,NA
"sel_devs_bts[244]",0,NA,NA,"fixed_input",NA,NA,NA,"custom RTMB","base coefficients",NA,NA
"sel_devs_bts[245]",0,NA,NA,"fixed_input",NA,NA,NA,"custom RTMB","base coefficients",NA,NA
"sel_devs_bts[246]",0,NA,NA,"fixed_input",NA,NA,NA,"custom RTMB","base coefficients",NA,NA
"sel_devs_bts[247]",0,NA,NA,"fixed_input",NA,NA,NA,"custom RTMB","base coefficients",NA,NA
"sel_devs_bts[248]",0,NA,NA,"fixed_input",NA,NA,NA,"custom RTMB","base coefficients",NA,NA
"sel_devs_bts[249]",0,NA,NA,"fixed_input",NA,NA,NA,"custom RTMB","base coefficients",NA,NA
"sel_devs_bts[250]",0,NA,NA,"fixed_input",NA,NA,NA,"custom RTMB","base coefficients",NA,NA
"sel_devs_bts[251]",0,NA,NA,"fixed_input",NA,NA,NA,"custom RTMB","base coefficients",NA,NA
"sel_devs_bts[252]",0,NA,NA,"fixed_input",NA,NA,NA,"custom RTMB","base coefficients",NA,NA
"sel_devs_bts[253]",0,NA,NA,"fixed_input",NA,NA,NA,"custom RTMB","base coefficients",NA,NA
"sel_devs_bts[254]",0,NA,NA,"fixed_input",NA,NA,NA,"custom RTMB","base coefficients",NA,NA
"sel_devs_bts[255]",0,NA,NA,"fixed_input",NA,NA,NA,"custom RTMB","base coefficients",NA,NA
"sel_devs_bts[256]",0,NA,NA,"fixed_input",NA,NA,NA,"custom RTMB","base coefficients",NA,NA
"sel_devs_bts[257]",0,NA,NA,"fixed_input",NA,NA,NA,"custom RTMB","base coefficients",NA,NA
"sel_devs_bts[258]",0,NA,NA,"fixed_input",NA,NA,NA,"custom RTMB","base coefficients",NA,NA
"sel_devs_bts[259]",0,NA,NA,"fixed_input",NA,NA,NA,"custom RTMB","base coefficients",NA,NA
"sel_devs_bts[260]",0,NA,NA,"fixed_input",NA,NA,NA,"custom RTMB","base coefficients",NA,NA
"sel_devs_bts[261]",0,NA,NA,"fixed_input",NA,NA,NA,"custom RTMB","base coefficients",NA,NA
"sel_devs_bts[262]",0,NA,NA,"fixed_input",NA,NA,NA,"custom RTMB","base coefficients",NA,NA
"sel_devs_bts[263]",0,NA,NA,"fixed_input",NA,NA,NA,"custom RTMB","base coefficients",NA,NA
"sel_devs_bts[264]",0,NA,NA,"fixed_input",NA,NA,NA,"custom RTMB","base coefficients",NA,NA
"sel_devs_bts[265]",0,NA,NA,"fixed_input",NA,NA,NA,"custom RTMB","base coefficients",NA,NA
"sel_devs_bts[266]",0,NA,NA,"fixed_input",NA,NA,NA,"custom RTMB","base coefficients",NA,NA
"sel_devs_bts[267]",0,NA,NA,"fixed_input",NA,NA,NA,"custom RTMB","base coefficients",NA,NA
"sel_devs_bts[268]",0,NA,NA,"fixed_input",NA,NA,NA,"custom RTMB","base coefficients",NA,NA
"sel_devs_bts[269]",0,NA,NA,"fixed_input",NA,NA,NA,"custom RTMB","base coefficients",NA,NA
"sel_devs_bts[270]",0,NA,NA,"fixed_input",NA,NA,NA,"custom RTMB","base coefficients",NA,NA
"sel_devs_bts[271]",0,NA,NA,"fixed_input",NA,NA,NA,"custom RTMB","base coefficients",NA,NA
"sel_devs_bts[272]",0,NA,NA,"fixed_input",NA,NA,NA,"custom RTMB","base coefficients",NA,NA
"sel_devs_bts[273]",0,NA,NA,"fixed_input",NA,NA,NA,"custom RTMB","base coefficients",NA,NA
"sel_devs_bts[274]",0,NA,NA,"fixed_input",NA,NA,NA,"custom RTMB","base coefficients",NA,NA
"sel_devs_bts[275]",0,NA,NA,"fixed_input",NA,NA,NA,"custom RTMB","base coefficients",NA,NA
"sel_devs_bts[276]",0,NA,NA,"fixed_input",NA,NA,NA,"custom RTMB","base coefficients",NA,NA
"sel_devs_bts[277]",0,NA,NA,"fixed_input",NA,NA,NA,"custom RTMB","base coefficients",NA,NA
"sel_devs_bts[278]",0,NA,NA,"fixed_input",NA,NA,NA,"custom RTMB","base coefficients",NA,NA
"sel_devs_bts[279]",0,NA,NA,"fixed_input",NA,NA,NA,"custom RTMB","base coefficients",NA,NA
"sel_devs_bts[280]",0,NA,NA,"fixed_input",NA,NA,NA,"custom RTMB","base coefficients",NA,NA
"sel_devs_bts[281]",0,NA,NA,"fixed_input",NA,NA,NA,"custom RTMB","base coefficients",NA,NA
"sel_devs_bts[282]",0,NA,NA,"fixed_input",NA,NA,NA,"custom RTMB","base coefficients",NA,NA
"sel_devs_bts[283]",0,NA,NA,"fixed_input",NA,NA,NA,"custom RTMB","base coefficients",NA,NA
"sel_devs_bts[284]",0,NA,NA,"fixed_input",NA,NA,NA,"custom RTMB","base coefficients",NA,NA
"sel_devs_bts[285]",0,NA,NA,"fixed_input",NA,NA,NA,"custom RTMB","base coefficients",NA,NA
"sel_devs_bts[286]",0,NA,NA,"fixed_input",NA,NA,NA,"custom RTMB","base coefficients",NA,NA
"sel_devs_bts[287]",0,NA,NA,"fixed_input",NA,NA,NA,"custom RTMB","base coefficients",NA,NA
"sel_devs_bts[288]",0,NA,NA,"fixed_input",NA,NA,NA,"custom RTMB","base coefficients",NA,NA
"sel_devs_bts[289]",0,NA,NA,"fixed_input",NA,NA,NA,"custom RTMB","base coefficients",NA,NA
"sel_devs_bts[290]",0,NA,NA,"fixed_input",NA,NA,NA,"custom RTMB","base coefficients",NA,NA
"sel_devs_bts[291]",0,NA,NA,"fixed_input",NA,NA,NA,"custom RTMB","base coefficients",NA,NA
"sel_devs_bts[292]",0,NA,NA,"fixed_input",NA,NA,NA,"custom RTMB","base coefficients",NA,NA
"sel_devs_bts[293]",0,NA,NA,"fixed_input",NA,NA,NA,"custom RTMB","base coefficients",NA,NA
"sel_devs_bts[294]",0,NA,NA,"fixed_input",NA,NA,NA,"custom RTMB","base coefficients",NA,NA
"sel_devs_bts[295]",0,NA,NA,"fixed_input",NA,NA,NA,"custom RTMB","base coefficients",NA,NA
"sel_devs_bts[296]",0,NA,NA,"fixed_input",NA,NA,NA,"custom RTMB","base coefficients",NA,NA
"sel_devs_bts[297]",0,NA,NA,"fixed_input",NA,NA,NA,"custom RTMB","base coefficients",NA,NA
"sel_devs_bts[298]",0,NA,NA,"fixed_input",NA,NA,NA,"custom RTMB","base coefficients",NA,NA
"sel_devs_bts[299]",0,NA,NA,"fixed_input",NA,NA,NA,"custom RTMB","base coefficients",NA,NA
"sel_devs_bts[300]",0,NA,NA,"fixed_input",NA,NA,NA,"custom RTMB","base coefficients",NA,NA
"sel_devs_bts[301]",0,NA,NA,"fixed_input",NA,NA,NA,"custom RTMB","base coefficients",NA,NA
"sel_devs_bts[302]",0,NA,NA,"fixed_input",NA,NA,NA,"custom RTMB","base coefficients",NA,NA
"sel_devs_bts[303]",0,NA,NA,"fixed_input",NA,NA,NA,"custom RTMB","base coefficients",NA,NA
"sel_devs_bts[304]",0,NA,NA,"fixed_input",NA,NA,NA,"custom RTMB","base coefficients",NA,NA
"sel_devs_bts[305]",0,NA,NA,"fixed_input",NA,NA,NA,"custom RTMB","base coefficients",NA,NA
"sel_devs_bts[306]",0,NA,NA,"fixed_input",NA,NA,NA,"custom RTMB","base coefficients",NA,NA
"sel_devs_bts[307]",0,NA,NA,"fixed_input",NA,NA,NA,"custom RTMB","base coefficients",NA,NA
"sel_devs_bts[308]",0,NA,NA,"fixed_input",NA,NA,NA,"custom RTMB","base coefficients",NA,NA
"sel_devs_bts[309]",0,NA,NA,"fixed_input",NA,NA,NA,"custom RTMB","base coefficients",NA,NA
"sel_devs_bts[310]",0,NA,NA,"fixed_input",NA,NA,NA,"custom RTMB","base coefficients",NA,NA
"sel_devs_bts[311]",0,NA,NA,"fixed_input",NA,NA,NA,"custom RTMB","base coefficients",NA,NA
"sel_devs_bts[312]",0,NA,NA,"fixed_input",NA,NA,NA,"custom RTMB","base coefficients",NA,NA
"sel_devs_bts[313]",0,NA,NA,"fixed_input",NA,NA,NA,"custom RTMB","base coefficients",NA,NA
"sel_devs_bts[314]",0,NA,NA,"fixed_input",NA,NA,NA,"custom RTMB","base coefficients",NA,NA
"sel_devs_bts[315]",0,NA,NA,"fixed_input",NA,NA,NA,"custom RTMB","base coefficients",NA,NA
"sel_devs_bts[316]",0,NA,NA,"fixed_input",NA,NA,NA,"custom RTMB","base coefficients",NA,NA
"sel_devs_bts[317]",0,NA,NA,"fixed_input",NA,NA,NA,"custom RTMB","base coefficients",NA,NA
"sel_devs_bts[318]",0,NA,NA,"fixed_input",NA,NA,NA,"custom RTMB","base coefficients",NA,NA
"sel_devs_bts[319]",0,NA,NA,"fixed_input",NA,NA,NA,"custom RTMB","base coefficients",NA,NA
"sel_devs_bts[320]",0,NA,NA,"fixed_input",NA,NA,NA,"custom RTMB","base coefficients",NA,NA
"sel_devs_bts[321]",0,NA,NA,"fixed_input",NA,NA,NA,"custom RTMB","base coefficients",NA,NA
"sel_devs_bts[322]",0,NA,NA,"fixed_input",NA,NA,NA,"custom RTMB","base coefficients",NA,NA
"sel_devs_bts[323]",0,NA,NA,"fixed_input",NA,NA,NA,"custom RTMB","base coefficients",NA,NA
"sel_devs_bts[324]",0,NA,NA,"fixed_input",NA,NA,NA,"custom RTMB","base coefficients",NA,NA
"sel_devs_bts[325]",0,NA,NA,"fixed_input",NA,NA,NA,"custom RTMB","base coefficients",NA,NA
"sel_devs_bts[326]",0,NA,NA,"fixed_input",NA,NA,NA,"custom RTMB","base coefficients",NA,NA
"sel_devs_bts[327]",0,NA,NA,"fixed_input",NA,NA,NA,"custom RTMB","base coefficients",NA,NA
"sel_devs_bts[328]",0,NA,NA,"fixed_input",NA,NA,NA,"custom RTMB","base coefficients",NA,NA
"sel_devs_bts[329]",0,NA,NA,"fixed_input",NA,NA,NA,"custom RTMB","base coefficients",NA,NA
"sel_devs_bts[330]",0,NA,NA,"fixed_input",NA,NA,NA,"custom RTMB","base coefficients",NA,NA
"sel_devs_bts[331]",0,NA,NA,"fixed_input",NA,NA,NA,"custom RTMB","base coefficients",NA,NA
"sel_devs_bts[332]",0,NA,NA,"fixed_input",NA,NA,NA,"custom RTMB","base coefficients",NA,NA
"sel_devs_bts[333]",0,NA,NA,"fixed_input",NA,NA,NA,"custom RTMB","base coefficients",NA,NA
"sel_devs_bts[334]",0,NA,NA,"fixed_input",NA,NA,NA,"custom RTMB","base coefficients",NA,NA
"sel_devs_bts[335]",0,NA,NA,"fixed_input",NA,NA,NA,"custom RTMB","base coefficients",NA,NA
"sel_devs_bts[336]",0,NA,NA,"fixed_input",NA,NA,NA,"custom RTMB","base coefficients",NA,NA
"sel_devs_ats[1]",0.321861552711507,NA,NA,"fixed_input",NA,NA,NA,"custom RTMB","base coefficients",NA,NA
"sel_devs_ats[2]",0.370517410287168,NA,NA,"fixed_input",NA,NA,NA,"custom RTMB","base coefficients",NA,NA
"sel_devs_ats[3]",0.448608806468143,NA,NA,"fixed_input",NA,NA,NA,"custom RTMB","base coefficients",NA,NA
"sel_devs_ats[4]",0.423072460234966,NA,NA,"fixed_input",NA,NA,NA,"custom RTMB","base coefficients",NA,NA
"sel_devs_ats[5]",0.4629249149023,NA,NA,"fixed_input",NA,NA,NA,"custom RTMB","base coefficients",NA,NA
"sel_devs_ats[6]",0.504841677641121,NA,NA,"fixed_input",NA,NA,NA,"custom RTMB","base coefficients",NA,NA
"sel_devs_ats[7]",0.578430193237742,NA,NA,"fixed_input",NA,NA,NA,"custom RTMB","base coefficients",NA,NA
"sel_devs_ats[8]",0.592490161322687,NA,NA,"fixed_input",NA,NA,NA,"custom RTMB","base coefficients",NA,NA
"sel_devs_ats[9]",0.554849143964067,NA,NA,"fixed_input",NA,NA,NA,"custom RTMB","base coefficients",NA,NA
"sel_devs_ats[10]",0.560461983351154,NA,NA,"fixed_input",NA,NA,NA,"custom RTMB","base coefficients",NA,NA
"sel_devs_ats[11]",0.666146625223467,NA,NA,"fixed_input",NA,NA,NA,"custom RTMB","base coefficients",NA,NA
"sel_devs_ats[12]",0.654312536931408,NA,NA,"fixed_input",NA,NA,NA,"custom RTMB","base coefficients",NA,NA
"sel_devs_ats[13]",0.667391777672799,NA,NA,"fixed_input",NA,NA,NA,"custom RTMB","base coefficients",NA,NA
"sel_devs_ats[14]",0.682534164108469,NA,NA,"fixed_input",NA,NA,NA,"custom RTMB","base coefficients",NA,NA
"sel_devs_ats[15]",0.643138552719293,NA,NA,"fixed_input",NA,NA,NA,"custom RTMB","base coefficients",NA,NA
"sel_devs_ats[16]",0.653277924862733,NA,NA,"fixed_input",NA,NA,NA,"custom RTMB","base coefficients",NA,NA
"sel_devs_ats[17]",0.631735514138046,NA,NA,"fixed_input",NA,NA,NA,"custom RTMB","base coefficients",NA,NA
"sel_devs_ats[18]",0.638041881615615,NA,NA,"fixed_input",NA,NA,NA,"custom RTMB","base coefficients",NA,NA
"sel_devs_ats[19]",0.611157510499288,NA,NA,"fixed_input",NA,NA,NA,"custom RTMB","base coefficients",NA,NA
"sel_devs_ats[20]",0.643140379399574,NA,NA,"fixed_input",NA,NA,NA,"custom RTMB","base coefficients",NA,NA
"sel_devs_ats[21]",0.541092459457661,NA,NA,"fixed_input",NA,NA,NA,"custom RTMB","base coefficients",NA,NA
"sel_devs_ats[22]",0.557715043502689,NA,NA,"fixed_input",NA,NA,NA,"custom RTMB","base coefficients",NA,NA
"sel_devs_ats[23]",0.684205058540991,NA,NA,"fixed_input",NA,NA,NA,"custom RTMB","base coefficients",NA,NA
"sel_devs_ats[24]",0.704010273992196,NA,NA,"fixed_input",NA,NA,NA,"custom RTMB","base coefficients",NA,NA
"sel_devs_ats[25]",0.730198452009276,NA,NA,"fixed_input",NA,NA,NA,"custom RTMB","base coefficients",NA,NA
"sel_devs_ats[26]",0.754506358262145,NA,NA,"fixed_input",NA,NA,NA,"custom RTMB","base coefficients",NA,NA
"sel_devs_ats[27]",0.780397646568358,NA,NA,"fixed_input",NA,NA,NA,"custom RTMB","base coefficients",NA,NA
"sel_devs_ats[28]",0.790895697004675,NA,NA,"fixed_input",NA,NA,NA,"custom RTMB","base coefficients",NA,NA
"sel_devs_ats[29]",0.852271143526046,NA,NA,"fixed_input",NA,NA,NA,"custom RTMB","base coefficients",NA,NA
"sel_devs_ats[30]",0.846547947522154,NA,NA,"fixed_input",NA,NA,NA,"custom RTMB","base coefficients",NA,NA
"sel_devs_ats[31]",0.343021011516915,NA,NA,"fixed_input",NA,NA,NA,"custom RTMB","base coefficients",NA,NA
"sel_devs_ats[32]",0.378837272458751,NA,NA,"fixed_input",NA,NA,NA,"custom RTMB","base coefficients",NA,NA
"sel_devs_ats[33]",0.447297421015705,NA,NA,"fixed_input",NA,NA,NA,"custom RTMB","base coefficients",NA,NA
"sel_devs_ats[34]",0.517117308088326,NA,NA,"fixed_input",NA,NA,NA,"custom RTMB","base coefficients",NA,NA
"sel_devs_ats[35]",0.557910920647696,NA,NA,"fixed_input",NA,NA,NA,"custom RTMB","base coefficients",NA,NA
"sel_devs_ats[36]",0.532986129678377,NA,NA,"fixed_input",NA,NA,NA,"custom RTMB","base coefficients",NA,NA
"sel_devs_ats[37]",0.578282263866928,NA,NA,"fixed_input",NA,NA,NA,"custom RTMB","base coefficients",NA,NA
"sel_devs_ats[38]",0.608009440532234,NA,NA,"fixed_input",NA,NA,NA,"custom RTMB","base coefficients",NA,NA
"sel_devs_ats[39]",0.557405956347098,NA,NA,"fixed_input",NA,NA,NA,"custom RTMB","base coefficients",NA,NA
"sel_devs_ats[40]",0.575148932873201,NA,NA,"fixed_input",NA,NA,NA,"custom RTMB","base coefficients",NA,NA
"sel_devs_ats[41]",0.632372410058975,NA,NA,"fixed_input",NA,NA,NA,"custom RTMB","base coefficients",NA,NA
"sel_devs_ats[42]",0.628362413231764,NA,NA,"fixed_input",NA,NA,NA,"custom RTMB","base coefficients",NA,NA
"sel_devs_ats[43]",0.647890393714689,NA,NA,"fixed_input",NA,NA,NA,"custom RTMB","base coefficients",NA,NA
"sel_devs_ats[44]",0.65033047623009,NA,NA,"fixed_input",NA,NA,NA,"custom RTMB","base coefficients",NA,NA
"sel_devs_ats[45]",0.637386680204212,NA,NA,"fixed_input",NA,NA,NA,"custom RTMB","base coefficients",NA,NA
"sel_devs_ats[46]",0.609763061201388,NA,NA,"fixed_input",NA,NA,NA,"custom RTMB","base coefficients",NA,NA
"sel_devs_ats[47]",0.608784367589182,NA,NA,"fixed_input",NA,NA,NA,"custom RTMB","base coefficients",NA,NA
"sel_devs_ats[48]",0.601732641004831,NA,NA,"fixed_input",NA,NA,NA,"custom RTMB","base coefficients",NA,NA
"sel_devs_ats[49]",0.620524667397345,NA,NA,"fixed_input",NA,NA,NA,"custom RTMB","base coefficients",NA,NA
"sel_devs_ats[50]",0.622957464532855,NA,NA,"fixed_input",NA,NA,NA,"custom RTMB","base coefficients",NA,NA
"sel_devs_ats[51]",0.68395826178906,NA,NA,"fixed_input",NA,NA,NA,"custom RTMB","base coefficients",NA,NA
"sel_devs_ats[52]",0.661280577827983,NA,NA,"fixed_input",NA,NA,NA,"custom RTMB","base coefficients",NA,NA
"sel_devs_ats[53]",0.646608985092846,NA,NA,"fixed_input",NA,NA,NA,"custom RTMB","base coefficients",NA,NA
"sel_devs_ats[54]",0.680706403427844,NA,NA,"fixed_input",NA,NA,NA,"custom RTMB","base coefficients",NA,NA
"sel_devs_ats[55]",0.753905216083578,NA,NA,"fixed_input",NA,NA,NA,"custom RTMB","base coefficients",NA,NA
"sel_devs_ats[56]",0.785781128920225,NA,NA,"fixed_input",NA,NA,NA,"custom RTMB","base coefficients",NA,NA
"sel_devs_ats[57]",0.806115182106265,NA,NA,"fixed_input",NA,NA,NA,"custom RTMB","base coefficients",NA,NA
"sel_devs_ats[58]",0.807687699106124,NA,NA,"fixed_input",NA,NA,NA,"custom RTMB","base coefficients",NA,NA
"sel_devs_ats[59]",0.842075821657907,NA,NA,"fixed_input",NA,NA,NA,"custom RTMB","base coefficients",NA,NA
"sel_devs_ats[60]",0.842820992598475,NA,NA,"fixed_input",NA,NA,NA,"custom RTMB","base coefficients",NA,NA
"sel_devs_ats[61]",0.313413965586166,NA,NA,"fixed_input",NA,NA,NA,"custom RTMB","base coefficients",NA,NA
"sel_devs_ats[62]",0.369723852310407,NA,NA,"fixed_input",NA,NA,NA,"custom RTMB","base coefficients",NA,NA
"sel_devs_ats[63]",0.412999669130315,NA,NA,"fixed_input",NA,NA,NA,"custom RTMB","base coefficients",NA,NA
"sel_devs_ats[64]",0.503805289893824,NA,NA,"fixed_input",NA,NA,NA,"custom RTMB","base coefficients",NA,NA
"sel_devs_ats[65]",0.54844383960606,NA,NA,"fixed_input",NA,NA,NA,"custom RTMB","base coefficients",NA,NA
"sel_devs_ats[66]",0.591674228217154,NA,NA,"fixed_input",NA,NA,NA,"custom RTMB","base coefficients",NA,NA
"sel_devs_ats[67]",0.564551577752913,NA,NA,"fixed_input",NA,NA,NA,"custom RTMB","base coefficients",NA,NA
"sel_devs_ats[68]",0.597515220421876,NA,NA,"fixed_input",NA,NA,NA,"custom RTMB","base coefficients",NA,NA
"sel_devs_ats[69]",0.635191905067261,NA,NA,"fixed_input",NA,NA,NA,"custom RTMB","base coefficients",NA,NA
"sel_devs_ats[70]",0.663058046231676,NA,NA,"fixed_input",NA,NA,NA,"custom RTMB","base coefficients",NA,NA
"sel_devs_ats[71]",0.571546471748045,NA,NA,"fixed_input",NA,NA,NA,"custom RTMB","base coefficients",NA,NA
"sel_devs_ats[72]",0.580813335018461,NA,NA,"fixed_input",NA,NA,NA,"custom RTMB","base coefficients",NA,NA
"sel_devs_ats[73]",0.612917765694215,NA,NA,"fixed_input",NA,NA,NA,"custom RTMB","base coefficients",NA,NA
"sel_devs_ats[74]",0.597646249425555,NA,NA,"fixed_input",NA,NA,NA,"custom RTMB","base coefficients",NA,NA
"sel_devs_ats[75]",0.605039346154018,NA,NA,"fixed_input",NA,NA,NA,"custom RTMB","base coefficients",NA,NA
"sel_devs_ats[76]",0.62817133933908,NA,NA,"fixed_input",NA,NA,NA,"custom RTMB","base coefficients",NA,NA
"sel_devs_ats[77]",0.579742837131007,NA,NA,"fixed_input",NA,NA,NA,"custom RTMB","base coefficients",NA,NA
"sel_devs_ats[78]",0.571951986730858,NA,NA,"fixed_input",NA,NA,NA,"custom RTMB","base coefficients",NA,NA
"sel_devs_ats[79]",0.651281430192523,NA,NA,"fixed_input",NA,NA,NA,"custom RTMB","base coefficients",NA,NA
"sel_devs_ats[80]",0.66431285899605,NA,NA,"fixed_input",NA,NA,NA,"custom RTMB","base coefficients",NA,NA
"sel_devs_ats[81]",0.712191003457127,NA,NA,"fixed_input",NA,NA,NA,"custom RTMB","base coefficients",NA,NA
"sel_devs_ats[82]",0.741888741966444,NA,NA,"fixed_input",NA,NA,NA,"custom RTMB","base coefficients",NA,NA
"sel_devs_ats[83]",0.601710346458612,NA,NA,"fixed_input",NA,NA,NA,"custom RTMB","base coefficients",NA,NA
"sel_devs_ats[84]",0.662768677488259,NA,NA,"fixed_input",NA,NA,NA,"custom RTMB","base coefficients",NA,NA
"sel_devs_ats[85]",0.804886080439268,NA,NA,"fixed_input",NA,NA,NA,"custom RTMB","base coefficients",NA,NA
"sel_devs_ats[86]",0.835461616781213,NA,NA,"fixed_input",NA,NA,NA,"custom RTMB","base coefficients",NA,NA
"sel_devs_ats[87]",0.86401646072345,NA,NA,"fixed_input",NA,NA,NA,"custom RTMB","base coefficients",NA,NA
"sel_devs_ats[88]",0.897042885111208,NA,NA,"fixed_input",NA,NA,NA,"custom RTMB","base coefficients",NA,NA
"sel_devs_ats[89]",0.76544911601846,NA,NA,"fixed_input",NA,NA,NA,"custom RTMB","base coefficients",NA,NA
"sel_devs_ats[90]",0.785092876290199,NA,NA,"fixed_input",NA,NA,NA,"custom RTMB","base coefficients",NA,NA
"sel_devs_ats[91]",0.303939558817721,NA,NA,"fixed_input",NA,NA,NA,"custom RTMB","base coefficients",NA,NA
"sel_devs_ats[92]",0.358065007556381,NA,NA,"fixed_input",NA,NA,NA,"custom RTMB","base coefficients",NA,NA
"sel_devs_ats[93]",0.424333944600203,NA,NA,"fixed_input",NA,NA,NA,"custom RTMB","base coefficients",NA,NA
"sel_devs_ats[94]",0.463300887227737,NA,NA,"fixed_input",NA,NA,NA,"custom RTMB","base coefficients",NA,NA
"sel_devs_ats[95]",0.509258674572226,NA,NA,"fixed_input",NA,NA,NA,"custom RTMB","base coefficients",NA,NA
"sel_devs_ats[96]",0.551459241154227,NA,NA,"fixed_input",NA,NA,NA,"custom RTMB","base coefficients",NA,NA
"sel_devs_ats[97]",0.592309763614508,NA,NA,"fixed_input",NA,NA,NA,"custom RTMB","base coefficients",NA,NA
"sel_devs_ats[98]",0.61226082097239,NA,NA,"fixed_input",NA,NA,NA,"custom RTMB","base coefficients",NA,NA
"sel_devs_ats[99]",0.651094419875753,NA,NA,"fixed_input",NA,NA,NA,"custom RTMB","base coefficients",NA,NA
"sel_devs_ats[100]",0.664821025009744,NA,NA,"fixed_input",NA,NA,NA,"custom RTMB","base coefficients",NA,NA
"sel_devs_ats[101]",0.605921693475962,NA,NA,"fixed_input",NA,NA,NA,"custom RTMB","base coefficients",NA,NA
"sel_devs_ats[102]",0.602111533847015,NA,NA,"fixed_input",NA,NA,NA,"custom RTMB","base coefficients",NA,NA
"sel_devs_ats[103]",0.6288306160829,NA,NA,"fixed_input",NA,NA,NA,"custom RTMB","base coefficients",NA,NA
"sel_devs_ats[104]",0.59281462306896,NA,NA,"fixed_input",NA,NA,NA,"custom RTMB","base coefficients",NA,NA
"sel_devs_ats[105]",0.605460980050404,NA,NA,"fixed_input",NA,NA,NA,"custom RTMB","base coefficients",NA,NA
"sel_devs_ats[106]",0.599521959634874,NA,NA,"fixed_input",NA,NA,NA,"custom RTMB","base coefficients",NA,NA
"sel_devs_ats[107]",0.589901365136734,NA,NA,"fixed_input",NA,NA,NA,"custom RTMB","base coefficients",NA,NA
"sel_devs_ats[108]",0.582795800985181,NA,NA,"fixed_input",NA,NA,NA,"custom RTMB","base coefficients",NA,NA
"sel_devs_ats[109]",0.634861987464587,NA,NA,"fixed_input",NA,NA,NA,"custom RTMB","base coefficients",NA,NA
"sel_devs_ats[110]",0.644998496867016,NA,NA,"fixed_input",NA,NA,NA,"custom RTMB","base coefficients",NA,NA
"sel_devs_ats[111]",0.683458167438714,NA,NA,"fixed_input",NA,NA,NA,"custom RTMB","base coefficients",NA,NA
"sel_devs_ats[112]",0.689996836104309,NA,NA,"fixed_input",NA,NA,NA,"custom RTMB","base coefficients",NA,NA
"sel_devs_ats[113]",0.694859240120541,NA,NA,"fixed_input",NA,NA,NA,"custom RTMB","base coefficients",NA,NA
"sel_devs_ats[114]",0.734952889411355,NA,NA,"fixed_input",NA,NA,NA,"custom RTMB","base coefficients",NA,NA
"sel_devs_ats[115]",0.789019306254859,NA,NA,"fixed_input",NA,NA,NA,"custom RTMB","base coefficients",NA,NA
"sel_devs_ats[116]",0.811502672566843,NA,NA,"fixed_input",NA,NA,NA,"custom RTMB","base coefficients",NA,NA
"sel_devs_ats[117]",0.833640781171996,NA,NA,"fixed_input",NA,NA,NA,"custom RTMB","base coefficients",NA,NA
"sel_devs_ats[118]",0.846044898910356,NA,NA,"fixed_input",NA,NA,NA,"custom RTMB","base coefficients",NA,NA
"sel_devs_ats[119]",0.848661734095665,NA,NA,"fixed_input",NA,NA,NA,"custom RTMB","base coefficients",NA,NA
"sel_devs_ats[120]",0.845756545142231,NA,NA,"fixed_input",NA,NA,NA,"custom RTMB","base coefficients",NA,NA
"sel_devs_ats[121]",0.322486218203862,NA,NA,"fixed_input",NA,NA,NA,"custom RTMB","base coefficients",NA,NA
"sel_devs_ats[122]",0.36302636124949,NA,NA,"fixed_input",NA,NA,NA,"custom RTMB","base coefficients",NA,NA
"sel_devs_ats[123]",0.412905890262398,NA,NA,"fixed_input",NA,NA,NA,"custom RTMB","base coefficients",NA,NA
"sel_devs_ats[124]",0.471028039799597,NA,NA,"fixed_input",NA,NA,NA,"custom RTMB","base coefficients",NA,NA
"sel_devs_ats[125]",0.503624486761293,NA,NA,"fixed_input",NA,NA,NA,"custom RTMB","base coefficients",NA,NA
"sel_devs_ats[126]",0.557405474974157,NA,NA,"fixed_input",NA,NA,NA,"custom RTMB","base coefficients",NA,NA
"sel_devs_ats[127]",0.595194135330325,NA,NA,"fixed_input",NA,NA,NA,"custom RTMB","base coefficients",NA,NA
"sel_devs_ats[128]",0.616791182829068,NA,NA,"fixed_input",NA,NA,NA,"custom RTMB","base coefficients",NA,NA
"sel_devs_ats[129]",0.633593042376025,NA,NA,"fixed_input",NA,NA,NA,"custom RTMB","base coefficients",NA,NA
"sel_devs_ats[130]",0.647224528576683,NA,NA,"fixed_input",NA,NA,NA,"custom RTMB","base coefficients",NA,NA
"sel_devs_ats[131]",0.636028451689709,NA,NA,"fixed_input",NA,NA,NA,"custom RTMB","base coefficients",NA,NA
"sel_devs_ats[132]",0.631236403709546,NA,NA,"fixed_input",NA,NA,NA,"custom RTMB","base coefficients",NA,NA
"sel_devs_ats[133]",0.638031365586577,NA,NA,"fixed_input",NA,NA,NA,"custom RTMB","base coefficients",NA,NA
"sel_devs_ats[134]",0.603321291831632,NA,NA,"fixed_input",NA,NA,NA,"custom RTMB","base coefficients",NA,NA
"sel_devs_ats[135]",0.616033703006067,NA,NA,"fixed_input",NA,NA,NA,"custom RTMB","base coefficients",NA,NA
"sel_devs_ats[136]",0.604746366889778,NA,NA,"fixed_input",NA,NA,NA,"custom RTMB","base coefficients",NA,NA
"sel_devs_ats[137]",0.599122742179802,NA,NA,"fixed_input",NA,NA,NA,"custom RTMB","base coefficients",NA,NA
"sel_devs_ats[138]",0.594479673716698,NA,NA,"fixed_input",NA,NA,NA,"custom RTMB","base coefficients",NA,NA
"sel_devs_ats[139]",0.629460087989823,NA,NA,"fixed_input",NA,NA,NA,"custom RTMB","base coefficients",NA,NA
"sel_devs_ats[140]",0.643844478985298,NA,NA,"fixed_input",NA,NA,NA,"custom RTMB","base coefficients",NA,NA
"sel_devs_ats[141]",0.65679891753622,NA,NA,"fixed_input",NA,NA,NA,"custom RTMB","base coefficients",NA,NA
"sel_devs_ats[142]",0.667692097212051,NA,NA,"fixed_input",NA,NA,NA,"custom RTMB","base coefficients",NA,NA
"sel_devs_ats[143]",0.711771111865861,NA,NA,"fixed_input",NA,NA,NA,"custom RTMB","base coefficients",NA,NA
"sel_devs_ats[144]",0.740232565055383,NA,NA,"fixed_input",NA,NA,NA,"custom RTMB","base coefficients",NA,NA
"sel_devs_ats[145]",0.77777383105699,NA,NA,"fixed_input",NA,NA,NA,"custom RTMB","base coefficients",NA,NA
"sel_devs_ats[146]",0.79629757927497,NA,NA,"fixed_input",NA,NA,NA,"custom RTMB","base coefficients",NA,NA
"sel_devs_ats[147]",0.823450472061696,NA,NA,"fixed_input",NA,NA,NA,"custom RTMB","base coefficients",NA,NA
"sel_devs_ats[148]",0.844996064188424,NA,NA,"fixed_input",NA,NA,NA,"custom RTMB","base coefficients",NA,NA
"sel_devs_ats[149]",0.873536575425656,NA,NA,"fixed_input",NA,NA,NA,"custom RTMB","base coefficients",NA,NA
"sel_devs_ats[150]",0.882714938490948,NA,NA,"fixed_input",NA,NA,NA,"custom RTMB","base coefficients",NA,NA
"sel_devs_ats[151]",0.326917929146058,NA,NA,"fixed_input",NA,NA,NA,"custom RTMB","base coefficients",NA,NA
"sel_devs_ats[152]",0.369686527459472,NA,NA,"fixed_input",NA,NA,NA,"custom RTMB","base coefficients",NA,NA
"sel_devs_ats[153]",0.417069926803909,NA,NA,"fixed_input",NA,NA,NA,"custom RTMB","base coefficients",NA,NA
"sel_devs_ats[154]",0.475681112709524,NA,NA,"fixed_input",NA,NA,NA,"custom RTMB","base coefficients",NA,NA
"sel_devs_ats[155]",0.519710570493385,NA,NA,"fixed_input",NA,NA,NA,"custom RTMB","base coefficients",NA,NA
"sel_devs_ats[156]",0.528556321794886,NA,NA,"fixed_input",NA,NA,NA,"custom RTMB","base coefficients",NA,NA
"sel_devs_ats[157]",0.575464337256016,NA,NA,"fixed_input",NA,NA,NA,"custom RTMB","base coefficients",NA,NA
"sel_devs_ats[158]",0.60298787114853,NA,NA,"fixed_input",NA,NA,NA,"custom RTMB","base coefficients",NA,NA
"sel_devs_ats[159]",0.621018709897907,NA,NA,"fixed_input",NA,NA,NA,"custom RTMB","base coefficients",NA,NA
"sel_devs_ats[160]",0.639656050003265,NA,NA,"fixed_input",NA,NA,NA,"custom RTMB","base coefficients",NA,NA
"sel_devs_ats[161]",0.644923853881871,NA,NA,"fixed_input",NA,NA,NA,"custom RTMB","base coefficients",NA,NA
"sel_devs_ats[162]",0.644384033690774,NA,NA,"fixed_input",NA,NA,NA,"custom RTMB","base coefficients",NA,NA
"sel_devs_ats[163]",0.628152108838336,NA,NA,"fixed_input",NA,NA,NA,"custom RTMB","base coefficients",NA,NA
"sel_devs_ats[164]",0.618320969287678,NA,NA,"fixed_input",NA,NA,NA,"custom RTMB","base coefficients",NA,NA
"sel_devs_ats[165]",0.626015313086043,NA,NA,"fixed_input",NA,NA,NA,"custom RTMB","base coefficients",NA,NA
"sel_devs_ats[166]",0.612986331981884,NA,NA,"fixed_input",NA,NA,NA,"custom RTMB","base coefficients",NA,NA
"sel_devs_ats[167]",0.606325228215224,NA,NA,"fixed_input",NA,NA,NA,"custom RTMB","base coefficients",NA,NA
"sel_devs_ats[168]",0.602840552995722,NA,NA,"fixed_input",NA,NA,NA,"custom RTMB","base coefficients",NA,NA
"sel_devs_ats[169]",0.613410331715875,NA,NA,"fixed_input",NA,NA,NA,"custom RTMB","base coefficients",NA,NA
"sel_devs_ats[170]",0.635544541420407,NA,NA,"fixed_input",NA,NA,NA,"custom RTMB","base coefficients",NA,NA
"sel_devs_ats[171]",0.652000612996771,NA,NA,"fixed_input",NA,NA,NA,"custom RTMB","base coefficients",NA,NA
"sel_devs_ats[172]",0.656521810953441,NA,NA,"fixed_input",NA,NA,NA,"custom RTMB","base coefficients",NA,NA
"sel_devs_ats[173]",0.704356995343516,NA,NA,"fixed_input",NA,NA,NA,"custom RTMB","base coefficients",NA,NA
"sel_devs_ats[174]",0.737400720989766,NA,NA,"fixed_input",NA,NA,NA,"custom RTMB","base coefficients",NA,NA
"sel_devs_ats[175]",0.760901352904051,NA,NA,"fixed_input",NA,NA,NA,"custom RTMB","base coefficients",NA,NA
"sel_devs_ats[176]",0.791183955305655,NA,NA,"fixed_input",NA,NA,NA,"custom RTMB","base coefficients",NA,NA
"sel_devs_ats[177]",0.820226433029652,NA,NA,"fixed_input",NA,NA,NA,"custom RTMB","base coefficients",NA,NA
"sel_devs_ats[178]",0.842170929218405,NA,NA,"fixed_input",NA,NA,NA,"custom RTMB","base coefficients",NA,NA
"sel_devs_ats[179]",0.867985606915202,NA,NA,"fixed_input",NA,NA,NA,"custom RTMB","base coefficients",NA,NA
"sel_devs_ats[180]",0.875352018575698,NA,NA,"fixed_input",NA,NA,NA,"custom RTMB","base coefficients",NA,NA
"sel_devs_ats[181]",0.322084918605675,NA,NA,"fixed_input",NA,NA,NA,"custom RTMB","base coefficients",NA,NA
"sel_devs_ats[182]",0.371810028211349,NA,NA,"fixed_input",NA,NA,NA,"custom RTMB","base coefficients",NA,NA
"sel_devs_ats[183]",0.408166724538367,NA,NA,"fixed_input",NA,NA,NA,"custom RTMB","base coefficients",NA,NA
"sel_devs_ats[184]",0.449315156037125,NA,NA,"fixed_input",NA,NA,NA,"custom RTMB","base coefficients",NA,NA
"sel_devs_ats[185]",0.492386384979421,NA,NA,"fixed_input",NA,NA,NA,"custom RTMB","base coefficients",NA,NA
"sel_devs_ats[186]",0.533887506228061,NA,NA,"fixed_input",NA,NA,NA,"custom RTMB","base coefficients",NA,NA
"sel_devs_ats[187]",0.561083327456502,NA,NA,"fixed_input",NA,NA,NA,"custom RTMB","base coefficients",NA,NA
"sel_devs_ats[188]",0.586854716643591,NA,NA,"fixed_input",NA,NA,NA,"custom RTMB","base coefficients",NA,NA
"sel_devs_ats[189]",0.618825288086376,NA,NA,"fixed_input",NA,NA,NA,"custom RTMB","base coefficients",NA,NA
"sel_devs_ats[190]",0.63630281646976,NA,NA,"fixed_input",NA,NA,NA,"custom RTMB","base coefficients",NA,NA
"sel_devs_ats[191]",0.649089544086332,NA,NA,"fixed_input",NA,NA,NA,"custom RTMB","base coefficients",NA,NA
"sel_devs_ats[192]",0.64779442453107,NA,NA,"fixed_input",NA,NA,NA,"custom RTMB","base coefficients",NA,NA
"sel_devs_ats[193]",0.635211462973603,NA,NA,"fixed_input",NA,NA,NA,"custom RTMB","base coefficients",NA,NA
"sel_devs_ats[194]",0.635587792546311,NA,NA,"fixed_input",NA,NA,NA,"custom RTMB","base coefficients",NA,NA
"sel_devs_ats[195]",0.627986080580595,NA,NA,"fixed_input",NA,NA,NA,"custom RTMB","base coefficients",NA,NA
"sel_devs_ats[196]",0.604516444662866,NA,NA,"fixed_input",NA,NA,NA,"custom RTMB","base coefficients",NA,NA
"sel_devs_ats[197]",0.594660322952525,NA,NA,"fixed_input",NA,NA,NA,"custom RTMB","base coefficients",NA,NA
"sel_devs_ats[198]",0.587728565691887,NA,NA,"fixed_input",NA,NA,NA,"custom RTMB","base coefficients",NA,NA
"sel_devs_ats[199]",0.578482043736035,NA,NA,"fixed_input",NA,NA,NA,"custom RTMB","base coefficients",NA,NA
"sel_devs_ats[200]",0.589822876536881,NA,NA,"fixed_input",NA,NA,NA,"custom RTMB","base coefficients",NA,NA
"sel_devs_ats[201]",0.634984951678285,NA,NA,"fixed_input",NA,NA,NA,"custom RTMB","base coefficients",NA,NA
"sel_devs_ats[202]",0.687886392052968,NA,NA,"fixed_input",NA,NA,NA,"custom RTMB","base coefficients",NA,NA
"sel_devs_ats[203]",0.72708501686213,NA,NA,"fixed_input",NA,NA,NA,"custom RTMB","base coefficients",NA,NA
"sel_devs_ats[204]",0.748216513305553,NA,NA,"fixed_input",NA,NA,NA,"custom RTMB","base coefficients",NA,NA
"sel_devs_ats[205]",0.757954908782986,NA,NA,"fixed_input",NA,NA,NA,"custom RTMB","base coefficients",NA,NA
"sel_devs_ats[206]",0.791484224212452,NA,NA,"fixed_input",NA,NA,NA,"custom RTMB","base coefficients",NA,NA
"sel_devs_ats[207]",0.81855522121697,NA,NA,"fixed_input",NA,NA,NA,"custom RTMB","base coefficients",NA,NA
"sel_devs_ats[208]",0.840625193699796,NA,NA,"fixed_input",NA,NA,NA,"custom RTMB","base coefficients",NA,NA
"sel_devs_ats[209]",0.860019639673372,NA,NA,"fixed_input",NA,NA,NA,"custom RTMB","base coefficients",NA,NA
"sel_devs_ats[210]",0.864483864601578,NA,NA,"fixed_input",NA,NA,NA,"custom RTMB","base coefficients",NA,NA
"sel_coffs_fsh[1]",-3.92707245741412,NA,NA,"fixed_input",NA,NA,NA,"custom RTMB","base coefficients",NA,NA
"sel_coffs_fsh[2]",-1.95249292716552,NA,NA,"fixed_input",NA,NA,NA,"custom RTMB","base coefficients",NA,NA
"sel_coffs_fsh[3]",-0.618417338373806,NA,NA,"fixed_input",NA,NA,NA,"custom RTMB","base coefficients",NA,NA
"sel_coffs_fsh[4]",0.805433005965584,NA,NA,"fixed_input",NA,NA,NA,"custom RTMB","base coefficients",NA,NA
"sel_coffs_fsh[5]",0.826953129249446,NA,NA,"fixed_input",NA,NA,NA,"custom RTMB","base coefficients",NA,NA
"sel_coffs_fsh[6]",0.131953333734151,NA,NA,"fixed_input",NA,NA,NA,"custom RTMB","base coefficients",NA,NA
"sel_coffs_fsh[7]",0.0657423045599177,NA,NA,"fixed_input",NA,NA,NA,"custom RTMB","base coefficients",NA,NA
"sel_coffs_fsh[8]",-0.004367572729001,NA,NA,"fixed_input",NA,NA,NA,"custom RTMB","base coefficients",NA,NA
"sel_coffs_fsh[9]",-0.0626369410674426,NA,NA,"fixed_input",NA,NA,NA,"custom RTMB","base coefficients",NA,NA
"sel_coffs_fsh[10]",-0.103632926116187,NA,NA,"fixed_input",NA,NA,NA,"custom RTMB","base coefficients",NA,NA
"sel_coffs_fsh[11]",-0.135527201351643,NA,NA,"fixed_input",NA,NA,NA,"custom RTMB","base coefficients",NA,NA
"sel_coffs_fsh[12]",-0.154422241221779,NA,NA,"fixed_input",NA,NA,NA,"custom RTMB","base coefficients",NA,NA
"sel_coffs_bts[1]",-0.01,NA,NA,"fixed_input",NA,NA,NA,"custom RTMB","base coefficients",NA,NA
"sel_coffs_bts[2]",-0.01,NA,NA,"fixed_input",NA,NA,NA,"custom RTMB","base coefficients",NA,NA
"sel_coffs_bts[3]",-0.01,NA,NA,"fixed_input",NA,NA,NA,"custom RTMB","base coefficients",NA,NA
"sel_coffs_bts[4]",-0.01,NA,NA,"fixed_input",NA,NA,NA,"custom RTMB","base coefficients",NA,NA
"sel_coffs_bts[5]",-0.01,NA,NA,"fixed_input",NA,NA,NA,"custom RTMB","base coefficients",NA,NA
"sel_coffs_bts[6]",-0.01,NA,NA,"fixed_input",NA,NA,NA,"custom RTMB","base coefficients",NA,NA
"sel_coffs_bts[7]",-0.01,NA,NA,"fixed_input",NA,NA,NA,"custom RTMB","base coefficients",NA,NA
"sel_coffs_bts[8]",-0.01,NA,NA,"fixed_input",NA,NA,NA,"custom RTMB","base coefficients",NA,NA
"sel_coffs_ats[1]",-0.151219803448944,NA,NA,"fixed_input",NA,NA,NA,"custom RTMB","base coefficients",NA,NA
"sel_coffs_ats[2]",-0.173596914341061,NA,NA,"fixed_input",NA,NA,NA,"custom RTMB","base coefficients",NA,NA
"sel_coffs_ats[3]",0.0441090451890739,NA,NA,"fixed_input",NA,NA,NA,"custom RTMB","base coefficients",NA,NA
"sel_coffs_ats[4]",0.18785327256865,NA,NA,"fixed_input",NA,NA,NA,"custom RTMB","base coefficients",NA,NA
"sel_coffs_ats[5]",0.208356735281683,NA,NA,"fixed_input",NA,NA,NA,"custom RTMB","base coefficients",NA,NA
"sel_coffs_ats[6]",0.290895148510003,NA,NA,"fixed_input",NA,NA,NA,"custom RTMB","base coefficients",NA,NA
"sel_coffs_ats[7]",0.410822040998144,NA,NA,"fixed_input",NA,NA,NA,"custom RTMB","base coefficients",NA,NA
"sel_slp_bts",1,NA,NA,"fixed_input",NA,NA,NA,"custom RTMB","base coefficients",NA,NA
"sel_a50_bts",5.5,NA,NA,"fixed_input",NA,NA,NA,"custom RTMB","base coefficients",NA,NA
"sel_age_one_bts",0,NA,NA,"fixed_input",NA,NA,NA,"custom RTMB","base coefficients",NA,NA
"sel_slp_bts_dev[1]",-0.703185748223668,NA,NA,"fixed_input",NA,NA,NA,"custom RTMB","base coefficients",NA,NA
"sel_slp_bts_dev[2]",0.103799511432656,NA,NA,"fixed_input",NA,NA,NA,"custom RTMB","base coefficients",NA,NA
"sel_slp_bts_dev[3]",0.0537359853408232,NA,NA,"fixed_input",NA,NA,NA,"custom RTMB","base coefficients",NA,NA
"sel_slp_bts_dev[4]",-0.384093173299638,NA,NA,"fixed_input",NA,NA,NA,"custom RTMB","base coefficients",NA,NA
"sel_slp_bts_dev[5]",-0.303812825551737,NA,NA,"fixed_input",NA,NA,NA,"custom RTMB","base coefficients",NA,NA
"sel_slp_bts_dev[6]",-0.376186192047937,NA,NA,"fixed_input",NA,NA,NA,"custom RTMB","base coefficients",NA,NA
"sel_slp_bts_dev[7]",-0.476607176001902,NA,NA,"fixed_input",NA,NA,NA,"custom RTMB","base coefficients",NA,NA
"sel_slp_bts_dev[8]",-0.316786476921356,NA,NA,"fixed_input",NA,NA,NA,"custom RTMB","base coefficients",NA,NA
"sel_slp_bts_dev[9]",0.399413204287094,NA,NA,"fixed_input",NA,NA,NA,"custom RTMB","base coefficients",NA,NA
"sel_slp_bts_dev[10]",0.216338703792712,NA,NA,"fixed_input",NA,NA,NA,"custom RTMB","base coefficients",NA,NA
"sel_slp_bts_dev[11]",0.16470455157713,NA,NA,"fixed_input",NA,NA,NA,"custom RTMB","base coefficients",NA,NA
"sel_slp_bts_dev[12]",0.334281936555046,NA,NA,"fixed_input",NA,NA,NA,"custom RTMB","base coefficients",NA,NA
"sel_slp_bts_dev[13]",0.295212354420314,NA,NA,"fixed_input",NA,NA,NA,"custom RTMB","base coefficients",NA,NA
"sel_slp_bts_dev[14]",0.244124464661611,NA,NA,"fixed_input",NA,NA,NA,"custom RTMB","base coefficients",NA,NA
"sel_slp_bts_dev[15]",-0.139893890402662,NA,NA,"fixed_input",NA,NA,NA,"custom RTMB","base coefficients",NA,NA
"sel_slp_bts_dev[16]",-0.288540221774741,NA,NA,"fixed_input",NA,NA,NA,"custom RTMB","base coefficients",NA,NA
"sel_slp_bts_dev[17]",-0.518863660345389,NA,NA,"fixed_input",NA,NA,NA,"custom RTMB","base coefficients",NA,NA
"sel_slp_bts_dev[18]",-0.609893896846711,NA,NA,"fixed_input",NA,NA,NA,"custom RTMB","base coefficients",NA,NA
"sel_slp_bts_dev[19]",-0.302346224402182,NA,NA,"fixed_input",NA,NA,NA,"custom RTMB","base coefficients",NA,NA
"sel_slp_bts_dev[20]",-0.478967036888984,NA,NA,"fixed_input",NA,NA,NA,"custom RTMB","base coefficients",NA,NA
"sel_slp_bts_dev[21]",-0.0421033369119997,NA,NA,"fixed_input",NA,NA,NA,"custom RTMB","base coefficients",NA,NA
"sel_slp_bts_dev[22]",0.213523368163035,NA,NA,"fixed_input",NA,NA,NA,"custom RTMB","base coefficients",NA,NA
"sel_slp_bts_dev[23]",0.10079091494876,NA,NA,"fixed_input",NA,NA,NA,"custom RTMB","base coefficients",NA,NA
"sel_slp_bts_dev[24]",0.233885729175672,NA,NA,"fixed_input",NA,NA,NA,"custom RTMB","base coefficients",NA,NA
"sel_slp_bts_dev[25]",-0.0642477405369074,NA,NA,"fixed_input",NA,NA,NA,"custom RTMB","base coefficients",NA,NA
"sel_slp_bts_dev[26]",0.33819830725099,NA,NA,"fixed_input",NA,NA,NA,"custom RTMB","base coefficients",NA,NA
"sel_slp_bts_dev[27]",0.56132147631151,NA,NA,"fixed_input",NA,NA,NA,"custom RTMB","base coefficients",NA,NA
"sel_slp_bts_dev[28]",0.263003171123837,NA,NA,"fixed_input",NA,NA,NA,"custom RTMB","base coefficients",NA,NA
"sel_slp_bts_dev[29]",0.827237941862277,NA,NA,"fixed_input",NA,NA,NA,"custom RTMB","base coefficients",NA,NA
"sel_slp_bts_dev[30]",0.539818771204433,NA,NA,"fixed_input",NA,NA,NA,"custom RTMB","base coefficients",NA,NA
"sel_slp_bts_dev[31]",0.186797849529632,NA,NA,"fixed_input",NA,NA,NA,"custom RTMB","base coefficients",NA,NA
"sel_slp_bts_dev[32]",0.323583731731096,NA,NA,"fixed_input",NA,NA,NA,"custom RTMB","base coefficients",NA,NA
"sel_slp_bts_dev[33]",0.52815846197333,NA,NA,"fixed_input",NA,NA,NA,"custom RTMB","base coefficients",NA,NA
"sel_slp_bts_dev[34]",0.417157870110051,NA,NA,"fixed_input",NA,NA,NA,"custom RTMB","base coefficients",NA,NA
"sel_slp_bts_dev[35]",0.414978022263578,NA,NA,"fixed_input",NA,NA,NA,"custom RTMB","base coefficients",NA,NA
"sel_slp_bts_dev[36]",0.236880145942942,NA,NA,"fixed_input",NA,NA,NA,"custom RTMB","base coefficients",NA,NA
"sel_slp_bts_dev[37]",-0.382422717169047,NA,NA,"fixed_input",NA,NA,NA,"custom RTMB","base coefficients",NA,NA
"sel_slp_bts_dev[38]",0.0077632372780637,NA,NA,"fixed_input",NA,NA,NA,"custom RTMB","base coefficients",NA,NA
"sel_slp_bts_dev[39]",-0.150767674329265,NA,NA,"fixed_input",NA,NA,NA,"custom RTMB","base coefficients",NA,NA
"sel_slp_bts_dev[40]",-0.260503461499517,NA,NA,"fixed_input",NA,NA,NA,"custom RTMB","base coefficients",NA,NA
"sel_slp_bts_dev[41]",-0.0574028492435566,NA,NA,"fixed_input",NA,NA,NA,"custom RTMB","base coefficients",NA,NA
"sel_slp_bts_dev[42]",-0.355059228902137,NA,NA,"fixed_input",NA,NA,NA,"custom RTMB","base coefficients",NA,NA
"sel_slp_bts_dev[43]",-0.161731878709755,NA,NA,"fixed_input",NA,NA,NA,"custom RTMB","base coefficients",NA,NA
"sel_a50_bts_dev[1]",1.78082516417946,NA,NA,"fixed_input",NA,NA,NA,"custom RTMB","base coefficients",NA,NA
"sel_a50_bts_dev[2]",1.62944356929825,NA,NA,"fixed_input",NA,NA,NA,"custom RTMB","base coefficients",NA,NA
"sel_a50_bts_dev[3]",1.75649070595575,NA,NA,"fixed_input",NA,NA,NA,"custom RTMB","base coefficients",NA,NA
"sel_a50_bts_dev[4]",1.87234525012589,NA,NA,"fixed_input",NA,NA,NA,"custom RTMB","base coefficients",NA,NA
"sel_a50_bts_dev[5]",1.90418968492506,NA,NA,"fixed_input",NA,NA,NA,"custom RTMB","base coefficients",NA,NA
"sel_a50_bts_dev[6]",1.85043901880356,NA,NA,"fixed_input",NA,NA,NA,"custom RTMB","base coefficients",NA,NA
"sel_a50_bts_dev[7]",1.73554794752057,NA,NA,"fixed_input",NA,NA,NA,"custom RTMB","base coefficients",NA,NA
"sel_a50_bts_dev[8]",1.67819553087267,NA,NA,"fixed_input",NA,NA,NA,"custom RTMB","base coefficients",NA,NA
"sel_a50_bts_dev[9]",1.59333353344941,NA,NA,"fixed_input",NA,NA,NA,"custom RTMB","base coefficients",NA,NA
"sel_a50_bts_dev[10]",1.69753645853393,NA,NA,"fixed_input",NA,NA,NA,"custom RTMB","base coefficients",NA,NA
"sel_a50_bts_dev[11]",1.68451687912481,NA,NA,"fixed_input",NA,NA,NA,"custom RTMB","base coefficients",NA,NA
"sel_a50_bts_dev[12]",1.63697054930596,NA,NA,"fixed_input",NA,NA,NA,"custom RTMB","base coefficients",NA,NA
"sel_a50_bts_dev[13]",1.72476749561007,NA,NA,"fixed_input",NA,NA,NA,"custom RTMB","base coefficients",NA,NA
"sel_a50_bts_dev[14]",1.82157723437396,NA,NA,"fixed_input",NA,NA,NA,"custom RTMB","base coefficients",NA,NA
"sel_a50_bts_dev[15]",2.00862380010481,NA,NA,"fixed_input",NA,NA,NA,"custom RTMB","base coefficients",NA,NA
"sel_a50_bts_dev[16]",2.0354659952244,NA,NA,"fixed_input",NA,NA,NA,"custom RTMB","base coefficients",NA,NA
"sel_a50_bts_dev[17]",2.12583138826012,NA,NA,"fixed_input",NA,NA,NA,"custom RTMB","base coefficients",NA,NA
"sel_a50_bts_dev[18]",2.07879112201723,NA,NA,"fixed_input",NA,NA,NA,"custom RTMB","base coefficients",NA,NA
"sel_a50_bts_dev[19]",1.93006174514099,NA,NA,"fixed_input",NA,NA,NA,"custom RTMB","base coefficients",NA,NA
"sel_a50_bts_dev[20]",1.98195925931562,NA,NA,"fixed_input",NA,NA,NA,"custom RTMB","base coefficients",NA,NA
"sel_a50_bts_dev[21]",1.85948525400361,NA,NA,"fixed_input",NA,NA,NA,"custom RTMB","base coefficients",NA,NA
"sel_a50_bts_dev[22]",1.80514222438162,NA,NA,"fixed_input",NA,NA,NA,"custom RTMB","base coefficients",NA,NA
"sel_a50_bts_dev[23]",1.84950033495139,NA,NA,"fixed_input",NA,NA,NA,"custom RTMB","base coefficients",NA,NA
"sel_a50_bts_dev[24]",1.79356266222244,NA,NA,"fixed_input",NA,NA,NA,"custom RTMB","base coefficients",NA,NA
"sel_a50_bts_dev[25]",1.90129507686593,NA,NA,"fixed_input",NA,NA,NA,"custom RTMB","base coefficients",NA,NA
"sel_a50_bts_dev[26]",1.73449990932196,NA,NA,"fixed_input",NA,NA,NA,"custom RTMB","base coefficients",NA,NA
"sel_a50_bts_dev[27]",1.69359842178451,NA,NA,"fixed_input",NA,NA,NA,"custom RTMB","base coefficients",NA,NA
"sel_a50_bts_dev[28]",1.76839014019672,NA,NA,"fixed_input",NA,NA,NA,"custom RTMB","base coefficients",NA,NA
"sel_a50_bts_dev[29]",1.58840456907438,NA,NA,"fixed_input",NA,NA,NA,"custom RTMB","base coefficients",NA,NA
"sel_a50_bts_dev[30]",1.74100563217598,NA,NA,"fixed_input",NA,NA,NA,"custom RTMB","base coefficients",NA,NA
"sel_a50_bts_dev[31]",1.78115377157393,NA,NA,"fixed_input",NA,NA,NA,"custom RTMB","base coefficients",NA,NA
"sel_a50_bts_dev[32]",1.73486922224593,NA,NA,"fixed_input",NA,NA,NA,"custom RTMB","base coefficients",NA,NA
"sel_a50_bts_dev[33]",1.66284485403111,NA,NA,"fixed_input",NA,NA,NA,"custom RTMB","base coefficients",NA,NA
"sel_a50_bts_dev[34]",1.61666102775446,NA,NA,"fixed_input",NA,NA,NA,"custom RTMB","base coefficients",NA,NA
"sel_a50_bts_dev[35]",1.67657923903613,NA,NA,"fixed_input",NA,NA,NA,"custom RTMB","base coefficients",NA,NA
"sel_a50_bts_dev[36]",1.75285609174022,NA,NA,"fixed_input",NA,NA,NA,"custom RTMB","base coefficients",NA,NA
"sel_a50_bts_dev[37]",1.98242750517808,NA,NA,"fixed_input",NA,NA,NA,"custom RTMB","base coefficients",NA,NA
"sel_a50_bts_dev[38]",1.77829178653992,NA,NA,"fixed_input",NA,NA,NA,"custom RTMB","base coefficients",NA,NA
"sel_a50_bts_dev[39]",1.8737814918681,NA,NA,"fixed_input",NA,NA,NA,"custom RTMB","base coefficients",NA,NA
"sel_a50_bts_dev[40]",1.95930686845109,NA,NA,"fixed_input",NA,NA,NA,"custom RTMB","base coefficients",NA,NA
"sel_a50_bts_dev[41]",1.85510066806385,NA,NA,"fixed_input",NA,NA,NA,"custom RTMB","base coefficients",NA,NA
"sel_a50_bts_dev[42]",2.00333439392267,NA,NA,"fixed_input",NA,NA,NA,"custom RTMB","base coefficients",NA,NA
"sel_a50_bts_dev[43]",1.81595539042953,NA,NA,"fixed_input",NA,NA,NA,"custom RTMB","base coefficients",NA,NA
"sel_age_one_bts_dev[1]",-3.00686417767397,NA,NA,"fixed_input",NA,NA,NA,"custom RTMB","base coefficients",NA,NA
"sel_age_one_bts_dev[2]",-3.01118754866271,NA,NA,"fixed_input",NA,NA,NA,"custom RTMB","base coefficients",NA,NA
"sel_age_one_bts_dev[3]",-2.87229455298437,NA,NA,"fixed_input",NA,NA,NA,"custom RTMB","base coefficients",NA,NA
"sel_age_one_bts_dev[4]",-2.54893920824584,NA,NA,"fixed_input",NA,NA,NA,"custom RTMB","base coefficients",NA,NA
"sel_age_one_bts_dev[5]",-2.29618571198936,NA,NA,"fixed_input",NA,NA,NA,"custom RTMB","base coefficients",NA,NA
"sel_age_one_bts_dev[6]",-2.46488434523412,NA,NA,"fixed_input",NA,NA,NA,"custom RTMB","base coefficients",NA,NA
"sel_age_one_bts_dev[7]",-2.5418916162364,NA,NA,"fixed_input",NA,NA,NA,"custom RTMB","base coefficients",NA,NA
"sel_age_one_bts_dev[8]",-2.7892758392379,NA,NA,"fixed_input",NA,NA,NA,"custom RTMB","base coefficients",NA,NA
"sel_age_one_bts_dev[9]",-2.97640462705316,NA,NA,"fixed_input",NA,NA,NA,"custom RTMB","base coefficients",NA,NA
"sel_age_one_bts_dev[10]",-2.81463481481952,NA,NA,"fixed_input",NA,NA,NA,"custom RTMB","base coefficients",NA,NA
"sel_age_one_bts_dev[11]",-2.97961049745051,NA,NA,"fixed_input",NA,NA,NA,"custom RTMB","base coefficients",NA,NA
"sel_age_one_bts_dev[12]",-3.05378601059095,NA,NA,"fixed_input",NA,NA,NA,"custom RTMB","base coefficients",NA,NA
"sel_age_one_bts_dev[13]",-2.91731205478247,NA,NA,"fixed_input",NA,NA,NA,"custom RTMB","base coefficients",NA,NA
"sel_age_one_bts_dev[14]",-2.86570294035668,NA,NA,"fixed_input",NA,NA,NA,"custom RTMB","base coefficients",NA,NA
"sel_age_one_bts_dev[15]",-2.87329368110644,NA,NA,"fixed_input",NA,NA,NA,"custom RTMB","base coefficients",NA,NA
"sel_age_one_bts_dev[16]",-3.06873276161774,NA,NA,"fixed_input",NA,NA,NA,"custom RTMB","base coefficients",NA,NA
"sel_age_one_bts_dev[17]",-3.22738941373932,NA,NA,"fixed_input",NA,NA,NA,"custom RTMB","base coefficients",NA,NA
"sel_age_one_bts_dev[18]",-3.36108820175799,NA,NA,"fixed_input",NA,NA,NA,"custom RTMB","base coefficients",NA,NA
"sel_age_one_bts_dev[19]",-3.46188998226912,NA,NA,"fixed_input",NA,NA,NA,"custom RTMB","base coefficients",NA,NA
"sel_age_one_bts_dev[20]",-3.36878295442696,NA,NA,"fixed_input",NA,NA,NA,"custom RTMB","base coefficients",NA,NA
"sel_age_one_bts_dev[21]",-3.37726727268071,NA,NA,"fixed_input",NA,NA,NA,"custom RTMB","base coefficients",NA,NA
"sel_age_one_bts_dev[22]",-3.47624952944142,NA,NA,"fixed_input",NA,NA,NA,"custom RTMB","base coefficients",NA,NA
"sel_age_one_bts_dev[23]",-3.29311138843942,NA,NA,"fixed_input",NA,NA,NA,"custom RTMB","base coefficients",NA,NA
"sel_age_one_bts_dev[24]",-3.15033751101943,NA,NA,"fixed_input",NA,NA,NA,"custom RTMB","base coefficients",NA,NA
"sel_age_one_bts_dev[25]",-3.0739330728711,NA,NA,"fixed_input",NA,NA,NA,"custom RTMB","base coefficients",NA,NA
"sel_age_one_bts_dev[26]",-3.12159865228367,NA,NA,"fixed_input",NA,NA,NA,"custom RTMB","base coefficients",NA,NA
"sel_age_one_bts_dev[27]",-3.63179709815184,NA,NA,"fixed_input",NA,NA,NA,"custom RTMB","base coefficients",NA,NA
"sel_age_one_bts_dev[28]",-4.03086424078777,NA,NA,"fixed_input",NA,NA,NA,"custom RTMB","base coefficients",NA,NA
"sel_age_one_bts_dev[29]",-3.76578975437485,NA,NA,"fixed_input",NA,NA,NA,"custom RTMB","base coefficients",NA,NA
"sel_age_one_bts_dev[30]",-3.17743345623822,NA,NA,"fixed_input",NA,NA,NA,"custom RTMB","base coefficients",NA,NA
"sel_age_one_bts_dev[31]",-3.18175266045989,NA,NA,"fixed_input",NA,NA,NA,"custom RTMB","base coefficients",NA,NA
"sel_age_one_bts_dev[32]",-3.45181578639786,NA,NA,"fixed_input",NA,NA,NA,"custom RTMB","base coefficients",NA,NA
"sel_age_one_bts_dev[33]",-3.4630644076295,NA,NA,"fixed_input",NA,NA,NA,"custom RTMB","base coefficients",NA,NA
"sel_age_one_bts_dev[34]",-3.28558867474084,NA,NA,"fixed_input",NA,NA,NA,"custom RTMB","base coefficients",NA,NA
"sel_age_one_bts_dev[35]",-3.126281314179,NA,NA,"fixed_input",NA,NA,NA,"custom RTMB","base coefficients",NA,NA
"sel_age_one_bts_dev[36]",-3.06897901611819,NA,NA,"fixed_input",NA,NA,NA,"custom RTMB","base coefficients",NA,NA
"sel_age_one_bts_dev[37]",-3.15586689777869,NA,NA,"fixed_input",NA,NA,NA,"custom RTMB","base coefficients",NA,NA
"sel_age_one_bts_dev[38]",-3.52577598648231,NA,NA,"fixed_input",NA,NA,NA,"custom RTMB","base coefficients",NA,NA
"sel_age_one_bts_dev[39]",-3.33826515727081,NA,NA,"fixed_input",NA,NA,NA,"custom RTMB","base coefficients",NA,NA
"sel_age_one_bts_dev[40]",-3.15075448076695,NA,NA,"fixed_input",NA,NA,NA,"custom RTMB","base coefficients",NA,NA
"sel_age_one_bts_dev[41]",-3.17564015708144,NA,NA,"fixed_input",NA,NA,NA,"custom RTMB","base coefficients",NA,NA
"sel_age_one_bts_dev[42]",-3.15845470169837,NA,NA,"fixed_input",NA,NA,NA,"custom RTMB","base coefficients",NA,NA
"sel_age_one_bts_dev[43]",-3.14772828763021,NA,NA,"fixed_input",NA,NA,NA,"custom RTMB","base coefficients",NA,NA
"sel_dif1_fsh",1,NA,NA,"fixed_input",NA,NA,NA,"custom RTMB","base coefficients",NA,NA
"sel_a501_fsh",3,NA,NA,"fixed_input",NA,NA,NA,"custom RTMB","base coefficients",NA,NA
"sel_trm2_fsh",0.9,NA,NA,"fixed_input",NA,NA,NA,"custom RTMB","base coefficients",NA,NA
"sel_dif2_fsh",5,NA,NA,"fixed_input",NA,NA,NA,"custom RTMB","base coefficients",NA,NA
"sel_dif1_fsh_dev[1]",0,NA,NA,"fixed_input",NA,NA,NA,"custom RTMB","base coefficients",NA,NA
"sel_dif1_fsh_dev[2]",0,NA,NA,"fixed_input",NA,NA,NA,"custom RTMB","base coefficients",NA,NA
"sel_dif1_fsh_dev[3]",0,NA,NA,"fixed_input",NA,NA,NA,"custom RTMB","base coefficients",NA,NA
"sel_dif1_fsh_dev[4]",0,NA,NA,"fixed_input",NA,NA,NA,"custom RTMB","base coefficients",NA,NA
"sel_dif1_fsh_dev[5]",0,NA,NA,"fixed_input",NA,NA,NA,"custom RTMB","base coefficients",NA,NA
"sel_dif1_fsh_dev[6]",0,NA,NA,"fixed_input",NA,NA,NA,"custom RTMB","base coefficients",NA,NA
"sel_dif1_fsh_dev[7]",0,NA,NA,"fixed_input",NA,NA,NA,"custom RTMB","base coefficients",NA,NA
"sel_dif1_fsh_dev[8]",0,NA,NA,"fixed_input",NA,NA,NA,"custom RTMB","base coefficients",NA,NA
"sel_dif1_fsh_dev[9]",0,NA,NA,"fixed_input",NA,NA,NA,"custom RTMB","base coefficients",NA,NA
"sel_dif1_fsh_dev[10]",0,NA,NA,"fixed_input",NA,NA,NA,"custom RTMB","base coefficients",NA,NA
"sel_dif1_fsh_dev[11]",0,NA,NA,"fixed_input",NA,NA,NA,"custom RTMB","base coefficients",NA,NA
"sel_dif1_fsh_dev[12]",0,NA,NA,"fixed_input",NA,NA,NA,"custom RTMB","base coefficients",NA,NA
"sel_dif1_fsh_dev[13]",0,NA,NA,"fixed_input",NA,NA,NA,"custom RTMB","base coefficients",NA,NA
"sel_dif1_fsh_dev[14]",0,NA,NA,"fixed_input",NA,NA,NA,"custom RTMB","base coefficients",NA,NA
"sel_dif1_fsh_dev[15]",0,NA,NA,"fixed_input",NA,NA,NA,"custom RTMB","base coefficients",NA,NA
"sel_dif1_fsh_dev[16]",0,NA,NA,"fixed_input",NA,NA,NA,"custom RTMB","base coefficients",NA,NA
"sel_dif1_fsh_dev[17]",0,NA,NA,"fixed_input",NA,NA,NA,"custom RTMB","base coefficients",NA,NA
"sel_dif1_fsh_dev[18]",0,NA,NA,"fixed_input",NA,NA,NA,"custom RTMB","base coefficients",NA,NA
"sel_dif1_fsh_dev[19]",0,NA,NA,"fixed_input",NA,NA,NA,"custom RTMB","base coefficients",NA,NA
"sel_dif1_fsh_dev[20]",0,NA,NA,"fixed_input",NA,NA,NA,"custom RTMB","base coefficients",NA,NA
"sel_dif1_fsh_dev[21]",0,NA,NA,"fixed_input",NA,NA,NA,"custom RTMB","base coefficients",NA,NA
"sel_dif1_fsh_dev[22]",0,NA,NA,"fixed_input",NA,NA,NA,"custom RTMB","base coefficients",NA,NA
"sel_dif1_fsh_dev[23]",0,NA,NA,"fixed_input",NA,NA,NA,"custom RTMB","base coefficients",NA,NA
"sel_dif1_fsh_dev[24]",0,NA,NA,"fixed_input",NA,NA,NA,"custom RTMB","base coefficients",NA,NA
"sel_dif1_fsh_dev[25]",0,NA,NA,"fixed_input",NA,NA,NA,"custom RTMB","base coefficients",NA,NA
"sel_dif1_fsh_dev[26]",0,NA,NA,"fixed_input",NA,NA,NA,"custom RTMB","base coefficients",NA,NA
"sel_dif1_fsh_dev[27]",0,NA,NA,"fixed_input",NA,NA,NA,"custom RTMB","base coefficients",NA,NA
"sel_dif1_fsh_dev[28]",0,NA,NA,"fixed_input",NA,NA,NA,"custom RTMB","base coefficients",NA,NA
"sel_dif1_fsh_dev[29]",0,NA,NA,"fixed_input",NA,NA,NA,"custom RTMB","base coefficients",NA,NA
"sel_dif1_fsh_dev[30]",0,NA,NA,"fixed_input",NA,NA,NA,"custom RTMB","base coefficients",NA,NA
"sel_dif1_fsh_dev[31]",0,NA,NA,"fixed_input",NA,NA,NA,"custom RTMB","base coefficients",NA,NA
"sel_dif1_fsh_dev[32]",0,NA,NA,"fixed_input",NA,NA,NA,"custom RTMB","base coefficients",NA,NA
"sel_dif1_fsh_dev[33]",0,NA,NA,"fixed_input",NA,NA,NA,"custom RTMB","base coefficients",NA,NA
"sel_dif1_fsh_dev[34]",0,NA,NA,"fixed_input",NA,NA,NA,"custom RTMB","base coefficients",NA,NA
"sel_dif1_fsh_dev[35]",0,NA,NA,"fixed_input",NA,NA,NA,"custom RTMB","base coefficients",NA,NA
"sel_dif1_fsh_dev[36]",0,NA,NA,"fixed_input",NA,NA,NA,"custom RTMB","base coefficients",NA,NA
"sel_dif1_fsh_dev[37]",0,NA,NA,"fixed_input",NA,NA,NA,"custom RTMB","base coefficients",NA,NA
"sel_dif1_fsh_dev[38]",0,NA,NA,"fixed_input",NA,NA,NA,"custom RTMB","base coefficients",NA,NA
"sel_dif1_fsh_dev[39]",0,NA,NA,"fixed_input",NA,NA,NA,"custom RTMB","base coefficients",NA,NA
"sel_dif1_fsh_dev[40]",0,NA,NA,"fixed_input",NA,NA,NA,"custom RTMB","base coefficients",NA,NA
"sel_dif1_fsh_dev[41]",0,NA,NA,"fixed_input",NA,NA,NA,"custom RTMB","base coefficients",NA,NA
"sel_dif1_fsh_dev[42]",0,NA,NA,"fixed_input",NA,NA,NA,"custom RTMB","base coefficients",NA,NA
"sel_dif1_fsh_dev[43]",0,NA,NA,"fixed_input",NA,NA,NA,"custom RTMB","base coefficients",NA,NA
"sel_dif1_fsh_dev[44]",0,NA,NA,"fixed_input",NA,NA,NA,"custom RTMB","base coefficients",NA,NA
"sel_dif1_fsh_dev[45]",0,NA,NA,"fixed_input",NA,NA,NA,"custom RTMB","base coefficients",NA,NA
"sel_dif1_fsh_dev[46]",0,NA,NA,"fixed_input",NA,NA,NA,"custom RTMB","base coefficients",NA,NA
"sel_dif1_fsh_dev[47]",0,NA,NA,"fixed_input",NA,NA,NA,"custom RTMB","base coefficients",NA,NA
"sel_dif1_fsh_dev[48]",0,NA,NA,"fixed_input",NA,NA,NA,"custom RTMB","base coefficients",NA,NA
"sel_dif1_fsh_dev[49]",0,NA,NA,"fixed_input",NA,NA,NA,"custom RTMB","base coefficients",NA,NA
"sel_dif1_fsh_dev[50]",0,NA,NA,"fixed_input",NA,NA,NA,"custom RTMB","base coefficients",NA,NA
"sel_dif1_fsh_dev[51]",0,NA,NA,"fixed_input",NA,NA,NA,"custom RTMB","base coefficients",NA,NA
"sel_dif1_fsh_dev[52]",0,NA,NA,"fixed_input",NA,NA,NA,"custom RTMB","base coefficients",NA,NA
"sel_dif1_fsh_dev[53]",0,NA,NA,"fixed_input",NA,NA,NA,"custom RTMB","base coefficients",NA,NA
"sel_dif1_fsh_dev[54]",0,NA,NA,"fixed_input",NA,NA,NA,"custom RTMB","base coefficients",NA,NA
"sel_dif1_fsh_dev[55]",0,NA,NA,"fixed_input",NA,NA,NA,"custom RTMB","base coefficients",NA,NA
"sel_dif1_fsh_dev[56]",0,NA,NA,"fixed_input",NA,NA,NA,"custom RTMB","base coefficients",NA,NA
"sel_dif1_fsh_dev[57]",0,NA,NA,"fixed_input",NA,NA,NA,"custom RTMB","base coefficients",NA,NA
"sel_dif1_fsh_dev[58]",0,NA,NA,"fixed_input",NA,NA,NA,"custom RTMB","base coefficients",NA,NA
"sel_dif1_fsh_dev[59]",0,NA,NA,"fixed_input",NA,NA,NA,"custom RTMB","base coefficients",NA,NA
"sel_dif1_fsh_dev[60]",0,NA,NA,"fixed_input",NA,NA,NA,"custom RTMB","base coefficients",NA,NA
"sel_dif1_fsh_dev[61]",0,NA,NA,"fixed_input",NA,NA,NA,"custom RTMB","base coefficients",NA,NA
"sel_a501_fsh_dev[1]",0,NA,NA,"fixed_input",NA,NA,NA,"custom RTMB","base coefficients",NA,NA
"sel_a501_fsh_dev[2]",0,NA,NA,"fixed_input",NA,NA,NA,"custom RTMB","base coefficients",NA,NA
"sel_a501_fsh_dev[3]",0,NA,NA,"fixed_input",NA,NA,NA,"custom RTMB","base coefficients",NA,NA
"sel_a501_fsh_dev[4]",0,NA,NA,"fixed_input",NA,NA,NA,"custom RTMB","base coefficients",NA,NA
"sel_a501_fsh_dev[5]",0,NA,NA,"fixed_input",NA,NA,NA,"custom RTMB","base coefficients",NA,NA
"sel_a501_fsh_dev[6]",0,NA,NA,"fixed_input",NA,NA,NA,"custom RTMB","base coefficients",NA,NA
"sel_a501_fsh_dev[7]",0,NA,NA,"fixed_input",NA,NA,NA,"custom RTMB","base coefficients",NA,NA
"sel_a501_fsh_dev[8]",0,NA,NA,"fixed_input",NA,NA,NA,"custom RTMB","base coefficients",NA,NA
"sel_a501_fsh_dev[9]",0,NA,NA,"fixed_input",NA,NA,NA,"custom RTMB","base coefficients",NA,NA
"sel_a501_fsh_dev[10]",0,NA,NA,"fixed_input",NA,NA,NA,"custom RTMB","base coefficients",NA,NA
"sel_a501_fsh_dev[11]",0,NA,NA,"fixed_input",NA,NA,NA,"custom RTMB","base coefficients",NA,NA
"sel_a501_fsh_dev[12]",0,NA,NA,"fixed_input",NA,NA,NA,"custom RTMB","base coefficients",NA,NA
"sel_a501_fsh_dev[13]",0,NA,NA,"fixed_input",NA,NA,NA,"custom RTMB","base coefficients",NA,NA
"sel_a501_fsh_dev[14]",0,NA,NA,"fixed_input",NA,NA,NA,"custom RTMB","base coefficients",NA,NA
"sel_a501_fsh_dev[15]",0,NA,NA,"fixed_input",NA,NA,NA,"custom RTMB","base coefficients",NA,NA
"sel_a501_fsh_dev[16]",0,NA,NA,"fixed_input",NA,NA,NA,"custom RTMB","base coefficients",NA,NA
"sel_a501_fsh_dev[17]",0,NA,NA,"fixed_input",NA,NA,NA,"custom RTMB","base coefficients",NA,NA
"sel_a501_fsh_dev[18]",0,NA,NA,"fixed_input",NA,NA,NA,"custom RTMB","base coefficients",NA,NA
"sel_a501_fsh_dev[19]",0,NA,NA,"fixed_input",NA,NA,NA,"custom RTMB","base coefficients",NA,NA
"sel_a501_fsh_dev[20]",0,NA,NA,"fixed_input",NA,NA,NA,"custom RTMB","base coefficients",NA,NA
"sel_a501_fsh_dev[21]",0,NA,NA,"fixed_input",NA,NA,NA,"custom RTMB","base coefficients",NA,NA
"sel_a501_fsh_dev[22]",0,NA,NA,"fixed_input",NA,NA,NA,"custom RTMB","base coefficients",NA,NA
"sel_a501_fsh_dev[23]",0,NA,NA,"fixed_input",NA,NA,NA,"custom RTMB","base coefficients",NA,NA
"sel_a501_fsh_dev[24]",0,NA,NA,"fixed_input",NA,NA,NA,"custom RTMB","base coefficients",NA,NA
"sel_a501_fsh_dev[25]",0,NA,NA,"fixed_input",NA,NA,NA,"custom RTMB","base coefficients",NA,NA
"sel_a501_fsh_dev[26]",0,NA,NA,"fixed_input",NA,NA,NA,"custom RTMB","base coefficients",NA,NA
"sel_a501_fsh_dev[27]",0,NA,NA,"fixed_input",NA,NA,NA,"custom RTMB","base coefficients",NA,NA
"sel_a501_fsh_dev[28]",0,NA,NA,"fixed_input",NA,NA,NA,"custom RTMB","base coefficients",NA,NA
"sel_a501_fsh_dev[29]",0,NA,NA,"fixed_input",NA,NA,NA,"custom RTMB","base coefficients",NA,NA
"sel_a501_fsh_dev[30]",0,NA,NA,"fixed_input",NA,NA,NA,"custom RTMB","base coefficients",NA,NA
"sel_a501_fsh_dev[31]",0,NA,NA,"fixed_input",NA,NA,NA,"custom RTMB","base coefficients",NA,NA
"sel_a501_fsh_dev[32]",0,NA,NA,"fixed_input",NA,NA,NA,"custom RTMB","base coefficients",NA,NA
"sel_a501_fsh_dev[33]",0,NA,NA,"fixed_input",NA,NA,NA,"custom RTMB","base coefficients",NA,NA
"sel_a501_fsh_dev[34]",0,NA,NA,"fixed_input",NA,NA,NA,"custom RTMB","base coefficients",NA,NA
"sel_a501_fsh_dev[35]",0,NA,NA,"fixed_input",NA,NA,NA,"custom RTMB","base coefficients",NA,NA
"sel_a501_fsh_dev[36]",0,NA,NA,"fixed_input",NA,NA,NA,"custom RTMB","base coefficients",NA,NA
"sel_a501_fsh_dev[37]",0,NA,NA,"fixed_input",NA,NA,NA,"custom RTMB","base coefficients",NA,NA
"sel_a501_fsh_dev[38]",0,NA,NA,"fixed_input",NA,NA,NA,"custom RTMB","base coefficients",NA,NA
"sel_a501_fsh_dev[39]",0,NA,NA,"fixed_input",NA,NA,NA,"custom RTMB","base coefficients",NA,NA
"sel_a501_fsh_dev[40]",0,NA,NA,"fixed_input",NA,NA,NA,"custom RTMB","base coefficients",NA,NA
"sel_a501_fsh_dev[41]",0,NA,NA,"fixed_input",NA,NA,NA,"custom RTMB","base coefficients",NA,NA
"sel_a501_fsh_dev[42]",0,NA,NA,"fixed_input",NA,NA,NA,"custom RTMB","base coefficients",NA,NA
"sel_a501_fsh_dev[43]",0,NA,NA,"fixed_input",NA,NA,NA,"custom RTMB","base coefficients",NA,NA
"sel_a501_fsh_dev[44]",0,NA,NA,"fixed_input",NA,NA,NA,"custom RTMB","base coefficients",NA,NA
"sel_a501_fsh_dev[45]",0,NA,NA,"fixed_input",NA,NA,NA,"custom RTMB","base coefficients",NA,NA
"sel_a501_fsh_dev[46]",0,NA,NA,"fixed_input",NA,NA,NA,"custom RTMB","base coefficients",NA,NA
"sel_a501_fsh_dev[47]",0,NA,NA,"fixed_input",NA,NA,NA,"custom RTMB","base coefficients",NA,NA
"sel_a501_fsh_dev[48]",0,NA,NA,"fixed_input",NA,NA,NA,"custom RTMB","base coefficients",NA,NA
"sel_a501_fsh_dev[49]",0,NA,NA,"fixed_input",NA,NA,NA,"custom RTMB","base coefficients",NA,NA
"sel_a501_fsh_dev[50]",0,NA,NA,"fixed_input",NA,NA,NA,"custom RTMB","base coefficients",NA,NA
"sel_a501_fsh_dev[51]",0,NA,NA,"fixed_input",NA,NA,NA,"custom RTMB","base coefficients",NA,NA
"sel_a501_fsh_dev[52]",0,NA,NA,"fixed_input",NA,NA,NA,"custom RTMB","base coefficients",NA,NA
"sel_a501_fsh_dev[53]",0,NA,NA,"fixed_input",NA,NA,NA,"custom RTMB","base coefficients",NA,NA
"sel_a501_fsh_dev[54]",0,NA,NA,"fixed_input",NA,NA,NA,"custom RTMB","base coefficients",NA,NA
"sel_a501_fsh_dev[55]",0,NA,NA,"fixed_input",NA,NA,NA,"custom RTMB","base coefficients",NA,NA
"sel_a501_fsh_dev[56]",0,NA,NA,"fixed_input",NA,NA,NA,"custom RTMB","base coefficients",NA,NA
"sel_a501_fsh_dev[57]",0,NA,NA,"fixed_input",NA,NA,NA,"custom RTMB","base coefficients",NA,NA
"sel_a501_fsh_dev[58]",0,NA,NA,"fixed_input",NA,NA,NA,"custom RTMB","base coefficients",NA,NA
"sel_a501_fsh_dev[59]",0,NA,NA,"fixed_input",NA,NA,NA,"custom RTMB","base coefficients",NA,NA
"sel_a501_fsh_dev[60]",0,NA,NA,"fixed_input",NA,NA,NA,"custom RTMB","base coefficients",NA,NA
"sel_a501_fsh_dev[61]",0,NA,NA,"fixed_input",NA,NA,NA,"custom RTMB","base coefficients",NA,NA
"sel_trm2_fsh_dev[1]",0,NA,NA,"fixed_input",NA,NA,NA,"custom RTMB","base coefficients",NA,NA
"sel_trm2_fsh_dev[2]",0,NA,NA,"fixed_input",NA,NA,NA,"custom RTMB","base coefficients",NA,NA
"sel_trm2_fsh_dev[3]",0,NA,NA,"fixed_input",NA,NA,NA,"custom RTMB","base coefficients",NA,NA
"sel_trm2_fsh_dev[4]",0,NA,NA,"fixed_input",NA,NA,NA,"custom RTMB","base coefficients",NA,NA
"sel_trm2_fsh_dev[5]",0,NA,NA,"fixed_input",NA,NA,NA,"custom RTMB","base coefficients",NA,NA
"sel_trm2_fsh_dev[6]",0,NA,NA,"fixed_input",NA,NA,NA,"custom RTMB","base coefficients",NA,NA
"sel_trm2_fsh_dev[7]",0,NA,NA,"fixed_input",NA,NA,NA,"custom RTMB","base coefficients",NA,NA
"sel_trm2_fsh_dev[8]",0,NA,NA,"fixed_input",NA,NA,NA,"custom RTMB","base coefficients",NA,NA
"sel_trm2_fsh_dev[9]",0,NA,NA,"fixed_input",NA,NA,NA,"custom RTMB","base coefficients",NA,NA
"sel_trm2_fsh_dev[10]",0,NA,NA,"fixed_input",NA,NA,NA,"custom RTMB","base coefficients",NA,NA
"sel_trm2_fsh_dev[11]",0,NA,NA,"fixed_input",NA,NA,NA,"custom RTMB","base coefficients",NA,NA
"sel_trm2_fsh_dev[12]",0,NA,NA,"fixed_input",NA,NA,NA,"custom RTMB","base coefficients",NA,NA
"sel_trm2_fsh_dev[13]",0,NA,NA,"fixed_input",NA,NA,NA,"custom RTMB","base coefficients",NA,NA
"sel_trm2_fsh_dev[14]",0,NA,NA,"fixed_input",NA,NA,NA,"custom RTMB","base coefficients",NA,NA
"sel_trm2_fsh_dev[15]",0,NA,NA,"fixed_input",NA,NA,NA,"custom RTMB","base coefficients",NA,NA
"sel_trm2_fsh_dev[16]",0,NA,NA,"fixed_input",NA,NA,NA,"custom RTMB","base coefficients",NA,NA
"sel_trm2_fsh_dev[17]",0,NA,NA,"fixed_input",NA,NA,NA,"custom RTMB","base coefficients",NA,NA
"sel_trm2_fsh_dev[18]",0,NA,NA,"fixed_input",NA,NA,NA,"custom RTMB","base coefficients",NA,NA
"sel_trm2_fsh_dev[19]",0,NA,NA,"fixed_input",NA,NA,NA,"custom RTMB","base coefficients",NA,NA
"sel_trm2_fsh_dev[20]",0,NA,NA,"fixed_input",NA,NA,NA,"custom RTMB","base coefficients",NA,NA
"sel_trm2_fsh_dev[21]",0,NA,NA,"fixed_input",NA,NA,NA,"custom RTMB","base coefficients",NA,NA
"sel_trm2_fsh_dev[22]",0,NA,NA,"fixed_input",NA,NA,NA,"custom RTMB","base coefficients",NA,NA
"sel_trm2_fsh_dev[23]",0,NA,NA,"fixed_input",NA,NA,NA,"custom RTMB","base coefficients",NA,NA
"sel_trm2_fsh_dev[24]",0,NA,NA,"fixed_input",NA,NA,NA,"custom RTMB","base coefficients",NA,NA
"sel_trm2_fsh_dev[25]",0,NA,NA,"fixed_input",NA,NA,NA,"custom RTMB","base coefficients",NA,NA
"sel_trm2_fsh_dev[26]",0,NA,NA,"fixed_input",NA,NA,NA,"custom RTMB","base coefficients",NA,NA
"sel_trm2_fsh_dev[27]",0,NA,NA,"fixed_input",NA,NA,NA,"custom RTMB","base coefficients",NA,NA
"sel_trm2_fsh_dev[28]",0,NA,NA,"fixed_input",NA,NA,NA,"custom RTMB","base coefficients",NA,NA
"sel_trm2_fsh_dev[29]",0,NA,NA,"fixed_input",NA,NA,NA,"custom RTMB","base coefficients",NA,NA
"sel_trm2_fsh_dev[30]",0,NA,NA,"fixed_input",NA,NA,NA,"custom RTMB","base coefficients",NA,NA
"sel_trm2_fsh_dev[31]",0,NA,NA,"fixed_input",NA,NA,NA,"custom RTMB","base coefficients",NA,NA
"sel_trm2_fsh_dev[32]",0,NA,NA,"fixed_input",NA,NA,NA,"custom RTMB","base coefficients",NA,NA
"sel_trm2_fsh_dev[33]",0,NA,NA,"fixed_input",NA,NA,NA,"custom RTMB","base coefficients",NA,NA
"sel_trm2_fsh_dev[34]",0,NA,NA,"fixed_input",NA,NA,NA,"custom RTMB","base coefficients",NA,NA
"sel_trm2_fsh_dev[35]",0,NA,NA,"fixed_input",NA,NA,NA,"custom RTMB","base coefficients",NA,NA
"sel_trm2_fsh_dev[36]",0,NA,NA,"fixed_input",NA,NA,NA,"custom RTMB","base coefficients",NA,NA
"sel_trm2_fsh_dev[37]",0,NA,NA,"fixed_input",NA,NA,NA,"custom RTMB","base coefficients",NA,NA
"sel_trm2_fsh_dev[38]",0,NA,NA,"fixed_input",NA,NA,NA,"custom RTMB","base coefficients",NA,NA
"sel_trm2_fsh_dev[39]",0,NA,NA,"fixed_input",NA,NA,NA,"custom RTMB","base coefficients",NA,NA
"sel_trm2_fsh_dev[40]",0,NA,NA,"fixed_input",NA,NA,NA,"custom RTMB","base coefficients",NA,NA
"sel_trm2_fsh_dev[41]",0,NA,NA,"fixed_input",NA,NA,NA,"custom RTMB","base coefficients",NA,NA
"sel_trm2_fsh_dev[42]",0,NA,NA,"fixed_input",NA,NA,NA,"custom RTMB","base coefficients",NA,NA
"sel_trm2_fsh_dev[43]",0,NA,NA,"fixed_input",NA,NA,NA,"custom RTMB","base coefficients",NA,NA
"sel_trm2_fsh_dev[44]",0,NA,NA,"fixed_input",NA,NA,NA,"custom RTMB","base coefficients",NA,NA
"sel_trm2_fsh_dev[45]",0,NA,NA,"fixed_input",NA,NA,NA,"custom RTMB","base coefficients",NA,NA
"sel_trm2_fsh_dev[46]",0,NA,NA,"fixed_input",NA,NA,NA,"custom RTMB","base coefficients",NA,NA
"sel_trm2_fsh_dev[47]",0,NA,NA,"fixed_input",NA,NA,NA,"custom RTMB","base coefficients",NA,NA
"sel_trm2_fsh_dev[48]",0,NA,NA,"fixed_input",NA,NA,NA,"custom RTMB","base coefficients",NA,NA
"sel_trm2_fsh_dev[49]",0,NA,NA,"fixed_input",NA,NA,NA,"custom RTMB","base coefficients",NA,NA
"sel_trm2_fsh_dev[50]",0,NA,NA,"fixed_input",NA,NA,NA,"custom RTMB","base coefficients",NA,NA
"sel_trm2_fsh_dev[51]",0,NA,NA,"fixed_input",NA,NA,NA,"custom RTMB","base coefficients",NA,NA
"sel_trm2_fsh_dev[52]",0,NA,NA,"fixed_input",NA,NA,NA,"custom RTMB","base coefficients",NA,NA
"sel_trm2_fsh_dev[53]",0,NA,NA,"fixed_input",NA,NA,NA,"custom RTMB","base coefficients",NA,NA
"sel_trm2_fsh_dev[54]",0,NA,NA,"fixed_input",NA,NA,NA,"custom RTMB","base coefficients",NA,NA
"sel_trm2_fsh_dev[55]",0,NA,NA,"fixed_input",NA,NA,NA,"custom RTMB","base coefficients",NA,NA
"sel_trm2_fsh_dev[56]",0,NA,NA,"fixed_input",NA,NA,NA,"custom RTMB","base coefficients",NA,NA
"sel_trm2_fsh_dev[57]",0,NA,NA,"fixed_input",NA,NA,NA,"custom RTMB","base coefficients",NA,NA
"sel_trm2_fsh_dev[58]",0,NA,NA,"fixed_input",NA,NA,NA,"custom RTMB","base coefficients",NA,NA
"sel_trm2_fsh_dev[59]",0,NA,NA,"fixed_input",NA,NA,NA,"custom RTMB","base coefficients",NA,NA
"sel_trm2_fsh_dev[60]",0,NA,NA,"fixed_input",NA,NA,NA,"custom RTMB","base coefficients",NA,NA
"sel_trm2_fsh_dev[61]",0,NA,NA,"fixed_input",NA,NA,NA,"custom RTMB","base coefficients",NA,NA
"rec_dev_future[1]",0,NA,NA,"fixed_input",NA,NA,NA,"custom RTMB","base coefficients",NA,NA
"rec_dev_future[2]",0,NA,NA,"fixed_input",NA,NA,NA,"custom RTMB","base coefficients",NA,NA
"rec_dev_future[3]",0,NA,NA,"fixed_input",NA,NA,NA,"custom RTMB","base coefficients",NA,NA
"rec_dev_future[4]",0,NA,NA,"fixed_input",NA,NA,NA,"custom RTMB","base coefficients",NA,NA
"rec_dev_future[5]",0,NA,NA,"fixed_input",NA,NA,NA,"custom RTMB","base coefficients",NA,NA
"M_dev[1]",0,NA,NA,"fixed_input",NA,NA,NA,"custom RTMB","base coefficients",NA,NA
"M_dev[2]",0,NA,NA,"fixed_input",NA,NA,NA,"custom RTMB","base coefficients",NA,NA
"M_dev[3]",0,NA,NA,"fixed_input",NA,NA,NA,"custom RTMB","base coefficients",NA,NA
"M_dev[4]",0,NA,NA,"fixed_input",NA,NA,NA,"custom RTMB","base coefficients",NA,NA
"M_dev[5]",0,NA,NA,"fixed_input",NA,NA,NA,"custom RTMB","base coefficients",NA,NA
"M_dev[6]",0,NA,NA,"fixed_input",NA,NA,NA,"custom RTMB","base coefficients",NA,NA
"M_dev[7]",0,NA,NA,"fixed_input",NA,NA,NA,"custom RTMB","base coefficients",NA,NA
"M_dev[8]",0,NA,NA,"fixed_input",NA,NA,NA,"custom RTMB","base coefficients",NA,NA
"M_dev[9]",0,NA,NA,"fixed_input",NA,NA,NA,"custom RTMB","base coefficients",NA,NA
"M_dev[10]",0,NA,NA,"fixed_input",NA,NA,NA,"custom RTMB","base coefficients",NA,NA
"M_dev[11]",0,NA,NA,"fixed_input",NA,NA,NA,"custom RTMB","base coefficients",NA,NA
"M_dev[12]",0,NA,NA,"fixed_input",NA,NA,NA,"custom RTMB","base coefficients",NA,NA
"M_dev[13]",0,NA,NA,"fixed_input",NA,NA,NA,"custom RTMB","base coefficients",NA,NA
"M_dev[14]",0,NA,NA,"fixed_input",NA,NA,NA,"custom RTMB","base coefficients",NA,NA
"M_dev[15]",0,NA,NA,"fixed_input",NA,NA,NA,"custom RTMB","base coefficients",NA,NA
"M_dev[16]",0,NA,NA,"fixed_input",NA,NA,NA,"custom RTMB","base coefficients",NA,NA
"M_dev[17]",0,NA,NA,"fixed_input",NA,NA,NA,"custom RTMB","base coefficients",NA,NA
"M_dev[18]",0,NA,NA,"fixed_input",NA,NA,NA,"custom RTMB","base coefficients",NA,NA
"M_dev[19]",0,NA,NA,"fixed_input",NA,NA,NA,"custom RTMB","base coefficients",NA,NA
"M_dev[20]",0,NA,NA,"fixed_input",NA,NA,NA,"custom RTMB","base coefficients",NA,NA
"M_dev[21]",0,NA,NA,"fixed_input",NA,NA,NA,"custom RTMB","base coefficients",NA,NA
"M_dev[22]",0,NA,NA,"fixed_input",NA,NA,NA,"custom RTMB","base coefficients",NA,NA
"M_dev[23]",0,NA,NA,"fixed_input",NA,NA,NA,"custom RTMB","base coefficients",NA,NA
"M_dev[24]",0,NA,NA,"fixed_input",NA,NA,NA,"custom RTMB","base coefficients",NA,NA
"M_dev[25]",0,NA,NA,"fixed_input",NA,NA,NA,"custom RTMB","base coefficients",NA,NA
"M_dev[26]",0,NA,NA,"fixed_input",NA,NA,NA,"custom RTMB","base coefficients",NA,NA
"M_dev[27]",0,NA,NA,"fixed_input",NA,NA,NA,"custom RTMB","base coefficients",NA,NA
"M_dev[28]",0,NA,NA,"fixed_input",NA,NA,NA,"custom RTMB","base coefficients",NA,NA
"M_dev[29]",0,NA,NA,"fixed_input",NA,NA,NA,"custom RTMB","base coefficients",NA,NA
"M_dev[30]",0,NA,NA,"fixed_input",NA,NA,NA,"custom RTMB","base coefficients",NA,NA
"M_dev[31]",0,NA,NA,"fixed_input",NA,NA,NA,"custom RTMB","base coefficients",NA,NA
"M_dev[32]",0,NA,NA,"fixed_input",NA,NA,NA,"custom RTMB","base coefficients",NA,NA
"M_dev[33]",0,NA,NA,"fixed_input",NA,NA,NA,"custom RTMB","base coefficients",NA,NA
"M_dev[34]",0,NA,NA,"fixed_input",NA,NA,NA,"custom RTMB","base coefficients",NA,NA
"M_dev[35]",0,NA,NA,"fixed_input",NA,NA,NA,"custom RTMB","base coefficients",NA,NA
"M_dev[36]",0,NA,NA,"fixed_input",NA,NA,NA,"custom RTMB","base coefficients",NA,NA
"M_dev[37]",0,NA,NA,"fixed_input",NA,NA,NA,"custom RTMB","base coefficients",NA,NA
"M_dev[38]",0,NA,NA,"fixed_input",NA,NA,NA,"custom RTMB","base coefficients",NA,NA
"M_dev[39]",0,NA,NA,"fixed_input",NA,NA,NA,"custom RTMB","base coefficients",NA,NA
"M_dev[40]",0,NA,NA,"fixed_input",NA,NA,NA,"custom RTMB","base coefficients",NA,NA
"M_dev[41]",0,NA,NA,"fixed_input",NA,NA,NA,"custom RTMB","base coefficients",NA,NA
"M_dev[42]",0,NA,NA,"fixed_input",NA,NA,NA,"custom RTMB","base coefficients",NA,NA
"M_dev[43]",0,NA,NA,"fixed_input",NA,NA,NA,"custom RTMB","base coefficients",NA,NA
"M_dev[44]",0,NA,NA,"fixed_input",NA,NA,NA,"custom RTMB","base coefficients",NA,NA
"M_dev[45]",0,NA,NA,"fixed_input",NA,NA,NA,"custom RTMB","base coefficients",NA,NA
"M_dev[46]",0,NA,NA,"fixed_input",NA,NA,NA,"custom RTMB","base coefficients",NA,NA
"M_dev[47]",0,NA,NA,"fixed_input",NA,NA,NA,"custom RTMB","base coefficients",NA,NA
"M_dev[48]",0,NA,NA,"fixed_input",NA,NA,NA,"custom RTMB","base coefficients",NA,NA
"M_dev[49]",0,NA,NA,"fixed_input",NA,NA,NA,"custom RTMB","base coefficients",NA,NA
"M_dev[50]",0,NA,NA,"fixed_input",NA,NA,NA,"custom RTMB","base coefficients",NA,NA
"M_dev[51]",0,NA,NA,"fixed_input",NA,NA,NA,"custom RTMB","base coefficients",NA,NA
"M_dev[52]",0,NA,NA,"fixed_input",NA,NA,NA,"custom RTMB","base coefficients",NA,NA
"M_dev[53]",0,NA,NA,"fixed_input",NA,NA,NA,"custom RTMB","base coefficients",NA,NA
"M_dev[54]",0,NA,NA,"fixed_input",NA,NA,NA,"custom RTMB","base coefficients",NA,NA
"M_dev[55]",0,NA,NA,"fixed_input",NA,NA,NA,"custom RTMB","base coefficients",NA,NA
"M_dev[56]",0,NA,NA,"fixed_input",NA,NA,NA,"custom RTMB","base coefficients",NA,NA
"M_dev[57]",0,NA,NA,"fixed_input",NA,NA,NA,"custom RTMB","base coefficients",NA,NA
"M_dev[58]",0,NA,NA,"fixed_input",NA,NA,NA,"custom RTMB","base coefficients",NA,NA
"M_dev[59]",0,NA,NA,"fixed_input",NA,NA,NA,"custom RTMB","base coefficients",NA,NA
"M_dev[60]",0,NA,NA,"fixed_input",NA,NA,NA,"custom RTMB","base coefficients",NA,NA
"L1",28.2780669276,NA,NA,"fixed_input",NA,NA,NA,"custom RTMB","base coefficients",NA,NA
"L2",46.0963290852,NA,NA,"fixed_input",NA,NA,NA,"custom RTMB","base coefficients",NA,NA
"log_alpha",-11,NA,NA,"fixed_input",NA,NA,NA,"custom RTMB","base coefficients",NA,NA
"log_K",-0.127712246938,NA,NA,"fixed_input",NA,NA,NA,"custom RTMB","base coefficients",NA,NA
"d_scale[1]",0.524271030379,NA,NA,"fixed_input",NA,NA,NA,"custom RTMB","base coefficients",NA,NA
"d_scale[2]",0.704796055959,NA,NA,"fixed_input",NA,NA,NA,"custom RTMB","base coefficients",NA,NA
"d_scale[3]",0.765596317185,NA,NA,"fixed_input",NA,NA,NA,"custom RTMB","base coefficients",NA,NA
"d_scale[4]",0.829605777285,NA,NA,"fixed_input",NA,NA,NA,"custom RTMB","base coefficients",NA,NA
"d_scale[5]",0.869713538438,NA,NA,"fixed_input",NA,NA,NA,"custom RTMB","base coefficients",NA,NA
"d_scale[6]",0.932864149954,NA,NA,"fixed_input",NA,NA,NA,"custom RTMB","base coefficients",NA,NA
"d_scale[7]",0.978332023007,NA,NA,"fixed_input",NA,NA,NA,"custom RTMB","base coefficients",NA,NA
"d_scale[8]",0.974084092206,NA,NA,"fixed_input",NA,NA,NA,"custom RTMB","base coefficients",NA,NA
"d_scale[9]",0.994009993674,NA,NA,"fixed_input",NA,NA,NA,"custom RTMB","base coefficients",NA,NA
"d_scale[10]",0.933090159213,NA,NA,"fixed_input",NA,NA,NA,"custom RTMB","base coefficients",NA,NA
"d_scale[11]",0.952799217071,NA,NA,"fixed_input",NA,NA,NA,"custom RTMB","base coefficients",NA,NA
"d_scale[12]",0.861007993672,NA,NA,"fixed_input",NA,NA,NA,"custom RTMB","base coefficients",NA,NA
"d_scale[13]",1.00250077928,NA,NA,"fixed_input",NA,NA,NA,"custom RTMB","base coefficients",NA,NA
"coh_eff[1]",0,NA,NA,"fixed_input",NA,NA,NA,"custom RTMB","base coefficients",NA,NA
"coh_eff[2]",0,NA,NA,"fixed_input",NA,NA,NA,"custom RTMB","base coefficients",NA,NA
"coh_eff[3]",0,NA,NA,"fixed_input",NA,NA,NA,"custom RTMB","base coefficients",NA,NA
"coh_eff[4]",0,NA,NA,"fixed_input",NA,NA,NA,"custom RTMB","base coefficients",NA,NA
"coh_eff[5]",0,NA,NA,"fixed_input",NA,NA,NA,"custom RTMB","base coefficients",NA,NA
"coh_eff[6]",0,NA,NA,"fixed_input",NA,NA,NA,"custom RTMB","base coefficients",NA,NA
"coh_eff[7]",0,NA,NA,"fixed_input",NA,NA,NA,"custom RTMB","base coefficients",NA,NA
"coh_eff[8]",0,NA,NA,"fixed_input",NA,NA,NA,"custom RTMB","base coefficients",NA,NA
"coh_eff[9]",0,NA,NA,"fixed_input",NA,NA,NA,"custom RTMB","base coefficients",NA,NA
"coh_eff[10]",0,NA,NA,"fixed_input",NA,NA,NA,"custom RTMB","base coefficients",NA,NA
"coh_eff[11]",0,NA,NA,"fixed_input",NA,NA,NA,"custom RTMB","base coefficients",NA,NA
"coh_eff[12]",0,NA,NA,"fixed_input",NA,NA,NA,"custom RTMB","base coefficients",NA,NA
"coh_eff[13]",0,NA,NA,"fixed_input",NA,NA,NA,"custom RTMB","base coefficients",NA,NA
"coh_eff[14]",0,NA,NA,"fixed_input",NA,NA,NA,"custom RTMB","base coefficients",NA,NA
"coh_eff[15]",0,NA,NA,"fixed_input",NA,NA,NA,"custom RTMB","base coefficients",NA,NA
"coh_eff[16]",0,NA,NA,"fixed_input",NA,NA,NA,"custom RTMB","base coefficients",NA,NA
"coh_eff[17]",-0.195727357055997,NA,NA,"fixed_input",NA,NA,NA,"custom RTMB","base coefficients",NA,NA
"coh_eff[18]",0.270194299652867,NA,NA,"fixed_input",NA,NA,NA,"custom RTMB","base coefficients",NA,NA
"coh_eff[19]",0.0178846122337601,NA,NA,"fixed_input",NA,NA,NA,"custom RTMB","base coefficients",NA,NA
"coh_eff[20]",0.507850021002615,NA,NA,"fixed_input",NA,NA,NA,"custom RTMB","base coefficients",NA,NA
"coh_eff[21]",-0.42494367175279,NA,NA,"fixed_input",NA,NA,NA,"custom RTMB","base coefficients",NA,NA
"coh_eff[22]",0.557308370264779,NA,NA,"fixed_input",NA,NA,NA,"custom RTMB","base coefficients",NA,NA
"coh_eff[23]",-0.49405257954937,NA,NA,"fixed_input",NA,NA,NA,"custom RTMB","base coefficients",NA,NA
"coh_eff[24]",0.447586000691627,NA,NA,"fixed_input",NA,NA,NA,"custom RTMB","base coefficients",NA,NA
"coh_eff[25]",0.039041489389762,NA,NA,"fixed_input",NA,NA,NA,"custom RTMB","base coefficients",NA,NA
"coh_eff[26]",-0.116119827732813,NA,NA,"fixed_input",NA,NA,NA,"custom RTMB","base coefficients",NA,NA
"coh_eff[27]",-0.431925987212787,NA,NA,"fixed_input",NA,NA,NA,"custom RTMB","base coefficients",NA,NA
"coh_eff[28]",-0.590149237167007,NA,NA,"fixed_input",NA,NA,NA,"custom RTMB","base coefficients",NA,NA
"coh_eff[29]",0.549418980905346,NA,NA,"fixed_input",NA,NA,NA,"custom RTMB","base coefficients",NA,NA
"coh_eff[30]",0.649129798897522,NA,NA,"fixed_input",NA,NA,NA,"custom RTMB","base coefficients",NA,NA
"coh_eff[31]",1.12421025199835,NA,NA,"fixed_input",NA,NA,NA,"custom RTMB","base coefficients",NA,NA
"coh_eff[32]",-0.0507822296239986,NA,NA,"fixed_input",NA,NA,NA,"custom RTMB","base coefficients",NA,NA
"coh_eff[33]",0.605563410952233,NA,NA,"fixed_input",NA,NA,NA,"custom RTMB","base coefficients",NA,NA
"coh_eff[34]",-0.0270275439257438,NA,NA,"fixed_input",NA,NA,NA,"custom RTMB","base coefficients",NA,NA
"coh_eff[35]",-1.0144522937641,NA,NA,"fixed_input",NA,NA,NA,"custom RTMB","base coefficients",NA,NA
"coh_eff[36]",-0.880882271752733,NA,NA,"fixed_input",NA,NA,NA,"custom RTMB","base coefficients",NA,NA
"coh_eff[37]",-0.972450293280191,NA,NA,"fixed_input",NA,NA,NA,"custom RTMB","base coefficients",NA,NA
"coh_eff[38]",0.848661290849001,NA,NA,"fixed_input",NA,NA,NA,"custom RTMB","base coefficients",NA,NA
"coh_eff[39]",1.78563176136674,NA,NA,"fixed_input",NA,NA,NA,"custom RTMB","base coefficients",NA,NA
"coh_eff[40]",0.499990018632571,NA,NA,"fixed_input",NA,NA,NA,"custom RTMB","base coefficients",NA,NA
"coh_eff[41]",-0.98984677996255,NA,NA,"fixed_input",NA,NA,NA,"custom RTMB","base coefficients",NA,NA
"coh_eff[42]",-0.0785234536477774,NA,NA,"fixed_input",NA,NA,NA,"custom RTMB","base coefficients",NA,NA
"coh_eff[43]",0.964749492426598,NA,NA,"fixed_input",NA,NA,NA,"custom RTMB","base coefficients",NA,NA
"coh_eff[44]",0.464439809425586,NA,NA,"fixed_input",NA,NA,NA,"custom RTMB","base coefficients",NA,NA
"coh_eff[45]",0.393605586074727,NA,NA,"fixed_input",NA,NA,NA,"custom RTMB","base coefficients",NA,NA
"coh_eff[46]",-0.0710532853378037,NA,NA,"fixed_input",NA,NA,NA,"custom RTMB","base coefficients",NA,NA
"coh_eff[47]",0.382437870289191,NA,NA,"fixed_input",NA,NA,NA,"custom RTMB","base coefficients",NA,NA
"coh_eff[48]",0.875274607186941,NA,NA,"fixed_input",NA,NA,NA,"custom RTMB","base coefficients",NA,NA
"coh_eff[49]",1.45540098367747,NA,NA,"fixed_input",NA,NA,NA,"custom RTMB","base coefficients",NA,NA
"coh_eff[50]",0.411144318480186,NA,NA,"fixed_input",NA,NA,NA,"custom RTMB","base coefficients",NA,NA
"coh_eff[51]",-0.804028861622668,NA,NA,"fixed_input",NA,NA,NA,"custom RTMB","base coefficients",NA,NA
"coh_eff[52]",-1.12250310793658,NA,NA,"fixed_input",NA,NA,NA,"custom RTMB","base coefficients",NA,NA
"coh_eff[53]",-0.453700938206156,NA,NA,"fixed_input",NA,NA,NA,"custom RTMB","base coefficients",NA,NA
"coh_eff[54]",-1.67131743667315,NA,NA,"fixed_input",NA,NA,NA,"custom RTMB","base coefficients",NA,NA
"coh_eff[55]",-0.775239948869865,NA,NA,"fixed_input",NA,NA,NA,"custom RTMB","base coefficients",NA,NA
"coh_eff[56]",-1.53854952493838,NA,NA,"fixed_input",NA,NA,NA,"custom RTMB","base coefficients",NA,NA
"coh_eff[57]",-2.03471505583498,NA,NA,"fixed_input",NA,NA,NA,"custom RTMB","base coefficients",NA,NA
"coh_eff[58]",-1.88593711163665,NA,NA,"fixed_input",NA,NA,NA,"custom RTMB","base coefficients",NA,NA
"coh_eff[59]",-1.15802463340081,NA,NA,"fixed_input",NA,NA,NA,"custom RTMB","base coefficients",NA,NA
"coh_eff[60]",0.720734711633639,NA,NA,"fixed_input",NA,NA,NA,"custom RTMB","base coefficients",NA,NA
"coh_eff[61]",0.774457839379166,NA,NA,"fixed_input",NA,NA,NA,"custom RTMB","base coefficients",NA,NA
"coh_eff[62]",0.0191158873373269,NA,NA,"fixed_input",NA,NA,NA,"custom RTMB","base coefficients",NA,NA
"coh_eff[63]",0.321800080692152,NA,NA,"fixed_input",NA,NA,NA,"custom RTMB","base coefficients",NA,NA
"coh_eff[64]",0.564117695054242,NA,NA,"fixed_input",NA,NA,NA,"custom RTMB","base coefficients",NA,NA
"coh_eff[65]",1.40880587012994,NA,NA,"fixed_input",NA,NA,NA,"custom RTMB","base coefficients",NA,NA
"coh_eff[66]",0.370853110099217,NA,NA,"fixed_input",NA,NA,NA,"custom RTMB","base coefficients",NA,NA
"coh_eff[67]",0.189005780731224,NA,NA,"fixed_input",NA,NA,NA,"custom RTMB","base coefficients",NA,NA
"coh_eff[68]",1.11705019986038,NA,NA,"fixed_input",NA,NA,NA,"custom RTMB","base coefficients",NA,NA
"coh_eff[69]",1.66502128919742,NA,NA,"fixed_input",NA,NA,NA,"custom RTMB","base coefficients",NA,NA
"coh_eff[70]",0.353911004126014,NA,NA,"fixed_input",NA,NA,NA,"custom RTMB","base coefficients",NA,NA
"coh_eff[71]",0,NA,NA,"fixed_input",NA,NA,NA,"custom RTMB","base coefficients",NA,NA
"coh_eff[72]",0,NA,NA,"fixed_input",NA,NA,NA,"custom RTMB","base coefficients",NA,NA
"yr_eff[1]",0,NA,NA,"fixed_input",NA,NA,NA,"custom RTMB","base coefficients",NA,NA
"yr_eff[2]",0.182048719290584,NA,NA,"fixed_input",NA,NA,NA,"custom RTMB","base coefficients",NA,NA
"yr_eff[3]",-0.0368456563380032,NA,NA,"fixed_input",NA,NA,NA,"custom RTMB","base coefficients",NA,NA
"yr_eff[4]",0.255813179665395,NA,NA,"fixed_input",NA,NA,NA,"custom RTMB","base coefficients",NA,NA
"yr_eff[5]",0.285237773093184,NA,NA,"fixed_input",NA,NA,NA,"custom RTMB","base coefficients",NA,NA
"yr_eff[6]",1.41123094061576,NA,NA,"fixed_input",NA,NA,NA,"custom RTMB","base coefficients",NA,NA
"yr_eff[7]",0.323892741417934,NA,NA,"fixed_input",NA,NA,NA,"custom RTMB","base coefficients",NA,NA
"yr_eff[8]",1.80156542023483,NA,NA,"fixed_input",NA,NA,NA,"custom RTMB","base coefficients",NA,NA
"yr_eff[9]",0.261991557871216,NA,NA,"fixed_input",NA,NA,NA,"custom RTMB","base coefficients",NA,NA
"yr_eff[10]",0.994121534796527,NA,NA,"fixed_input",NA,NA,NA,"custom RTMB","base coefficients",NA,NA
"yr_eff[11]",1.05416351993143,NA,NA,"fixed_input",NA,NA,NA,"custom RTMB","base coefficients",NA,NA
"yr_eff[12]",0.686783435678896,NA,NA,"fixed_input",NA,NA,NA,"custom RTMB","base coefficients",NA,NA
"yr_eff[13]",-0.0135141006433752,NA,NA,"fixed_input",NA,NA,NA,"custom RTMB","base coefficients",NA,NA
"yr_eff[14]",0.710121862453992,NA,NA,"fixed_input",NA,NA,NA,"custom RTMB","base coefficients",NA,NA
"yr_eff[15]",-0.714577694930235,NA,NA,"fixed_input",NA,NA,NA,"custom RTMB","base coefficients",NA,NA
"yr_eff[16]",-0.0426538203434618,NA,NA,"fixed_input",NA,NA,NA,"custom RTMB","base coefficients",NA,NA
"yr_eff[17]",-1.56818008210783,NA,NA,"fixed_input",NA,NA,NA,"custom RTMB","base coefficients",NA,NA
"yr_eff[18]",-0.750079926954378,NA,NA,"fixed_input",NA,NA,NA,"custom RTMB","base coefficients",NA,NA
"yr_eff[19]",-1.17331687367864,NA,NA,"fixed_input",NA,NA,NA,"custom RTMB","base coefficients",NA,NA
"yr_eff[20]",-0.904122057301569,NA,NA,"fixed_input",NA,NA,NA,"custom RTMB","base coefficients",NA,NA
"yr_eff[21]",0.295509270065389,NA,NA,"fixed_input",NA,NA,NA,"custom RTMB","base coefficients",NA,NA
"yr_eff[22]",0.0313346315820626,NA,NA,"fixed_input",NA,NA,NA,"custom RTMB","base coefficients",NA,NA
"yr_eff[23]",0.0445353395345361,NA,NA,"fixed_input",NA,NA,NA,"custom RTMB","base coefficients",NA,NA
"yr_eff[24]",0.820971708301416,NA,NA,"fixed_input",NA,NA,NA,"custom RTMB","base coefficients",NA,NA
"yr_eff[25]",-0.06550394158698,NA,NA,"fixed_input",NA,NA,NA,"custom RTMB","base coefficients",NA,NA
"yr_eff[26]",-0.492021821160153,NA,NA,"fixed_input",NA,NA,NA,"custom RTMB","base coefficients",NA,NA
"yr_eff[27]",-0.720847298125607,NA,NA,"fixed_input",NA,NA,NA,"custom RTMB","base coefficients",NA,NA
"yr_eff[28]",-0.326736334626328,NA,NA,"fixed_input",NA,NA,NA,"custom RTMB","base coefficients",NA,NA
"yr_eff[29]",-0.623959419200409,NA,NA,"fixed_input",NA,NA,NA,"custom RTMB","base coefficients",NA,NA
"yr_eff[30]",-0.447259933779912,NA,NA,"fixed_input",NA,NA,NA,"custom RTMB","base coefficients",NA,NA
"yr_eff[31]",-0.347642088300914,NA,NA,"fixed_input",NA,NA,NA,"custom RTMB","base coefficients",NA,NA
"yr_eff[32]",0.433006758744247,NA,NA,"fixed_input",NA,NA,NA,"custom RTMB","base coefficients",NA,NA
"yr_eff[33]",-0.09625476559383,NA,NA,"fixed_input",NA,NA,NA,"custom RTMB","base coefficients",NA,NA
"yr_eff[34]",-0.206934426971946,NA,NA,"fixed_input",NA,NA,NA,"custom RTMB","base coefficients",NA,NA
"yr_eff[35]",-0.437963658977884,NA,NA,"fixed_input",NA,NA,NA,"custom RTMB","base coefficients",NA,NA
"yr_eff[36]",-0.880862498671762,NA,NA,"fixed_input",NA,NA,NA,"custom RTMB","base coefficients",NA,NA
"yr_eff[37]",-0.255303207653205,NA,NA,"fixed_input",NA,NA,NA,"custom RTMB","base coefficients",NA,NA
"yr_eff[38]",0.847882330956713,NA,NA,"fixed_input",NA,NA,NA,"custom RTMB","base coefficients",NA,NA
"yr_eff[39]",0.262083575887002,NA,NA,"fixed_input",NA,NA,NA,"custom RTMB","base coefficients",NA,NA
"yr_eff[40]",1.32470117704426,NA,NA,"fixed_input",NA,NA,NA,"custom RTMB","base coefficients",NA,NA
"yr_eff[41]",0.497071616328817,NA,NA,"fixed_input",NA,NA,NA,"custom RTMB","base coefficients",NA,NA
"yr_eff[42]",0.644254364101521,NA,NA,"fixed_input",NA,NA,NA,"custom RTMB","base coefficients",NA,NA
"yr_eff[43]",0.0107444448836374,NA,NA,"fixed_input",NA,NA,NA,"custom RTMB","base coefficients",NA,NA
"yr_eff[44]",0.428681017401883,NA,NA,"fixed_input",NA,NA,NA,"custom RTMB","base coefficients",NA,NA
"yr_eff[45]",0.558670945375096,NA,NA,"fixed_input",NA,NA,NA,"custom RTMB","base coefficients",NA,NA
"yr_eff[46]",-2.25875981361582,NA,NA,"fixed_input",NA,NA,NA,"custom RTMB","base coefficients",NA,NA
"yr_eff[47]",-0.48537309509561,NA,NA,"fixed_input",NA,NA,NA,"custom RTMB","base coefficients",NA,NA
"yr_eff[48]",-0.209312277063195,NA,NA,"fixed_input",NA,NA,NA,"custom RTMB","base coefficients",NA,NA
"yr_eff[49]",-1.02216184169777,NA,NA,"fixed_input",NA,NA,NA,"custom RTMB","base coefficients",NA,NA
"yr_eff[50]",0.652145190882031,NA,NA,"fixed_input",NA,NA,NA,"custom RTMB","base coefficients",NA,NA
"yr_eff[51]",-1.76718710401007,NA,NA,"fixed_input",NA,NA,NA,"custom RTMB","base coefficients",NA,NA
"yr_eff[52]",-1.55095887388868,NA,NA,"fixed_input",NA,NA,NA,"custom RTMB","base coefficients",NA,NA
"yr_eff[53]",-0.242905220722633,NA,NA,"fixed_input",NA,NA,NA,"custom RTMB","base coefficients",NA,NA
"yr_eff[54]",-3.43125716386163,NA,NA,"fixed_input",NA,NA,NA,"custom RTMB","base coefficients",NA,NA
"yr_eff[55]",0.849623545834972,NA,NA,"fixed_input",NA,NA,NA,"custom RTMB","base coefficients",NA,NA
"yr_eff[56]",0,NA,NA,"fixed_input",NA,NA,NA,"custom RTMB","base coefficients",NA,NA
"yr_eff[57]",0,NA,NA,"fixed_input",NA,NA,NA,"custom RTMB","base coefficients",NA,NA
"yr_eff[58]",0,NA,NA,"fixed_input",NA,NA,NA,"custom RTMB","base coefficients",NA,NA
"yr_eff[59]",0,NA,NA,"fixed_input",NA,NA,NA,"custom RTMB","base coefficients",NA,NA
"yr_eff[60]",0,NA,NA,"fixed_input",NA,NA,NA,"custom RTMB","base coefficients",NA,NA
"resid_temp_x1",0,NA,NA,"fixed_input",NA,NA,NA,"custom RTMB","base coefficients",NA,NA
"resid_temp_x2",0,NA,NA,"fixed_input",NA,NA,NA,"custom RTMB","base coefficients",NA,NA
"log_a_II[1]",-6,NA,NA,"fixed_input",NA,NA,NA,"custom RTMB","base coefficients",NA,NA
"log_a_II[2]",-6,NA,NA,"fixed_input",NA,NA,NA,"custom RTMB","base coefficients",NA,NA
"log_a_II[3]",-6,NA,NA,"fixed_input",NA,NA,NA,"custom RTMB","base coefficients",NA,NA
"log_a_II[4]",-6,NA,NA,"fixed_input",NA,NA,NA,"custom RTMB","base coefficients",NA,NA
"log_a_II[5]",-6,NA,NA,"fixed_input",NA,NA,NA,"custom RTMB","base coefficients",NA,NA
"log_a_II[6]",-6,NA,NA,"fixed_input",NA,NA,NA,"custom RTMB","base coefficients",NA,NA
"log_b_II[1]",6,NA,NA,"fixed_input",NA,NA,NA,"custom RTMB","base coefficients",NA,NA
"log_b_II[2]",6,NA,NA,"fixed_input",NA,NA,NA,"custom RTMB","base coefficients",NA,NA
"log_b_II[3]",6,NA,NA,"fixed_input",NA,NA,NA,"custom RTMB","base coefficients",NA,NA
"log_b_II[4]",6,NA,NA,"fixed_input",NA,NA,NA,"custom RTMB","base coefficients",NA,NA
"log_b_II[5]",6,NA,NA,"fixed_input",NA,NA,NA,"custom RTMB","base coefficients",NA,NA
"log_b_II[6]",6,NA,NA,"fixed_input",NA,NA,NA,"custom RTMB","base coefficients",NA,NA
"log_a_II_vec[1]",-4,NA,NA,"fixed_input",NA,NA,NA,"custom RTMB","base coefficients",NA,NA
"log_a_II_vec[2]",-4,NA,NA,"fixed_input",NA,NA,NA,"custom RTMB","base coefficients",NA,NA
"log_b_II_vec[1]",2.5,NA,NA,"fixed_input",NA,NA,NA,"custom RTMB","base coefficients",NA,NA
"log_b_II_vec[2]",2.5,NA,NA,"fixed_input",NA,NA,NA,"custom RTMB","base coefficients",NA,NA
"log_rho[1]",-2.5,NA,NA,"fixed_input",NA,NA,NA,"custom RTMB","base coefficients",NA,NA
"log_rho[2]",-2.5,NA,NA,"fixed_input",NA,NA,NA,"custom RTMB","base coefficients",NA,NA
"log_rho[3]",-2.5,NA,NA,"fixed_input",NA,NA,NA,"custom RTMB","base coefficients",NA,NA
"log_rho[4]",-2.5,NA,NA,"fixed_input",NA,NA,NA,"custom RTMB","base coefficients",NA,NA
"log_rho[5]",-2.5,NA,NA,"fixed_input",NA,NA,NA,"custom RTMB","base coefficients",NA,NA
"log_rho[6]",-2.5,NA,NA,"fixed_input",NA,NA,NA,"custom RTMB","base coefficients",NA,NA
"log_resid_M[1]",-1.45,NA,NA,"fixed_input",NA,NA,NA,"custom RTMB","base coefficients",NA,NA
"log_resid_M[2]",-1.45,NA,NA,"fixed_input",NA,NA,NA,"custom RTMB","base coefficients",NA,NA
"log_resid_M[3]",-1.45,NA,NA,"fixed_input",NA,NA,NA,"custom RTMB","base coefficients",NA,NA
"sel_logistic_fsh[1]",1.6094379124341,NA,NA,"fixed_input",NA,NA,NA,"custom RTMB","base coefficients",NA,NA
"sel_logistic_fsh[2]",0.405465108108164,NA,NA,"fixed_input",NA,NA,NA,"custom RTMB","base coefficients",NA,NA
"sel_double_logistic_fsh[1]",0.405465108108164,NA,NA,"fixed_input",NA,NA,NA,"custom RTMB","base coefficients",NA,NA
"sel_double_logistic_fsh[2]",0.405465108108164,NA,NA,"fixed_input",NA,NA,NA,"custom RTMB","base coefficients",NA,NA
"sel_double_logistic_fsh[3]",0.405465108108164,NA,NA,"fixed_input",NA,NA,NA,"custom RTMB","base coefficients",NA,NA
"sel_double_logistic_fsh[4]",0.405465108108164,NA,NA,"fixed_input",NA,NA,NA,"custom RTMB","base coefficients",NA,NA
"sel_double_logistic_fsh[5]",0.405465108108164,NA,NA,"fixed_input",NA,NA,NA,"custom RTMB","base coefficients",NA,NA
"sel_double_logistic_fsh[6]",0.405465108108164,NA,NA,"fixed_input",NA,NA,NA,"custom RTMB","base coefficients",NA,NA
"sel_double_logistic_fsh[7]",0.405465108108164,NA,NA,"fixed_input",NA,NA,NA,"custom RTMB","base coefficients",NA,NA
"sel_double_logistic_fsh[8]",0.405465108108164,NA,NA,"fixed_input",NA,NA,NA,"custom RTMB","base coefficients",NA,NA
"sel_double_logistic_fsh[9]",0.405465108108164,NA,NA,"fixed_input",NA,NA,NA,"custom RTMB","base coefficients",NA,NA
"sel_double_logistic_fsh[10]",0.405465108108164,NA,NA,"fixed_input",NA,NA,NA,"custom RTMB","base coefficients",NA,NA
"sel_double_logistic_fsh[11]",0.405465108108164,NA,NA,"fixed_input",NA,NA,NA,"custom RTMB","base coefficients",NA,NA
"sel_double_logistic_fsh[12]",0.405465108108164,NA,NA,"fixed_input",NA,NA,NA,"custom RTMB","base coefficients",NA,NA
"sel_double_logistic_fsh[13]",0.405465108108164,NA,NA,"fixed_input",NA,NA,NA,"custom RTMB","base coefficients",NA,NA
"sel_double_logistic_fsh[14]",0.405465108108164,NA,NA,"fixed_input",NA,NA,NA,"custom RTMB","base coefficients",NA,NA
"sel_double_logistic_fsh[15]",0.405465108108164,NA,NA,"fixed_input",NA,NA,NA,"custom RTMB","base coefficients",NA,NA
"sel_double_logistic_fsh[16]",0.405465108108164,NA,NA,"fixed_input",NA,NA,NA,"custom RTMB","base coefficients",NA,NA
"sel_double_logistic_fsh[17]",0.405465108108164,NA,NA,"fixed_input",NA,NA,NA,"custom RTMB","base coefficients",NA,NA
"sel_double_logistic_fsh[18]",0.405465108108164,NA,NA,"fixed_input",NA,NA,NA,"custom RTMB","base coefficients",NA,NA
"sel_double_logistic_fsh[19]",0.405465108108164,NA,NA,"fixed_input",NA,NA,NA,"custom RTMB","base coefficients",NA,NA
"sel_double_logistic_fsh[20]",0.405465108108164,NA,NA,"fixed_input",NA,NA,NA,"custom RTMB","base coefficients",NA,NA
"sel_double_logistic_fsh[21]",0.405465108108164,NA,NA,"fixed_input",NA,NA,NA,"custom RTMB","base coefficients",NA,NA
"sel_double_logistic_fsh[22]",0.405465108108164,NA,NA,"fixed_input",NA,NA,NA,"custom RTMB","base coefficients",NA,NA
"sel_double_logistic_fsh[23]",0.405465108108164,NA,NA,"fixed_input",NA,NA,NA,"custom RTMB","base coefficients",NA,NA
"sel_double_logistic_fsh[24]",0.405465108108164,NA,NA,"fixed_input",NA,NA,NA,"custom RTMB","base coefficients",NA,NA
"sel_double_logistic_fsh[25]",0.405465108108164,NA,NA,"fixed_input",NA,NA,NA,"custom RTMB","base coefficients",NA,NA
"sel_double_logistic_fsh[26]",0.405465108108164,NA,NA,"fixed_input",NA,NA,NA,"custom RTMB","base coefficients",NA,NA
"sel_double_logistic_fsh[27]",0.405465108108164,NA,NA,"fixed_input",NA,NA,NA,"custom RTMB","base coefficients",NA,NA
"sel_double_logistic_fsh[28]",0.405465108108164,NA,NA,"fixed_input",NA,NA,NA,"custom RTMB","base coefficients",NA,NA
"sel_double_logistic_fsh[29]",0.405465108108164,NA,NA,"fixed_input",NA,NA,NA,"custom RTMB","base coefficients",NA,NA
"sel_double_logistic_fsh[30]",0.405465108108164,NA,NA,"fixed_input",NA,NA,NA,"custom RTMB","base coefficients",NA,NA
"sel_double_logistic_fsh[31]",0.405465108108164,NA,NA,"fixed_input",NA,NA,NA,"custom RTMB","base coefficients",NA,NA
"sel_double_logistic_fsh[32]",0.405465108108164,NA,NA,"fixed_input",NA,NA,NA,"custom RTMB","base coefficients",NA,NA
"sel_double_logistic_fsh[33]",0.405465108108164,NA,NA,"fixed_input",NA,NA,NA,"custom RTMB","base coefficients",NA,NA
"sel_double_logistic_fsh[34]",0.405465108108164,NA,NA,"fixed_input",NA,NA,NA,"custom RTMB","base coefficients",NA,NA
"sel_double_logistic_fsh[35]",0.405465108108164,NA,NA,"fixed_input",NA,NA,NA,"custom RTMB","base coefficients",NA,NA
"sel_double_logistic_fsh[36]",0.405465108108164,NA,NA,"fixed_input",NA,NA,NA,"custom RTMB","base coefficients",NA,NA
"sel_double_logistic_fsh[37]",0.405465108108164,NA,NA,"fixed_input",NA,NA,NA,"custom RTMB","base coefficients",NA,NA
"sel_double_logistic_fsh[38]",0.405465108108164,NA,NA,"fixed_input",NA,NA,NA,"custom RTMB","base coefficients",NA,NA
"sel_double_logistic_fsh[39]",0.405465108108164,NA,NA,"fixed_input",NA,NA,NA,"custom RTMB","base coefficients",NA,NA
"sel_double_logistic_fsh[40]",0.405465108108164,NA,NA,"fixed_input",NA,NA,NA,"custom RTMB","base coefficients",NA,NA
"sel_double_logistic_fsh[41]",0.405465108108164,NA,NA,"fixed_input",NA,NA,NA,"custom RTMB","base coefficients",NA,NA
"sel_double_logistic_fsh[42]",0.405465108108164,NA,NA,"fixed_input",NA,NA,NA,"custom RTMB","base coefficients",NA,NA
"sel_double_logistic_fsh[43]",0.405465108108164,NA,NA,"fixed_input",NA,NA,NA,"custom RTMB","base coefficients",NA,NA
"sel_double_logistic_fsh[44]",0.405465108108164,NA,NA,"fixed_input",NA,NA,NA,"custom RTMB","base coefficients",NA,NA
"sel_double_logistic_fsh[45]",0.405465108108164,NA,NA,"fixed_input",NA,NA,NA,"custom RTMB","base coefficients",NA,NA
"sel_double_logistic_fsh[46]",0.405465108108164,NA,NA,"fixed_input",NA,NA,NA,"custom RTMB","base coefficients",NA,NA
"sel_double_logistic_fsh[47]",0.405465108108164,NA,NA,"fixed_input",NA,NA,NA,"custom RTMB","base coefficients",NA,NA
"sel_double_logistic_fsh[48]",0.405465108108164,NA,NA,"fixed_input",NA,NA,NA,"custom RTMB","base coefficients",NA,NA
"sel_double_logistic_fsh[49]",0.405465108108164,NA,NA,"fixed_input",NA,NA,NA,"custom RTMB","base coefficients",NA,NA
"sel_double_logistic_fsh[50]",0.405465108108164,NA,NA,"fixed_input",NA,NA,NA,"custom RTMB","base coefficients",NA,NA
"sel_double_logistic_fsh[51]",0.405465108108164,NA,NA,"fixed_input",NA,NA,NA,"custom RTMB","base coefficients",NA,NA
"sel_double_logistic_fsh[52]",0.405465108108164,NA,NA,"fixed_input",NA,NA,NA,"custom RTMB","base coefficients",NA,NA
"sel_double_logistic_fsh[53]",0.405465108108164,NA,NA,"fixed_input",NA,NA,NA,"custom RTMB","base coefficients",NA,NA
"sel_double_logistic_fsh[54]",0.405465108108164,NA,NA,"fixed_input",NA,NA,NA,"custom RTMB","base coefficients",NA,NA
"sel_double_logistic_fsh[55]",0.405465108108164,NA,NA,"fixed_input",NA,NA,NA,"custom RTMB","base coefficients",NA,NA
"sel_double_logistic_fsh[56]",0.405465108108164,NA,NA,"fixed_input",NA,NA,NA,"custom RTMB","base coefficients",NA,NA
"sel_double_logistic_fsh[57]",0.405465108108164,NA,NA,"fixed_input",NA,NA,NA,"custom RTMB","base coefficients",NA,NA
"sel_double_logistic_fsh[58]",0.405465108108164,NA,NA,"fixed_input",NA,NA,NA,"custom RTMB","base coefficients",NA,NA
"sel_double_logistic_fsh[59]",0.405465108108164,NA,NA,"fixed_input",NA,NA,NA,"custom RTMB","base coefficients",NA,NA
"sel_double_logistic_fsh[60]",0.405465108108164,NA,NA,"fixed_input",NA,NA,NA,"custom RTMB","base coefficients",NA,NA
"sel_double_logistic_fsh[61]",0.405465108108164,NA,NA,"fixed_input",NA,NA,NA,"custom RTMB","base coefficients",NA,NA
"sel_double_logistic_fsh[62]",1.09861228866811,NA,NA,"fixed_input",NA,NA,NA,"custom RTMB","base coefficients",NA,NA
"sel_double_logistic_fsh[63]",1.09861228866811,NA,NA,"fixed_input",NA,NA,NA,"custom RTMB","base coefficients",NA,NA
"sel_double_logistic_fsh[64]",1.09861228866811,NA,NA,"fixed_input",NA,NA,NA,"custom RTMB","base coefficients",NA,NA
"sel_double_logistic_fsh[65]",1.09861228866811,NA,NA,"fixed_input",NA,NA,NA,"custom RTMB","base coefficients",NA,NA
"sel_double_logistic_fsh[66]",1.09861228866811,NA,NA,"fixed_input",NA,NA,NA,"custom RTMB","base coefficients",NA,NA
"sel_double_logistic_fsh[67]",1.09861228866811,NA,NA,"fixed_input",NA,NA,NA,"custom RTMB","base coefficients",NA,NA
"sel_double_logistic_fsh[68]",1.09861228866811,NA,NA,"fixed_input",NA,NA,NA,"custom RTMB","base coefficients",NA,NA
"sel_double_logistic_fsh[69]",1.09861228866811,NA,NA,"fixed_input",NA,NA,NA,"custom RTMB","base coefficients",NA,NA
"sel_double_logistic_fsh[70]",1.09861228866811,NA,NA,"fixed_input",NA,NA,NA,"custom RTMB","base coefficients",NA,NA
"sel_double_logistic_fsh[71]",1.09861228866811,NA,NA,"fixed_input",NA,NA,NA,"custom RTMB","base coefficients",NA,NA
"sel_double_logistic_fsh[72]",1.09861228866811,NA,NA,"fixed_input",NA,NA,NA,"custom RTMB","base coefficients",NA,NA
"sel_double_logistic_fsh[73]",1.09861228866811,NA,NA,"fixed_input",NA,NA,NA,"custom RTMB","base coefficients",NA,NA
"sel_double_logistic_fsh[74]",1.09861228866811,NA,NA,"fixed_input",NA,NA,NA,"custom RTMB","base coefficients",NA,NA
"sel_double_logistic_fsh[75]",1.09861228866811,NA,NA,"fixed_input",NA,NA,NA,"custom RTMB","base coefficients",NA,NA
"sel_double_logistic_fsh[76]",1.09861228866811,NA,NA,"fixed_input",NA,NA,NA,"custom RTMB","base coefficients",NA,NA
"sel_double_logistic_fsh[77]",1.09861228866811,NA,NA,"fixed_input",NA,NA,NA,"custom RTMB","base coefficients",NA,NA
"sel_double_logistic_fsh[78]",1.09861228866811,NA,NA,"fixed_input",NA,NA,NA,"custom RTMB","base coefficients",NA,NA
"sel_double_logistic_fsh[79]",1.09861228866811,NA,NA,"fixed_input",NA,NA,NA,"custom RTMB","base coefficients",NA,NA
"sel_double_logistic_fsh[80]",1.09861228866811,NA,NA,"fixed_input",NA,NA,NA,"custom RTMB","base coefficients",NA,NA
"sel_double_logistic_fsh[81]",1.09861228866811,NA,NA,"fixed_input",NA,NA,NA,"custom RTMB","base coefficients",NA,NA
"sel_double_logistic_fsh[82]",1.09861228866811,NA,NA,"fixed_input",NA,NA,NA,"custom RTMB","base coefficients",NA,NA
"sel_double_logistic_fsh[83]",1.09861228866811,NA,NA,"fixed_input",NA,NA,NA,"custom RTMB","base coefficients",NA,NA
"sel_double_logistic_fsh[84]",1.09861228866811,NA,NA,"fixed_input",NA,NA,NA,"custom RTMB","base coefficients",NA,NA
"sel_double_logistic_fsh[85]",1.09861228866811,NA,NA,"fixed_input",NA,NA,NA,"custom RTMB","base coefficients",NA,NA
"sel_double_logistic_fsh[86]",1.09861228866811,NA,NA,"fixed_input",NA,NA,NA,"custom RTMB","base coefficients",NA,NA
"sel_double_logistic_fsh[87]",1.09861228866811,NA,NA,"fixed_input",NA,NA,NA,"custom RTMB","base coefficients",NA,NA
"sel_double_logistic_fsh[88]",1.09861228866811,NA,NA,"fixed_input",NA,NA,NA,"custom RTMB","base coefficients",NA,NA
"sel_double_logistic_fsh[89]",1.09861228866811,NA,NA,"fixed_input",NA,NA,NA,"custom RTMB","base coefficients",NA,NA
"sel_double_logistic_fsh[90]",1.09861228866811,NA,NA,"fixed_input",NA,NA,NA,"custom RTMB","base coefficients",NA,NA
"sel_double_logistic_fsh[91]",1.09861228866811,NA,NA,"fixed_input",NA,NA,NA,"custom RTMB","base coefficients",NA,NA
"sel_double_logistic_fsh[92]",1.09861228866811,NA,NA,"fixed_input",NA,NA,NA,"custom RTMB","base coefficients",NA,NA
"sel_double_logistic_fsh[93]",1.09861228866811,NA,NA,"fixed_input",NA,NA,NA,"custom RTMB","base coefficients",NA,NA
"sel_double_logistic_fsh[94]",1.09861228866811,NA,NA,"fixed_input",NA,NA,NA,"custom RTMB","base coefficients",NA,NA
"sel_double_logistic_fsh[95]",1.09861228866811,NA,NA,"fixed_input",NA,NA,NA,"custom RTMB","base coefficients",NA,NA
"sel_double_logistic_fsh[96]",1.09861228866811,NA,NA,"fixed_input",NA,NA,NA,"custom RTMB","base coefficients",NA,NA
"sel_double_logistic_fsh[97]",1.09861228866811,NA,NA,"fixed_input",NA,NA,NA,"custom RTMB","base coefficients",NA,NA
"sel_double_logistic_fsh[98]",1.09861228866811,NA,NA,"fixed_input",NA,NA,NA,"custom RTMB","base coefficients",NA,NA
"sel_double_logistic_fsh[99]",1.09861228866811,NA,NA,"fixed_input",NA,NA,NA,"custom RTMB","base coefficients",NA,NA
"sel_double_logistic_fsh[100]",1.09861228866811,NA,NA,"fixed_input",NA,NA,NA,"custom RTMB","base coefficients",NA,NA
"sel_double_logistic_fsh[101]",1.09861228866811,NA,NA,"fixed_input",NA,NA,NA,"custom RTMB","base coefficients",NA,NA
"sel_double_logistic_fsh[102]",1.09861228866811,NA,NA,"fixed_input",NA,NA,NA,"custom RTMB","base coefficients",NA,NA
"sel_double_logistic_fsh[103]",1.09861228866811,NA,NA,"fixed_input",NA,NA,NA,"custom RTMB","base coefficients",NA,NA
"sel_double_logistic_fsh[104]",1.09861228866811,NA,NA,"fixed_input",NA,NA,NA,"custom RTMB","base coefficients",NA,NA
"sel_double_logistic_fsh[105]",1.09861228866811,NA,NA,"fixed_input",NA,NA,NA,"custom RTMB","base coefficients",NA,NA
"sel_double_logistic_fsh[106]",1.09861228866811,NA,NA,"fixed_input",NA,NA,NA,"custom RTMB","base coefficients",NA,NA
"sel_double_logistic_fsh[107]",1.09861228866811,NA,NA,"fixed_input",NA,NA,NA,"custom RTMB","base coefficients",NA,NA
"sel_double_logistic_fsh[108]",1.09861228866811,NA,NA,"fixed_input",NA,NA,NA,"custom RTMB","base coefficients",NA,NA
"sel_double_logistic_fsh[109]",1.09861228866811,NA,NA,"fixed_input",NA,NA,NA,"custom RTMB","base coefficients",NA,NA
"sel_double_logistic_fsh[110]",1.09861228866811,NA,NA,"fixed_input",NA,NA,NA,"custom RTMB","base coefficients",NA,NA
"sel_double_logistic_fsh[111]",1.09861228866811,NA,NA,"fixed_input",NA,NA,NA,"custom RTMB","base coefficients",NA,NA
"sel_double_logistic_fsh[112]",1.09861228866811,NA,NA,"fixed_input",NA,NA,NA,"custom RTMB","base coefficients",NA,NA
"sel_double_logistic_fsh[113]",1.09861228866811,NA,NA,"fixed_input",NA,NA,NA,"custom RTMB","base coefficients",NA,NA
"sel_double_logistic_fsh[114]",1.09861228866811,NA,NA,"fixed_input",NA,NA,NA,"custom RTMB","base coefficients",NA,NA
"sel_double_logistic_fsh[115]",1.09861228866811,NA,NA,"fixed_input",NA,NA,NA,"custom RTMB","base coefficients",NA,NA
"sel_double_logistic_fsh[116]",1.09861228866811,NA,NA,"fixed_input",NA,NA,NA,"custom RTMB","base coefficients",NA,NA
"sel_double_logistic_fsh[117]",1.09861228866811,NA,NA,"fixed_input",NA,NA,NA,"custom RTMB","base coefficients",NA,NA
"sel_double_logistic_fsh[118]",1.09861228866811,NA,NA,"fixed_input",NA,NA,NA,"custom RTMB","base coefficients",NA,NA
"sel_double_logistic_fsh[119]",1.09861228866811,NA,NA,"fixed_input",NA,NA,NA,"custom RTMB","base coefficients",NA,NA
"sel_double_logistic_fsh[120]",1.09861228866811,NA,NA,"fixed_input",NA,NA,NA,"custom RTMB","base coefficients",NA,NA
"sel_double_logistic_fsh[121]",1.09861228866811,NA,NA,"fixed_input",NA,NA,NA,"custom RTMB","base coefficients",NA,NA
"sel_double_logistic_fsh[122]",1.09861228866811,NA,NA,"fixed_input",NA,NA,NA,"custom RTMB","base coefficients",NA,NA
"sel_double_logistic_fsh[123]",1.38629436111989,NA,NA,"fixed_input",NA,NA,NA,"custom RTMB","base coefficients",NA,NA
"sel_double_logistic_fsh[124]",1.38629436111989,NA,NA,"fixed_input",NA,NA,NA,"custom RTMB","base coefficients",NA,NA
"sel_double_logistic_fsh[125]",1.38629436111989,NA,NA,"fixed_input",NA,NA,NA,"custom RTMB","base coefficients",NA,NA
"sel_double_logistic_fsh[126]",1.38629436111989,NA,NA,"fixed_input",NA,NA,NA,"custom RTMB","base coefficients",NA,NA
"sel_double_logistic_fsh[127]",1.38629436111989,NA,NA,"fixed_input",NA,NA,NA,"custom RTMB","base coefficients",NA,NA
"sel_double_logistic_fsh[128]",1.38629436111989,NA,NA,"fixed_input",NA,NA,NA,"custom RTMB","base coefficients",NA,NA
"sel_double_logistic_fsh[129]",1.38629436111989,NA,NA,"fixed_input",NA,NA,NA,"custom RTMB","base coefficients",NA,NA
"sel_double_logistic_fsh[130]",1.38629436111989,NA,NA,"fixed_input",NA,NA,NA,"custom RTMB","base coefficients",NA,NA
"sel_double_logistic_fsh[131]",1.38629436111989,NA,NA,"fixed_input",NA,NA,NA,"custom RTMB","base coefficients",NA,NA
"sel_double_logistic_fsh[132]",1.38629436111989,NA,NA,"fixed_input",NA,NA,NA,"custom RTMB","base coefficients",NA,NA
"sel_double_logistic_fsh[133]",1.38629436111989,NA,NA,"fixed_input",NA,NA,NA,"custom RTMB","base coefficients",NA,NA
"sel_double_logistic_fsh[134]",1.38629436111989,NA,NA,"fixed_input",NA,NA,NA,"custom RTMB","base coefficients",NA,NA
"sel_double_logistic_fsh[135]",1.38629436111989,NA,NA,"fixed_input",NA,NA,NA,"custom RTMB","base coefficients",NA,NA
"sel_double_logistic_fsh[136]",1.38629436111989,NA,NA,"fixed_input",NA,NA,NA,"custom RTMB","base coefficients",NA,NA
"sel_double_logistic_fsh[137]",1.38629436111989,NA,NA,"fixed_input",NA,NA,NA,"custom RTMB","base coefficients",NA,NA
"sel_double_logistic_fsh[138]",1.38629436111989,NA,NA,"fixed_input",NA,NA,NA,"custom RTMB","base coefficients",NA,NA
"sel_double_logistic_fsh[139]",1.38629436111989,NA,NA,"fixed_input",NA,NA,NA,"custom RTMB","base coefficients",NA,NA
"sel_double_logistic_fsh[140]",1.38629436111989,NA,NA,"fixed_input",NA,NA,NA,"custom RTMB","base coefficients",NA,NA
"sel_double_logistic_fsh[141]",1.38629436111989,NA,NA,"fixed_input",NA,NA,NA,"custom RTMB","base coefficients",NA,NA
"sel_double_logistic_fsh[142]",1.38629436111989,NA,NA,"fixed_input",NA,NA,NA,"custom RTMB","base coefficients",NA,NA
"sel_double_logistic_fsh[143]",1.38629436111989,NA,NA,"fixed_input",NA,NA,NA,"custom RTMB","base coefficients",NA,NA
"sel_double_logistic_fsh[144]",1.38629436111989,NA,NA,"fixed_input",NA,NA,NA,"custom RTMB","base coefficients",NA,NA
"sel_double_logistic_fsh[145]",1.38629436111989,NA,NA,"fixed_input",NA,NA,NA,"custom RTMB","base coefficients",NA,NA
"sel_double_logistic_fsh[146]",1.38629436111989,NA,NA,"fixed_input",NA,NA,NA,"custom RTMB","base coefficients",NA,NA
"sel_double_logistic_fsh[147]",1.38629436111989,NA,NA,"fixed_input",NA,NA,NA,"custom RTMB","base coefficients",NA,NA
"sel_double_logistic_fsh[148]",1.38629436111989,NA,NA,"fixed_input",NA,NA,NA,"custom RTMB","base coefficients",NA,NA
"sel_double_logistic_fsh[149]",1.38629436111989,NA,NA,"fixed_input",NA,NA,NA,"custom RTMB","base coefficients",NA,NA
"sel_double_logistic_fsh[150]",1.38629436111989,NA,NA,"fixed_input",NA,NA,NA,"custom RTMB","base coefficients",NA,NA
"sel_double_logistic_fsh[151]",1.38629436111989,NA,NA,"fixed_input",NA,NA,NA,"custom RTMB","base coefficients",NA,NA
"sel_double_logistic_fsh[152]",1.38629436111989,NA,NA,"fixed_input",NA,NA,NA,"custom RTMB","base coefficients",NA,NA
"sel_double_logistic_fsh[153]",1.38629436111989,NA,NA,"fixed_input",NA,NA,NA,"custom RTMB","base coefficients",NA,NA
"sel_double_logistic_fsh[154]",1.38629436111989,NA,NA,"fixed_input",NA,NA,NA,"custom RTMB","base coefficients",NA,NA
"sel_double_logistic_fsh[155]",1.38629436111989,NA,NA,"fixed_input",NA,NA,NA,"custom RTMB","base coefficients",NA,NA
"sel_double_logistic_fsh[156]",1.38629436111989,NA,NA,"fixed_input",NA,NA,NA,"custom RTMB","base coefficients",NA,NA
"sel_double_logistic_fsh[157]",1.38629436111989,NA,NA,"fixed_input",NA,NA,NA,"custom RTMB","base coefficients",NA,NA
"sel_double_logistic_fsh[158]",1.38629436111989,NA,NA,"fixed_input",NA,NA,NA,"custom RTMB","base coefficients",NA,NA
"sel_double_logistic_fsh[159]",1.38629436111989,NA,NA,"fixed_input",NA,NA,NA,"custom RTMB","base coefficients",NA,NA
"sel_double_logistic_fsh[160]",1.38629436111989,NA,NA,"fixed_input",NA,NA,NA,"custom RTMB","base coefficients",NA,NA
"sel_double_logistic_fsh[161]",1.38629436111989,NA,NA,"fixed_input",NA,NA,NA,"custom RTMB","base coefficients",NA,NA
"sel_double_logistic_fsh[162]",1.38629436111989,NA,NA,"fixed_input",NA,NA,NA,"custom RTMB","base coefficients",NA,NA
"sel_double_logistic_fsh[163]",1.38629436111989,NA,NA,"fixed_input",NA,NA,NA,"custom RTMB","base coefficients",NA,NA
"sel_double_logistic_fsh[164]",1.38629436111989,NA,NA,"fixed_input",NA,NA,NA,"custom RTMB","base coefficients",NA,NA
"sel_double_logistic_fsh[165]",1.38629436111989,NA,NA,"fixed_input",NA,NA,NA,"custom RTMB","base coefficients",NA,NA
"sel_double_logistic_fsh[166]",1.38629436111989,NA,NA,"fixed_input",NA,NA,NA,"custom RTMB","base coefficients",NA,NA
"sel_double_logistic_fsh[167]",1.38629436111989,NA,NA,"fixed_input",NA,NA,NA,"custom RTMB","base coefficients",NA,NA
"sel_double_logistic_fsh[168]",1.38629436111989,NA,NA,"fixed_input",NA,NA,NA,"custom RTMB","base coefficients",NA,NA
"sel_double_logistic_fsh[169]",1.38629436111989,NA,NA,"fixed_input",NA,NA,NA,"custom RTMB","base coefficients",NA,NA
"sel_double_logistic_fsh[170]",1.38629436111989,NA,NA,"fixed_input",NA,NA,NA,"custom RTMB","base coefficients",NA,NA
"sel_double_logistic_fsh[171]",1.38629436111989,NA,NA,"fixed_input",NA,NA,NA,"custom RTMB","base coefficients",NA,NA
"sel_double_logistic_fsh[172]",1.38629436111989,NA,NA,"fixed_input",NA,NA,NA,"custom RTMB","base coefficients",NA,NA
"sel_double_logistic_fsh[173]",1.38629436111989,NA,NA,"fixed_input",NA,NA,NA,"custom RTMB","base coefficients",NA,NA
"sel_double_logistic_fsh[174]",1.38629436111989,NA,NA,"fixed_input",NA,NA,NA,"custom RTMB","base coefficients",NA,NA
"sel_double_logistic_fsh[175]",1.38629436111989,NA,NA,"fixed_input",NA,NA,NA,"custom RTMB","base coefficients",NA,NA
"sel_double_logistic_fsh[176]",1.38629436111989,NA,NA,"fixed_input",NA,NA,NA,"custom RTMB","base coefficients",NA,NA
"sel_double_logistic_fsh[177]",1.38629436111989,NA,NA,"fixed_input",NA,NA,NA,"custom RTMB","base coefficients",NA,NA
"sel_double_logistic_fsh[178]",1.38629436111989,NA,NA,"fixed_input",NA,NA,NA,"custom RTMB","base coefficients",NA,NA
"sel_double_logistic_fsh[179]",1.38629436111989,NA,NA,"fixed_input",NA,NA,NA,"custom RTMB","base coefficients",NA,NA
"sel_double_logistic_fsh[180]",1.38629436111989,NA,NA,"fixed_input",NA,NA,NA,"custom RTMB","base coefficients",NA,NA
"sel_double_logistic_fsh[181]",1.38629436111989,NA,NA,"fixed_input",NA,NA,NA,"custom RTMB","base coefficients",NA,NA
"sel_double_logistic_fsh[182]",1.38629436111989,NA,NA,"fixed_input",NA,NA,NA,"custom RTMB","base coefficients",NA,NA
"sel_double_logistic_fsh[183]",1.38629436111989,NA,NA,"fixed_input",NA,NA,NA,"custom RTMB","base coefficients",NA,NA
"sel_richards_fsh[1]",1.38629436111989,NA,NA,"fixed_input",NA,NA,NA,"custom RTMB","base coefficients",NA,NA
"sel_richards_fsh[2]",0,NA,NA,"fixed_input",NA,NA,NA,"custom RTMB","base coefficients",NA,NA
"sel_richards_fsh[3]",0,NA,NA,"fixed_input",NA,NA,NA,"custom RTMB","base coefficients",NA,NA
"sel_richards_fsh[4]",1.6094379124341,NA,NA,"fixed_input",NA,NA,NA,"custom RTMB","base coefficients",NA,NA
"sel_richards_fsh[5]",-0.287682072451781,NA,NA,"fixed_input",NA,NA,NA,"custom RTMB","base coefficients",NA,NA
"sel_richards_fsh[6]",0,NA,NA,"fixed_input",NA,NA,NA,"custom RTMB","base coefficients",NA,NA
"sel_spline_fsh[1]",0,NA,NA,"fixed_input",NA,NA,NA,"custom RTMB","base coefficients",NA,NA
"sel_spline_fsh[2]",0,NA,NA,"fixed_input",NA,NA,NA,"custom RTMB","base coefficients",NA,NA
"sel_spline_fsh[3]",0,NA,NA,"fixed_input",NA,NA,NA,"custom RTMB","base coefficients",NA,NA
"sel_spline_fsh[4]",0,NA,NA,"fixed_input",NA,NA,NA,"custom RTMB","base coefficients",NA,NA
"sel_spline_fsh[5]",0,NA,NA,"fixed_input",NA,NA,NA,"custom RTMB","base coefficients",NA,NA
"sel_spline_fsh[6]",0,NA,NA,"fixed_input",NA,NA,NA,"custom RTMB","base coefficients",NA,NA
"sel_tv_ar1_fsh[1]",0,NA,NA,"fixed_input",NA,NA,NA,"custom RTMB","base coefficients",NA,NA
"sel_tv_ar1_fsh[2]",0,NA,NA,"fixed_input",NA,NA,NA,"custom RTMB","base coefficients",NA,NA
"sel_tv_ar1_fsh[3]",0,NA,NA,"fixed_input",NA,NA,NA,"custom RTMB","base coefficients",NA,NA
"sel_tv_ar1_fsh[4]",0,NA,NA,"fixed_input",NA,NA,NA,"custom RTMB","base coefficients",NA,NA
"sel_tv_ar1_fsh[5]",0,NA,NA,"fixed_input",NA,NA,NA,"custom RTMB","base coefficients",NA,NA
"sel_tv_ar1_fsh[6]",0,NA,NA,"fixed_input",NA,NA,NA,"custom RTMB","base coefficients",NA,NA
"sel_tv_ar1_fsh[7]",0,NA,NA,"fixed_input",NA,NA,NA,"custom RTMB","base coefficients",NA,NA
"sel_tv_ar1_fsh[8]",0,NA,NA,"fixed_input",NA,NA,NA,"custom RTMB","base coefficients",NA,NA
"sel_tv_ar1_fsh[9]",0,NA,NA,"fixed_input",NA,NA,NA,"custom RTMB","base coefficients",NA,NA
"sel_tv_ar1_fsh[10]",0,NA,NA,"fixed_input",NA,NA,NA,"custom RTMB","base coefficients",NA,NA
"sel_tv_ar1_fsh[11]",0,NA,NA,"fixed_input",NA,NA,NA,"custom RTMB","base coefficients",NA,NA
"sel_tv_ar1_fsh[12]",0,NA,NA,"fixed_input",NA,NA,NA,"custom RTMB","base coefficients",NA,NA
"sel_tv_ar1_fsh[13]",0,NA,NA,"fixed_input",NA,NA,NA,"custom RTMB","base coefficients",NA,NA
"sel_tv_ar1_fsh[14]",0,NA,NA,"fixed_input",NA,NA,NA,"custom RTMB","base coefficients",NA,NA
"sel_tv_ar1_fsh[15]",0,NA,NA,"fixed_input",NA,NA,NA,"custom RTMB","base coefficients",NA,NA
"sel_tv_ar1_fsh[16]",0,NA,NA,"fixed_input",NA,NA,NA,"custom RTMB","base coefficients",NA,NA
"sel_tv_ar1_fsh[17]",0,NA,NA,"fixed_input",NA,NA,NA,"custom RTMB","base coefficients",NA,NA
"sel_tv_ar1_fsh[18]",0,NA,NA,"fixed_input",NA,NA,NA,"custom RTMB","base coefficients",NA,NA
"sel_tv_ar1_fsh[19]",0,NA,NA,"fixed_input",NA,NA,NA,"custom RTMB","base coefficients",NA,NA
"sel_tv_ar1_fsh[20]",0,NA,NA,"fixed_input",NA,NA,NA,"custom RTMB","base coefficients",NA,NA
"sel_tv_ar1_fsh[21]",0,NA,NA,"fixed_input",NA,NA,NA,"custom RTMB","base coefficients",NA,NA
"sel_tv_ar1_fsh[22]",0,NA,NA,"fixed_input",NA,NA,NA,"custom RTMB","base coefficients",NA,NA
"sel_tv_ar1_fsh[23]",0,NA,NA,"fixed_input",NA,NA,NA,"custom RTMB","base coefficients",NA,NA
"sel_tv_ar1_fsh[24]",0,NA,NA,"fixed_input",NA,NA,NA,"custom RTMB","base coefficients",NA,NA
"sel_tv_ar1_fsh[25]",0,NA,NA,"fixed_input",NA,NA,NA,"custom RTMB","base coefficients",NA,NA
"sel_tv_ar1_fsh[26]",0,NA,NA,"fixed_input",NA,NA,NA,"custom RTMB","base coefficients",NA,NA
"sel_tv_ar1_fsh[27]",0,NA,NA,"fixed_input",NA,NA,NA,"custom RTMB","base coefficients",NA,NA
"sel_tv_ar1_fsh[28]",0,NA,NA,"fixed_input",NA,NA,NA,"custom RTMB","base coefficients",NA,NA
"sel_tv_ar1_fsh[29]",0,NA,NA,"fixed_input",NA,NA,NA,"custom RTMB","base coefficients",NA,NA
"sel_tv_ar1_fsh[30]",0,NA,NA,"fixed_input",NA,NA,NA,"custom RTMB","base coefficients",NA,NA
"sel_tv_ar1_fsh[31]",0,NA,NA,"fixed_input",NA,NA,NA,"custom RTMB","base coefficients",NA,NA
"sel_tv_ar1_fsh[32]",0,NA,NA,"fixed_input",NA,NA,NA,"custom RTMB","base coefficients",NA,NA
"sel_tv_ar1_fsh[33]",0,NA,NA,"fixed_input",NA,NA,NA,"custom RTMB","base coefficients",NA,NA
"sel_tv_ar1_fsh[34]",0,NA,NA,"fixed_input",NA,NA,NA,"custom RTMB","base coefficients",NA,NA
"sel_tv_ar1_fsh[35]",0,NA,NA,"fixed_input",NA,NA,NA,"custom RTMB","base coefficients",NA,NA
"sel_tv_ar1_fsh[36]",0,NA,NA,"fixed_input",NA,NA,NA,"custom RTMB","base coefficients",NA,NA
"sel_tv_ar1_fsh[37]",0,NA,NA,"fixed_input",NA,NA,NA,"custom RTMB","base coefficients",NA,NA
"sel_tv_ar1_fsh[38]",0,NA,NA,"fixed_input",NA,NA,NA,"custom RTMB","base coefficients",NA,NA
"sel_tv_ar1_fsh[39]",0,NA,NA,"fixed_input",NA,NA,NA,"custom RTMB","base coefficients",NA,NA
"sel_tv_ar1_fsh[40]",0,NA,NA,"fixed_input",NA,NA,NA,"custom RTMB","base coefficients",NA,NA
"sel_tv_ar1_fsh[41]",0,NA,NA,"fixed_input",NA,NA,NA,"custom RTMB","base coefficients",NA,NA
"sel_tv_ar1_fsh[42]",0,NA,NA,"fixed_input",NA,NA,NA,"custom RTMB","base coefficients",NA,NA
"sel_tv_ar1_fsh[43]",0,NA,NA,"fixed_input",NA,NA,NA,"custom RTMB","base coefficients",NA,NA
"sel_tv_ar1_fsh[44]",0,NA,NA,"fixed_input",NA,NA,NA,"custom RTMB","base coefficients",NA,NA
"sel_tv_ar1_fsh[45]",0,NA,NA,"fixed_input",NA,NA,NA,"custom RTMB","base coefficients",NA,NA
"sel_tv_ar1_fsh[46]",0,NA,NA,"fixed_input",NA,NA,NA,"custom RTMB","base coefficients",NA,NA
"sel_tv_ar1_fsh[47]",0,NA,NA,"fixed_input",NA,NA,NA,"custom RTMB","base coefficients",NA,NA
"sel_tv_ar1_fsh[48]",0,NA,NA,"fixed_input",NA,NA,NA,"custom RTMB","base coefficients",NA,NA
"sel_tv_ar1_fsh[49]",0,NA,NA,"fixed_input",NA,NA,NA,"custom RTMB","base coefficients",NA,NA
"sel_tv_ar1_fsh[50]",0,NA,NA,"fixed_input",NA,NA,NA,"custom RTMB","base coefficients",NA,NA
"sel_tv_ar1_fsh[51]",0,NA,NA,"fixed_input",NA,NA,NA,"custom RTMB","base coefficients",NA,NA
"sel_tv_ar1_fsh[52]",0,NA,NA,"fixed_input",NA,NA,NA,"custom RTMB","base coefficients",NA,NA
"sel_tv_ar1_fsh[53]",0,NA,NA,"fixed_input",NA,NA,NA,"custom RTMB","base coefficients",NA,NA
"sel_tv_ar1_fsh[54]",0,NA,NA,"fixed_input",NA,NA,NA,"custom RTMB","base coefficients",NA,NA
"sel_tv_ar1_fsh[55]",0,NA,NA,"fixed_input",NA,NA,NA,"custom RTMB","base coefficients",NA,NA
"sel_tv_ar1_fsh[56]",0,NA,NA,"fixed_input",NA,NA,NA,"custom RTMB","base coefficients",NA,NA
"sel_tv_ar1_fsh[57]",0,NA,NA,"fixed_input",NA,NA,NA,"custom RTMB","base coefficients",NA,NA
"sel_tv_ar1_fsh[58]",0,NA,NA,"fixed_input",NA,NA,NA,"custom RTMB","base coefficients",NA,NA
"sel_tv_ar1_fsh[59]",0,NA,NA,"fixed_input",NA,NA,NA,"custom RTMB","base coefficients",NA,NA
"sel_tv_ar1_fsh[60]",0,NA,NA,"fixed_input",NA,NA,NA,"custom RTMB","base coefficients",NA,NA
"sel_tv_ar1_fsh[61]",0,NA,NA,"fixed_input",NA,NA,NA,"custom RTMB","base coefficients",NA,NA
"sel_tv_ar1_fsh[62]",0,NA,NA,"fixed_input",NA,NA,NA,"custom RTMB","base coefficients",NA,NA
"sel_tv_ar1_fsh[63]",0,NA,NA,"fixed_input",NA,NA,NA,"custom RTMB","base coefficients",NA,NA
"sel_tv_ar1_fsh[64]",0,NA,NA,"fixed_input",NA,NA,NA,"custom RTMB","base coefficients",NA,NA
"sel_tv_ar1_fsh[65]",0,NA,NA,"fixed_input",NA,NA,NA,"custom RTMB","base coefficients",NA,NA
"sel_tv_ar1_fsh[66]",0,NA,NA,"fixed_input",NA,NA,NA,"custom RTMB","base coefficients",NA,NA
"sel_tv_ar1_fsh[67]",0,NA,NA,"fixed_input",NA,NA,NA,"custom RTMB","base coefficients",NA,NA
"sel_tv_ar1_fsh[68]",0,NA,NA,"fixed_input",NA,NA,NA,"custom RTMB","base coefficients",NA,NA
"sel_tv_ar1_fsh[69]",0,NA,NA,"fixed_input",NA,NA,NA,"custom RTMB","base coefficients",NA,NA
"sel_tv_ar1_fsh[70]",0,NA,NA,"fixed_input",NA,NA,NA,"custom RTMB","base coefficients",NA,NA
"sel_tv_ar1_fsh[71]",0,NA,NA,"fixed_input",NA,NA,NA,"custom RTMB","base coefficients",NA,NA
"sel_tv_ar1_fsh[72]",0,NA,NA,"fixed_input",NA,NA,NA,"custom RTMB","base coefficients",NA,NA
"sel_tv_ar1_fsh[73]",0,NA,NA,"fixed_input",NA,NA,NA,"custom RTMB","base coefficients",NA,NA
"sel_tv_ar1_fsh[74]",0,NA,NA,"fixed_input",NA,NA,NA,"custom RTMB","base coefficients",NA,NA
"sel_tv_ar1_fsh[75]",0,NA,NA,"fixed_input",NA,NA,NA,"custom RTMB","base coefficients",NA,NA
"sel_tv_ar1_fsh[76]",0,NA,NA,"fixed_input",NA,NA,NA,"custom RTMB","base coefficients",NA,NA
"sel_tv_ar1_fsh[77]",0,NA,NA,"fixed_input",NA,NA,NA,"custom RTMB","base coefficients",NA,NA
"sel_tv_ar1_fsh[78]",0,NA,NA,"fixed_input",NA,NA,NA,"custom RTMB","base coefficients",NA,NA
"sel_tv_ar1_fsh[79]",0,NA,NA,"fixed_input",NA,NA,NA,"custom RTMB","base coefficients",NA,NA
"sel_tv_ar1_fsh[80]",0,NA,NA,"fixed_input",NA,NA,NA,"custom RTMB","base coefficients",NA,NA
"sel_tv_ar1_fsh[81]",0,NA,NA,"fixed_input",NA,NA,NA,"custom RTMB","base coefficients",NA,NA
"sel_tv_ar1_fsh[82]",0,NA,NA,"fixed_input",NA,NA,NA,"custom RTMB","base coefficients",NA,NA
"sel_tv_ar1_fsh[83]",0,NA,NA,"fixed_input",NA,NA,NA,"custom RTMB","base coefficients",NA,NA
"sel_tv_ar1_fsh[84]",0,NA,NA,"fixed_input",NA,NA,NA,"custom RTMB","base coefficients",NA,NA
"sel_tv_ar1_fsh[85]",0,NA,NA,"fixed_input",NA,NA,NA,"custom RTMB","base coefficients",NA,NA
"sel_tv_ar1_fsh[86]",0,NA,NA,"fixed_input",NA,NA,NA,"custom RTMB","base coefficients",NA,NA
"sel_tv_ar1_fsh[87]",0,NA,NA,"fixed_input",NA,NA,NA,"custom RTMB","base coefficients",NA,NA
"sel_tv_ar1_fsh[88]",0,NA,NA,"fixed_input",NA,NA,NA,"custom RTMB","base coefficients",NA,NA
"sel_tv_ar1_fsh[89]",0,NA,NA,"fixed_input",NA,NA,NA,"custom RTMB","base coefficients",NA,NA
"sel_tv_ar1_fsh[90]",0,NA,NA,"fixed_input",NA,NA,NA,"custom RTMB","base coefficients",NA,NA
"sel_tv_ar1_fsh[91]",0,NA,NA,"fixed_input",NA,NA,NA,"custom RTMB","base coefficients",NA,NA
"sel_tv_ar1_fsh[92]",0,NA,NA,"fixed_input",NA,NA,NA,"custom RTMB","base coefficients",NA,NA
"sel_tv_ar1_fsh[93]",0,NA,NA,"fixed_input",NA,NA,NA,"custom RTMB","base coefficients",NA,NA
"sel_tv_ar1_fsh[94]",0,NA,NA,"fixed_input",NA,NA,NA,"custom RTMB","base coefficients",NA,NA
"sel_tv_ar1_fsh[95]",0,NA,NA,"fixed_input",NA,NA,NA,"custom RTMB","base coefficients",NA,NA
"sel_tv_ar1_fsh[96]",0,NA,NA,"fixed_input",NA,NA,NA,"custom RTMB","base coefficients",NA,NA
"sel_tv_ar1_fsh[97]",0,NA,NA,"fixed_input",NA,NA,NA,"custom RTMB","base coefficients",NA,NA
"sel_tv_ar1_fsh[98]",0,NA,NA,"fixed_input",NA,NA,NA,"custom RTMB","base coefficients",NA,NA
"sel_tv_ar1_fsh[99]",0,NA,NA,"fixed_input",NA,NA,NA,"custom RTMB","base coefficients",NA,NA
"sel_tv_ar1_fsh[100]",0,NA,NA,"fixed_input",NA,NA,NA,"custom RTMB","base coefficients",NA,NA
"sel_tv_ar1_fsh[101]",0,NA,NA,"fixed_input",NA,NA,NA,"custom RTMB","base coefficients",NA,NA
"sel_tv_ar1_fsh[102]",0,NA,NA,"fixed_input",NA,NA,NA,"custom RTMB","base coefficients",NA,NA
"sel_tv_ar1_fsh[103]",0,NA,NA,"fixed_input",NA,NA,NA,"custom RTMB","base coefficients",NA,NA
"sel_tv_ar1_fsh[104]",0,NA,NA,"fixed_input",NA,NA,NA,"custom RTMB","base coefficients",NA,NA
"sel_tv_ar1_fsh[105]",0,NA,NA,"fixed_input",NA,NA,NA,"custom RTMB","base coefficients",NA,NA
"sel_tv_ar1_fsh[106]",0,NA,NA,"fixed_input",NA,NA,NA,"custom RTMB","base coefficients",NA,NA
"sel_tv_ar1_fsh[107]",0,NA,NA,"fixed_input",NA,NA,NA,"custom RTMB","base coefficients",NA,NA
"sel_tv_ar1_fsh[108]",0,NA,NA,"fixed_input",NA,NA,NA,"custom RTMB","base coefficients",NA,NA
"sel_tv_ar1_fsh[109]",0,NA,NA,"fixed_input",NA,NA,NA,"custom RTMB","base coefficients",NA,NA
"sel_tv_ar1_fsh[110]",0,NA,NA,"fixed_input",NA,NA,NA,"custom RTMB","base coefficients",NA,NA
"sel_tv_ar1_fsh[111]",0,NA,NA,"fixed_input",NA,NA,NA,"custom RTMB","base coefficients",NA,NA
"sel_tv_ar1_fsh[112]",0,NA,NA,"fixed_input",NA,NA,NA,"custom RTMB","base coefficients",NA,NA
"sel_tv_ar1_fsh[113]",0,NA,NA,"fixed_input",NA,NA,NA,"custom RTMB","base coefficients",NA,NA
"sel_tv_ar1_fsh[114]",0,NA,NA,"fixed_input",NA,NA,NA,"custom RTMB","base coefficients",NA,NA
"sel_tv_ar1_fsh[115]",0,NA,NA,"fixed_input",NA,NA,NA,"custom RTMB","base coefficients",NA,NA
"sel_tv_ar1_fsh[116]",0,NA,NA,"fixed_input",NA,NA,NA,"custom RTMB","base coefficients",NA,NA
"sel_tv_ar1_fsh[117]",0,NA,NA,"fixed_input",NA,NA,NA,"custom RTMB","base coefficients",NA,NA
"sel_tv_ar1_fsh[118]",0,NA,NA,"fixed_input",NA,NA,NA,"custom RTMB","base coefficients",NA,NA
"sel_tv_ar1_fsh[119]",0,NA,NA,"fixed_input",NA,NA,NA,"custom RTMB","base coefficients",NA,NA
"sel_tv_ar1_fsh[120]",0,NA,NA,"fixed_input",NA,NA,NA,"custom RTMB","base coefficients",NA,NA
"sel_tv_ar1_fsh[121]",0,NA,NA,"fixed_input",NA,NA,NA,"custom RTMB","base coefficients",NA,NA
"sel_tv_ar1_fsh[122]",0,NA,NA,"fixed_input",NA,NA,NA,"custom RTMB","base coefficients",NA,NA
"sel_tv_ar1_fsh[123]",0,NA,NA,"fixed_input",NA,NA,NA,"custom RTMB","base coefficients",NA,NA
"sel_tv_ar1_fsh[124]",0,NA,NA,"fixed_input",NA,NA,NA,"custom RTMB","base coefficients",NA,NA
"sel_tv_ar1_fsh[125]",0,NA,NA,"fixed_input",NA,NA,NA,"custom RTMB","base coefficients",NA,NA
"sel_tv_ar1_fsh[126]",0,NA,NA,"fixed_input",NA,NA,NA,"custom RTMB","base coefficients",NA,NA
"sel_tv_ar1_fsh[127]",0,NA,NA,"fixed_input",NA,NA,NA,"custom RTMB","base coefficients",NA,NA
"sel_tv_ar1_fsh[128]",0,NA,NA,"fixed_input",NA,NA,NA,"custom RTMB","base coefficients",NA,NA
"sel_tv_ar1_fsh[129]",0,NA,NA,"fixed_input",NA,NA,NA,"custom RTMB","base coefficients",NA,NA
"sel_tv_ar1_fsh[130]",0,NA,NA,"fixed_input",NA,NA,NA,"custom RTMB","base coefficients",NA,NA
"sel_tv_ar1_fsh[131]",0,NA,NA,"fixed_input",NA,NA,NA,"custom RTMB","base coefficients",NA,NA
"sel_tv_ar1_fsh[132]",0,NA,NA,"fixed_input",NA,NA,NA,"custom RTMB","base coefficients",NA,NA
"sel_tv_ar1_fsh[133]",0,NA,NA,"fixed_input",NA,NA,NA,"custom RTMB","base coefficients",NA,NA
"sel_tv_ar1_fsh[134]",0,NA,NA,"fixed_input",NA,NA,NA,"custom RTMB","base coefficients",NA,NA
"sel_tv_ar1_fsh[135]",0,NA,NA,"fixed_input",NA,NA,NA,"custom RTMB","base coefficients",NA,NA
"sel_tv_ar1_fsh[136]",0,NA,NA,"fixed_input",NA,NA,NA,"custom RTMB","base coefficients",NA,NA
"sel_tv_ar1_fsh[137]",0,NA,NA,"fixed_input",NA,NA,NA,"custom RTMB","base coefficients",NA,NA
"sel_tv_ar1_fsh[138]",0,NA,NA,"fixed_input",NA,NA,NA,"custom RTMB","base coefficients",NA,NA
"sel_tv_ar1_fsh[139]",0,NA,NA,"fixed_input",NA,NA,NA,"custom RTMB","base coefficients",NA,NA
"sel_tv_ar1_fsh[140]",0,NA,NA,"fixed_input",NA,NA,NA,"custom RTMB","base coefficients",NA,NA
"sel_tv_ar1_fsh[141]",0,NA,NA,"fixed_input",NA,NA,NA,"custom RTMB","base coefficients",NA,NA
"sel_tv_ar1_fsh[142]",0,NA,NA,"fixed_input",NA,NA,NA,"custom RTMB","base coefficients",NA,NA
"sel_tv_ar1_fsh[143]",0,NA,NA,"fixed_input",NA,NA,NA,"custom RTMB","base coefficients",NA,NA
"sel_tv_ar1_fsh[144]",0,NA,NA,"fixed_input",NA,NA,NA,"custom RTMB","base coefficients",NA,NA
"sel_tv_ar1_fsh[145]",0,NA,NA,"fixed_input",NA,NA,NA,"custom RTMB","base coefficients",NA,NA
"sel_tv_ar1_fsh[146]",0,NA,NA,"fixed_input",NA,NA,NA,"custom RTMB","base coefficients",NA,NA
"sel_tv_ar1_fsh[147]",0,NA,NA,"fixed_input",NA,NA,NA,"custom RTMB","base coefficients",NA,NA
"sel_tv_ar1_fsh[148]",0,NA,NA,"fixed_input",NA,NA,NA,"custom RTMB","base coefficients",NA,NA
"sel_tv_ar1_fsh[149]",0,NA,NA,"fixed_input",NA,NA,NA,"custom RTMB","base coefficients",NA,NA
"sel_tv_ar1_fsh[150]",0,NA,NA,"fixed_input",NA,NA,NA,"custom RTMB","base coefficients",NA,NA
"sel_tv_ar1_fsh[151]",0,NA,NA,"fixed_input",NA,NA,NA,"custom RTMB","base coefficients",NA,NA
"sel_tv_ar1_fsh[152]",0,NA,NA,"fixed_input",NA,NA,NA,"custom RTMB","base coefficients",NA,NA
"sel_tv_ar1_fsh[153]",0,NA,NA,"fixed_input",NA,NA,NA,"custom RTMB","base coefficients",NA,NA
"sel_tv_ar1_fsh[154]",0,NA,NA,"fixed_input",NA,NA,NA,"custom RTMB","base coefficients",NA,NA
"sel_tv_ar1_fsh[155]",0,NA,NA,"fixed_input",NA,NA,NA,"custom RTMB","base coefficients",NA,NA
"sel_tv_ar1_fsh[156]",0,NA,NA,"fixed_input",NA,NA,NA,"custom RTMB","base coefficients",NA,NA
"sel_tv_ar1_fsh[157]",0,NA,NA,"fixed_input",NA,NA,NA,"custom RTMB","base coefficients",NA,NA
"sel_tv_ar1_fsh[158]",0,NA,NA,"fixed_input",NA,NA,NA,"custom RTMB","base coefficients",NA,NA
"sel_tv_ar1_fsh[159]",0,NA,NA,"fixed_input",NA,NA,NA,"custom RTMB","base coefficients",NA,NA
"sel_tv_ar1_fsh[160]",0,NA,NA,"fixed_input",NA,NA,NA,"custom RTMB","base coefficients",NA,NA
"sel_tv_ar1_fsh[161]",0,NA,NA,"fixed_input",NA,NA,NA,"custom RTMB","base coefficients",NA,NA
"sel_tv_ar1_fsh[162]",0,NA,NA,"fixed_input",NA,NA,NA,"custom RTMB","base coefficients",NA,NA
"sel_tv_ar1_fsh[163]",0,NA,NA,"fixed_input",NA,NA,NA,"custom RTMB","base coefficients",NA,NA
"sel_tv_ar1_fsh[164]",0,NA,NA,"fixed_input",NA,NA,NA,"custom RTMB","base coefficients",NA,NA
"sel_tv_ar1_fsh[165]",0,NA,NA,"fixed_input",NA,NA,NA,"custom RTMB","base coefficients",NA,NA
"sel_tv_ar1_fsh[166]",0,NA,NA,"fixed_input",NA,NA,NA,"custom RTMB","base coefficients",NA,NA
"sel_tv_ar1_fsh[167]",0,NA,NA,"fixed_input",NA,NA,NA,"custom RTMB","base coefficients",NA,NA
"sel_tv_ar1_fsh[168]",0,NA,NA,"fixed_input",NA,NA,NA,"custom RTMB","base coefficients",NA,NA
"sel_tv_ar1_fsh[169]",0,NA,NA,"fixed_input",NA,NA,NA,"custom RTMB","base coefficients",NA,NA
"sel_tv_ar1_fsh[170]",0,NA,NA,"fixed_input",NA,NA,NA,"custom RTMB","base coefficients",NA,NA
"sel_tv_ar1_fsh[171]",0,NA,NA,"fixed_input",NA,NA,NA,"custom RTMB","base coefficients",NA,NA
"sel_tv_ar1_fsh[172]",0,NA,NA,"fixed_input",NA,NA,NA,"custom RTMB","base coefficients",NA,NA
"sel_tv_ar1_fsh[173]",0,NA,NA,"fixed_input",NA,NA,NA,"custom RTMB","base coefficients",NA,NA
"sel_tv_ar1_fsh[174]",0,NA,NA,"fixed_input",NA,NA,NA,"custom RTMB","base coefficients",NA,NA
"sel_tv_ar1_fsh[175]",0,NA,NA,"fixed_input",NA,NA,NA,"custom RTMB","base coefficients",NA,NA
"sel_tv_ar1_fsh[176]",0,NA,NA,"fixed_input",NA,NA,NA,"custom RTMB","base coefficients",NA,NA
"sel_tv_ar1_fsh[177]",0,NA,NA,"fixed_input",NA,NA,NA,"custom RTMB","base coefficients",NA,NA
"sel_tv_ar1_fsh[178]",0,NA,NA,"fixed_input",NA,NA,NA,"custom RTMB","base coefficients",NA,NA
"sel_tv_ar1_fsh[179]",0,NA,NA,"fixed_input",NA,NA,NA,"custom RTMB","base coefficients",NA,NA
"sel_tv_ar1_fsh[180]",0,NA,NA,"fixed_input",NA,NA,NA,"custom RTMB","base coefficients",NA,NA
"sel_tv_ar1_fsh[181]",0,NA,NA,"fixed_input",NA,NA,NA,"custom RTMB","base coefficients",NA,NA
"sel_tv_ar1_fsh[182]",0,NA,NA,"fixed_input",NA,NA,NA,"custom RTMB","base coefficients",NA,NA
"sel_tv_ar1_fsh[183]",0,NA,NA,"fixed_input",NA,NA,NA,"custom RTMB","base coefficients",NA,NA
"sel_tv_ar1_fsh[184]",0,NA,NA,"fixed_input",NA,NA,NA,"custom RTMB","base coefficients",NA,NA
"sel_tv_ar1_fsh[185]",0,NA,NA,"fixed_input",NA,NA,NA,"custom RTMB","base coefficients",NA,NA
"sel_tv_ar1_fsh[186]",0,NA,NA,"fixed_input",NA,NA,NA,"custom RTMB","base coefficients",NA,NA
"sel_tv_ar1_fsh[187]",0,NA,NA,"fixed_input",NA,NA,NA,"custom RTMB","base coefficients",NA,NA
"sel_tv_ar1_fsh[188]",0,NA,NA,"fixed_input",NA,NA,NA,"custom RTMB","base coefficients",NA,NA
"sel_tv_ar1_fsh[189]",0,NA,NA,"fixed_input",NA,NA,NA,"custom RTMB","base coefficients",NA,NA
"sel_tv_ar1_fsh[190]",0,NA,NA,"fixed_input",NA,NA,NA,"custom RTMB","base coefficients",NA,NA
"sel_tv_ar1_fsh[191]",0,NA,NA,"fixed_input",NA,NA,NA,"custom RTMB","base coefficients",NA,NA
"sel_tv_ar1_fsh[192]",0,NA,NA,"fixed_input",NA,NA,NA,"custom RTMB","base coefficients",NA,NA
"sel_tv_ar1_fsh[193]",0,NA,NA,"fixed_input",NA,NA,NA,"custom RTMB","base coefficients",NA,NA
"sel_tv_ar1_fsh[194]",0,NA,NA,"fixed_input",NA,NA,NA,"custom RTMB","base coefficients",NA,NA
"sel_tv_ar1_fsh[195]",0,NA,NA,"fixed_input",NA,NA,NA,"custom RTMB","base coefficients",NA,NA
"sel_tv_ar1_fsh[196]",0,NA,NA,"fixed_input",NA,NA,NA,"custom RTMB","base coefficients",NA,NA
"sel_tv_ar1_fsh[197]",0,NA,NA,"fixed_input",NA,NA,NA,"custom RTMB","base coefficients",NA,NA
"sel_tv_ar1_fsh[198]",0,NA,NA,"fixed_input",NA,NA,NA,"custom RTMB","base coefficients",NA,NA
"sel_tv_ar1_fsh[199]",0,NA,NA,"fixed_input",NA,NA,NA,"custom RTMB","base coefficients",NA,NA
"sel_tv_ar1_fsh[200]",0,NA,NA,"fixed_input",NA,NA,NA,"custom RTMB","base coefficients",NA,NA
"sel_tv_ar1_fsh[201]",0,NA,NA,"fixed_input",NA,NA,NA,"custom RTMB","base coefficients",NA,NA
"sel_tv_ar1_fsh[202]",0,NA,NA,"fixed_input",NA,NA,NA,"custom RTMB","base coefficients",NA,NA
"sel_tv_ar1_fsh[203]",0,NA,NA,"fixed_input",NA,NA,NA,"custom RTMB","base coefficients",NA,NA
"sel_tv_ar1_fsh[204]",0,NA,NA,"fixed_input",NA,NA,NA,"custom RTMB","base coefficients",NA,NA
"sel_tv_ar1_fsh[205]",0,NA,NA,"fixed_input",NA,NA,NA,"custom RTMB","base coefficients",NA,NA
"sel_tv_ar1_fsh[206]",0,NA,NA,"fixed_input",NA,NA,NA,"custom RTMB","base coefficients",NA,NA
"sel_tv_ar1_fsh[207]",0,NA,NA,"fixed_input",NA,NA,NA,"custom RTMB","base coefficients",NA,NA
"sel_tv_ar1_fsh[208]",0,NA,NA,"fixed_input",NA,NA,NA,"custom RTMB","base coefficients",NA,NA
"sel_tv_ar1_fsh[209]",0,NA,NA,"fixed_input",NA,NA,NA,"custom RTMB","base coefficients",NA,NA
"sel_tv_ar1_fsh[210]",0,NA,NA,"fixed_input",NA,NA,NA,"custom RTMB","base coefficients",NA,NA
"sel_tv_ar1_fsh[211]",0,NA,NA,"fixed_input",NA,NA,NA,"custom RTMB","base coefficients",NA,NA
"sel_tv_ar1_fsh[212]",0,NA,NA,"fixed_input",NA,NA,NA,"custom RTMB","base coefficients",NA,NA
"sel_tv_ar1_fsh[213]",0,NA,NA,"fixed_input",NA,NA,NA,"custom RTMB","base coefficients",NA,NA
"sel_tv_ar1_fsh[214]",0,NA,NA,"fixed_input",NA,NA,NA,"custom RTMB","base coefficients",NA,NA
"sel_tv_ar1_fsh[215]",0,NA,NA,"fixed_input",NA,NA,NA,"custom RTMB","base coefficients",NA,NA
"sel_tv_ar1_fsh[216]",0,NA,NA,"fixed_input",NA,NA,NA,"custom RTMB","base coefficients",NA,NA
"sel_tv_ar1_fsh[217]",0,NA,NA,"fixed_input",NA,NA,NA,"custom RTMB","base coefficients",NA,NA
"sel_tv_ar1_fsh[218]",0,NA,NA,"fixed_input",NA,NA,NA,"custom RTMB","base coefficients",NA,NA
"sel_tv_ar1_fsh[219]",0,NA,NA,"fixed_input",NA,NA,NA,"custom RTMB","base coefficients",NA,NA
"sel_tv_ar1_fsh[220]",0,NA,NA,"fixed_input",NA,NA,NA,"custom RTMB","base coefficients",NA,NA
"sel_tv_ar1_fsh[221]",0,NA,NA,"fixed_input",NA,NA,NA,"custom RTMB","base coefficients",NA,NA
"sel_tv_ar1_fsh[222]",0,NA,NA,"fixed_input",NA,NA,NA,"custom RTMB","base coefficients",NA,NA
"sel_tv_ar1_fsh[223]",0,NA,NA,"fixed_input",NA,NA,NA,"custom RTMB","base coefficients",NA,NA
"sel_tv_ar1_fsh[224]",0,NA,NA,"fixed_input",NA,NA,NA,"custom RTMB","base coefficients",NA,NA
"sel_tv_ar1_fsh[225]",0,NA,NA,"fixed_input",NA,NA,NA,"custom RTMB","base coefficients",NA,NA
"sel_tv_ar1_fsh[226]",0,NA,NA,"fixed_input",NA,NA,NA,"custom RTMB","base coefficients",NA,NA
"sel_tv_ar1_fsh[227]",0,NA,NA,"fixed_input",NA,NA,NA,"custom RTMB","base coefficients",NA,NA
"sel_tv_ar1_fsh[228]",0,NA,NA,"fixed_input",NA,NA,NA,"custom RTMB","base coefficients",NA,NA
"sel_tv_ar1_fsh[229]",0,NA,NA,"fixed_input",NA,NA,NA,"custom RTMB","base coefficients",NA,NA
"sel_tv_ar1_fsh[230]",0,NA,NA,"fixed_input",NA,NA,NA,"custom RTMB","base coefficients",NA,NA
"sel_tv_ar1_fsh[231]",0,NA,NA,"fixed_input",NA,NA,NA,"custom RTMB","base coefficients",NA,NA
"sel_tv_ar1_fsh[232]",0,NA,NA,"fixed_input",NA,NA,NA,"custom RTMB","base coefficients",NA,NA
"sel_tv_ar1_fsh[233]",0,NA,NA,"fixed_input",NA,NA,NA,"custom RTMB","base coefficients",NA,NA
"sel_tv_ar1_fsh[234]",0,NA,NA,"fixed_input",NA,NA,NA,"custom RTMB","base coefficients",NA,NA
"sel_tv_ar1_fsh[235]",0,NA,NA,"fixed_input",NA,NA,NA,"custom RTMB","base coefficients",NA,NA
"sel_tv_ar1_fsh[236]",0,NA,NA,"fixed_input",NA,NA,NA,"custom RTMB","base coefficients",NA,NA
"sel_tv_ar1_fsh[237]",0,NA,NA,"fixed_input",NA,NA,NA,"custom RTMB","base coefficients",NA,NA
"sel_tv_ar1_fsh[238]",0,NA,NA,"fixed_input",NA,NA,NA,"custom RTMB","base coefficients",NA,NA
"sel_tv_ar1_fsh[239]",0,NA,NA,"fixed_input",NA,NA,NA,"custom RTMB","base coefficients",NA,NA
"sel_tv_ar1_fsh[240]",0,NA,NA,"fixed_input",NA,NA,NA,"custom RTMB","base coefficients",NA,NA
"sel_tv_ar1_fsh[241]",0,NA,NA,"fixed_input",NA,NA,NA,"custom RTMB","base coefficients",NA,NA
"sel_tv_ar1_fsh[242]",0,NA,NA,"fixed_input",NA,NA,NA,"custom RTMB","base coefficients",NA,NA
"sel_tv_ar1_fsh[243]",0,NA,NA,"fixed_input",NA,NA,NA,"custom RTMB","base coefficients",NA,NA
"sel_tv_ar1_fsh[244]",0,NA,NA,"fixed_input",NA,NA,NA,"custom RTMB","base coefficients",NA,NA
"sel_tv_ar1_fsh[245]",0,NA,NA,"fixed_input",NA,NA,NA,"custom RTMB","base coefficients",NA,NA
"sel_tv_ar1_fsh[246]",0,NA,NA,"fixed_input",NA,NA,NA,"custom RTMB","base coefficients",NA,NA
"sel_tv_ar1_fsh[247]",0,NA,NA,"fixed_input",NA,NA,NA,"custom RTMB","base coefficients",NA,NA
"sel_tv_ar1_fsh[248]",0,NA,NA,"fixed_input",NA,NA,NA,"custom RTMB","base coefficients",NA,NA
"sel_tv_ar1_fsh[249]",0,NA,NA,"fixed_input",NA,NA,NA,"custom RTMB","base coefficients",NA,NA
"sel_tv_ar1_fsh[250]",0,NA,NA,"fixed_input",NA,NA,NA,"custom RTMB","base coefficients",NA,NA
"sel_tv_ar1_fsh[251]",0,NA,NA,"fixed_input",NA,NA,NA,"custom RTMB","base coefficients",NA,NA
"sel_tv_ar1_fsh[252]",0,NA,NA,"fixed_input",NA,NA,NA,"custom RTMB","base coefficients",NA,NA
"sel_tv_ar1_fsh[253]",0,NA,NA,"fixed_input",NA,NA,NA,"custom RTMB","base coefficients",NA,NA
"sel_tv_ar1_fsh[254]",0,NA,NA,"fixed_input",NA,NA,NA,"custom RTMB","base coefficients",NA,NA
"sel_tv_ar1_fsh[255]",0,NA,NA,"fixed_input",NA,NA,NA,"custom RTMB","base coefficients",NA,NA
"sel_tv_ar1_fsh[256]",0,NA,NA,"fixed_input",NA,NA,NA,"custom RTMB","base coefficients",NA,NA
"sel_tv_ar1_fsh[257]",0,NA,NA,"fixed_input",NA,NA,NA,"custom RTMB","base coefficients",NA,NA
"sel_tv_ar1_fsh[258]",0,NA,NA,"fixed_input",NA,NA,NA,"custom RTMB","base coefficients",NA,NA
"sel_tv_ar1_fsh[259]",0,NA,NA,"fixed_input",NA,NA,NA,"custom RTMB","base coefficients",NA,NA
"sel_tv_ar1_fsh[260]",0,NA,NA,"fixed_input",NA,NA,NA,"custom RTMB","base coefficients",NA,NA
"sel_tv_ar1_fsh[261]",0,NA,NA,"fixed_input",NA,NA,NA,"custom RTMB","base coefficients",NA,NA
"sel_tv_ar1_fsh[262]",0,NA,NA,"fixed_input",NA,NA,NA,"custom RTMB","base coefficients",NA,NA
"sel_tv_ar1_fsh[263]",0,NA,NA,"fixed_input",NA,NA,NA,"custom RTMB","base coefficients",NA,NA
"sel_tv_ar1_fsh[264]",0,NA,NA,"fixed_input",NA,NA,NA,"custom RTMB","base coefficients",NA,NA
"sel_tv_ar1_fsh[265]",0,NA,NA,"fixed_input",NA,NA,NA,"custom RTMB","base coefficients",NA,NA
"sel_tv_ar1_fsh[266]",0,NA,NA,"fixed_input",NA,NA,NA,"custom RTMB","base coefficients",NA,NA
"sel_tv_ar1_fsh[267]",0,NA,NA,"fixed_input",NA,NA,NA,"custom RTMB","base coefficients",NA,NA
"sel_tv_ar1_fsh[268]",0,NA,NA,"fixed_input",NA,NA,NA,"custom RTMB","base coefficients",NA,NA
"sel_tv_ar1_fsh[269]",0,NA,NA,"fixed_input",NA,NA,NA,"custom RTMB","base coefficients",NA,NA
"sel_tv_ar1_fsh[270]",0,NA,NA,"fixed_input",NA,NA,NA,"custom RTMB","base coefficients",NA,NA
"sel_tv_ar1_fsh[271]",0,NA,NA,"fixed_input",NA,NA,NA,"custom RTMB","base coefficients",NA,NA
"sel_tv_ar1_fsh[272]",0,NA,NA,"fixed_input",NA,NA,NA,"custom RTMB","base coefficients",NA,NA
"sel_tv_ar1_fsh[273]",0,NA,NA,"fixed_input",NA,NA,NA,"custom RTMB","base coefficients",NA,NA
"sel_tv_ar1_fsh[274]",0,NA,NA,"fixed_input",NA,NA,NA,"custom RTMB","base coefficients",NA,NA
"sel_tv_ar1_fsh[275]",0,NA,NA,"fixed_input",NA,NA,NA,"custom RTMB","base coefficients",NA,NA
"sel_tv_ar1_fsh[276]",0,NA,NA,"fixed_input",NA,NA,NA,"custom RTMB","base coefficients",NA,NA
"sel_tv_ar1_fsh[277]",0,NA,NA,"fixed_input",NA,NA,NA,"custom RTMB","base coefficients",NA,NA
"sel_tv_ar1_fsh[278]",0,NA,NA,"fixed_input",NA,NA,NA,"custom RTMB","base coefficients",NA,NA
"sel_tv_ar1_fsh[279]",0,NA,NA,"fixed_input",NA,NA,NA,"custom RTMB","base coefficients",NA,NA
"sel_tv_ar1_fsh[280]",0,NA,NA,"fixed_input",NA,NA,NA,"custom RTMB","base coefficients",NA,NA
"sel_tv_ar1_fsh[281]",0,NA,NA,"fixed_input",NA,NA,NA,"custom RTMB","base coefficients",NA,NA
"sel_tv_ar1_fsh[282]",0,NA,NA,"fixed_input",NA,NA,NA,"custom RTMB","base coefficients",NA,NA
"sel_tv_ar1_fsh[283]",0,NA,NA,"fixed_input",NA,NA,NA,"custom RTMB","base coefficients",NA,NA
"sel_tv_ar1_fsh[284]",0,NA,NA,"fixed_input",NA,NA,NA,"custom RTMB","base coefficients",NA,NA
"sel_tv_ar1_fsh[285]",0,NA,NA,"fixed_input",NA,NA,NA,"custom RTMB","base coefficients",NA,NA
"sel_tv_ar1_fsh[286]",0,NA,NA,"fixed_input",NA,NA,NA,"custom RTMB","base coefficients",NA,NA
"sel_tv_ar1_fsh[287]",0,NA,NA,"fixed_input",NA,NA,NA,"custom RTMB","base coefficients",NA,NA
"sel_tv_ar1_fsh[288]",0,NA,NA,"fixed_input",NA,NA,NA,"custom RTMB","base coefficients",NA,NA
"sel_tv_ar1_fsh[289]",0,NA,NA,"fixed_input",NA,NA,NA,"custom RTMB","base coefficients",NA,NA
"sel_tv_ar1_fsh[290]",0,NA,NA,"fixed_input",NA,NA,NA,"custom RTMB","base coefficients",NA,NA
"sel_tv_ar1_fsh[291]",0,NA,NA,"fixed_input",NA,NA,NA,"custom RTMB","base coefficients",NA,NA
"sel_tv_ar1_fsh[292]",0,NA,NA,"fixed_input",NA,NA,NA,"custom RTMB","base coefficients",NA,NA
"sel_tv_ar1_fsh[293]",0,NA,NA,"fixed_input",NA,NA,NA,"custom RTMB","base coefficients",NA,NA
"sel_tv_ar1_fsh[294]",0,NA,NA,"fixed_input",NA,NA,NA,"custom RTMB","base coefficients",NA,NA
"sel_tv_ar1_fsh[295]",0,NA,NA,"fixed_input",NA,NA,NA,"custom RTMB","base coefficients",NA,NA
"sel_tv_ar1_fsh[296]",0,NA,NA,"fixed_input",NA,NA,NA,"custom RTMB","base coefficients",NA,NA
"sel_tv_ar1_fsh[297]",0,NA,NA,"fixed_input",NA,NA,NA,"custom RTMB","base coefficients",NA,NA
"sel_tv_ar1_fsh[298]",0,NA,NA,"fixed_input",NA,NA,NA,"custom RTMB","base coefficients",NA,NA
"sel_tv_ar1_fsh[299]",0,NA,NA,"fixed_input",NA,NA,NA,"custom RTMB","base coefficients",NA,NA
"sel_tv_ar1_fsh[300]",0,NA,NA,"fixed_input",NA,NA,NA,"custom RTMB","base coefficients",NA,NA
"sel_tv_ar1_fsh[301]",0,NA,NA,"fixed_input",NA,NA,NA,"custom RTMB","base coefficients",NA,NA
"sel_tv_ar1_fsh[302]",0,NA,NA,"fixed_input",NA,NA,NA,"custom RTMB","base coefficients",NA,NA
"sel_tv_ar1_fsh[303]",0,NA,NA,"fixed_input",NA,NA,NA,"custom RTMB","base coefficients",NA,NA
"sel_tv_ar1_fsh[304]",0,NA,NA,"fixed_input",NA,NA,NA,"custom RTMB","base coefficients",NA,NA
"sel_tv_ar1_fsh[305]",0,NA,NA,"fixed_input",NA,NA,NA,"custom RTMB","base coefficients",NA,NA
"sel_tv_ar1_fsh[306]",0,NA,NA,"fixed_input",NA,NA,NA,"custom RTMB","base coefficients",NA,NA
"sel_tv_ar1_fsh[307]",0,NA,NA,"fixed_input",NA,NA,NA,"custom RTMB","base coefficients",NA,NA
"sel_tv_ar1_fsh[308]",0,NA,NA,"fixed_input",NA,NA,NA,"custom RTMB","base coefficients",NA,NA
"sel_tv_ar1_fsh[309]",0,NA,NA,"fixed_input",NA,NA,NA,"custom RTMB","base coefficients",NA,NA
"sel_tv_ar1_fsh[310]",0,NA,NA,"fixed_input",NA,NA,NA,"custom RTMB","base coefficients",NA,NA
"sel_tv_ar1_fsh[311]",0,NA,NA,"fixed_input",NA,NA,NA,"custom RTMB","base coefficients",NA,NA
"sel_tv_ar1_fsh[312]",0,NA,NA,"fixed_input",NA,NA,NA,"custom RTMB","base coefficients",NA,NA
"sel_tv_ar1_fsh[313]",0,NA,NA,"fixed_input",NA,NA,NA,"custom RTMB","base coefficients",NA,NA
"sel_tv_ar1_fsh[314]",0,NA,NA,"fixed_input",NA,NA,NA,"custom RTMB","base coefficients",NA,NA
"sel_tv_ar1_fsh[315]",0,NA,NA,"fixed_input",NA,NA,NA,"custom RTMB","base coefficients",NA,NA
"sel_tv_ar1_fsh[316]",0,NA,NA,"fixed_input",NA,NA,NA,"custom RTMB","base coefficients",NA,NA
"sel_tv_ar1_fsh[317]",0,NA,NA,"fixed_input",NA,NA,NA,"custom RTMB","base coefficients",NA,NA
"sel_tv_ar1_fsh[318]",0,NA,NA,"fixed_input",NA,NA,NA,"custom RTMB","base coefficients",NA,NA
"sel_tv_ar1_fsh[319]",0,NA,NA,"fixed_input",NA,NA,NA,"custom RTMB","base coefficients",NA,NA
"sel_tv_ar1_fsh[320]",0,NA,NA,"fixed_input",NA,NA,NA,"custom RTMB","base coefficients",NA,NA
"sel_tv_ar1_fsh[321]",0,NA,NA,"fixed_input",NA,NA,NA,"custom RTMB","base coefficients",NA,NA
"sel_tv_ar1_fsh[322]",0,NA,NA,"fixed_input",NA,NA,NA,"custom RTMB","base coefficients",NA,NA
"sel_tv_ar1_fsh[323]",0,NA,NA,"fixed_input",NA,NA,NA,"custom RTMB","base coefficients",NA,NA
"sel_tv_ar1_fsh[324]",0,NA,NA,"fixed_input",NA,NA,NA,"custom RTMB","base coefficients",NA,NA
"sel_tv_ar1_fsh[325]",0,NA,NA,"fixed_input",NA,NA,NA,"custom RTMB","base coefficients",NA,NA
"sel_tv_ar1_fsh[326]",0,NA,NA,"fixed_input",NA,NA,NA,"custom RTMB","base coefficients",NA,NA
"sel_tv_ar1_fsh[327]",0,NA,NA,"fixed_input",NA,NA,NA,"custom RTMB","base coefficients",NA,NA
"sel_tv_ar1_fsh[328]",0,NA,NA,"fixed_input",NA,NA,NA,"custom RTMB","base coefficients",NA,NA
"sel_tv_ar1_fsh[329]",0,NA,NA,"fixed_input",NA,NA,NA,"custom RTMB","base coefficients",NA,NA
"sel_tv_ar1_fsh[330]",0,NA,NA,"fixed_input",NA,NA,NA,"custom RTMB","base coefficients",NA,NA
"sel_tv_ar1_fsh[331]",0,NA,NA,"fixed_input",NA,NA,NA,"custom RTMB","base coefficients",NA,NA
"sel_tv_ar1_fsh[332]",0,NA,NA,"fixed_input",NA,NA,NA,"custom RTMB","base coefficients",NA,NA
"sel_tv_ar1_fsh[333]",0,NA,NA,"fixed_input",NA,NA,NA,"custom RTMB","base coefficients",NA,NA
"sel_tv_ar1_fsh[334]",0,NA,NA,"fixed_input",NA,NA,NA,"custom RTMB","base coefficients",NA,NA
"sel_tv_ar1_fsh[335]",0,NA,NA,"fixed_input",NA,NA,NA,"custom RTMB","base coefficients",NA,NA
"sel_tv_ar1_fsh[336]",0,NA,NA,"fixed_input",NA,NA,NA,"custom RTMB","base coefficients",NA,NA
"sel_tv_ar1_fsh[337]",0,NA,NA,"fixed_input",NA,NA,NA,"custom RTMB","base coefficients",NA,NA
"sel_tv_ar1_fsh[338]",0,NA,NA,"fixed_input",NA,NA,NA,"custom RTMB","base coefficients",NA,NA
"sel_tv_ar1_fsh[339]",0,NA,NA,"fixed_input",NA,NA,NA,"custom RTMB","base coefficients",NA,NA
"sel_tv_ar1_fsh[340]",0,NA,NA,"fixed_input",NA,NA,NA,"custom RTMB","base coefficients",NA,NA
"sel_tv_ar1_fsh[341]",0,NA,NA,"fixed_input",NA,NA,NA,"custom RTMB","base coefficients",NA,NA
"sel_tv_ar1_fsh[342]",0,NA,NA,"fixed_input",NA,NA,NA,"custom RTMB","base coefficients",NA,NA
"sel_tv_ar1_fsh[343]",0,NA,NA,"fixed_input",NA,NA,NA,"custom RTMB","base coefficients",NA,NA
"sel_tv_ar1_fsh[344]",0,NA,NA,"fixed_input",NA,NA,NA,"custom RTMB","base coefficients",NA,NA
"sel_tv_ar1_fsh[345]",0,NA,NA,"fixed_input",NA,NA,NA,"custom RTMB","base coefficients",NA,NA
"sel_tv_ar1_fsh[346]",0,NA,NA,"fixed_input",NA,NA,NA,"custom RTMB","base coefficients",NA,NA
"sel_tv_ar1_fsh[347]",0,NA,NA,"fixed_input",NA,NA,NA,"custom RTMB","base coefficients",NA,NA
"sel_tv_ar1_fsh[348]",0,NA,NA,"fixed_input",NA,NA,NA,"custom RTMB","base coefficients",NA,NA
"sel_tv_ar1_fsh[349]",0,NA,NA,"fixed_input",NA,NA,NA,"custom RTMB","base coefficients",NA,NA
"sel_tv_ar1_fsh[350]",0,NA,NA,"fixed_input",NA,NA,NA,"custom RTMB","base coefficients",NA,NA
"sel_tv_ar1_fsh[351]",0,NA,NA,"fixed_input",NA,NA,NA,"custom RTMB","base coefficients",NA,NA
"sel_tv_ar1_fsh[352]",0,NA,NA,"fixed_input",NA,NA,NA,"custom RTMB","base coefficients",NA,NA
"sel_tv_ar1_fsh[353]",0,NA,NA,"fixed_input",NA,NA,NA,"custom RTMB","base coefficients",NA,NA
"sel_tv_ar1_fsh[354]",0,NA,NA,"fixed_input",NA,NA,NA,"custom RTMB","base coefficients",NA,NA
"sel_tv_ar1_fsh[355]",0,NA,NA,"fixed_input",NA,NA,NA,"custom RTMB","base coefficients",NA,NA
"sel_tv_ar1_fsh[356]",0,NA,NA,"fixed_input",NA,NA,NA,"custom RTMB","base coefficients",NA,NA
"sel_tv_ar1_fsh[357]",0,NA,NA,"fixed_input",NA,NA,NA,"custom RTMB","base coefficients",NA,NA
"sel_tv_ar1_fsh[358]",0,NA,NA,"fixed_input",NA,NA,NA,"custom RTMB","base coefficients",NA,NA
"sel_tv_ar1_fsh[359]",0,NA,NA,"fixed_input",NA,NA,NA,"custom RTMB","base coefficients",NA,NA
"sel_tv_ar1_fsh[360]",0,NA,NA,"fixed_input",NA,NA,NA,"custom RTMB","base coefficients",NA,NA
"sel_tv_ar1_fsh[361]",0,NA,NA,"fixed_input",NA,NA,NA,"custom RTMB","base coefficients",NA,NA
"sel_tv_ar1_fsh[362]",0,NA,NA,"fixed_input",NA,NA,NA,"custom RTMB","base coefficients",NA,NA
"sel_tv_ar1_fsh[363]",0,NA,NA,"fixed_input",NA,NA,NA,"custom RTMB","base coefficients",NA,NA
"sel_tv_ar1_fsh[364]",0,NA,NA,"fixed_input",NA,NA,NA,"custom RTMB","base coefficients",NA,NA
"sel_tv_ar1_fsh[365]",0,NA,NA,"fixed_input",NA,NA,NA,"custom RTMB","base coefficients",NA,NA
"sel_tv_ar1_fsh[366]",0,NA,NA,"fixed_input",NA,NA,NA,"custom RTMB","base coefficients",NA,NA
"sel_tv_ar1_fsh[367]",0,NA,NA,"fixed_input",NA,NA,NA,"custom RTMB","base coefficients",NA,NA
"sel_tv_ar1_fsh[368]",0,NA,NA,"fixed_input",NA,NA,NA,"custom RTMB","base coefficients",NA,NA
"sel_tv_ar1_fsh[369]",0,NA,NA,"fixed_input",NA,NA,NA,"custom RTMB","base coefficients",NA,NA
"sel_tv_ar1_fsh[370]",0,NA,NA,"fixed_input",NA,NA,NA,"custom RTMB","base coefficients",NA,NA
"sel_tv_ar1_fsh[371]",0,NA,NA,"fixed_input",NA,NA,NA,"custom RTMB","base coefficients",NA,NA
"sel_tv_ar1_fsh[372]",0,NA,NA,"fixed_input",NA,NA,NA,"custom RTMB","base coefficients",NA,NA
"sel_tv_ar1_fsh[373]",0,NA,NA,"fixed_input",NA,NA,NA,"custom RTMB","base coefficients",NA,NA
"sel_tv_ar1_fsh[374]",0,NA,NA,"fixed_input",NA,NA,NA,"custom RTMB","base coefficients",NA,NA
"sel_tv_ar1_fsh[375]",0,NA,NA,"fixed_input",NA,NA,NA,"custom RTMB","base coefficients",NA,NA
"sel_tv_ar1_fsh[376]",0,NA,NA,"fixed_input",NA,NA,NA,"custom RTMB","base coefficients",NA,NA
"sel_tv_ar1_fsh[377]",0,NA,NA,"fixed_input",NA,NA,NA,"custom RTMB","base coefficients",NA,NA
"sel_tv_ar1_fsh[378]",0,NA,NA,"fixed_input",NA,NA,NA,"custom RTMB","base coefficients",NA,NA
"sel_tv_ar1_fsh[379]",0,NA,NA,"fixed_input",NA,NA,NA,"custom RTMB","base coefficients",NA,NA
"sel_tv_ar1_fsh[380]",0,NA,NA,"fixed_input",NA,NA,NA,"custom RTMB","base coefficients",NA,NA
"sel_tv_ar1_fsh[381]",0,NA,NA,"fixed_input",NA,NA,NA,"custom RTMB","base coefficients",NA,NA
"sel_tv_ar1_fsh[382]",0,NA,NA,"fixed_input",NA,NA,NA,"custom RTMB","base coefficients",NA,NA
"sel_tv_ar1_fsh[383]",0,NA,NA,"fixed_input",NA,NA,NA,"custom RTMB","base coefficients",NA,NA
"sel_tv_ar1_fsh[384]",0,NA,NA,"fixed_input",NA,NA,NA,"custom RTMB","base coefficients",NA,NA
"sel_tv_ar1_fsh[385]",0,NA,NA,"fixed_input",NA,NA,NA,"custom RTMB","base coefficients",NA,NA
"sel_tv_ar1_fsh[386]",0,NA,NA,"fixed_input",NA,NA,NA,"custom RTMB","base coefficients",NA,NA
"sel_tv_ar1_fsh[387]",0,NA,NA,"fixed_input",NA,NA,NA,"custom RTMB","base coefficients",NA,NA
"sel_tv_ar1_fsh[388]",0,NA,NA,"fixed_input",NA,NA,NA,"custom RTMB","base coefficients",NA,NA
"sel_tv_ar1_fsh[389]",0,NA,NA,"fixed_input",NA,NA,NA,"custom RTMB","base coefficients",NA,NA
"sel_tv_ar1_fsh[390]",0,NA,NA,"fixed_input",NA,NA,NA,"custom RTMB","base coefficients",NA,NA
"sel_tv_ar1_fsh[391]",0,NA,NA,"fixed_input",NA,NA,NA,"custom RTMB","base coefficients",NA,NA
"sel_tv_ar1_fsh[392]",0,NA,NA,"fixed_input",NA,NA,NA,"custom RTMB","base coefficients",NA,NA
"sel_tv_ar1_fsh[393]",0,NA,NA,"fixed_input",NA,NA,NA,"custom RTMB","base coefficients",NA,NA
"sel_tv_ar1_fsh[394]",0,NA,NA,"fixed_input",NA,NA,NA,"custom RTMB","base coefficients",NA,NA
"sel_tv_ar1_fsh[395]",0,NA,NA,"fixed_input",NA,NA,NA,"custom RTMB","base coefficients",NA,NA
"sel_tv_ar1_fsh[396]",0,NA,NA,"fixed_input",NA,NA,NA,"custom RTMB","base coefficients",NA,NA
"sel_tv_ar1_fsh[397]",0,NA,NA,"fixed_input",NA,NA,NA,"custom RTMB","base coefficients",NA,NA
"sel_tv_ar1_fsh[398]",0,NA,NA,"fixed_input",NA,NA,NA,"custom RTMB","base coefficients",NA,NA
"sel_tv_ar1_fsh[399]",0,NA,NA,"fixed_input",NA,NA,NA,"custom RTMB","base coefficients",NA,NA
"sel_tv_ar1_fsh[400]",0,NA,NA,"fixed_input",NA,NA,NA,"custom RTMB","base coefficients",NA,NA
"sel_tv_ar1_fsh[401]",0,NA,NA,"fixed_input",NA,NA,NA,"custom RTMB","base coefficients",NA,NA
"sel_tv_ar1_fsh[402]",0,NA,NA,"fixed_input",NA,NA,NA,"custom RTMB","base coefficients",NA,NA
"sel_tv_ar1_fsh[403]",0,NA,NA,"fixed_input",NA,NA,NA,"custom RTMB","base coefficients",NA,NA
"sel_tv_ar1_fsh[404]",0,NA,NA,"fixed_input",NA,NA,NA,"custom RTMB","base coefficients",NA,NA
"sel_tv_ar1_fsh[405]",0,NA,NA,"fixed_input",NA,NA,NA,"custom RTMB","base coefficients",NA,NA
"sel_tv_ar1_fsh[406]",0,NA,NA,"fixed_input",NA,NA,NA,"custom RTMB","base coefficients",NA,NA
"sel_tv_ar1_fsh[407]",0,NA,NA,"fixed_input",NA,NA,NA,"custom RTMB","base coefficients",NA,NA
"sel_tv_ar1_fsh[408]",0,NA,NA,"fixed_input",NA,NA,NA,"custom RTMB","base coefficients",NA,NA
"sel_tv_ar1_fsh[409]",0,NA,NA,"fixed_input",NA,NA,NA,"custom RTMB","base coefficients",NA,NA
"sel_tv_ar1_fsh[410]",0,NA,NA,"fixed_input",NA,NA,NA,"custom RTMB","base coefficients",NA,NA
"sel_tv_ar1_fsh[411]",0,NA,NA,"fixed_input",NA,NA,NA,"custom RTMB","base coefficients",NA,NA
"sel_tv_ar1_fsh[412]",0,NA,NA,"fixed_input",NA,NA,NA,"custom RTMB","base coefficients",NA,NA
"sel_tv_ar1_fsh[413]",0,NA,NA,"fixed_input",NA,NA,NA,"custom RTMB","base coefficients",NA,NA
"sel_tv_ar1_fsh[414]",0,NA,NA,"fixed_input",NA,NA,NA,"custom RTMB","base coefficients",NA,NA
"sel_tv_ar1_fsh[415]",0,NA,NA,"fixed_input",NA,NA,NA,"custom RTMB","base coefficients",NA,NA
"sel_tv_ar1_fsh[416]",0,NA,NA,"fixed_input",NA,NA,NA,"custom RTMB","base coefficients",NA,NA
"sel_tv_ar1_fsh[417]",0,NA,NA,"fixed_input",NA,NA,NA,"custom RTMB","base coefficients",NA,NA
"sel_tv_ar1_fsh[418]",0,NA,NA,"fixed_input",NA,NA,NA,"custom RTMB","base coefficients",NA,NA
"sel_tv_ar1_fsh[419]",0,NA,NA,"fixed_input",NA,NA,NA,"custom RTMB","base coefficients",NA,NA
"sel_tv_ar1_fsh[420]",0,NA,NA,"fixed_input",NA,NA,NA,"custom RTMB","base coefficients",NA,NA
"sel_tv_ar1_fsh[421]",0,NA,NA,"fixed_input",NA,NA,NA,"custom RTMB","base coefficients",NA,NA
"sel_tv_ar1_fsh[422]",0,NA,NA,"fixed_input",NA,NA,NA,"custom RTMB","base coefficients",NA,NA
"sel_tv_ar1_fsh[423]",0,NA,NA,"fixed_input",NA,NA,NA,"custom RTMB","base coefficients",NA,NA
"sel_tv_ar1_fsh[424]",0,NA,NA,"fixed_input",NA,NA,NA,"custom RTMB","base coefficients",NA,NA
"sel_tv_ar1_fsh[425]",0,NA,NA,"fixed_input",NA,NA,NA,"custom RTMB","base coefficients",NA,NA
"sel_tv_ar1_fsh[426]",0,NA,NA,"fixed_input",NA,NA,NA,"custom RTMB","base coefficients",NA,NA
"sel_tv_ar1_fsh[427]",0,NA,NA,"fixed_input",NA,NA,NA,"custom RTMB","base coefficients",NA,NA
"sel_tv_ar1_fsh[428]",0,NA,NA,"fixed_input",NA,NA,NA,"custom RTMB","base coefficients",NA,NA
"sel_tv_ar1_fsh[429]",0,NA,NA,"fixed_input",NA,NA,NA,"custom RTMB","base coefficients",NA,NA
"sel_tv_ar1_fsh[430]",0,NA,NA,"fixed_input",NA,NA,NA,"custom RTMB","base coefficients",NA,NA
"sel_tv_ar1_fsh[431]",0,NA,NA,"fixed_input",NA,NA,NA,"custom RTMB","base coefficients",NA,NA
"sel_tv_ar1_fsh[432]",0,NA,NA,"fixed_input",NA,NA,NA,"custom RTMB","base coefficients",NA,NA
"sel_tv_ar1_fsh[433]",0,NA,NA,"fixed_input",NA,NA,NA,"custom RTMB","base coefficients",NA,NA
"sel_tv_ar1_fsh[434]",0,NA,NA,"fixed_input",NA,NA,NA,"custom RTMB","base coefficients",NA,NA
"sel_tv_ar1_fsh[435]",0,NA,NA,"fixed_input",NA,NA,NA,"custom RTMB","base coefficients",NA,NA
"sel_tv_ar1_fsh[436]",0,NA,NA,"fixed_input",NA,NA,NA,"custom RTMB","base coefficients",NA,NA
"sel_tv_ar1_fsh[437]",0,NA,NA,"fixed_input",NA,NA,NA,"custom RTMB","base coefficients",NA,NA
"sel_tv_ar1_fsh[438]",0,NA,NA,"fixed_input",NA,NA,NA,"custom RTMB","base coefficients",NA,NA
"sel_tv_ar1_fsh[439]",0,NA,NA,"fixed_input",NA,NA,NA,"custom RTMB","base coefficients",NA,NA
"sel_tv_ar1_fsh[440]",0,NA,NA,"fixed_input",NA,NA,NA,"custom RTMB","base coefficients",NA,NA
"sel_tv_ar1_fsh[441]",0,NA,NA,"fixed_input",NA,NA,NA,"custom RTMB","base coefficients",NA,NA
"sel_tv_ar1_fsh[442]",0,NA,NA,"fixed_input",NA,NA,NA,"custom RTMB","base coefficients",NA,NA
"sel_tv_ar1_fsh[443]",0,NA,NA,"fixed_input",NA,NA,NA,"custom RTMB","base coefficients",NA,NA
"sel_tv_ar1_fsh[444]",0,NA,NA,"fixed_input",NA,NA,NA,"custom RTMB","base coefficients",NA,NA
"sel_tv_ar1_fsh[445]",0,NA,NA,"fixed_input",NA,NA,NA,"custom RTMB","base coefficients",NA,NA
"sel_tv_ar1_fsh[446]",0,NA,NA,"fixed_input",NA,NA,NA,"custom RTMB","base coefficients",NA,NA
"sel_tv_ar1_fsh[447]",0,NA,NA,"fixed_input",NA,NA,NA,"custom RTMB","base coefficients",NA,NA
"sel_tv_ar1_fsh[448]",0,NA,NA,"fixed_input",NA,NA,NA,"custom RTMB","base coefficients",NA,NA
"sel_tv_ar1_fsh[449]",0,NA,NA,"fixed_input",NA,NA,NA,"custom RTMB","base coefficients",NA,NA
"sel_tv_ar1_fsh[450]",0,NA,NA,"fixed_input",NA,NA,NA,"custom RTMB","base coefficients",NA,NA
"sel_tv_ar1_fsh[451]",0,NA,NA,"fixed_input",NA,NA,NA,"custom RTMB","base coefficients",NA,NA
"sel_tv_ar1_fsh[452]",0,NA,NA,"fixed_input",NA,NA,NA,"custom RTMB","base coefficients",NA,NA
"sel_tv_ar1_fsh[453]",0,NA,NA,"fixed_input",NA,NA,NA,"custom RTMB","base coefficients",NA,NA
"sel_tv_ar1_fsh[454]",0,NA,NA,"fixed_input",NA,NA,NA,"custom RTMB","base coefficients",NA,NA
"sel_tv_ar1_fsh[455]",0,NA,NA,"fixed_input",NA,NA,NA,"custom RTMB","base coefficients",NA,NA
"sel_tv_ar1_fsh[456]",0,NA,NA,"fixed_input",NA,NA,NA,"custom RTMB","base coefficients",NA,NA
"sel_tv_ar1_fsh[457]",0,NA,NA,"fixed_input",NA,NA,NA,"custom RTMB","base coefficients",NA,NA
"sel_tv_ar1_fsh[458]",0,NA,NA,"fixed_input",NA,NA,NA,"custom RTMB","base coefficients",NA,NA
"sel_tv_ar1_fsh[459]",0,NA,NA,"fixed_input",NA,NA,NA,"custom RTMB","base coefficients",NA,NA
"sel_tv_ar1_fsh[460]",0,NA,NA,"fixed_input",NA,NA,NA,"custom RTMB","base coefficients",NA,NA
"sel_tv_ar1_fsh[461]",0,NA,NA,"fixed_input",NA,NA,NA,"custom RTMB","base coefficients",NA,NA
"sel_tv_ar1_fsh[462]",0,NA,NA,"fixed_input",NA,NA,NA,"custom RTMB","base coefficients",NA,NA
"sel_tv_ar1_fsh[463]",0,NA,NA,"fixed_input",NA,NA,NA,"custom RTMB","base coefficients",NA,NA
"sel_tv_ar1_fsh[464]",0,NA,NA,"fixed_input",NA,NA,NA,"custom RTMB","base coefficients",NA,NA
"sel_tv_ar1_fsh[465]",0,NA,NA,"fixed_input",NA,NA,NA,"custom RTMB","base coefficients",NA,NA
"sel_tv_ar1_fsh[466]",0,NA,NA,"fixed_input",NA,NA,NA,"custom RTMB","base coefficients",NA,NA
"sel_tv_ar1_fsh[467]",0,NA,NA,"fixed_input",NA,NA,NA,"custom RTMB","base coefficients",NA,NA
"sel_tv_ar1_fsh[468]",0,NA,NA,"fixed_input",NA,NA,NA,"custom RTMB","base coefficients",NA,NA
"sel_tv_ar1_fsh[469]",0,NA,NA,"fixed_input",NA,NA,NA,"custom RTMB","base coefficients",NA,NA
"sel_tv_ar1_fsh[470]",0,NA,NA,"fixed_input",NA,NA,NA,"custom RTMB","base coefficients",NA,NA
"sel_tv_ar1_fsh[471]",0,NA,NA,"fixed_input",NA,NA,NA,"custom RTMB","base coefficients",NA,NA
"sel_tv_ar1_fsh[472]",0,NA,NA,"fixed_input",NA,NA,NA,"custom RTMB","base coefficients",NA,NA
"sel_tv_ar1_fsh[473]",0,NA,NA,"fixed_input",NA,NA,NA,"custom RTMB","base coefficients",NA,NA
"sel_tv_ar1_fsh[474]",0,NA,NA,"fixed_input",NA,NA,NA,"custom RTMB","base coefficients",NA,NA
"sel_tv_ar1_fsh[475]",0,NA,NA,"fixed_input",NA,NA,NA,"custom RTMB","base coefficients",NA,NA
"sel_tv_ar1_fsh[476]",0,NA,NA,"fixed_input",NA,NA,NA,"custom RTMB","base coefficients",NA,NA
"sel_tv_ar1_fsh[477]",0,NA,NA,"fixed_input",NA,NA,NA,"custom RTMB","base coefficients",NA,NA
"sel_tv_ar1_fsh[478]",0,NA,NA,"fixed_input",NA,NA,NA,"custom RTMB","base coefficients",NA,NA
"sel_tv_ar1_fsh[479]",0,NA,NA,"fixed_input",NA,NA,NA,"custom RTMB","base coefficients",NA,NA
"sel_tv_ar1_fsh[480]",0,NA,NA,"fixed_input",NA,NA,NA,"custom RTMB","base coefficients",NA,NA
"sel_tv_ar1_fsh[481]",0,NA,NA,"fixed_input",NA,NA,NA,"custom RTMB","base coefficients",NA,NA
"sel_tv_ar1_fsh[482]",0,NA,NA,"fixed_input",NA,NA,NA,"custom RTMB","base coefficients",NA,NA
"sel_tv_ar1_fsh[483]",0,NA,NA,"fixed_input",NA,NA,NA,"custom RTMB","base coefficients",NA,NA
"sel_tv_ar1_fsh[484]",0,NA,NA,"fixed_input",NA,NA,NA,"custom RTMB","base coefficients",NA,NA
"sel_tv_ar1_fsh[485]",0,NA,NA,"fixed_input",NA,NA,NA,"custom RTMB","base coefficients",NA,NA
"sel_tv_ar1_fsh[486]",0,NA,NA,"fixed_input",NA,NA,NA,"custom RTMB","base coefficients",NA,NA
"sel_tv_ar1_fsh[487]",0,NA,NA,"fixed_input",NA,NA,NA,"custom RTMB","base coefficients",NA,NA
"sel_tv_ar1_fsh[488]",0,NA,NA,"fixed_input",NA,NA,NA,"custom RTMB","base coefficients",NA,NA
"sel_tv_ar1_fsh[489]",0,NA,NA,"fixed_input",NA,NA,NA,"custom RTMB","base coefficients",NA,NA
"sel_tv_ar1_fsh[490]",0,NA,NA,"fixed_input",NA,NA,NA,"custom RTMB","base coefficients",NA,NA
"sel_tv_ar1_fsh[491]",0,NA,NA,"fixed_input",NA,NA,NA,"custom RTMB","base coefficients",NA,NA
"sel_tv_ar1_fsh[492]",0,NA,NA,"fixed_input",NA,NA,NA,"custom RTMB","base coefficients",NA,NA
"sel_tv_ar1_fsh[493]",0,NA,NA,"fixed_input",NA,NA,NA,"custom RTMB","base coefficients",NA,NA
"sel_tv_ar1_fsh[494]",0,NA,NA,"fixed_input",NA,NA,NA,"custom RTMB","base coefficients",NA,NA
"sel_tv_ar1_fsh[495]",0,NA,NA,"fixed_input",NA,NA,NA,"custom RTMB","base coefficients",NA,NA
"sel_tv_ar1_fsh[496]",0,NA,NA,"fixed_input",NA,NA,NA,"custom RTMB","base coefficients",NA,NA
"sel_tv_ar1_fsh[497]",0,NA,NA,"fixed_input",NA,NA,NA,"custom RTMB","base coefficients",NA,NA
"sel_tv_ar1_fsh[498]",0,NA,NA,"fixed_input",NA,NA,NA,"custom RTMB","base coefficients",NA,NA
"sel_tv_ar1_fsh[499]",0,NA,NA,"fixed_input",NA,NA,NA,"custom RTMB","base coefficients",NA,NA
"sel_tv_ar1_fsh[500]",0,NA,NA,"fixed_input",NA,NA,NA,"custom RTMB","base coefficients",NA,NA
"sel_tv_ar1_fsh[501]",0,NA,NA,"fixed_input",NA,NA,NA,"custom RTMB","base coefficients",NA,NA
"sel_tv_ar1_fsh[502]",0,NA,NA,"fixed_input",NA,NA,NA,"custom RTMB","base coefficients",NA,NA
"sel_tv_ar1_fsh[503]",0,NA,NA,"fixed_input",NA,NA,NA,"custom RTMB","base coefficients",NA,NA
"sel_tv_ar1_fsh[504]",0,NA,NA,"fixed_input",NA,NA,NA,"custom RTMB","base coefficients",NA,NA
"sel_tv_ar1_fsh[505]",0,NA,NA,"fixed_input",NA,NA,NA,"custom RTMB","base coefficients",NA,NA
"sel_tv_ar1_fsh[506]",0,NA,NA,"fixed_input",NA,NA,NA,"custom RTMB","base coefficients",NA,NA
"sel_tv_ar1_fsh[507]",0,NA,NA,"fixed_input",NA,NA,NA,"custom RTMB","base coefficients",NA,NA
"sel_tv_ar1_fsh[508]",0,NA,NA,"fixed_input",NA,NA,NA,"custom RTMB","base coefficients",NA,NA
"sel_tv_ar1_fsh[509]",0,NA,NA,"fixed_input",NA,NA,NA,"custom RTMB","base coefficients",NA,NA
"sel_tv_ar1_fsh[510]",0,NA,NA,"fixed_input",NA,NA,NA,"custom RTMB","base coefficients",NA,NA
"sel_tv_ar1_fsh[511]",0,NA,NA,"fixed_input",NA,NA,NA,"custom RTMB","base coefficients",NA,NA
"sel_tv_ar1_fsh[512]",0,NA,NA,"fixed_input",NA,NA,NA,"custom RTMB","base coefficients",NA,NA
"sel_tv_ar1_fsh[513]",0,NA,NA,"fixed_input",NA,NA,NA,"custom RTMB","base coefficients",NA,NA
"sel_tv_ar1_fsh[514]",0,NA,NA,"fixed_input",NA,NA,NA,"custom RTMB","base coefficients",NA,NA
"sel_tv_ar1_fsh[515]",0,NA,NA,"fixed_input",NA,NA,NA,"custom RTMB","base coefficients",NA,NA
"sel_tv_ar1_fsh[516]",0,NA,NA,"fixed_input",NA,NA,NA,"custom RTMB","base coefficients",NA,NA
"sel_tv_ar1_fsh[517]",0,NA,NA,"fixed_input",NA,NA,NA,"custom RTMB","base coefficients",NA,NA
"sel_tv_ar1_fsh[518]",0,NA,NA,"fixed_input",NA,NA,NA,"custom RTMB","base coefficients",NA,NA
"sel_tv_ar1_fsh[519]",0,NA,NA,"fixed_input",NA,NA,NA,"custom RTMB","base coefficients",NA,NA
"sel_tv_ar1_fsh[520]",0,NA,NA,"fixed_input",NA,NA,NA,"custom RTMB","base coefficients",NA,NA
"sel_tv_ar1_fsh[521]",0,NA,NA,"fixed_input",NA,NA,NA,"custom RTMB","base coefficients",NA,NA
"sel_tv_ar1_fsh[522]",0,NA,NA,"fixed_input",NA,NA,NA,"custom RTMB","base coefficients",NA,NA
"sel_tv_ar1_fsh[523]",0,NA,NA,"fixed_input",NA,NA,NA,"custom RTMB","base coefficients",NA,NA
"sel_tv_ar1_fsh[524]",0,NA,NA,"fixed_input",NA,NA,NA,"custom RTMB","base coefficients",NA,NA
"sel_tv_ar1_fsh[525]",0,NA,NA,"fixed_input",NA,NA,NA,"custom RTMB","base coefficients",NA,NA
"sel_tv_ar1_fsh[526]",0,NA,NA,"fixed_input",NA,NA,NA,"custom RTMB","base coefficients",NA,NA
"sel_tv_ar1_fsh[527]",0,NA,NA,"fixed_input",NA,NA,NA,"custom RTMB","base coefficients",NA,NA
"sel_tv_ar1_fsh[528]",0,NA,NA,"fixed_input",NA,NA,NA,"custom RTMB","base coefficients",NA,NA
"sel_tv_ar1_fsh[529]",0,NA,NA,"fixed_input",NA,NA,NA,"custom RTMB","base coefficients",NA,NA
"sel_tv_ar1_fsh[530]",0,NA,NA,"fixed_input",NA,NA,NA,"custom RTMB","base coefficients",NA,NA
"sel_tv_ar1_fsh[531]",0,NA,NA,"fixed_input",NA,NA,NA,"custom RTMB","base coefficients",NA,NA
"sel_tv_ar1_fsh[532]",0,NA,NA,"fixed_input",NA,NA,NA,"custom RTMB","base coefficients",NA,NA
"sel_tv_ar1_fsh[533]",0,NA,NA,"fixed_input",NA,NA,NA,"custom RTMB","base coefficients",NA,NA
"sel_tv_ar1_fsh[534]",0,NA,NA,"fixed_input",NA,NA,NA,"custom RTMB","base coefficients",NA,NA
"sel_tv_ar1_fsh[535]",0,NA,NA,"fixed_input",NA,NA,NA,"custom RTMB","base coefficients",NA,NA
"sel_tv_ar1_fsh[536]",0,NA,NA,"fixed_input",NA,NA,NA,"custom RTMB","base coefficients",NA,NA
"sel_tv_ar1_fsh[537]",0,NA,NA,"fixed_input",NA,NA,NA,"custom RTMB","base coefficients",NA,NA
"sel_tv_ar1_fsh[538]",0,NA,NA,"fixed_input",NA,NA,NA,"custom RTMB","base coefficients",NA,NA
"sel_tv_ar1_fsh[539]",0,NA,NA,"fixed_input",NA,NA,NA,"custom RTMB","base coefficients",NA,NA
"sel_tv_ar1_fsh[540]",0,NA,NA,"fixed_input",NA,NA,NA,"custom RTMB","base coefficients",NA,NA
"sel_tv_ar1_fsh[541]",0,NA,NA,"fixed_input",NA,NA,NA,"custom RTMB","base coefficients",NA,NA
"sel_tv_ar1_fsh[542]",0,NA,NA,"fixed_input",NA,NA,NA,"custom RTMB","base coefficients",NA,NA
"sel_tv_ar1_fsh[543]",0,NA,NA,"fixed_input",NA,NA,NA,"custom RTMB","base coefficients",NA,NA
"sel_tv_ar1_fsh[544]",0,NA,NA,"fixed_input",NA,NA,NA,"custom RTMB","base coefficients",NA,NA
"sel_tv_ar1_fsh[545]",0,NA,NA,"fixed_input",NA,NA,NA,"custom RTMB","base coefficients",NA,NA
"sel_tv_ar1_fsh[546]",0,NA,NA,"fixed_input",NA,NA,NA,"custom RTMB","base coefficients",NA,NA
"sel_tv_ar1_fsh[547]",0,NA,NA,"fixed_input",NA,NA,NA,"custom RTMB","base coefficients",NA,NA
"sel_tv_ar1_fsh[548]",0,NA,NA,"fixed_input",NA,NA,NA,"custom RTMB","base coefficients",NA,NA
"sel_tv_ar1_fsh[549]",0,NA,NA,"fixed_input",NA,NA,NA,"custom RTMB","base coefficients",NA,NA
"sel_tv_ar1_fsh[550]",0,NA,NA,"fixed_input",NA,NA,NA,"custom RTMB","base coefficients",NA,NA
"sel_tv_ar1_fsh[551]",0,NA,NA,"fixed_input",NA,NA,NA,"custom RTMB","base coefficients",NA,NA
"sel_tv_ar1_fsh[552]",0,NA,NA,"fixed_input",NA,NA,NA,"custom RTMB","base coefficients",NA,NA
"sel_tv_ar1_fsh[553]",0,NA,NA,"fixed_input",NA,NA,NA,"custom RTMB","base coefficients",NA,NA
"sel_tv_ar1_fsh[554]",0,NA,NA,"fixed_input",NA,NA,NA,"custom RTMB","base coefficients",NA,NA
"sel_tv_ar1_fsh[555]",0,NA,NA,"fixed_input",NA,NA,NA,"custom RTMB","base coefficients",NA,NA
"sel_tv_ar1_fsh[556]",0,NA,NA,"fixed_input",NA,NA,NA,"custom RTMB","base coefficients",NA,NA
"sel_tv_ar1_fsh[557]",0,NA,NA,"fixed_input",NA,NA,NA,"custom RTMB","base coefficients",NA,NA
"sel_tv_ar1_fsh[558]",0,NA,NA,"fixed_input",NA,NA,NA,"custom RTMB","base coefficients",NA,NA
"sel_tv_ar1_fsh[559]",0,NA,NA,"fixed_input",NA,NA,NA,"custom RTMB","base coefficients",NA,NA
"sel_tv_ar1_fsh[560]",0,NA,NA,"fixed_input",NA,NA,NA,"custom RTMB","base coefficients",NA,NA
"sel_tv_ar1_fsh[561]",0,NA,NA,"fixed_input",NA,NA,NA,"custom RTMB","base coefficients",NA,NA
"sel_tv_ar1_fsh[562]",0,NA,NA,"fixed_input",NA,NA,NA,"custom RTMB","base coefficients",NA,NA
"sel_tv_ar1_fsh[563]",0,NA,NA,"fixed_input",NA,NA,NA,"custom RTMB","base coefficients",NA,NA
"sel_tv_ar1_fsh[564]",0,NA,NA,"fixed_input",NA,NA,NA,"custom RTMB","base coefficients",NA,NA
"sel_tv_ar1_fsh[565]",0,NA,NA,"fixed_input",NA,NA,NA,"custom RTMB","base coefficients",NA,NA
"sel_tv_ar1_fsh[566]",0,NA,NA,"fixed_input",NA,NA,NA,"custom RTMB","base coefficients",NA,NA
"sel_tv_ar1_fsh[567]",0,NA,NA,"fixed_input",NA,NA,NA,"custom RTMB","base coefficients",NA,NA
"sel_tv_ar1_fsh[568]",0,NA,NA,"fixed_input",NA,NA,NA,"custom RTMB","base coefficients",NA,NA
"sel_tv_ar1_fsh[569]",0,NA,NA,"fixed_input",NA,NA,NA,"custom RTMB","base coefficients",NA,NA
"sel_tv_ar1_fsh[570]",0,NA,NA,"fixed_input",NA,NA,NA,"custom RTMB","base coefficients",NA,NA
"sel_tv_ar1_fsh[571]",0,NA,NA,"fixed_input",NA,NA,NA,"custom RTMB","base coefficients",NA,NA
"sel_tv_ar1_fsh[572]",0,NA,NA,"fixed_input",NA,NA,NA,"custom RTMB","base coefficients",NA,NA
"sel_tv_ar1_fsh[573]",0,NA,NA,"fixed_input",NA,NA,NA,"custom RTMB","base coefficients",NA,NA
"sel_tv_ar1_fsh[574]",0,NA,NA,"fixed_input",NA,NA,NA,"custom RTMB","base coefficients",NA,NA
"sel_tv_ar1_fsh[575]",0,NA,NA,"fixed_input",NA,NA,NA,"custom RTMB","base coefficients",NA,NA
"sel_tv_ar1_fsh[576]",0,NA,NA,"fixed_input",NA,NA,NA,"custom RTMB","base coefficients",NA,NA
"sel_tv_ar1_fsh[577]",0,NA,NA,"fixed_input",NA,NA,NA,"custom RTMB","base coefficients",NA,NA
"sel_tv_ar1_fsh[578]",0,NA,NA,"fixed_input",NA,NA,NA,"custom RTMB","base coefficients",NA,NA
"sel_tv_ar1_fsh[579]",0,NA,NA,"fixed_input",NA,NA,NA,"custom RTMB","base coefficients",NA,NA
"sel_tv_ar1_fsh[580]",0,NA,NA,"fixed_input",NA,NA,NA,"custom RTMB","base coefficients",NA,NA
"sel_tv_ar1_fsh[581]",0,NA,NA,"fixed_input",NA,NA,NA,"custom RTMB","base coefficients",NA,NA
"sel_tv_ar1_fsh[582]",0,NA,NA,"fixed_input",NA,NA,NA,"custom RTMB","base coefficients",NA,NA
"sel_tv_ar1_fsh[583]",0,NA,NA,"fixed_input",NA,NA,NA,"custom RTMB","base coefficients",NA,NA
"sel_tv_ar1_fsh[584]",0,NA,NA,"fixed_input",NA,NA,NA,"custom RTMB","base coefficients",NA,NA
"sel_tv_ar1_fsh[585]",0,NA,NA,"fixed_input",NA,NA,NA,"custom RTMB","base coefficients",NA,NA
"sel_tv_ar1_fsh[586]",0,NA,NA,"fixed_input",NA,NA,NA,"custom RTMB","base coefficients",NA,NA
"sel_tv_ar1_fsh[587]",0,NA,NA,"fixed_input",NA,NA,NA,"custom RTMB","base coefficients",NA,NA
"sel_tv_ar1_fsh[588]",0,NA,NA,"fixed_input",NA,NA,NA,"custom RTMB","base coefficients",NA,NA
"sel_tv_ar1_fsh[589]",0,NA,NA,"fixed_input",NA,NA,NA,"custom RTMB","base coefficients",NA,NA
"sel_tv_ar1_fsh[590]",0,NA,NA,"fixed_input",NA,NA,NA,"custom RTMB","base coefficients",NA,NA
"sel_tv_ar1_fsh[591]",0,NA,NA,"fixed_input",NA,NA,NA,"custom RTMB","base coefficients",NA,NA
"sel_tv_ar1_fsh[592]",0,NA,NA,"fixed_input",NA,NA,NA,"custom RTMB","base coefficients",NA,NA
"sel_tv_ar1_fsh[593]",0,NA,NA,"fixed_input",NA,NA,NA,"custom RTMB","base coefficients",NA,NA
"sel_tv_ar1_fsh[594]",0,NA,NA,"fixed_input",NA,NA,NA,"custom RTMB","base coefficients",NA,NA
"sel_tv_ar1_fsh[595]",0,NA,NA,"fixed_input",NA,NA,NA,"custom RTMB","base coefficients",NA,NA
"sel_tv_ar1_fsh[596]",0,NA,NA,"fixed_input",NA,NA,NA,"custom RTMB","base coefficients",NA,NA
"sel_tv_ar1_fsh[597]",0,NA,NA,"fixed_input",NA,NA,NA,"custom RTMB","base coefficients",NA,NA
"sel_tv_ar1_fsh[598]",0,NA,NA,"fixed_input",NA,NA,NA,"custom RTMB","base coefficients",NA,NA
"sel_tv_ar1_fsh[599]",0,NA,NA,"fixed_input",NA,NA,NA,"custom RTMB","base coefficients",NA,NA
"sel_tv_ar1_fsh[600]",0,NA,NA,"fixed_input",NA,NA,NA,"custom RTMB","base coefficients",NA,NA
"sel_tv_ar1_fsh[601]",0,NA,NA,"fixed_input",NA,NA,NA,"custom RTMB","base coefficients",NA,NA
"sel_tv_ar1_fsh[602]",0,NA,NA,"fixed_input",NA,NA,NA,"custom RTMB","base coefficients",NA,NA
"sel_tv_ar1_fsh[603]",0,NA,NA,"fixed_input",NA,NA,NA,"custom RTMB","base coefficients",NA,NA
"sel_tv_ar1_fsh[604]",0,NA,NA,"fixed_input",NA,NA,NA,"custom RTMB","base coefficients",NA,NA
"sel_tv_ar1_fsh[605]",0,NA,NA,"fixed_input",NA,NA,NA,"custom RTMB","base coefficients",NA,NA
"sel_tv_ar1_fsh[606]",0,NA,NA,"fixed_input",NA,NA,NA,"custom RTMB","base coefficients",NA,NA
"sel_tv_ar1_fsh[607]",0,NA,NA,"fixed_input",NA,NA,NA,"custom RTMB","base coefficients",NA,NA
"sel_tv_ar1_fsh[608]",0,NA,NA,"fixed_input",NA,NA,NA,"custom RTMB","base coefficients",NA,NA
"sel_tv_ar1_fsh[609]",0,NA,NA,"fixed_input",NA,NA,NA,"custom RTMB","base coefficients",NA,NA
"sel_tv_ar1_fsh[610]",0,NA,NA,"fixed_input",NA,NA,NA,"custom RTMB","base coefficients",NA,NA
"sel_tv_ar1_fsh[611]",0,NA,NA,"fixed_input",NA,NA,NA,"custom RTMB","base coefficients",NA,NA
"sel_tv_ar1_fsh[612]",0,NA,NA,"fixed_input",NA,NA,NA,"custom RTMB","base coefficients",NA,NA
"sel_tv_ar1_fsh[613]",0,NA,NA,"fixed_input",NA,NA,NA,"custom RTMB","base coefficients",NA,NA
"sel_tv_ar1_fsh[614]",0,NA,NA,"fixed_input",NA,NA,NA,"custom RTMB","base coefficients",NA,NA
"sel_tv_ar1_fsh[615]",0,NA,NA,"fixed_input",NA,NA,NA,"custom RTMB","base coefficients",NA,NA
"sel_tv_ar1_fsh[616]",0,NA,NA,"fixed_input",NA,NA,NA,"custom RTMB","base coefficients",NA,NA
"sel_tv_ar1_fsh[617]",0,NA,NA,"fixed_input",NA,NA,NA,"custom RTMB","base coefficients",NA,NA
"sel_tv_ar1_fsh[618]",0,NA,NA,"fixed_input",NA,NA,NA,"custom RTMB","base coefficients",NA,NA
"sel_tv_ar1_fsh[619]",0,NA,NA,"fixed_input",NA,NA,NA,"custom RTMB","base coefficients",NA,NA
"sel_tv_ar1_fsh[620]",0,NA,NA,"fixed_input",NA,NA,NA,"custom RTMB","base coefficients",NA,NA
"sel_tv_ar1_fsh[621]",0,NA,NA,"fixed_input",NA,NA,NA,"custom RTMB","base coefficients",NA,NA
"sel_tv_ar1_fsh[622]",0,NA,NA,"fixed_input",NA,NA,NA,"custom RTMB","base coefficients",NA,NA
"sel_tv_ar1_fsh[623]",0,NA,NA,"fixed_input",NA,NA,NA,"custom RTMB","base coefficients",NA,NA
"sel_tv_ar1_fsh[624]",0,NA,NA,"fixed_input",NA,NA,NA,"custom RTMB","base coefficients",NA,NA
"sel_tv_ar1_fsh[625]",0,NA,NA,"fixed_input",NA,NA,NA,"custom RTMB","base coefficients",NA,NA
"sel_tv_ar1_fsh[626]",0,NA,NA,"fixed_input",NA,NA,NA,"custom RTMB","base coefficients",NA,NA
"sel_tv_ar1_fsh[627]",0,NA,NA,"fixed_input",NA,NA,NA,"custom RTMB","base coefficients",NA,NA
"sel_tv_ar1_fsh[628]",0,NA,NA,"fixed_input",NA,NA,NA,"custom RTMB","base coefficients",NA,NA
"sel_tv_ar1_fsh[629]",0,NA,NA,"fixed_input",NA,NA,NA,"custom RTMB","base coefficients",NA,NA
"sel_tv_ar1_fsh[630]",0,NA,NA,"fixed_input",NA,NA,NA,"custom RTMB","base coefficients",NA,NA
"sel_tv_ar1_fsh[631]",0,NA,NA,"fixed_input",NA,NA,NA,"custom RTMB","base coefficients",NA,NA
"sel_tv_ar1_fsh[632]",0,NA,NA,"fixed_input",NA,NA,NA,"custom RTMB","base coefficients",NA,NA
"sel_tv_ar1_fsh[633]",0,NA,NA,"fixed_input",NA,NA,NA,"custom RTMB","base coefficients",NA,NA
"sel_tv_ar1_fsh[634]",0,NA,NA,"fixed_input",NA,NA,NA,"custom RTMB","base coefficients",NA,NA
"sel_tv_ar1_fsh[635]",0,NA,NA,"fixed_input",NA,NA,NA,"custom RTMB","base coefficients",NA,NA
"sel_tv_ar1_fsh[636]",0,NA,NA,"fixed_input",NA,NA,NA,"custom RTMB","base coefficients",NA,NA
"sel_tv_ar1_fsh[637]",0,NA,NA,"fixed_input",NA,NA,NA,"custom RTMB","base coefficients",NA,NA
"sel_tv_ar1_fsh[638]",0,NA,NA,"fixed_input",NA,NA,NA,"custom RTMB","base coefficients",NA,NA
"sel_tv_ar1_fsh[639]",0,NA,NA,"fixed_input",NA,NA,NA,"custom RTMB","base coefficients",NA,NA
"sel_tv_ar1_fsh[640]",0,NA,NA,"fixed_input",NA,NA,NA,"custom RTMB","base coefficients",NA,NA
"sel_tv_ar1_fsh[641]",0,NA,NA,"fixed_input",NA,NA,NA,"custom RTMB","base coefficients",NA,NA
"sel_tv_ar1_fsh[642]",0,NA,NA,"fixed_input",NA,NA,NA,"custom RTMB","base coefficients",NA,NA
"sel_tv_ar1_fsh[643]",0,NA,NA,"fixed_input",NA,NA,NA,"custom RTMB","base coefficients",NA,NA
"sel_tv_ar1_fsh[644]",0,NA,NA,"fixed_input",NA,NA,NA,"custom RTMB","base coefficients",NA,NA
"sel_tv_ar1_fsh[645]",0,NA,NA,"fixed_input",NA,NA,NA,"custom RTMB","base coefficients",NA,NA
"sel_tv_ar1_fsh[646]",0,NA,NA,"fixed_input",NA,NA,NA,"custom RTMB","base coefficients",NA,NA
"sel_tv_ar1_fsh[647]",0,NA,NA,"fixed_input",NA,NA,NA,"custom RTMB","base coefficients",NA,NA
"sel_tv_ar1_fsh[648]",0,NA,NA,"fixed_input",NA,NA,NA,"custom RTMB","base coefficients",NA,NA
"sel_tv_ar1_fsh[649]",0,NA,NA,"fixed_input",NA,NA,NA,"custom RTMB","base coefficients",NA,NA
"sel_tv_ar1_fsh[650]",0,NA,NA,"fixed_input",NA,NA,NA,"custom RTMB","base coefficients",NA,NA
"sel_tv_ar1_fsh[651]",0,NA,NA,"fixed_input",NA,NA,NA,"custom RTMB","base coefficients",NA,NA
"sel_tv_ar1_fsh[652]",0,NA,NA,"fixed_input",NA,NA,NA,"custom RTMB","base coefficients",NA,NA
"sel_tv_ar1_fsh[653]",0,NA,NA,"fixed_input",NA,NA,NA,"custom RTMB","base coefficients",NA,NA
"sel_tv_ar1_fsh[654]",0,NA,NA,"fixed_input",NA,NA,NA,"custom RTMB","base coefficients",NA,NA
"sel_tv_ar1_fsh[655]",0,NA,NA,"fixed_input",NA,NA,NA,"custom RTMB","base coefficients",NA,NA
"sel_tv_ar1_fsh[656]",0,NA,NA,"fixed_input",NA,NA,NA,"custom RTMB","base coefficients",NA,NA
"sel_tv_ar1_fsh[657]",0,NA,NA,"fixed_input",NA,NA,NA,"custom RTMB","base coefficients",NA,NA
"sel_tv_ar1_fsh[658]",0,NA,NA,"fixed_input",NA,NA,NA,"custom RTMB","base coefficients",NA,NA
"sel_tv_ar1_fsh[659]",0,NA,NA,"fixed_input",NA,NA,NA,"custom RTMB","base coefficients",NA,NA
"sel_tv_ar1_fsh[660]",0,NA,NA,"fixed_input",NA,NA,NA,"custom RTMB","base coefficients",NA,NA
"sel_tv_ar1_fsh[661]",0,NA,NA,"fixed_input",NA,NA,NA,"custom RTMB","base coefficients",NA,NA
"sel_tv_ar1_fsh[662]",0,NA,NA,"fixed_input",NA,NA,NA,"custom RTMB","base coefficients",NA,NA
"sel_tv_ar1_fsh[663]",0,NA,NA,"fixed_input",NA,NA,NA,"custom RTMB","base coefficients",NA,NA
"sel_tv_ar1_fsh[664]",0,NA,NA,"fixed_input",NA,NA,NA,"custom RTMB","base coefficients",NA,NA
"sel_tv_ar1_fsh[665]",0,NA,NA,"fixed_input",NA,NA,NA,"custom RTMB","base coefficients",NA,NA
"sel_tv_ar1_fsh[666]",0,NA,NA,"fixed_input",NA,NA,NA,"custom RTMB","base coefficients",NA,NA
"sel_tv_ar1_fsh[667]",0,NA,NA,"fixed_input",NA,NA,NA,"custom RTMB","base coefficients",NA,NA
"sel_tv_ar1_fsh[668]",0,NA,NA,"fixed_input",NA,NA,NA,"custom RTMB","base coefficients",NA,NA
"sel_tv_ar1_fsh[669]",0,NA,NA,"fixed_input",NA,NA,NA,"custom RTMB","base coefficients",NA,NA
"sel_tv_ar1_fsh[670]",0,NA,NA,"fixed_input",NA,NA,NA,"custom RTMB","base coefficients",NA,NA
"sel_tv_ar1_fsh[671]",0,NA,NA,"fixed_input",NA,NA,NA,"custom RTMB","base coefficients",NA,NA
"sel_tv_ar1_fsh[672]",0,NA,NA,"fixed_input",NA,NA,NA,"custom RTMB","base coefficients",NA,NA
"sel_tv_ar1_fsh[673]",0,NA,NA,"fixed_input",NA,NA,NA,"custom RTMB","base coefficients",NA,NA
"sel_tv_ar1_fsh[674]",0,NA,NA,"fixed_input",NA,NA,NA,"custom RTMB","base coefficients",NA,NA
"sel_tv_ar1_fsh[675]",0,NA,NA,"fixed_input",NA,NA,NA,"custom RTMB","base coefficients",NA,NA
"sel_tv_ar1_fsh[676]",0,NA,NA,"fixed_input",NA,NA,NA,"custom RTMB","base coefficients",NA,NA
"sel_tv_ar1_fsh[677]",0,NA,NA,"fixed_input",NA,NA,NA,"custom RTMB","base coefficients",NA,NA
"sel_tv_ar1_fsh[678]",0,NA,NA,"fixed_input",NA,NA,NA,"custom RTMB","base coefficients",NA,NA
"sel_tv_ar1_fsh[679]",0,NA,NA,"fixed_input",NA,NA,NA,"custom RTMB","base coefficients",NA,NA
"sel_tv_ar1_fsh[680]",0,NA,NA,"fixed_input",NA,NA,NA,"custom RTMB","base coefficients",NA,NA
"sel_tv_ar1_fsh[681]",0,NA,NA,"fixed_input",NA,NA,NA,"custom RTMB","base coefficients",NA,NA
"sel_tv_ar1_fsh[682]",0,NA,NA,"fixed_input",NA,NA,NA,"custom RTMB","base coefficients",NA,NA
"sel_tv_ar1_fsh[683]",0,NA,NA,"fixed_input",NA,NA,NA,"custom RTMB","base coefficients",NA,NA
"sel_tv_ar1_fsh[684]",0,NA,NA,"fixed_input",NA,NA,NA,"custom RTMB","base coefficients",NA,NA
"sel_tv_ar1_fsh[685]",0,NA,NA,"fixed_input",NA,NA,NA,"custom RTMB","base coefficients",NA,NA
"sel_tv_ar1_fsh[686]",0,NA,NA,"fixed_input",NA,NA,NA,"custom RTMB","base coefficients",NA,NA
"sel_tv_ar1_fsh[687]",0,NA,NA,"fixed_input",NA,NA,NA,"custom RTMB","base coefficients",NA,NA
"sel_tv_ar1_fsh[688]",0,NA,NA,"fixed_input",NA,NA,NA,"custom RTMB","base coefficients",NA,NA
"sel_tv_ar1_fsh[689]",0,NA,NA,"fixed_input",NA,NA,NA,"custom RTMB","base coefficients",NA,NA
"sel_tv_ar1_fsh[690]",0,NA,NA,"fixed_input",NA,NA,NA,"custom RTMB","base coefficients",NA,NA
"sel_tv_ar1_fsh[691]",0,NA,NA,"fixed_input",NA,NA,NA,"custom RTMB","base coefficients",NA,NA
"sel_tv_ar1_fsh[692]",0,NA,NA,"fixed_input",NA,NA,NA,"custom RTMB","base coefficients",NA,NA
"sel_tv_ar1_fsh[693]",0,NA,NA,"fixed_input",NA,NA,NA,"custom RTMB","base coefficients",NA,NA
"sel_tv_ar1_fsh[694]",0,NA,NA,"fixed_input",NA,NA,NA,"custom RTMB","base coefficients",NA,NA
"sel_tv_ar1_fsh[695]",0,NA,NA,"fixed_input",NA,NA,NA,"custom RTMB","base coefficients",NA,NA
"sel_tv_ar1_fsh[696]",0,NA,NA,"fixed_input",NA,NA,NA,"custom RTMB","base coefficients",NA,NA
"sel_tv_ar1_fsh[697]",0,NA,NA,"fixed_input",NA,NA,NA,"custom RTMB","base coefficients",NA,NA
"sel_tv_ar1_fsh[698]",0,NA,NA,"fixed_input",NA,NA,NA,"custom RTMB","base coefficients",NA,NA
"sel_tv_ar1_fsh[699]",0,NA,NA,"fixed_input",NA,NA,NA,"custom RTMB","base coefficients",NA,NA
"sel_tv_ar1_fsh[700]",0,NA,NA,"fixed_input",NA,NA,NA,"custom RTMB","base coefficients",NA,NA
"sel_tv_ar1_fsh[701]",0,NA,NA,"fixed_input",NA,NA,NA,"custom RTMB","base coefficients",NA,NA
"sel_tv_ar1_fsh[702]",0,NA,NA,"fixed_input",NA,NA,NA,"custom RTMB","base coefficients",NA,NA
"sel_tv_ar1_fsh[703]",0,NA,NA,"fixed_input",NA,NA,NA,"custom RTMB","base coefficients",NA,NA
"sel_tv_ar1_fsh[704]",0,NA,NA,"fixed_input",NA,NA,NA,"custom RTMB","base coefficients",NA,NA
"sel_tv_ar1_fsh[705]",0,NA,NA,"fixed_input",NA,NA,NA,"custom RTMB","base coefficients",NA,NA
"sel_tv_ar1_fsh[706]",0,NA,NA,"fixed_input",NA,NA,NA,"custom RTMB","base coefficients",NA,NA
"sel_tv_ar1_fsh[707]",0,NA,NA,"fixed_input",NA,NA,NA,"custom RTMB","base coefficients",NA,NA
"sel_tv_ar1_fsh[708]",0,NA,NA,"fixed_input",NA,NA,NA,"custom RTMB","base coefficients",NA,NA
"sel_tv_ar1_fsh[709]",0,NA,NA,"fixed_input",NA,NA,NA,"custom RTMB","base coefficients",NA,NA
"sel_tv_ar1_fsh[710]",0,NA,NA,"fixed_input",NA,NA,NA,"custom RTMB","base coefficients",NA,NA
"sel_tv_ar1_fsh[711]",0,NA,NA,"fixed_input",NA,NA,NA,"custom RTMB","base coefficients",NA,NA
"sel_tv_ar1_fsh[712]",0,NA,NA,"fixed_input",NA,NA,NA,"custom RTMB","base coefficients",NA,NA
"sel_tv_ar1_fsh[713]",0,NA,NA,"fixed_input",NA,NA,NA,"custom RTMB","base coefficients",NA,NA
"sel_tv_ar1_fsh[714]",0,NA,NA,"fixed_input",NA,NA,NA,"custom RTMB","base coefficients",NA,NA
"sel_tv_ar1_fsh[715]",0,NA,NA,"fixed_input",NA,NA,NA,"custom RTMB","base coefficients",NA,NA
"sel_tv_ar1_fsh[716]",0,NA,NA,"fixed_input",NA,NA,NA,"custom RTMB","base coefficients",NA,NA
"sel_tv_ar1_fsh[717]",0,NA,NA,"fixed_input",NA,NA,NA,"custom RTMB","base coefficients",NA,NA
"sel_tv_ar1_fsh[718]",0,NA,NA,"fixed_input",NA,NA,NA,"custom RTMB","base coefficients",NA,NA
"sel_tv_ar1_fsh[719]",0,NA,NA,"fixed_input",NA,NA,NA,"custom RTMB","base coefficients",NA,NA
"sel_tv_ar1_fsh[720]",0,NA,NA,"fixed_input",NA,NA,NA,"custom RTMB","base coefficients",NA,NA
"sel_tv_ar1_fsh[721]",0,NA,NA,"fixed_input",NA,NA,NA,"custom RTMB","base coefficients",NA,NA
"sel_tv_ar1_fsh[722]",0,NA,NA,"fixed_input",NA,NA,NA,"custom RTMB","base coefficients",NA,NA
"sel_tv_ar1_fsh[723]",0,NA,NA,"fixed_input",NA,NA,NA,"custom RTMB","base coefficients",NA,NA
"sel_tv_ar1_fsh[724]",0,NA,NA,"fixed_input",NA,NA,NA,"custom RTMB","base coefficients",NA,NA
"sel_tv_ar1_fsh[725]",0,NA,NA,"fixed_input",NA,NA,NA,"custom RTMB","base coefficients",NA,NA
"sel_tv_ar1_fsh[726]",0,NA,NA,"fixed_input",NA,NA,NA,"custom RTMB","base coefficients",NA,NA
"sel_tv_ar1_fsh[727]",0,NA,NA,"fixed_input",NA,NA,NA,"custom RTMB","base coefficients",NA,NA
"sel_tv_ar1_fsh[728]",0,NA,NA,"fixed_input",NA,NA,NA,"custom RTMB","base coefficients",NA,NA
"sel_tv_ar1_fsh[729]",0,NA,NA,"fixed_input",NA,NA,NA,"custom RTMB","base coefficients",NA,NA
"sel_tv_ar1_fsh[730]",0,NA,NA,"fixed_input",NA,NA,NA,"custom RTMB","base coefficients",NA,NA
"sel_tv_ar1_fsh[731]",0,NA,NA,"fixed_input",NA,NA,NA,"custom RTMB","base coefficients",NA,NA
"sel_tv_ar1_fsh[732]",0,NA,NA,"fixed_input",NA,NA,NA,"custom RTMB","base coefficients",NA,NA
"sel_tv_ar1_fsh[733]",0,NA,NA,"fixed_input",NA,NA,NA,"custom RTMB","base coefficients",NA,NA
"sel_tv_ar1_fsh[734]",0,NA,NA,"fixed_input",NA,NA,NA,"custom RTMB","base coefficients",NA,NA
"sel_tv_ar1_fsh[735]",0,NA,NA,"fixed_input",NA,NA,NA,"custom RTMB","base coefficients",NA,NA
"sel_tv_ar1_fsh[736]",0,NA,NA,"fixed_input",NA,NA,NA,"custom RTMB","base coefficients",NA,NA
"sel_tv_ar1_fsh[737]",0,NA,NA,"fixed_input",NA,NA,NA,"custom RTMB","base coefficients",NA,NA
"sel_tv_ar1_fsh[738]",0,NA,NA,"fixed_input",NA,NA,NA,"custom RTMB","base coefficients",NA,NA
"sel_tv_ar1_fsh[739]",0,NA,NA,"fixed_input",NA,NA,NA,"custom RTMB","base coefficients",NA,NA
"sel_tv_ar1_fsh[740]",0,NA,NA,"fixed_input",NA,NA,NA,"custom RTMB","base coefficients",NA,NA
"sel_tv_ar1_fsh[741]",0,NA,NA,"fixed_input",NA,NA,NA,"custom RTMB","base coefficients",NA,NA
"sel_tv_ar1_fsh[742]",0,NA,NA,"fixed_input",NA,NA,NA,"custom RTMB","base coefficients",NA,NA
"sel_tv_ar1_fsh[743]",0,NA,NA,"fixed_input",NA,NA,NA,"custom RTMB","base coefficients",NA,NA
"sel_tv_ar1_fsh[744]",0,NA,NA,"fixed_input",NA,NA,NA,"custom RTMB","base coefficients",NA,NA
"sel_tv_ar1_fsh[745]",0,NA,NA,"fixed_input",NA,NA,NA,"custom RTMB","base coefficients",NA,NA
"sel_tv_ar1_fsh[746]",0,NA,NA,"fixed_input",NA,NA,NA,"custom RTMB","base coefficients",NA,NA
"sel_tv_ar1_fsh[747]",0,NA,NA,"fixed_input",NA,NA,NA,"custom RTMB","base coefficients",NA,NA
"sel_tv_ar1_fsh[748]",0,NA,NA,"fixed_input",NA,NA,NA,"custom RTMB","base coefficients",NA,NA
"sel_tv_ar1_fsh[749]",0,NA,NA,"fixed_input",NA,NA,NA,"custom RTMB","base coefficients",NA,NA
"sel_tv_ar1_fsh[750]",0,NA,NA,"fixed_input",NA,NA,NA,"custom RTMB","base coefficients",NA,NA
"sel_tv_ar1_fsh[751]",0,NA,NA,"fixed_input",NA,NA,NA,"custom RTMB","base coefficients",NA,NA
"sel_tv_ar1_fsh[752]",0,NA,NA,"fixed_input",NA,NA,NA,"custom RTMB","base coefficients",NA,NA
"sel_tv_ar1_fsh[753]",0,NA,NA,"fixed_input",NA,NA,NA,"custom RTMB","base coefficients",NA,NA
"sel_tv_ar1_fsh[754]",0,NA,NA,"fixed_input",NA,NA,NA,"custom RTMB","base coefficients",NA,NA
"sel_tv_ar1_fsh[755]",0,NA,NA,"fixed_input",NA,NA,NA,"custom RTMB","base coefficients",NA,NA
"sel_tv_ar1_fsh[756]",0,NA,NA,"fixed_input",NA,NA,NA,"custom RTMB","base coefficients",NA,NA
"sel_tv_ar1_fsh[757]",0,NA,NA,"fixed_input",NA,NA,NA,"custom RTMB","base coefficients",NA,NA
"sel_tv_ar1_fsh[758]",0,NA,NA,"fixed_input",NA,NA,NA,"custom RTMB","base coefficients",NA,NA
"sel_tv_ar1_fsh[759]",0,NA,NA,"fixed_input",NA,NA,NA,"custom RTMB","base coefficients",NA,NA
"sel_tv_ar1_fsh[760]",0,NA,NA,"fixed_input",NA,NA,NA,"custom RTMB","base coefficients",NA,NA
"sel_tv_ar1_fsh[761]",0,NA,NA,"fixed_input",NA,NA,NA,"custom RTMB","base coefficients",NA,NA
"sel_tv_ar1_fsh[762]",0,NA,NA,"fixed_input",NA,NA,NA,"custom RTMB","base coefficients",NA,NA
"sel_tv_ar1_fsh[763]",0,NA,NA,"fixed_input",NA,NA,NA,"custom RTMB","base coefficients",NA,NA
"sel_tv_ar1_fsh[764]",0,NA,NA,"fixed_input",NA,NA,NA,"custom RTMB","base coefficients",NA,NA
"sel_tv_ar1_fsh[765]",0,NA,NA,"fixed_input",NA,NA,NA,"custom RTMB","base coefficients",NA,NA
"sel_tv_ar1_fsh[766]",0,NA,NA,"fixed_input",NA,NA,NA,"custom RTMB","base coefficients",NA,NA
"sel_tv_ar1_fsh[767]",0,NA,NA,"fixed_input",NA,NA,NA,"custom RTMB","base coefficients",NA,NA
"sel_tv_ar1_fsh[768]",0,NA,NA,"fixed_input",NA,NA,NA,"custom RTMB","base coefficients",NA,NA
"sel_tv_ar1_fsh[769]",0,NA,NA,"fixed_input",NA,NA,NA,"custom RTMB","base coefficients",NA,NA
"sel_tv_ar1_fsh[770]",0,NA,NA,"fixed_input",NA,NA,NA,"custom RTMB","base coefficients",NA,NA
"sel_tv_ar1_fsh[771]",0,NA,NA,"fixed_input",NA,NA,NA,"custom RTMB","base coefficients",NA,NA
"sel_tv_ar1_fsh[772]",0,NA,NA,"fixed_input",NA,NA,NA,"custom RTMB","base coefficients",NA,NA
"sel_tv_ar1_fsh[773]",0,NA,NA,"fixed_input",NA,NA,NA,"custom RTMB","base coefficients",NA,NA
"sel_tv_ar1_fsh[774]",0,NA,NA,"fixed_input",NA,NA,NA,"custom RTMB","base coefficients",NA,NA
"sel_tv_ar1_fsh[775]",0,NA,NA,"fixed_input",NA,NA,NA,"custom RTMB","base coefficients",NA,NA
"sel_tv_ar1_fsh[776]",0,NA,NA,"fixed_input",NA,NA,NA,"custom RTMB","base coefficients",NA,NA
"sel_tv_ar1_fsh[777]",0,NA,NA,"fixed_input",NA,NA,NA,"custom RTMB","base coefficients",NA,NA
"sel_tv_ar1_fsh[778]",0,NA,NA,"fixed_input",NA,NA,NA,"custom RTMB","base coefficients",NA,NA
"sel_tv_ar1_fsh[779]",0,NA,NA,"fixed_input",NA,NA,NA,"custom RTMB","base coefficients",NA,NA
"sel_tv_ar1_fsh[780]",0,NA,NA,"fixed_input",NA,NA,NA,"custom RTMB","base coefficients",NA,NA
"sel_tv_ar1_fsh[781]",0,NA,NA,"fixed_input",NA,NA,NA,"custom RTMB","base coefficients",NA,NA
"sel_tv_ar1_fsh[782]",0,NA,NA,"fixed_input",NA,NA,NA,"custom RTMB","base coefficients",NA,NA
"sel_tv_ar1_fsh[783]",0,NA,NA,"fixed_input",NA,NA,NA,"custom RTMB","base coefficients",NA,NA
"sel_tv_ar1_fsh[784]",0,NA,NA,"fixed_input",NA,NA,NA,"custom RTMB","base coefficients",NA,NA
"sel_tv_ar1_fsh[785]",0,NA,NA,"fixed_input",NA,NA,NA,"custom RTMB","base coefficients",NA,NA
"sel_tv_ar1_fsh[786]",0,NA,NA,"fixed_input",NA,NA,NA,"custom RTMB","base coefficients",NA,NA
"sel_tv_ar1_fsh[787]",0,NA,NA,"fixed_input",NA,NA,NA,"custom RTMB","base coefficients",NA,NA
"sel_tv_ar1_fsh[788]",0,NA,NA,"fixed_input",NA,NA,NA,"custom RTMB","base coefficients",NA,NA
"sel_tv_ar1_fsh[789]",0,NA,NA,"fixed_input",NA,NA,NA,"custom RTMB","base coefficients",NA,NA
"sel_tv_ar1_fsh[790]",0,NA,NA,"fixed_input",NA,NA,NA,"custom RTMB","base coefficients",NA,NA
"sel_tv_ar1_fsh[791]",0,NA,NA,"fixed_input",NA,NA,NA,"custom RTMB","base coefficients",NA,NA
"sel_tv_ar1_fsh[792]",0,NA,NA,"fixed_input",NA,NA,NA,"custom RTMB","base coefficients",NA,NA
"sel_tv_ar1_fsh[793]",0,NA,NA,"fixed_input",NA,NA,NA,"custom RTMB","base coefficients",NA,NA
"sel_tv_ar1_fsh[794]",0,NA,NA,"fixed_input",NA,NA,NA,"custom RTMB","base coefficients",NA,NA
"sel_tv_ar1_fsh[795]",0,NA,NA,"fixed_input",NA,NA,NA,"custom RTMB","base coefficients",NA,NA
"sel_tv_ar1_fsh[796]",0,NA,NA,"fixed_input",NA,NA,NA,"custom RTMB","base coefficients",NA,NA
"sel_tv_ar1_fsh[797]",0,NA,NA,"fixed_input",NA,NA,NA,"custom RTMB","base coefficients",NA,NA
"sel_tv_ar1_fsh[798]",0,NA,NA,"fixed_input",NA,NA,NA,"custom RTMB","base coefficients",NA,NA
"sel_tv_ar1_fsh[799]",0,NA,NA,"fixed_input",NA,NA,NA,"custom RTMB","base coefficients",NA,NA
"sel_tv_ar1_fsh[800]",0,NA,NA,"fixed_input",NA,NA,NA,"custom RTMB","base coefficients",NA,NA
"sel_tv_ar1_fsh[801]",0,NA,NA,"fixed_input",NA,NA,NA,"custom RTMB","base coefficients",NA,NA
"sel_tv_ar1_fsh[802]",0,NA,NA,"fixed_input",NA,NA,NA,"custom RTMB","base coefficients",NA,NA
"sel_tv_ar1_fsh[803]",0,NA,NA,"fixed_input",NA,NA,NA,"custom RTMB","base coefficients",NA,NA
"sel_tv_ar1_fsh[804]",0,NA,NA,"fixed_input",NA,NA,NA,"custom RTMB","base coefficients",NA,NA
"sel_tv_ar1_fsh[805]",0,NA,NA,"fixed_input",NA,NA,NA,"custom RTMB","base coefficients",NA,NA
"sel_tv_ar1_fsh[806]",0,NA,NA,"fixed_input",NA,NA,NA,"custom RTMB","base coefficients",NA,NA
"sel_tv_ar1_fsh[807]",0,NA,NA,"fixed_input",NA,NA,NA,"custom RTMB","base coefficients",NA,NA
"sel_tv_ar1_fsh[808]",0,NA,NA,"fixed_input",NA,NA,NA,"custom RTMB","base coefficients",NA,NA
"sel_tv_ar1_fsh[809]",0,NA,NA,"fixed_input",NA,NA,NA,"custom RTMB","base coefficients",NA,NA
"sel_tv_ar1_fsh[810]",0,NA,NA,"fixed_input",NA,NA,NA,"custom RTMB","base coefficients",NA,NA
"sel_tv_ar1_fsh[811]",0,NA,NA,"fixed_input",NA,NA,NA,"custom RTMB","base coefficients",NA,NA
"sel_tv_ar1_fsh[812]",0,NA,NA,"fixed_input",NA,NA,NA,"custom RTMB","base coefficients",NA,NA
"sel_tv_ar1_fsh[813]",0,NA,NA,"fixed_input",NA,NA,NA,"custom RTMB","base coefficients",NA,NA
"sel_tv_ar1_fsh[814]",0,NA,NA,"fixed_input",NA,NA,NA,"custom RTMB","base coefficients",NA,NA
"sel_tv_ar1_fsh[815]",0,NA,NA,"fixed_input",NA,NA,NA,"custom RTMB","base coefficients",NA,NA
"sel_tv_ar1_fsh[816]",0,NA,NA,"fixed_input",NA,NA,NA,"custom RTMB","base coefficients",NA,NA
"sel_tv_ar1_fsh[817]",0,NA,NA,"fixed_input",NA,NA,NA,"custom RTMB","base coefficients",NA,NA
"sel_tv_ar1_fsh[818]",0,NA,NA,"fixed_input",NA,NA,NA,"custom RTMB","base coefficients",NA,NA
"sel_tv_ar1_fsh[819]",0,NA,NA,"fixed_input",NA,NA,NA,"custom RTMB","base coefficients",NA,NA
"sel_tv_ar1_fsh[820]",0,NA,NA,"fixed_input",NA,NA,NA,"custom RTMB","base coefficients",NA,NA
"sel_tv_ar1_fsh[821]",0,NA,NA,"fixed_input",NA,NA,NA,"custom RTMB","base coefficients",NA,NA
"sel_tv_ar1_fsh[822]",0,NA,NA,"fixed_input",NA,NA,NA,"custom RTMB","base coefficients",NA,NA
"sel_tv_ar1_fsh[823]",0,NA,NA,"fixed_input",NA,NA,NA,"custom RTMB","base coefficients",NA,NA
"sel_tv_ar1_fsh[824]",0,NA,NA,"fixed_input",NA,NA,NA,"custom RTMB","base coefficients",NA,NA
"sel_tv_ar1_fsh[825]",0,NA,NA,"fixed_input",NA,NA,NA,"custom RTMB","base coefficients",NA,NA
"sel_tv_ar1_fsh[826]",0,NA,NA,"fixed_input",NA,NA,NA,"custom RTMB","base coefficients",NA,NA
"sel_tv_ar1_fsh[827]",0,NA,NA,"fixed_input",NA,NA,NA,"custom RTMB","base coefficients",NA,NA
"sel_tv_ar1_fsh[828]",0,NA,NA,"fixed_input",NA,NA,NA,"custom RTMB","base coefficients",NA,NA
"sel_tv_ar1_fsh[829]",0,NA,NA,"fixed_input",NA,NA,NA,"custom RTMB","base coefficients",NA,NA
"sel_tv_ar1_fsh[830]",0,NA,NA,"fixed_input",NA,NA,NA,"custom RTMB","base coefficients",NA,NA
"sel_tv_ar1_fsh[831]",0,NA,NA,"fixed_input",NA,NA,NA,"custom RTMB","base coefficients",NA,NA
"sel_tv_ar1_fsh[832]",0,NA,NA,"fixed_input",NA,NA,NA,"custom RTMB","base coefficients",NA,NA
"sel_tv_ar1_fsh[833]",0,NA,NA,"fixed_input",NA,NA,NA,"custom RTMB","base coefficients",NA,NA
"sel_tv_ar1_fsh[834]",0,NA,NA,"fixed_input",NA,NA,NA,"custom RTMB","base coefficients",NA,NA
"sel_tv_ar1_fsh[835]",0,NA,NA,"fixed_input",NA,NA,NA,"custom RTMB","base coefficients",NA,NA
"sel_tv_ar1_fsh[836]",0,NA,NA,"fixed_input",NA,NA,NA,"custom RTMB","base coefficients",NA,NA
"sel_tv_ar1_fsh[837]",0,NA,NA,"fixed_input",NA,NA,NA,"custom RTMB","base coefficients",NA,NA
"sel_tv_ar1_fsh[838]",0,NA,NA,"fixed_input",NA,NA,NA,"custom RTMB","base coefficients",NA,NA
"sel_tv_ar1_fsh[839]",0,NA,NA,"fixed_input",NA,NA,NA,"custom RTMB","base coefficients",NA,NA
"sel_tv_ar1_fsh[840]",0,NA,NA,"fixed_input",NA,NA,NA,"custom RTMB","base coefficients",NA,NA
"sel_tv_ar1_fsh[841]",0,NA,NA,"fixed_input",NA,NA,NA,"custom RTMB","base coefficients",NA,NA
"sel_tv_ar1_fsh[842]",0,NA,NA,"fixed_input",NA,NA,NA,"custom RTMB","base coefficients",NA,NA
"sel_tv_ar1_fsh[843]",0,NA,NA,"fixed_input",NA,NA,NA,"custom RTMB","base coefficients",NA,NA
"sel_tv_ar1_fsh[844]",0,NA,NA,"fixed_input",NA,NA,NA,"custom RTMB","base coefficients",NA,NA
"sel_tv_ar1_fsh[845]",0,NA,NA,"fixed_input",NA,NA,NA,"custom RTMB","base coefficients",NA,NA
"sel_tv_ar1_fsh[846]",0,NA,NA,"fixed_input",NA,NA,NA,"custom RTMB","base coefficients",NA,NA
"sel_tv_ar1_fsh[847]",0,NA,NA,"fixed_input",NA,NA,NA,"custom RTMB","base coefficients",NA,NA
"sel_tv_ar1_fsh[848]",0,NA,NA,"fixed_input",NA,NA,NA,"custom RTMB","base coefficients",NA,NA
"sel_tv_ar1_fsh[849]",0,NA,NA,"fixed_input",NA,NA,NA,"custom RTMB","base coefficients",NA,NA
"sel_tv_ar1_fsh[850]",0,NA,NA,"fixed_input",NA,NA,NA,"custom RTMB","base coefficients",NA,NA
"sel_tv_ar1_fsh[851]",0,NA,NA,"fixed_input",NA,NA,NA,"custom RTMB","base coefficients",NA,NA
"sel_tv_ar1_fsh[852]",0,NA,NA,"fixed_input",NA,NA,NA,"custom RTMB","base coefficients",NA,NA
"sel_tv_ar1_fsh[853]",0,NA,NA,"fixed_input",NA,NA,NA,"custom RTMB","base coefficients",NA,NA
"sel_tv_ar1_fsh[854]",0,NA,NA,"fixed_input",NA,NA,NA,"custom RTMB","base coefficients",NA,NA
"sel_tv_ar1_fsh[855]",0,NA,NA,"fixed_input",NA,NA,NA,"custom RTMB","base coefficients",NA,NA
"sel_tv_ar1_fsh[856]",0,NA,NA,"fixed_input",NA,NA,NA,"custom RTMB","base coefficients",NA,NA
"sel_tv_ar1_fsh[857]",0,NA,NA,"fixed_input",NA,NA,NA,"custom RTMB","base coefficients",NA,NA
"sel_tv_ar1_fsh[858]",0,NA,NA,"fixed_input",NA,NA,NA,"custom RTMB","base coefficients",NA,NA
"sel_tv_ar1_fsh[859]",0,NA,NA,"fixed_input",NA,NA,NA,"custom RTMB","base coefficients",NA,NA
"sel_tv_ar1_fsh[860]",0,NA,NA,"fixed_input",NA,NA,NA,"custom RTMB","base coefficients",NA,NA
"sel_tv_ar1_fsh[861]",0,NA,NA,"fixed_input",NA,NA,NA,"custom RTMB","base coefficients",NA,NA
"sel_tv_ar1_fsh[862]",0,NA,NA,"fixed_input",NA,NA,NA,"custom RTMB","base coefficients",NA,NA
"sel_tv_ar1_fsh[863]",0,NA,NA,"fixed_input",NA,NA,NA,"custom RTMB","base coefficients",NA,NA
"sel_tv_ar1_fsh[864]",0,NA,NA,"fixed_input",NA,NA,NA,"custom RTMB","base coefficients",NA,NA
"sel_tv_ar1_fsh[865]",0,NA,NA,"fixed_input",NA,NA,NA,"custom RTMB","base coefficients",NA,NA
"sel_tv_ar1_fsh[866]",0,NA,NA,"fixed_input",NA,NA,NA,"custom RTMB","base coefficients",NA,NA
"sel_tv_ar1_fsh[867]",0,NA,NA,"fixed_input",NA,NA,NA,"custom RTMB","base coefficients",NA,NA
"sel_tv_ar1_fsh[868]",0,NA,NA,"fixed_input",NA,NA,NA,"custom RTMB","base coefficients",NA,NA
"sel_tv_ar1_fsh[869]",0,NA,NA,"fixed_input",NA,NA,NA,"custom RTMB","base coefficients",NA,NA
"sel_tv_ar1_fsh[870]",0,NA,NA,"fixed_input",NA,NA,NA,"custom RTMB","base coefficients",NA,NA
"sel_tv_ar1_fsh[871]",0,NA,NA,"fixed_input",NA,NA,NA,"custom RTMB","base coefficients",NA,NA
"sel_tv_ar1_fsh[872]",0,NA,NA,"fixed_input",NA,NA,NA,"custom RTMB","base coefficients",NA,NA
"sel_tv_ar1_fsh[873]",0,NA,NA,"fixed_input",NA,NA,NA,"custom RTMB","base coefficients",NA,NA
"sel_tv_ar1_fsh[874]",0,NA,NA,"fixed_input",NA,NA,NA,"custom RTMB","base coefficients",NA,NA
"sel_tv_ar1_fsh[875]",0,NA,NA,"fixed_input",NA,NA,NA,"custom RTMB","base coefficients",NA,NA
"sel_tv_ar1_fsh[876]",0,NA,NA,"fixed_input",NA,NA,NA,"custom RTMB","base coefficients",NA,NA
"sel_tv_ar1_fsh[877]",0,NA,NA,"fixed_input",NA,NA,NA,"custom RTMB","base coefficients",NA,NA
"sel_tv_ar1_fsh[878]",0,NA,NA,"fixed_input",NA,NA,NA,"custom RTMB","base coefficients",NA,NA
"sel_tv_ar1_fsh[879]",0,NA,NA,"fixed_input",NA,NA,NA,"custom RTMB","base coefficients",NA,NA
"sel_tv_ar1_fsh[880]",0,NA,NA,"fixed_input",NA,NA,NA,"custom RTMB","base coefficients",NA,NA
"sel_tv_ar1_fsh[881]",0,NA,NA,"fixed_input",NA,NA,NA,"custom RTMB","base coefficients",NA,NA
"sel_tv_ar1_fsh[882]",0,NA,NA,"fixed_input",NA,NA,NA,"custom RTMB","base coefficients",NA,NA
"sel_tv_ar1_fsh[883]",0,NA,NA,"fixed_input",NA,NA,NA,"custom RTMB","base coefficients",NA,NA
"sel_tv_ar1_fsh[884]",0,NA,NA,"fixed_input",NA,NA,NA,"custom RTMB","base coefficients",NA,NA
"sel_tv_ar1_fsh[885]",0,NA,NA,"fixed_input",NA,NA,NA,"custom RTMB","base coefficients",NA,NA
"sel_tv_ar1_fsh[886]",0,NA,NA,"fixed_input",NA,NA,NA,"custom RTMB","base coefficients",NA,NA
"sel_tv_ar1_fsh[887]",0,NA,NA,"fixed_input",NA,NA,NA,"custom RTMB","base coefficients",NA,NA
"sel_tv_ar1_fsh[888]",0,NA,NA,"fixed_input",NA,NA,NA,"custom RTMB","base coefficients",NA,NA
"sel_tv_ar1_fsh[889]",0,NA,NA,"fixed_input",NA,NA,NA,"custom RTMB","base coefficients",NA,NA
"sel_tv_ar1_fsh[890]",0,NA,NA,"fixed_input",NA,NA,NA,"custom RTMB","base coefficients",NA,NA
"sel_tv_ar1_fsh[891]",0,NA,NA,"fixed_input",NA,NA,NA,"custom RTMB","base coefficients",NA,NA
"sel_tv_ar1_fsh[892]",0,NA,NA,"fixed_input",NA,NA,NA,"custom RTMB","base coefficients",NA,NA
"sel_tv_ar1_fsh[893]",0,NA,NA,"fixed_input",NA,NA,NA,"custom RTMB","base coefficients",NA,NA
"sel_tv_ar1_fsh[894]",0,NA,NA,"fixed_input",NA,NA,NA,"custom RTMB","base coefficients",NA,NA
"sel_tv_ar1_fsh[895]",0,NA,NA,"fixed_input",NA,NA,NA,"custom RTMB","base coefficients",NA,NA
"sel_tv_ar1_fsh[896]",0,NA,NA,"fixed_input",NA,NA,NA,"custom RTMB","base coefficients",NA,NA
"sel_tv_ar1_fsh[897]",0,NA,NA,"fixed_input",NA,NA,NA,"custom RTMB","base coefficients",NA,NA
"sel_tv_ar1_fsh[898]",0,NA,NA,"fixed_input",NA,NA,NA,"custom RTMB","base coefficients",NA,NA
"sel_tv_ar1_fsh[899]",0,NA,NA,"fixed_input",NA,NA,NA,"custom RTMB","base coefficients",NA,NA
"sel_tv_ar1_fsh[900]",0,NA,NA,"fixed_input",NA,NA,NA,"custom RTMB","base coefficients",NA,NA
"sel_tv_ar1_fsh[901]",0,NA,NA,"fixed_input",NA,NA,NA,"custom RTMB","base coefficients",NA,NA
"sel_tv_ar1_fsh[902]",0,NA,NA,"fixed_input",NA,NA,NA,"custom RTMB","base coefficients",NA,NA
"sel_tv_ar1_fsh[903]",0,NA,NA,"fixed_input",NA,NA,NA,"custom RTMB","base coefficients",NA,NA
"sel_tv_ar1_fsh[904]",0,NA,NA,"fixed_input",NA,NA,NA,"custom RTMB","base coefficients",NA,NA
"sel_tv_ar1_fsh[905]",0,NA,NA,"fixed_input",NA,NA,NA,"custom RTMB","base coefficients",NA,NA
"sel_tv_ar1_fsh[906]",0,NA,NA,"fixed_input",NA,NA,NA,"custom RTMB","base coefficients",NA,NA
"sel_tv_ar1_fsh[907]",0,NA,NA,"fixed_input",NA,NA,NA,"custom RTMB","base coefficients",NA,NA
"sel_tv_ar1_fsh[908]",0,NA,NA,"fixed_input",NA,NA,NA,"custom RTMB","base coefficients",NA,NA
"sel_tv_ar1_fsh[909]",0,NA,NA,"fixed_input",NA,NA,NA,"custom RTMB","base coefficients",NA,NA
"sel_tv_ar1_fsh[910]",0,NA,NA,"fixed_input",NA,NA,NA,"custom RTMB","base coefficients",NA,NA
"sel_tv_ar1_fsh[911]",0,NA,NA,"fixed_input",NA,NA,NA,"custom RTMB","base coefficients",NA,NA
"sel_tv_ar1_fsh[912]",0,NA,NA,"fixed_input",NA,NA,NA,"custom RTMB","base coefficients",NA,NA
"sel_tv_ar1_fsh[913]",0,NA,NA,"fixed_input",NA,NA,NA,"custom RTMB","base coefficients",NA,NA
"sel_tv_ar1_fsh[914]",0,NA,NA,"fixed_input",NA,NA,NA,"custom RTMB","base coefficients",NA,NA
"sel_tv_ar1_fsh[915]",0,NA,NA,"fixed_input",NA,NA,NA,"custom RTMB","base coefficients",NA,NA
"sel_tv_ar1_rho_fsh[1]",0,NA,NA,"fixed_input",NA,NA,NA,"custom RTMB","base coefficients",NA,NA
"sel_tv_ar1_rho_fsh[2]",0,NA,NA,"fixed_input",NA,NA,NA,"custom RTMB","base coefficients",NA,NA
"log_sel_tv_ar1_sigma_fsh",-1.6094379124341,NA,NA,"fixed_input",NA,NA,NA,"custom RTMB","base coefficients",NA,NA
"spawning_biomass",597.7615416469,NA,NA,"derived_quantity","population",1964,NA,"custom RTMB","base coefficients",NA,NA
"spawning_biomass",645.686431593906,NA,NA,"derived_quantity","population",1965,NA,"custom RTMB","base coefficients",NA,NA
"spawning_biomass",704.382361746064,NA,NA,"derived_quantity","population",1966,NA,"custom RTMB","base coefficients",NA,NA
"spawning_biomass",863.198172395785,NA,NA,"derived_quantity","population",1967,NA,"custom RTMB","base coefficients",NA,NA
"spawning_biomass",1062.73692335499,NA,NA,"derived_quantity","population",1968,NA,"custom RTMB","base coefficients",NA,NA
"spawning_biomass",1302.95780596944,NA,NA,"derived_quantity","population",1969,NA,"custom RTMB","base coefficients",NA,NA
"spawning_biomass",1468.38365690103,NA,NA,"derived_quantity","population",1970,NA,"custom RTMB","base coefficients",NA,NA
"spawning_biomass",1625.57019642316,NA,NA,"derived_quantity","population",1971,NA,"custom RTMB","base coefficients",NA,NA
"spawning_biomass",1567.42514907891,NA,NA,"derived_quantity","population",1972,NA,"custom RTMB","base coefficients",NA,NA
"spawning_biomass",1362.84889726353,NA,NA,"derived_quantity","population",1973,NA,"custom RTMB","base coefficients",NA,NA
"spawning_biomass",1038.9343124977,NA,NA,"derived_quantity","population",1974,NA,"custom RTMB","base coefficients",NA,NA
"spawning_biomass",990.938599246717,NA,NA,"derived_quantity","population",1975,NA,"custom RTMB","base coefficients",NA,NA
"spawning_biomass",956.678916745443,NA,NA,"derived_quantity","population",1976,NA,"custom RTMB","base coefficients",NA,NA
"spawning_biomass",1136.47941220535,NA,NA,"derived_quantity","population",1977,NA,"custom RTMB","base coefficients",NA,NA
"spawning_biomass",1009.19978996498,NA,NA,"derived_quantity","population",1978,NA,"custom RTMB","base coefficients",NA,NA
"spawning_biomass",921.345854899988,NA,NA,"derived_quantity","population",1979,NA,"custom RTMB","base coefficients",NA,NA
"spawning_biomass",1085.54069057929,NA,NA,"derived_quantity","population",1980,NA,"custom RTMB","base coefficients",NA,NA
"spawning_biomass",1667.93041937378,NA,NA,"derived_quantity","population",1981,NA,"custom RTMB","base coefficients",NA,NA
"spawning_biomass",2326.33542881268,NA,NA,"derived_quantity","population",1982,NA,"custom RTMB","base coefficients",NA,NA
"spawning_biomass",3144.48867878934,NA,NA,"derived_quantity","population",1983,NA,"custom RTMB","base coefficients",NA,NA
"spawning_biomass",3283.41364077069,NA,NA,"derived_quantity","population",1984,NA,"custom RTMB","base coefficients",NA,NA
"spawning_biomass",3818.27655588244,NA,NA,"derived_quantity","population",1985,NA,"custom RTMB","base coefficients",NA,NA
"spawning_biomass",3769.1759675359,NA,NA,"derived_quantity","population",1986,NA,"custom RTMB","base coefficients",NA,NA
"spawning_biomass",3848.72265560275,NA,NA,"derived_quantity","population",1987,NA,"custom RTMB","base coefficients",NA,NA
"spawning_biomass",3676.41992481258,NA,NA,"derived_quantity","population",1988,NA,"custom RTMB","base coefficients",NA,NA
"spawning_biomass",3209.20987538934,NA,NA,"derived_quantity","population",1989,NA,"custom RTMB","base coefficients",NA,NA
"spawning_biomass",2731.84766991991,NA,NA,"derived_quantity","population",1990,NA,"custom RTMB","base coefficients",NA,NA
"spawning_biomass",2198.86883409932,NA,NA,"derived_quantity","population",1991,NA,"custom RTMB","base coefficients",NA,NA
"spawning_biomass",2087.36578945286,NA,NA,"derived_quantity","population",1992,NA,"custom RTMB","base coefficients",NA,NA
"spawning_biomass",2752.10786094606,NA,NA,"derived_quantity","population",1993,NA,"custom RTMB","base coefficients",NA,NA
"spawning_biomass",3206.56365897964,NA,NA,"derived_quantity","population",1994,NA,"custom RTMB","base coefficients",NA,NA
"spawning_biomass",3428.98981083855,NA,NA,"derived_quantity","population",1995,NA,"custom RTMB","base coefficients",NA,NA
"spawning_biomass",3361.08078709986,NA,NA,"derived_quantity","population",1996,NA,"custom RTMB","base coefficients",NA,NA
"spawning_biomass",3260.48902962235,NA,NA,"derived_quantity","population",1997,NA,"custom RTMB","base coefficients",NA,NA
"spawning_biomass",2766.86832788246,NA,NA,"derived_quantity","population",1998,NA,"custom RTMB","base coefficients",NA,NA
"spawning_biomass",2888.86841430667,NA,NA,"derived_quantity","population",1999,NA,"custom RTMB","base coefficients",NA,NA
"spawning_biomass",2783.93793509177,NA,NA,"derived_quantity","population",2000,NA,"custom RTMB","base coefficients",NA,NA
"spawning_biomass",2822.80410390318,NA,NA,"derived_quantity","population",2001,NA,"custom RTMB","base coefficients",NA,NA
"spawning_biomass",2622.59737902345,NA,NA,"derived_quantity","population",2002,NA,"custom RTMB","base coefficients",NA,NA
"spawning_biomass",2657.63268266861,NA,NA,"derived_quantity","population",2003,NA,"custom RTMB","base coefficients",NA,NA
"spawning_biomass",2956.93279746173,NA,NA,"derived_quantity","population",2004,NA,"custom RTMB","base coefficients",NA,NA
"spawning_biomass",2606.89310243623,NA,NA,"derived_quantity","population",2005,NA,"custom RTMB","base coefficients",NA,NA
"spawning_biomass",2383.83663291826,NA,NA,"derived_quantity","population",2006,NA,"custom RTMB","base coefficients",NA,NA
"spawning_biomass",1952.05961402428,NA,NA,"derived_quantity","population",2007,NA,"custom RTMB","base coefficients",NA,NA
"spawning_biomass",1489.74176431377,NA,NA,"derived_quantity","population",2008,NA,"custom RTMB","base coefficients",NA,NA
"spawning_biomass",1578.73665572563,NA,NA,"derived_quantity","population",2009,NA,"custom RTMB","base coefficients",NA,NA
"spawning_biomass",1618.24237837941,NA,NA,"derived_quantity","population",2010,NA,"custom RTMB","base coefficients",NA,NA
"spawning_biomass",1989.19285147124,NA,NA,"derived_quantity","population",2011,NA,"custom RTMB","base coefficients",NA,NA
"spawning_biomass",2429.38449603248,NA,NA,"derived_quantity","population",2012,NA,"custom RTMB","base coefficients",NA,NA
"spawning_biomass",2774.68003418664,NA,NA,"derived_quantity","population",2013,NA,"custom RTMB","base coefficients",NA,NA
"spawning_biomass",2736.09045178573,NA,NA,"derived_quantity","population",2014,NA,"custom RTMB","base coefficients",NA,NA
"spawning_biomass",2563.01270209912,NA,NA,"derived_quantity","population",2015,NA,"custom RTMB","base coefficients",NA,NA
"spawning_biomass",2832.48517699143,NA,NA,"derived_quantity","population",2016,NA,"custom RTMB","base coefficients",NA,NA
"spawning_biomass",3289.46433908544,NA,NA,"derived_quantity","population",2017,NA,"custom RTMB","base coefficients",NA,NA
"spawning_biomass",3147.05216037743,NA,NA,"derived_quantity","population",2018,NA,"custom RTMB","base coefficients",NA,NA
"spawning_biomass",3068.26858130247,NA,NA,"derived_quantity","population",2019,NA,"custom RTMB","base coefficients",NA,NA
"spawning_biomass",2373.18287459343,NA,NA,"derived_quantity","population",2020,NA,"custom RTMB","base coefficients",NA,NA
"spawning_biomass",2500.93964294256,NA,NA,"derived_quantity","population",2021,NA,"custom RTMB","base coefficients",NA,NA
"spawning_biomass",3337.00846257047,NA,NA,"derived_quantity","population",2022,NA,"custom RTMB","base coefficients",NA,NA
"spawning_biomass",3225.49442128803,NA,NA,"derived_quantity","population",2023,NA,"custom RTMB","base coefficients",NA,NA
"spawning_biomass",3261.60769632189,NA,NA,"derived_quantity","population",2024,NA,"custom RTMB","base coefficients",NA,NA
"recruitment",6060.87794376007,NA,NA,"derived_quantity","population",1964,NA,"custom RTMB","base coefficients",NA,NA
"recruitment",20259.2691235657,NA,NA,"derived_quantity","population",1965,NA,"custom RTMB","base coefficients",NA,NA
"recruitment",14847.1861620141,NA,NA,"derived_quantity","population",1966,NA,"custom RTMB","base coefficients",NA,NA
"recruitment",25292.1292193602,NA,NA,"derived_quantity","population",1967,NA,"custom RTMB","base coefficients",NA,NA
"recruitment",22472.3207285439,NA,NA,"derived_quantity","population",1968,NA,"custom RTMB","base coefficients",NA,NA
"recruitment",26815.296422688,NA,NA,"derived_quantity","population",1969,NA,"custom RTMB","base coefficients",NA,NA
"recruitment",24264.4793697269,NA,NA,"derived_quantity","population",1970,NA,"custom RTMB","base coefficients",NA,NA
"recruitment",14807.9106817868,NA,NA,"derived_quantity","population",1971,NA,"custom RTMB","base coefficients",NA,NA
"recruitment",12039.4414149858,NA,NA,"derived_quantity","population",1972,NA,"custom RTMB","base coefficients",NA,NA
"recruitment",27343.2648592674,NA,NA,"derived_quantity","population",1973,NA,"custom RTMB","base coefficients",NA,NA
"recruitment",19584.6060152315,NA,NA,"derived_quantity","population",1974,NA,"custom RTMB","base coefficients",NA,NA
"recruitment",16389.8379325517,NA,NA,"derived_quantity","population",1975,NA,"custom RTMB","base coefficients",NA,NA
"recruitment",12643.1539306372,NA,NA,"derived_quantity","population",1976,NA,"custom RTMB","base coefficients",NA,NA
"recruitment",13288.7178359569,NA,NA,"derived_quantity","population",1977,NA,"custom RTMB","base coefficients",NA,NA
"recruitment",24651.4874439963,NA,NA,"derived_quantity","population",1978,NA,"custom RTMB","base coefficients",NA,NA
"recruitment",56909.7756350416,NA,NA,"derived_quantity","population",1979,NA,"custom RTMB","base coefficients",NA,NA
"recruitment",27615.8110785511,NA,NA,"derived_quantity","population",1980,NA,"custom RTMB","base coefficients",NA,NA
"recruitment",32236.9063883706,NA,NA,"derived_quantity","population",1981,NA,"custom RTMB","base coefficients",NA,NA
"recruitment",18527.5258720605,NA,NA,"derived_quantity","population",1982,NA,"custom RTMB","base coefficients",NA,NA
"recruitment",51366.4897714378,NA,NA,"derived_quantity","population",1983,NA,"custom RTMB","base coefficients",NA,NA
"recruitment",14199.6563214119,NA,NA,"derived_quantity","population",1984,NA,"custom RTMB","base coefficients",NA,NA
"recruitment",33504.0935218485,NA,NA,"derived_quantity","population",1985,NA,"custom RTMB","base coefficients",NA,NA
"recruitment",13170.0080770113,NA,NA,"derived_quantity","population",1986,NA,"custom RTMB","base coefficients",NA,NA
"recruitment",7290.34577107893,NA,NA,"derived_quantity","population",1987,NA,"custom RTMB","base coefficients",NA,NA
"recruitment",5518.47884453662,NA,NA,"derived_quantity","population",1988,NA,"custom RTMB","base coefficients",NA,NA
"recruitment",11532.7578523104,NA,NA,"derived_quantity","population",1989,NA,"custom RTMB","base coefficients",NA,NA
"recruitment",49435.8749735882,NA,NA,"derived_quantity","population",1990,NA,"custom RTMB","base coefficients",NA,NA
"recruitment",27109.144395771,NA,NA,"derived_quantity","population",1991,NA,"custom RTMB","base coefficients",NA,NA
"recruitment",23205.8181405173,NA,NA,"derived_quantity","population",1992,NA,"custom RTMB","base coefficients",NA,NA
"recruitment",44958.9174537811,NA,NA,"derived_quantity","population",1993,NA,"custom RTMB","base coefficients",NA,NA
"recruitment",15302.8553314628,NA,NA,"derived_quantity","population",1994,NA,"custom RTMB","base coefficients",NA,NA
"recruitment",10873.1270996456,NA,NA,"derived_quantity","population",1995,NA,"custom RTMB","base coefficients",NA,NA
"recruitment",22347.8651249114,NA,NA,"derived_quantity","population",1996,NA,"custom RTMB","base coefficients",NA,NA
"recruitment",29905.8271269868,NA,NA,"derived_quantity","population",1997,NA,"custom RTMB","base coefficients",NA,NA
"recruitment",14645.1194646598,NA,NA,"derived_quantity","population",1998,NA,"custom RTMB","base coefficients",NA,NA
"recruitment",15957.7587900797,NA,NA,"derived_quantity","population",1999,NA,"custom RTMB","base coefficients",NA,NA
"recruitment",24431.8977338021,NA,NA,"derived_quantity","population",2000,NA,"custom RTMB","base coefficients",NA,NA
"recruitment",34527.7276905312,NA,NA,"derived_quantity","population",2001,NA,"custom RTMB","base coefficients",NA,NA
"recruitment",23026.3577394886,NA,NA,"derived_quantity","population",2002,NA,"custom RTMB","base coefficients",NA,NA
"recruitment",14312.900944506,NA,NA,"derived_quantity","population",2003,NA,"custom RTMB","base coefficients",NA,NA
"recruitment",6452.0243363624,NA,NA,"derived_quantity","population",2004,NA,"custom RTMB","base coefficients",NA,NA
"recruitment",4549.37362690691,NA,NA,"derived_quantity","population",2005,NA,"custom RTMB","base coefficients",NA,NA
"recruitment",11405.75652991,NA,NA,"derived_quantity","population",2006,NA,"custom RTMB","base coefficients",NA,NA
"recruitment",25042.8228656648,NA,NA,"derived_quantity","population",2007,NA,"custom RTMB","base coefficients",NA,NA
"recruitment",13384.8412144489,NA,NA,"derived_quantity","population",2008,NA,"custom RTMB","base coefficients",NA,NA
"recruitment",49545.1179922845,NA,NA,"derived_quantity","population",2009,NA,"custom RTMB","base coefficients",NA,NA
"recruitment",22721.6728598085,NA,NA,"derived_quantity","population",2010,NA,"custom RTMB","base coefficients",NA,NA
"recruitment",14315.1270306687,NA,NA,"derived_quantity","population",2011,NA,"custom RTMB","base coefficients",NA,NA
"recruitment",12417.8194667287,NA,NA,"derived_quantity","population",2012,NA,"custom RTMB","base coefficients",NA,NA
"recruitment",43365.3525550732,NA,NA,"derived_quantity","population",2013,NA,"custom RTMB","base coefficients",NA,NA
"recruitment",49769.4432179713,NA,NA,"derived_quantity","population",2014,NA,"custom RTMB","base coefficients",NA,NA
"recruitment",21584.9497292295,NA,NA,"derived_quantity","population",2015,NA,"custom RTMB","base coefficients",NA,NA
"recruitment",8205.33863096608,NA,NA,"derived_quantity","population",2016,NA,"custom RTMB","base coefficients",NA,NA
"recruitment",8248.9686775429,NA,NA,"derived_quantity","population",2017,NA,"custom RTMB","base coefficients",NA,NA
"recruitment",16809.0970566098,NA,NA,"derived_quantity","population",2018,NA,"custom RTMB","base coefficients",NA,NA
"recruitment",75300.4669631642,NA,NA,"derived_quantity","population",2019,NA,"custom RTMB","base coefficients",NA,NA
"recruitment",19641.6102555915,NA,NA,"derived_quantity","population",2020,NA,"custom RTMB","base coefficients",NA,NA
"recruitment",11814.9890769775,NA,NA,"derived_quantity","population",2021,NA,"custom RTMB","base coefficients",NA,NA
"recruitment",11731.3265422028,NA,NA,"derived_quantity","population",2022,NA,"custom RTMB","base coefficients",NA,NA
"recruitment",18733.2052678385,NA,NA,"derived_quantity","population",2023,NA,"custom RTMB","base coefficients",NA,NA
"recruitment",20110.4811938371,NA,NA,"derived_quantity","population",2024,NA,"custom RTMB","base coefficients",NA,NA
"rec_pars",9.63000946379963,0.123611895719419,9.36116580739791e-07,"fixed_effect",NA,NA,NA,"Rceattle","nonparametric_pm",77.9052000436782,0
"rec_dev",-0.991305591018157,0.469978990638843,-1.0578863200994e-06,"fixed_effect",NA,NA,NA,"Rceattle","nonparametric_pm",-2.10925511727806,0.0349225666672217
"rec_dev.1",0.426408096077834,0.293214012427704,-5.75795104945653e-06,"fixed_effect",NA,NA,NA,"Rceattle","nonparametric_pm",1.45425551987551,0.145875477437603
"rec_dev.2",0.0346804875220571,0.360976203130357,-3.77125957373714e-06,"fixed_effect",NA,NA,NA,"Rceattle","nonparametric_pm",0.0960741656134411,0.923461669229386
"rec_dev.3",0.57733188389851,0.293473696350188,-7.18430771451395e-06,"fixed_effect",NA,NA,NA,"Rceattle","nonparametric_pm",1.96723553449099,0.0491560631435876
"rec_dev.4",0.385654671079851,0.318512188825368,-5.99654304256347e-06,"fixed_effect",NA,NA,NA,"Rceattle","nonparametric_pm",1.21080035430385,0.225971929379736
"rec_dev.5",0.545241234274731,0.295051822508587,-6.25683361876739e-06,"fixed_effect",NA,NA,NA,"Rceattle","nonparametric_pm",1.84795074180185,0.0646094690331344
"rec_dev.6",0.42640257558211,0.307193248218804,-3.89092375607802e-06,"fixed_effect",NA,NA,NA,"Rceattle","nonparametric_pm",1.38805972479707,0.165118859287516
"rec_dev.7",-0.113628548592915,0.3759128721522,-1.5214102749711e-06,"fixed_effect",NA,NA,NA,"Rceattle","nonparametric_pm",-0.302273630435589,0.762443478554396
"rec_dev.8",-0.33794029869912,0.386933537038675,-8.65749401945948e-07,"fixed_effect",NA,NA,NA,"Rceattle","nonparametric_pm",-0.873380739455885,0.382455585627185
"rec_dev.9",0.562680481203933,0.233856459914525,-5.17305986169614e-06,"fixed_effect",NA,NA,NA,"Rceattle","nonparametric_pm",2.40609338484639,0.0161241424299717
"rec_dev.10",0.231830792474139,0.238437179707587,-1.19166248407909e-06,"fixed_effect",NA,NA,NA,"Rceattle","nonparametric_pm",0.972292965209747,0.330904822562955
"rec_dev.11",0.0678225555359925,0.221800328400626,-4.77700011958238e-06,"fixed_effect",NA,NA,NA,"Rceattle","nonparametric_pm",0.305782033890807,0.759770608562465
"rec_dev.12",-0.175600766513927,0.21165480377204,-1.2066348430706e-06,"fixed_effect",NA,NA,NA,"Rceattle","nonparametric_pm",-0.829656418774485,0.406733068386502
"rec_dev.13",-0.0983441414079078,0.192638037311939,2.30358898349603e-06,"fixed_effect",NA,NA,NA,"Rceattle","nonparametric_pm",-0.510512579863232,0.609692403618098
"rec_dev.14",0.542496027963683,0.157696909490993,2.86193560159465e-05,"fixed_effect",NA,NA,NA,"Rceattle","nonparametric_pm",3.44011832390836,0.000581459919233724
"rec_dev.15",1.40420958587655,0.139936921313481,-5.41006997356597e-06,"fixed_effect",NA,NA,NA,"Rceattle","nonparametric_pm",10.0345896758075,1.07405028252719e-23
"rec_dev.16",0.666542474169056,0.151079391642935,1.95942339181743e-05,"fixed_effect",NA,NA,NA,"Rceattle","nonparametric_pm",4.41186893143161,1.02482147800823e-05
"rec_dev.17",0.798364437051392,0.148732549349921,1.15470812515062e-05,"fixed_effect",NA,NA,NA,"Rceattle","nonparametric_pm",5.36778560268668,7.97092252071355e-08
"rec_dev.18",0.216214940822014,0.163756371470123,-1.03851642668795e-05,"fixed_effect",NA,NA,NA,"Rceattle","nonparametric_pm",1.32034521088214,0.186719787278414
"rec_dev.19",1.22676252295784,0.137882828031891,-3.96741326236238e-06,"fixed_effect",NA,NA,NA,"Rceattle","nonparametric_pm",8.8971378123612,5.73053265839497e-19
"rec_dev.20",-0.0688001426564303,0.165269154338577,-1.86071738628169e-06,"fixed_effect",NA,NA,NA,"Rceattle","nonparametric_pm",-0.416291490882101,0.677196718337214
"rec_dev.21",0.760850780060174,0.141221153177041,4.19877387802803e-06,"fixed_effect",NA,NA,NA,"Rceattle","nonparametric_pm",5.38765449044548,7.13831096017131e-08
"rec_dev.22",-0.186901594607039,0.157918253127596,-8.76425820411919e-06,"fixed_effect",NA,NA,NA,"Rceattle","nonparametric_pm",-1.18353382782182,0.236597648110383
"rec_dev.23",-0.74838561875096,0.166691533875526,3.76755294473341e-06,"fixed_effect",NA,NA,NA,"Rceattle","nonparametric_pm",-4.48964384303887,7.13423577940159e-06
"rec_dev.24",-1.00284563061092,0.167805960897556,-3.84290610933036e-06,"fixed_effect",NA,NA,NA,"Rceattle","nonparametric_pm",-5.97622173400117,2.28372115726569e-09
"rec_dev.25",-0.2588403796266,0.144533236868758,-2.58174204659234e-06,"fixed_effect",NA,NA,NA,"Rceattle","nonparametric_pm",-1.79087098050421,0.073314001491286
"rec_dev.26",1.1923803284624,0.128442704979102,-5.62502599166237e-07,"fixed_effect",NA,NA,NA,"Rceattle","nonparametric_pm",9.28336357176849,1.64211040136863e-20
"rec_dev.27",0.578203454969261,0.132827538997914,-3.38945588718165e-06,"fixed_effect",NA,NA,NA,"Rceattle","nonparametric_pm",4.3530389807067,1.34263265925005e-05
"rec_dev.28",0.432060864852171,0.134627237762177,1.95282218407034e-06,"fixed_effect",NA,NA,NA,"Rceattle","nonparametric_pm",3.20931240983655,0.00133052836888479
"rec_dev.29",1.10183717443283,0.129180343025677,-1.2865564622544e-06,"fixed_effect",NA,NA,NA,"Rceattle","nonparametric_pm",8.52944920740632,1.47046142035111e-17
"rec_dev.30",0.0358583925396181,0.13767078764413,-8.62584640277941e-07,"fixed_effect",NA,NA,NA,"Rceattle","nonparametric_pm",0.260464788160504,0.794505273143896
"rec_dev.31",-0.317502863449903,0.14094812243517,7.11765713479195e-07,"fixed_effect",NA,NA,NA,"Rceattle","nonparametric_pm",-2.25262215604141,0.0242829829190296
"rec_dev.32",0.393946773300673,0.131426140649906,-7.26457260735724e-06,"fixed_effect",NA,NA,NA,"Rceattle","nonparametric_pm",2.99747653969444,0.00272224810459668
"rec_dev.33",0.684812231214967,0.129126187288556,-4.37343120074374e-06,"fixed_effect",NA,NA,NA,"Rceattle","nonparametric_pm",5.30343414914457,1.13644210556505e-07
"rec_dev.34",-0.0227285457841685,0.133903589993639,-1.40868678284028e-06,"fixed_effect",NA,NA,NA,"Rceattle","nonparametric_pm",-0.169738136111573,0.865216080951882
"rec_dev.35",0.0581183107796595,0.132799809505747,-1.77168575188347e-06,"fixed_effect",NA,NA,NA,"Rceattle","nonparametric_pm",0.437638510145185,0.661648350317185
"rec_dev.36",0.48160918656422,0.129534453946601,-2.02146591077312e-06,"fixed_effect",NA,NA,NA,"Rceattle","nonparametric_pm",3.71800067002063,0.000200805737824419
"rec_dev.37",0.817175911018647,0.127475422290596,-2.98590714631342e-06,"fixed_effect",NA,NA,NA,"Rceattle","nonparametric_pm",6.4104585522046,1.45082594454473e-10
"rec_dev.38",0.412907077421339,0.128743193876392,-3.43609297487335e-06,"fixed_effect",NA,NA,NA,"Rceattle","nonparametric_pm",3.20721480482904,0.00134026878816755
"rec_dev.39",-0.0556516277268001,0.130870143423345,2.6432172413951e-06,"fixed_effect",NA,NA,NA,"Rceattle","nonparametric_pm",-0.425243117116297,0.670659455473276
"rec_dev.40",-0.842149307303481,0.138373379343602,2.25785657625988e-06,"fixed_effect",NA,NA,NA,"Rceattle","nonparametric_pm",-6.08606446773479,1.15719861921429e-09
"rec_dev.41",-1.18494196821313,0.14363332583244,-2.01561443404774e-05,"fixed_effect",NA,NA,NA,"Rceattle","nonparametric_pm",-8.24977045783554,1.586990560418e-16
"rec_dev.42",-0.272135465929196,0.13310886423899,6.63319723059885e-06,"fixed_effect",NA,NA,NA,"Rceattle","nonparametric_pm",-2.04445787652872,0.0409083347092647
"rec_dev.43",0.498115167252686,0.129314368673298,1.49265736659743e-07,"fixed_effect",NA,NA,NA,"Rceattle","nonparametric_pm",3.85197076212878,0.000117171015655218
"rec_dev.44",-0.113662139209709,0.135197434611366,7.87451375897086e-06,"fixed_effect",NA,NA,NA,"Rceattle","nonparametric_pm",-0.840712248249668,0.400509157216573
"rec_dev.45",1.18159322191142,0.127268724519395,4.65063063637139e-06,"fixed_effect",NA,NA,NA,"Rceattle","nonparametric_pm",9.28423873479893,1.62867240546665e-20
"rec_dev.46",0.419934531867775,0.131118973910727,1.49755015499409e-07,"fixed_effect",NA,NA,NA,"Rceattle","nonparametric_pm",3.20269842985264,0.00136146469358999
"rec_dev.47",-0.0673234530882926,0.135221049510014,1.10006625019671e-05,"fixed_effect",NA,NA,NA,"Rceattle","nonparametric_pm",-0.497877019385999,0.618570725723579
"rec_dev.48",-0.214389867545785,0.136099577277424,3.49790852885445e-06,"fixed_effect",NA,NA,NA,"Rceattle","nonparametric_pm",-1.57524271444851,0.115200431169024
"rec_dev.49",1.04991198717358,0.127333555155997,6.8142037590313e-07,"fixed_effect",NA,NA,NA,"Rceattle","nonparametric_pm",8.24536773427335,1.64653063510846e-16
"rec_dev.50",1.18171296413135,0.127917420899605,1.78445705456554e-06,"fixed_effect",NA,NA,NA,"Rceattle","nonparametric_pm",9.23809248045122,2.50930581294868e-20
"rec_dev.51",0.334959535339498,0.135061185572032,9.7214946076507e-06,"fixed_effect",NA,NA,NA,"Rceattle","nonparametric_pm",2.4800577154778,0.0131361118029303
"rec_dev.52",-0.634790602027816,0.156375934233467,2.48366024747648e-05,"fixed_effect",NA,NA,NA,"Rceattle","nonparametric_pm",-4.05938807105757,4.92014852423795e-05
"rec_dev.53",-0.62042739640851,0.166582603399871,-1.76493310561909e-05,"fixed_effect",NA,NA,NA,"Rceattle","nonparametric_pm",-3.72444291147986,0.000195747000724113
"rec_dev.54",0.111220406726754,0.161091274582806,7.44391686713364e-06,"fixed_effect",NA,NA,NA,"Rceattle","nonparametric_pm",0.690418565591417,0.489931004818073
"rec_dev.55",1.69865178390437,0.152586463633991,4.98434410634019e-07,"fixed_effect",NA,NA,NA,"Rceattle","nonparametric_pm",11.1323884402939,8.72654030026466e-29
"rec_dev.56",0.314564578518698,0.189442041369457,1.69801513418277e-05,"fixed_effect",NA,NA,NA,"Rceattle","nonparametric_pm",1.66047924866489,0.0968180791117408
"rec_dev.57",-0.31366553972229,0.232636819848059,-9.63989640723195e-07,"fixed_effect",NA,NA,NA,"Rceattle","nonparametric_pm",-1.34830565482778,0.177560094100905
"rec_dev.58",-0.334707555558869,0.287316633685831,-3.19609926391351e-06,"fixed_effect",NA,NA,NA,"Rceattle","nonparametric_pm",-1.16494318920936,0.244041989648584
"rec_dev.59",0.0593991997153604,0.325900175960043,-8.15702939414159e-06,"fixed_effect",NA,NA,NA,"Rceattle","nonparametric_pm",0.182261944291319,0.855377162470206
"rec_dev.60",0.0946395986496566,0.685538037108761,9.74168598080749e-07,"fixed_effect",NA,NA,NA,"Rceattle","nonparametric_pm",0.138051564649566,0.890199664955633
"init_dev",-0.363251164450982,0.352800657643105,-1.18804191001631e-06,"fixed_effect",NA,NA,NA,"Rceattle","nonparametric_pm",-1.02962156271956,0.30318768907684
"init_dev.1",-0.436584939739777,0.348211965885451,-4.47337110964785e-07,"fixed_effect",NA,NA,NA,"Rceattle","nonparametric_pm",-1.25379074389246,0.209918074427448
"init_dev.2",-1.21963210584452,0.455769679617163,2.60398345108825e-08,"fixed_effect",NA,NA,NA,"Rceattle","nonparametric_pm",-2.67598341967151,0.00745103311417471
"init_dev.3",-1.45635531308324,0.52583094779435,-1.27032756092049e-07,"fixed_effect",NA,NA,NA,"Rceattle","nonparametric_pm",-2.76962647252329,0.00561206115001064
"init_dev.4",-0.950013396091341,0.47757338968835,-4.08387719197378e-08,"fixed_effect",NA,NA,NA,"Rceattle","nonparametric_pm",-1.98925111114606,0.0466734929467968
"init_dev.5",-1.13705717764034,0.553842961802016,-5.63816684007179e-07,"fixed_effect",NA,NA,NA,"Rceattle","nonparametric_pm",-2.0530317365427,0.0400694996293203
"init_dev.6",-1.29890002739902,0.634037258369949,-6.39108585387405e-07,"fixed_effect",NA,NA,NA,"Rceattle","nonparametric_pm",-2.04861782214245,0.0404995005311107
"init_dev.7",-1.22499466524238,0.673853529649805,-6.24331801812872e-07,"fixed_effect",NA,NA,NA,"Rceattle","nonparametric_pm",-1.81789455919152,0.0690802500630971
"init_dev.8",-1.06211381007076,0.698378610853696,-7.76830329396461e-07,"fixed_effect",NA,NA,NA,"Rceattle","nonparametric_pm",-1.52082809176019,0.128302982888749
"init_dev.9",-0.911108148445952,0.724338411663786,-5.74982401579938e-07,"fixed_effect",NA,NA,NA,"Rceattle","nonparametric_pm",-1.25784872619576,0.208446469900723
"init_dev.10",-0.773779954825312,0.751200502730461,-5.54350834458539e-07,"fixed_effect",NA,NA,NA,"Rceattle","nonparametric_pm",-1.03005782346095,0.302982862460684
"init_dev.11",-0.653308906075926,0.777936483889649,-5.80592055432483e-07,"fixed_effect",NA,NA,NA,"Rceattle","nonparametric_pm",-0.839797232300264,0.401022085542049
"init_dev.12",-0.544996771866206,0.805189314516214,-6.01219657059282e-07,"fixed_effect",NA,NA,NA,"Rceattle","nonparametric_pm",-0.676855445099466,0.498497675466058
"init_dev.13",-0.998339393526683,0.712474186105466,-4.86696810297893e-07,"fixed_effect",NA,NA,NA,"Rceattle","nonparametric_pm",-1.40122886273791,0.161145645917449
"log_F",-2.90512378374185,0.224497917810444,4.86296313544141e-06,"fixed_effect",NA,NA,NA,"Rceattle","nonparametric_pm",-12.9405377656768,2.65762660343158e-38
"log_F.1",-2.7009440236808,0.22009992941619,2.57348337035107e-06,"fixed_effect",NA,NA,NA,"Rceattle","nonparametric_pm",-12.2714442973471,1.28932709545023e-34
"log_F.2",-2.64741500862691,0.22437499225559,2.9957202112589e-06,"fixed_effect",NA,NA,NA,"Rceattle","nonparametric_pm",-11.7990645125514,3.94674560698213e-32
"log_F.3",-2.0101919509866,0.236826875100625,1.68013589901362e-06,"fixed_effect",NA,NA,NA,"Rceattle","nonparametric_pm",-8.48802294981301,2.1018206983072e-17
"log_F.4",-1.94844301521536,0.235582769641647,8.86993133604907e-07,"fixed_effect",NA,NA,NA,"Rceattle","nonparametric_pm",-8.27073651515009,1.33133982969257e-16
"log_F.5",-1.88322135793883,0.240757393868806,-9.48850056988968e-07,"fixed_effect",NA,NA,NA,"Rceattle","nonparametric_pm",-7.82207070643503,5.19614072498418e-15
"log_F.6",-1.51189167590308,0.241486244171708,-2.82857267225652e-06,"fixed_effect",NA,NA,NA,"Rceattle","nonparametric_pm",-6.26077763182257,3.83062430937198e-10
"log_F.7",-1.15622344325644,0.243060330703911,-2.94182136158536e-06,"fixed_effect",NA,NA,NA,"Rceattle","nonparametric_pm",-4.75694013872182,1.96549421658641e-06
"log_F.8",-1.0257191351396,0.238189433780961,-4.48178960431189e-06,"fixed_effect",NA,NA,NA,"Rceattle","nonparametric_pm",-4.3063166944796,1.65995361165266e-05
"log_F.9",-0.882077907045377,0.241023870339336,5.03531951468568e-07,"fixed_effect",NA,NA,NA,"Rceattle","nonparametric_pm",-3.65971181942895,0.000252499050783238
"log_F.10",-0.796542706853036,0.240035525952194,6.06219315871295e-06,"fixed_effect",NA,NA,NA,"Rceattle","nonparametric_pm",-3.31843673428439,0.000905228262318261
"log_F.11",-0.97134857365463,0.217875034616367,-4.61125320885651e-06,"fixed_effect",NA,NA,NA,"Rceattle","nonparametric_pm",-4.45828304911105,8.26187593658668e-06
"log_F.12",-1.04951136223556,0.210718254688577,4.92539075023631e-07,"fixed_effect",NA,NA,NA,"Rceattle","nonparametric_pm",-4.98063807422211,6.3374966614042e-07
"log_F.13",-1.11174887055331,0.222599544361166,3.15499450108175e-06,"fixed_effect",NA,NA,NA,"Rceattle","nonparametric_pm",-4.99438969537828,5.90221132674994e-07
"log_F.14",-0.994825455742006,0.221580383430963,7.34731616901765e-06,"fixed_effect",NA,NA,NA,"Rceattle","nonparametric_pm",-4.48968198510209,7.13295848373669e-06
"log_F.15",-0.949487480566728,0.212487631215721,1.63625798979552e-06,"fixed_effect",NA,NA,NA,"Rceattle","nonparametric_pm",-4.46843646914578,7.87934064697553e-06
"log_F.16",-1.03924479080756,0.198052384825973,-1.93201841292026e-06,"fixed_effect",NA,NA,NA,"Rceattle","nonparametric_pm",-5.24732278139811,1.54325379744631e-07
"log_F.17",-1.38176070415205,0.195518201835459,-5.32480125295897e-06,"fixed_effect",NA,NA,NA,"Rceattle","nonparametric_pm",-7.06717170667767,1.58123252510798e-12
"log_F.18",-1.83304043916147,0.203333756429822,5.69757863048639e-06,"fixed_effect",NA,NA,NA,"Rceattle","nonparametric_pm",-9.01493422118586,1.96988645229261e-19
"log_F.19",-2.02547432636363,0.189027488764531,3.00582393495555e-06,"fixed_effect",NA,NA,NA,"Rceattle","nonparametric_pm",-10.7152369192543,8.6335925053087e-27
"log_F.20",-2.04867342367128,0.153774486448143,-1.39419247284855e-06,"fixed_effect",NA,NA,NA,"Rceattle","nonparametric_pm",-13.3225834206388,1.71083306632828e-40
"log_F.21",-2.03814439321711,0.141265471283828,-6.01641638324027e-06,"fixed_effect",NA,NA,NA,"Rceattle","nonparametric_pm",-14.4277605468226,3.46138582465958e-47
"log_F.22",-2.10447535474884,0.133984350323992,-9.22008879746301e-07,"fixed_effect",NA,NA,NA,"Rceattle","nonparametric_pm",-15.7068743451003,1.35706775600461e-55
"log_F.23",-2.39555751889423,0.126954424342254,-7.1384629239111e-06,"fixed_effect",NA,NA,NA,"Rceattle","nonparametric_pm",-18.8694291774826,2.03484580231957e-79
"log_F.24",-2.05136979191717,0.117610515783163,-4.00582468835711e-06,"fixed_effect",NA,NA,NA,"Rceattle","nonparametric_pm",-17.4420610117827,3.95548712598055e-68
"log_F.25",-1.99558696903784,0.100847633897584,1.4687702559158e-06,"fixed_effect",NA,NA,NA,"Rceattle","nonparametric_pm",-19.7881387188961,3.76698271197222e-87
"log_F.26",-1.57167220266591,0.0946221988712442,5.91660246824664e-06,"fixed_effect",NA,NA,NA,"Rceattle","nonparametric_pm",-16.6099733615845,5.90194059866293e-62
"log_F.27",-1.38528489209607,0.0850441111031239,7.23885911565471e-06,"fixed_effect",NA,NA,NA,"Rceattle","nonparametric_pm",-16.2890160662187,1.18114217682155e-59
"log_F.28",-1.09298225327025,0.092279965245235,5.98616542507276e-08,"fixed_effect",NA,NA,NA,"Rceattle","nonparametric_pm",-11.844198796192,2.30611733474028e-32
"log_F.29",-1.52875957513247,0.109422891800696,4.70704825273501e-06,"fixed_effect",NA,NA,NA,"Rceattle","nonparametric_pm",-13.9711128994558,2.33942210804591e-44
"log_F.30",-1.77187165241571,0.118851826765342,1.42924658606441e-06,"fixed_effect",NA,NA,NA,"Rceattle","nonparametric_pm",-14.9082407956088,2.91327404865236e-50
"log_F.31",-1.78301296198536,0.112953999807537,8.23855319566939e-07,"fixed_effect",NA,NA,NA,"Rceattle","nonparametric_pm",-15.7853016716845,3.92767028449777e-56
"log_F.32",-1.62573496781699,0.112332365600913,6.16387219365215e-06,"fixed_effect",NA,NA,NA,"Rceattle","nonparametric_pm",-14.472542789607,1.80667609614758e-47
"log_F.33",-1.60829889127038,0.12556075911389,-2.42413806084415e-06,"fixed_effect",NA,NA,NA,"Rceattle","nonparametric_pm",-12.8089293392338,1.46136997359241e-37
"log_F.34",-1.77567182203893,0.118768713426303,1.72711637078936e-07,"fixed_effect",NA,NA,NA,"Rceattle","nonparametric_pm",-14.9506698423633,1.54190392902178e-50
"log_F.35",-1.99143130496833,0.114746112707805,7.01130288847573e-06,"fixed_effect",NA,NA,NA,"Rceattle","nonparametric_pm",-17.3551091010761,1.80457308873543e-67
"log_F.36",-1.87897864972951,0.0953061937008576,-7.48641621848068e-07,"fixed_effect",NA,NA,NA,"Rceattle","nonparametric_pm",-19.7151788017802,1.59750621994744e-86
"log_F.37",-1.73289350300123,0.0852761981685304,-1.3967765232697e-06,"fixed_effect",NA,NA,NA,"Rceattle","nonparametric_pm",-20.3209516866187,8.39334270995544e-92
"log_F.38",-1.56694504083291,0.0783378272623799,3.52570967345924e-06,"fixed_effect",NA,NA,NA,"Rceattle","nonparametric_pm",-20.0024061885797,5.24785127216328e-89
"log_F.39",-1.49066279835293,0.0777735575998192,-5.79806633490692e-06,"fixed_effect",NA,NA,NA,"Rceattle","nonparametric_pm",-19.1667045247316,7.02184949044785e-82
"log_F.40",-1.58521183712905,0.0842546896214128,-6.10786803155367e-06,"fixed_effect",NA,NA,NA,"Rceattle","nonparametric_pm",-18.8145234912382,5.74224073092381e-79
"log_F.41",-1.63556596666689,0.0832454717624694,3.43997803630563e-06,"fixed_effect",NA,NA,NA,"Rceattle","nonparametric_pm",-19.6475067296606,6.07232710592377e-86
"log_F.42",-1.4283730060727,0.0822803027367479,-1.27513360412172e-06,"fixed_effect",NA,NA,NA,"Rceattle","nonparametric_pm",-17.3598414026588,1.66181833121574e-67
"log_F.43",-1.35754891349021,0.0814167902105013,-2.49868865418775e-06,"fixed_effect",NA,NA,NA,"Rceattle","nonparametric_pm",-16.6740657544997,2.02350353841313e-62
"log_F.44",-1.27155072261607,0.0849347834103045,-1.11513373684014e-06,"fixed_effect",NA,NA,NA,"Rceattle","nonparametric_pm",-14.9709067541086,1.13759567661362e-50
"log_F.45",-1.31677334148423,0.0953780139093258,1.47839919953166e-06,"fixed_effect",NA,NA,NA,"Rceattle","nonparametric_pm",-13.8058372942853,2.3502577270352e-43
"log_F.46",-1.50041689523614,0.104645779680136,-1.67587133904185e-06,"fixed_effect",NA,NA,NA,"Rceattle","nonparametric_pm",-14.3380545285473,1.26553559132337e-46
"log_F.47",-1.1967840540208,0.101531051789452,-3.3157728673641e-07,"fixed_effect",NA,NA,NA,"Rceattle","nonparametric_pm",-11.7873698038961,4.53482935873612e-32
"log_F.48",-1.20359214107141,0.127721107848563,-8.0345778077173e-06,"fixed_effect",NA,NA,NA,"Rceattle","nonparametric_pm",-9.42359615685831,4.35897316463743e-21
"log_F.49",-1.26055035339165,0.146542328073917,2.4617348311139e-06,"fixed_effect",NA,NA,NA,"Rceattle","nonparametric_pm",-8.60195391979729,7.83702611874057e-18
"log_F.50",-1.32084289282107,0.158681212122701,1.44037147501475e-06,"fixed_effect",NA,NA,NA,"Rceattle","nonparametric_pm",-8.32387700567678,8.51319425342072e-17
"log_F.51",-1.24061688948824,0.16561426323622,1.85065011533015e-06,"fixed_effect",NA,NA,NA,"Rceattle","nonparametric_pm",-7.49100267842705,6.83494224680996e-14
"log_F.52",-1.53733191894585,0.147769138565546,-2.08307625049898e-06,"fixed_effect",NA,NA,NA,"Rceattle","nonparametric_pm",-10.4036061512528,2.38724056371628e-25
"log_F.53",-1.56316232430745,0.132170895088197,9.08314518688726e-06,"fixed_effect",NA,NA,NA,"Rceattle","nonparametric_pm",-11.8268271033828,2.83662712193235e-32
"log_F.54",-1.75441721233238,0.12538235087659,4.93811372815643e-06,"fixed_effect",NA,NA,NA,"Rceattle","nonparametric_pm",-13.9925372276613,1.73123619798959e-44
"log_F.55",-1.65345548959145,0.113401590827193,-4.7084494884986e-06,"fixed_effect",NA,NA,NA,"Rceattle","nonparametric_pm",-14.5805316973998,3.73595641248214e-48
"log_F.56",-1.38605161959404,0.127414128967231,4.2550258152452e-06,"fixed_effect",NA,NA,NA,"Rceattle","nonparametric_pm",-10.8783196245882,1.46233805590893e-27
"log_F.57",-1.43499763075374,0.134365550556186,-3.59698728640151e-06,"fixed_effect",NA,NA,NA,"Rceattle","nonparametric_pm",-10.6798031550035,1.2653969098282e-26
"log_F.58",-1.76963082482584,0.156689552690835,-2.78066781352578e-06,"fixed_effect",NA,NA,NA,"Rceattle","nonparametric_pm",-11.2938660838321,1.40708344794654e-29
"log_F.59",-1.77043087748743,0.179839079931589,-2.04845024992671e-07,"fixed_effect",NA,NA,NA,"Rceattle","nonparametric_pm",-9.84452810902334,7.23780765505863e-23
"log_F.60",-1.74544403401802,0.249427747225995,5.82225704960547e-06,"fixed_effect",NA,NA,NA,"Rceattle","nonparametric_pm",-6.99779416456244,2.60023717055193e-12
"index_log_q",-8.18894978049375,0.0767882375627539,-8.52473196607425e-06,"fixed_effect",NA,NA,NA,"Rceattle","nonparametric_pm",-106.643283403939,0
"index_log_q.1",-0.629856877284906,0.065562987731364,-7.59832656248048e-06,"fixed_effect",NA,NA,NA,"Rceattle","nonparametric_pm",-9.60689710886368,7.47681704263947e-22
"index_log_q.2",-0.224349270090026,0.19633268923218,-2.46776081404507e-06,"fixed_effect",NA,NA,NA,"Rceattle","nonparametric_pm",-1.14269952175266,0.253163368443098
"sel_coff_dev",1.27362598532511,0.596412516065054,9.48069716066868e-07,"fixed_effect",NA,NA,NA,"Rceattle","nonparametric_pm",2.13547829902716,0.032721960949092
"sel_coff_dev.1",0.827598219185566,0.494025169239772,8.88598825410369e-07,"fixed_effect",NA,NA,NA,"Rceattle","nonparametric_pm",1.67521468685312,0.0938921169629348
"sel_coff_dev.2",0.480474663910503,0.439100122510763,-5.02371257016243e-06,"fixed_effect",NA,NA,NA,"Rceattle","nonparametric_pm",1.09422575690292,0.273855977609779
"sel_coff_dev.3",0.399704987898875,0.398238345257642,2.11500678826138e-06,"fixed_effect",NA,NA,NA,"Rceattle","nonparametric_pm",1.00368282627401,0.315531517471497
"sel_coff_dev.4",-0.156366449219935,0.396812593433791,2.10444187505043e-05,"fixed_effect",NA,NA,NA,"Rceattle","nonparametric_pm",-0.394056166077867,0.693539572457631
"sel_coff_dev.5",-0.420277470312733,0.295926835947957,-1.80781659189222e-05,"fixed_effect",NA,NA,NA,"Rceattle","nonparametric_pm",-1.4202073595875,0.155547321704465
"sel_coff_dev.6",-0.531879561175483,0.274764249804961,1.23988940783359e-05,"fixed_effect",NA,NA,NA,"Rceattle","nonparametric_pm",-1.93576697679204,0.052896247180364
"sel_coff_dev.7",-0.540354896594474,0.268102208689625,-8.01751814116791e-06,"fixed_effect",NA,NA,NA,"Rceattle","nonparametric_pm",-2.0154809586818,0.0438542792169508
"sel_coff_dev.8",-0.466514893430753,0.267885122789524,1.01599790917062e-05,"fixed_effect",NA,NA,NA,"Rceattle","nonparametric_pm",-1.74147369056135,0.0816005810563988
"sel_coff_dev.9",-0.3377267723044,0.272020274106989,-1.53952931464252e-05,"fixed_effect",NA,NA,NA,"Rceattle","nonparametric_pm",-1.24155000362792,0.21440263806197
"sel_coff_dev.10",-0.330628009858273,0.280635690764937,-1.06918723598026e-05,"fixed_effect",NA,NA,NA,"Rceattle","nonparametric_pm",-1.17813956220989,0.238740972208942
"sel_coff_dev.11",-0.197655803424007,0.294535305244525,9.65159488308664e-06,"fixed_effect",NA,NA,NA,"Rceattle","nonparametric_pm",-0.671076777230192,0.502171620082285
"sel_coff_dev.12",0.351016253852243,0.415114815236694,1.23351941949679e-06,"fixed_effect",NA,NA,NA,"Rceattle","nonparametric_pm",0.845588355241182,0.397782423917015
"sel_coff_dev.13",0.167519048121075,0.402756273217116,1.1205186946639e-06,"fixed_effect",NA,NA,NA,"Rceattle","nonparametric_pm",0.415931567702161,0.677460079112184
"sel_coff_dev.14",0.135409106445655,0.394498787763552,-5.28199209742786e-06,"fixed_effect",NA,NA,NA,"Rceattle","nonparametric_pm",0.343243403137689,0.731415354842707
"sel_coff_dev.15",0.0981376400195786,0.37779614114139,2.05187685964336e-06,"fixed_effect",NA,NA,NA,"Rceattle","nonparametric_pm",0.259763479116243,0.795046223547303
"sel_coff_dev.16",-0.0321025382720019,0.379312002246419,2.1159015427194e-05,"fixed_effect",NA,NA,NA,"Rceattle","nonparametric_pm",-0.0846335947238141,0.932552690147381
"sel_coff_dev.17",-0.176075388172219,0.305630237189297,-2.43989490504304e-05,"fixed_effect",NA,NA,NA,"Rceattle","nonparametric_pm",-0.576105917370877,0.564543592021761
"sel_coff_dev.18",-0.160859717636292,0.283994115719483,1.92623219706367e-05,"fixed_effect",NA,NA,NA,"Rceattle","nonparametric_pm",-0.566419192273623,0.571108851042709
"sel_coff_dev.19",-0.129610755872402,0.279698494261941,-4.66450804181839e-06,"fixed_effect",NA,NA,NA,"Rceattle","nonparametric_pm",-0.463394542807299,0.643081589586347
"sel_coff_dev.20",-0.0998405607604649,0.279745397298907,-5.15149332067089e-06,"fixed_effect",NA,NA,NA,"Rceattle","nonparametric_pm",-0.35689795694399,0.721168199203496
"sel_coff_dev.21",-0.0739167860605531,0.281351259567985,1.88055920724572e-07,"fixed_effect",NA,NA,NA,"Rceattle","nonparametric_pm",-0.262720650954441,0.792765898605591
"sel_coff_dev.22",-0.0524826599551936,0.28333486582186,-1.10397361805653e-05,"fixed_effect",NA,NA,NA,"Rceattle","nonparametric_pm",-0.185231915609676,0.853047137182178
"sel_coff_dev.23",-0.0271936417094251,0.278917294971755,5.52137039885187e-06,"fixed_effect",NA,NA,NA,"Rceattle","nonparametric_pm",-0.0974971513049376,0.922331596383736
"sel_coff_dev.24",0.333192567272409,0.415845137313988,1.40712215945804e-06,"fixed_effect",NA,NA,NA,"Rceattle","nonparametric_pm",0.801241946520175,0.422991591864947
"sel_coff_dev.25",0.201086359269914,0.40200750064464,1.23026162268669e-06,"fixed_effect",NA,NA,NA,"Rceattle","nonparametric_pm",0.500205491060394,0.616930392331345
"sel_coff_dev.26",0.137973874030665,0.393383231655363,-4.65695941387345e-06,"fixed_effect",NA,NA,NA,"Rceattle","nonparametric_pm",0.350736541184199,0.725786009001484
"sel_coff_dev.27",-0.0499501768631265,0.309041472935253,3.26410709583502e-06,"fixed_effect",NA,NA,NA,"Rceattle","nonparametric_pm",-0.161629364462651,0.871597731852273
"sel_coff_dev.28",-0.0627150778449382,0.284443306973515,2.07193589493726e-05,"fixed_effect",NA,NA,NA,"Rceattle","nonparametric_pm",-0.22048357724507,0.825494561157098
"sel_coff_dev.29",-0.0892370608771624,0.278757054119557,-2.90982531550021e-05,"fixed_effect",NA,NA,NA,"Rceattle","nonparametric_pm",-0.320124852657143,0.748873686507611
"sel_coff_dev.30",-0.0890802852090158,0.27762545439145,2.23028861271735e-05,"fixed_effect",NA,NA,NA,"Rceattle","nonparametric_pm",-0.320864977616257,0.748312715532075
"sel_coff_dev.31",-0.0910760467436501,0.277500274104927,-7.95354536559101e-06,"fixed_effect",NA,NA,NA,"Rceattle","nonparametric_pm",-0.328201646061124,0.742759203341232
"sel_coff_dev.32",-0.0858235820331875,0.278182453312823,-1.13385178021619e-06,"fixed_effect",NA,NA,NA,"Rceattle","nonparametric_pm",-0.308515440176511,0.757690153297357
"sel_coff_dev.33",-0.076780707933188,0.279522576242913,-1.80505086336269e-06,"fixed_effect",NA,NA,NA,"Rceattle","nonparametric_pm",-0.274685175577601,0.78355812139805
"sel_coff_dev.34",-0.0675408411101024,0.281724642977629,3.35560123670975e-06,"fixed_effect",NA,NA,NA,"Rceattle","nonparametric_pm",-0.239740621893221,0.810531341388502
"sel_coff_dev.35",-0.060049021958616,0.276180430948784,-7.63167661253783e-06,"fixed_effect",NA,NA,NA,"Rceattle","nonparametric_pm",-0.217426780573572,0.827875762484545
"sel_coff_dev.36",0.300607690175348,0.416154193311126,1.51749863186446e-06,"fixed_effect",NA,NA,NA,"Rceattle","nonparametric_pm",0.722346896912334,0.470081226698253
"sel_coff_dev.37",0.163030128284105,0.39900526897894,1.23713614524901e-06,"fixed_effect",NA,NA,NA,"Rceattle","nonparametric_pm",0.408591417104092,0.682839530383519
"sel_coff_dev.38",0.207663093769334,0.390840249909773,-4.20441945342409e-06,"fixed_effect",NA,NA,NA,"Rceattle","nonparametric_pm",0.531324738988048,0.595193764930849
"sel_coff_dev.39",-0.111934602908245,0.308542640601982,1.09393664404767e-08,"fixed_effect",NA,NA,NA,"Rceattle","nonparametric_pm",-0.362784873720712,0.716765592221377
"sel_coff_dev.40",-0.101289092740078,0.282867203513466,2.56167644893668e-05,"fixed_effect",NA,NA,NA,"Rceattle","nonparametric_pm",-0.358080015929653,0.720283433817889
"sel_coff_dev.41",-0.0907362244106823,0.278198165530246,-3.14518806713571e-05,"fixed_effect",NA,NA,NA,"Rceattle","nonparametric_pm",-0.326156803506375,0.744305721670863
"sel_coff_dev.42",-0.0790180077320305,0.277723705311331,1.57443800277712e-05,"fixed_effect",NA,NA,NA,"Rceattle","nonparametric_pm",-0.284520212790084,0.776011746256054
"sel_coff_dev.43",-0.0677443521834391,0.278438481681913,-8.72366326831742e-06,"fixed_effect",NA,NA,NA,"Rceattle","nonparametric_pm",-0.243300968221878,0.8077722543931
"sel_coff_dev.44",-0.063440898752413,0.281614819302039,1.2272240859007e-05,"fixed_effect",NA,NA,NA,"Rceattle","nonparametric_pm",-0.225275427300476,0.821765014556052
"sel_coff_dev.45",-0.0583719362464566,0.29257218729922,-1.24457874782213e-05,"fixed_effect",NA,NA,NA,"Rceattle","nonparametric_pm",-0.199512936568911,0.841861524853267
"sel_coff_dev.46",-0.051976303794845,0.298593281608601,1.83425952849647e-05,"fixed_effect",NA,NA,NA,"Rceattle","nonparametric_pm",-0.174070573573641,0.861809999001062
"sel_coff_dev.47",-0.0467894934605968,0.281271803954333,-1.79158039345373e-05,"fixed_effect",NA,NA,NA,"Rceattle","nonparametric_pm",-0.16634974712287,0.86788171883086
"sel_coff_dev.48",0.309898759308888,0.416352020220582,1.55327703399433e-06,"fixed_effect",NA,NA,NA,"Rceattle","nonparametric_pm",0.744319096001276,0.456683451221279
"sel_coff_dev.49",0.143855064086657,0.39796562602254,1.05042405712519e-06,"fixed_effect",NA,NA,NA,"Rceattle","nonparametric_pm",0.361476104166116,0.717743565202839
"sel_coff_dev.50",0.0123796976967,0.38573446563505,-2.56904300859409e-06,"fixed_effect",NA,NA,NA,"Rceattle","nonparametric_pm",0.032093833451773,0.974397221071361
"sel_coff_dev.51",-0.0112086548430296,0.309837152532656,-3.78989785878442e-06,"fixed_effect",NA,NA,NA,"Rceattle","nonparametric_pm",-0.0361759548569573,0.971142058681148
"sel_coff_dev.52",-0.0367115439438499,0.285079622310937,3.10530850748253e-05,"fixed_effect",NA,NA,NA,"Rceattle","nonparametric_pm",-0.128776457770835,0.89753453437641
"sel_coff_dev.53",-0.0515571531801044,0.279387010776668,-3.43651363873543e-05,"fixed_effect",NA,NA,NA,"Rceattle","nonparametric_pm",-0.184536686357682,0.853592449764441
"sel_coff_dev.54",-0.0613860408693464,0.27845536566575,9.63528176022022e-06,"fixed_effect",NA,NA,NA,"Rceattle","nonparametric_pm",-0.220451994963647,0.825519155141434
"sel_coff_dev.55",-0.0645914722377248,0.281077948852227,-4.4203549378341e-06,"fixed_effect",NA,NA,NA,"Rceattle","nonparametric_pm",-0.229799144690937,0.818247849378262
"sel_coff_dev.56",-0.0631015630019043,0.288412076430497,9.96384942625328e-06,"fixed_effect",NA,NA,NA,"Rceattle","nonparametric_pm",-0.218789600570387,0.826813948170203
"sel_coff_dev.57",-0.0623470455733018,0.316837249437996,-7.25669886678104e-06,"fixed_effect",NA,NA,NA,"Rceattle","nonparametric_pm",-0.196779405464138,0.844000168063566
"sel_coff_dev.58",-0.0574467002160853,0.318676944313328,1.92317311263068e-05,"fixed_effect",NA,NA,NA,"Rceattle","nonparametric_pm",-0.180266257855174,0.85694354402803
"sel_coff_dev.59",-0.0577833472268991,0.285193671385535,-2.00865174197346e-05,"fixed_effect",NA,NA,NA,"Rceattle","nonparametric_pm",-0.202610902781168,0.839439167566527
"sel_coff_dev.60",0.282915390842237,0.416487089497452,1.36031452602214e-06,"fixed_effect",NA,NA,NA,"Rceattle","nonparametric_pm",0.679289701833526,0.496954320225949
"sel_coff_dev.61",0.0936704893834264,0.396818203199389,5.80972375652244e-07,"fixed_effect",NA,NA,NA,"Rceattle","nonparametric_pm",0.236053912416815,0.813390835936159
"sel_coff_dev.62",0.157745609062013,0.385751169487463,-1.84458333729598e-06,"fixed_effect",NA,NA,NA,"Rceattle","nonparametric_pm",0.408930993706657,0.682590303082178
"sel_coff_dev.63",-0.0969505362965087,0.310097439552043,-3.23256965301111e-06,"fixed_effect",NA,NA,NA,"Rceattle","nonparametric_pm",-0.312645394417189,0.754550085991778
"sel_coff_dev.64",-0.0958794568382508,0.288065925069854,2.43587850820293e-05,"fixed_effect",NA,NA,NA,"Rceattle","nonparametric_pm",-0.332838591773744,0.739256125473847
"sel_coff_dev.65",-0.0839682321113231,0.289415115910836,-3.18633740029883e-05,"fixed_effect",NA,NA,NA,"Rceattle","nonparametric_pm",-0.290130775813356,0.771716192191455
"sel_coff_dev.66",-0.0738540411359309,0.311588041179547,1.2069644119761e-05,"fixed_effect",NA,NA,NA,"Rceattle","nonparametric_pm",-0.237024633090375,0.8126376802548
"sel_coff_dev.67",-0.0529439265611066,0.34038855362928,-7.69637429132164e-06,"fixed_effect",NA,NA,NA,"Rceattle","nonparametric_pm",-0.155539679570918,0.876395874785749
"sel_coff_dev.68",-0.048590054217872,0.342452111462113,4.79698273075924e-07,"fixed_effect",NA,NA,NA,"Rceattle","nonparametric_pm",-0.141888610382383,0.887167990891659
"sel_coff_dev.69",-0.0334608656050762,0.402930278138523,4.83262834677367e-06,"fixed_effect",NA,NA,NA,"Rceattle","nonparametric_pm",-0.083043810357614,0.933816704268025
"sel_coff_dev.70",-0.0248647240633749,0.334143584263176,9.56020603402885e-06,"fixed_effect",NA,NA,NA,"Rceattle","nonparametric_pm",-0.0744132918733258,0.940681532741283
"sel_coff_dev.71",-0.0238196524582346,0.287845800071014,-8.60534747561259e-06,"fixed_effect",NA,NA,NA,"Rceattle","nonparametric_pm",-0.0827514330671426,0.934049187405375
"sel_coff_dev.72",0.299876600610442,0.416952576399745,1.31745875220357e-06,"fixed_effect",NA,NA,NA,"Rceattle","nonparametric_pm",0.719210331303821,0.472011334758671
"sel_coff_dev.73",0.150011381742822,0.396519308822001,2.93578237720027e-07,"fixed_effect",NA,NA,NA,"Rceattle","nonparametric_pm",0.378320496392681,0.705192521040234
"sel_coff_dev.74",-0.0317060464182057,0.384019848419153,-3.15248570692539e-07,"fixed_effect",NA,NA,NA,"Rceattle","nonparametric_pm",-0.0825635616198645,0.934198575928926
"sel_coff_dev.75",-0.210643675716151,0.363923939699755,1.6343708287847e-06,"fixed_effect",NA,NA,NA,"Rceattle","nonparametric_pm",-0.578812363621741,0.562715787846371
"sel_coff_dev.76",-0.122786299466458,0.316235990367592,7.93063584639264e-06,"fixed_effect",NA,NA,NA,"Rceattle","nonparametric_pm",-0.388274273664206,0.697813073421832
"sel_coff_dev.77",-0.102638698053952,0.316825498514827,-2.06305823215736e-05,"fixed_effect",NA,NA,NA,"Rceattle","nonparametric_pm",-0.323959714527677,0.745968533968766
"sel_coff_dev.78",-0.054105950398206,0.368685351359327,1.18323705582679e-05,"fixed_effect",NA,NA,NA,"Rceattle","nonparametric_pm",-0.146753729701274,0.883326407500996
"sel_coff_dev.79",-0.00969259238899607,0.402804558329082,-8.78706125999676e-06,"fixed_effect",NA,NA,NA,"Rceattle","nonparametric_pm",-0.0240627673857589,0.980802542038951
"sel_coff_dev.80",-5.90032636773882e-05,0.404521440321653,1.26173513559868e-06,"fixed_effect",NA,NA,NA,"Rceattle","nonparametric_pm",-0.00014585942250792,0.999883621019146
"sel_coff_dev.81",0.0157458891407317,0.409633970026378,4.82557379273552e-06,"fixed_effect",NA,NA,NA,"Rceattle","nonparametric_pm",0.0384389242418488,0.969337726844299
"sel_coff_dev.82",0.0246596879128981,0.406915531364764,-3.73115325058571e-06,"fixed_effect",NA,NA,NA,"Rceattle","nonparametric_pm",0.0606014910027919,0.951676586060126
"sel_coff_dev.83",0.0413387062987521,0.304404847988797,4.36832225150785e-06,"fixed_effect",NA,NA,NA,"Rceattle","nonparametric_pm",0.135801734341213,0.891978019958996
"sel_coff_dev.84",0.095438021340001,0.417198814324218,1.23025248460751e-06,"fixed_effect",NA,NA,NA,"Rceattle","nonparametric_pm",0.228759090541982,0.819056164677998
"sel_coff_dev.85",0.0289472860178619,0.395531687008833,2.318312177646e-08,"fixed_effect",NA,NA,NA,"Rceattle","nonparametric_pm",0.0731857572190302,0.941658300085529
"sel_coff_dev.86",-0.0915856434673495,0.380763867239215,1.54620544151607e-06,"fixed_effect",NA,NA,NA,"Rceattle","nonparametric_pm",-0.240531340674221,0.809918369939365
"sel_coff_dev.87",-0.0317200232434427,0.37213438333829,1.81338666807584e-06,"fixed_effect",NA,NA,NA,"Rceattle","nonparametric_pm",-0.0852380878082086,0.932072111057759
"sel_coff_dev.88",0.00724820330980088,0.319836006528984,2.38239455184475e-07,"fixed_effect",NA,NA,NA,"Rceattle","nonparametric_pm",0.022662249283506,0.981919688803836
"sel_coff_dev.89",-0.00570550907695431,0.315271519378728,-1.24152305444568e-05,"fixed_effect",NA,NA,NA,"Rceattle","nonparametric_pm",-0.0180971281141968,0.98556136901027
"sel_coff_dev.90",-0.0500484507812609,0.369900614388481,1.17161141007655e-05,"fixed_effect",NA,NA,NA,"Rceattle","nonparametric_pm",-0.135302426745089,0.892372766458247
"sel_coff_dev.91",0.0017528248022719,0.405264962010749,-8.9178800143949e-06,"fixed_effect",NA,NA,NA,"Rceattle","nonparametric_pm",0.00432513285524399,0.996549054030727
"sel_coff_dev.92",0.00405586771877899,0.406652888545717,1.10821117113927e-06,"fixed_effect",NA,NA,NA,"Rceattle","nonparametric_pm",0.00997378312812112,0.992042204364905
"sel_coff_dev.93",0.00627798317382064,0.410041804046398,4.60790848177614e-06,"fixed_effect",NA,NA,NA,"Rceattle","nonparametric_pm",0.0153105929977575,0.987784391484352
"sel_coff_dev.94",0.011517077759415,0.406647155593328,-4.05835201393312e-06,"fixed_effect",NA,NA,NA,"Rceattle","nonparametric_pm",0.0283220418512722,0.977405300794843
"sel_coff_dev.95",0.023822362447057,0.301621323568004,3.10796164768729e-06,"fixed_effect",NA,NA,NA,"Rceattle","nonparametric_pm",0.0789810288120626,0.937047712733192
"sel_coff_dev.96",-0.155607383532607,0.417129448371763,1.17998103860151e-06,"fixed_effect",NA,NA,NA,"Rceattle","nonparametric_pm",-0.373043390103504,0.709116150412552
"sel_coff_dev.97",0.191370723813653,0.396603096740442,-2.23837560708873e-07,"fixed_effect",NA,NA,NA,"Rceattle","nonparametric_pm",0.482524532426675,0.629433375337675
"sel_coff_dev.98",0.0931175046644853,0.3790385218305,3.60679981376011e-06,"fixed_effect",NA,NA,NA,"Rceattle","nonparametric_pm",0.2456676546088,0.805939512832194
"sel_coff_dev.99",0.0752213441225533,0.362562747366202,1.7247262526221e-06,"fixed_effect",NA,NA,NA,"Rceattle","nonparametric_pm",0.207471243719854,0.835641848264191
"sel_coff_dev.100",-0.0197397609153095,0.308343139062918,3.9383341990662e-06,"fixed_effect",NA,NA,NA,"Rceattle","nonparametric_pm",-0.0640188102621657,0.948955249106426
"sel_coff_dev.101",-0.00634821689401298,0.296818267996146,-2.42400456212863e-05,"fixed_effect",NA,NA,NA,"Rceattle","nonparametric_pm",-0.0213875545358799,0.982936501337967
"sel_coff_dev.102",-0.00562874561576624,0.322992557983641,2.10032510394049e-05,"fixed_effect",NA,NA,NA,"Rceattle","nonparametric_pm",-0.0174268585347757,0.986096082394668
"sel_coff_dev.103",-0.0327558243573959,0.405602787097103,-9.19426313936156e-06,"fixed_effect",NA,NA,NA,"Rceattle","nonparametric_pm",-0.0807583808578564,0.935634107175392
"sel_coff_dev.104",-0.0232953204711115,0.407064346317889,9.0963934103877e-07,"fixed_effect",NA,NA,NA,"Rceattle","nonparametric_pm",-0.0572276120024509,0.95436388300075
"sel_coff_dev.105",-0.0301321415838814,0.410246360748586,4.33666667958021e-06,"fixed_effect",NA,NA,NA,"Rceattle","nonparametric_pm",-0.0734488942909783,0.941448910615269
"sel_coff_dev.106",-0.0392204520727303,0.406164310986482,-4.46518522551065e-06,"fixed_effect",NA,NA,NA,"Rceattle","nonparametric_pm",-0.0965630189847863,0.923073425779007
"sel_coff_dev.107",-0.0469817271578767,0.301436325849084,1.4239331831839e-06,"fixed_effect",NA,NA,NA,"Rceattle","nonparametric_pm",-0.155859540238021,0.876143737696487
"sel_coff_dev.108",-0.187102903367042,0.416545261416387,1.13949701685545e-06,"fixed_effect",NA,NA,NA,"Rceattle","nonparametric_pm",-0.449177846198111,0.653303367410365
"sel_coff_dev.109",0.101154746612503,0.396601961279126,-3.50242322727512e-07,"fixed_effect",NA,NA,NA,"Rceattle","nonparametric_pm",0.255053571309274,0.798681723149973
"sel_coff_dev.110",0.0448222341967903,0.379294092040056,5.38054308897584e-06,"fixed_effect",NA,NA,NA,"Rceattle","nonparametric_pm",0.118172771834413,0.905930763692632
"sel_coff_dev.111",0.0382347292777404,0.355227358662387,-6.55794608175886e-06,"fixed_effect",NA,NA,NA,"Rceattle","nonparametric_pm",0.107634528550148,0.914285606267651
"sel_coff_dev.112",0.0416297389562931,0.304160254614037,2.13313712122132e-05,"fixed_effect",NA,NA,NA,"Rceattle","nonparametric_pm",0.136867780470262,0.891135306583652
"sel_coff_dev.113",0.0437320417158261,0.293798985737547,-3.8286596139761e-05,"fixed_effect",NA,NA,NA,"Rceattle","nonparametric_pm",0.148850213373072,0.881671827408469
"sel_coff_dev.114",0.0392928632249757,0.320180573152239,2.7489790751678e-05,"fixed_effect",NA,NA,NA,"Rceattle","nonparametric_pm",0.122720947239647,0.902328075749744
"sel_coff_dev.115",0.00395750576473668,0.402862713513019,-9.19657558253774e-06,"fixed_effect",NA,NA,NA,"Rceattle","nonparametric_pm",0.00982346003239338,0.992162138966103
"sel_coff_dev.116",-0.0164527741411092,0.405993803632997,5.09132072404328e-07,"fixed_effect",NA,NA,NA,"Rceattle","nonparametric_pm",-0.0405246927265467,0.967674821258952
"sel_coff_dev.117",-0.0254279096560121,0.409107931137106,3.99015842741934e-06,"fixed_effect",NA,NA,NA,"Rceattle","nonparametric_pm",-0.0621545262770532,0.950439775205985
"sel_coff_dev.118",-0.0368375223964049,0.404971191568736,-4.90840218714261e-06,"fixed_effect",NA,NA,NA,"Rceattle","nonparametric_pm",-0.0909633158193487,0.927521739906745
"sel_coff_dev.119",-0.0470027501882979,0.302023910291532,-5.40730255710331e-07,"fixed_effect",NA,NA,NA,"Rceattle","nonparametric_pm",-0.155625924261851,0.876327889306459
"sel_coff_dev.120",-0.162413568786524,0.415505775722308,1.01359759091535e-06,"fixed_effect",NA,NA,NA,"Rceattle","nonparametric_pm",-0.390881615313739,0.695884743897156
"sel_coff_dev.121",0.138735940111087,0.393297785877945,-5.8880091807767e-07,"fixed_effect",NA,NA,NA,"Rceattle","nonparametric_pm",0.352750371582672,0.724275592639557
"sel_coff_dev.122",0.155487418559149,0.368896363020916,5.79952901669234e-06,"fixed_effect",NA,NA,NA,"Rceattle","nonparametric_pm",0.421493498298146,0.673394757857923
"sel_coff_dev.123",0.0132959580116391,0.34871454161339,-6.77841594304979e-06,"fixed_effect",NA,NA,NA,"Rceattle","nonparametric_pm",0.038128487415876,0.969585238145882
"sel_coff_dev.124",0.00460364486110875,0.30315423697713,2.64081716681939e-05,"fixed_effect",NA,NA,NA,"Rceattle","nonparametric_pm",0.0151858173153491,0.987883936501677
"sel_coff_dev.125",-0.00139177996547395,0.292709494353791,-3.91672642406906e-05,"fixed_effect",NA,NA,NA,"Rceattle","nonparametric_pm",-0.00475481660937085,0.996206219533082
"sel_coff_dev.126",-0.000222926075235613,0.316294389075035,2.3883571279822e-05,"fixed_effect",NA,NA,NA,"Rceattle","nonparametric_pm",-0.000704805658701484,0.999437646493114
"sel_coff_dev.127",-0.0225672561220044,0.393893509576416,-9.05056353855266e-06,"fixed_effect",NA,NA,NA,"Rceattle","nonparametric_pm",-0.0572927849110099,0.954311967721138
"sel_coff_dev.128",-0.0200682536378021,0.401528758966775,3.81155926709731e-07,"fixed_effect",NA,NA,NA,"Rceattle","nonparametric_pm",-0.049979617124916,0.960138631196589
"sel_coff_dev.129",-0.0253678802713755,0.406208338722062,3.99689739688514e-06,"fixed_effect",NA,NA,NA,"Rceattle","nonparametric_pm",-0.062450417318323,0.950204146066191
"sel_coff_dev.130",-0.0338270921437182,0.401496321554712,-5.04252439995079e-06,"fixed_effect",NA,NA,NA,"Rceattle","nonparametric_pm",-0.0842525580626238,0.932855631405424
"sel_coff_dev.131",-0.0462642045408502,0.303017668799184,-8.55353837911355e-07,"fixed_effect",NA,NA,NA,"Rceattle","nonparametric_pm",-0.152678240592995,0.878652021052176
"sel_coff_dev.132",-0.158499241836448,0.41486957525884,1.05069766137555e-06,"fixed_effect",NA,NA,NA,"Rceattle","nonparametric_pm",-0.382045952002046,0.702427280388259
"sel_coff_dev.133",-0.184675970850283,0.387861927137761,-1.78474398376816e-06,"fixed_effect",NA,NA,NA,"Rceattle","nonparametric_pm",-0.476138434656644,0.633975756715942
"sel_coff_dev.134",0.132733988418494,0.307769604737795,7.8611727689637e-06,"fixed_effect",NA,NA,NA,"Rceattle","nonparametric_pm",0.431277118907103,0.666266885453422
"sel_coff_dev.135",0.0790929460830135,0.284250496617781,-1.26342867705909e-05,"fixed_effect",NA,NA,NA,"Rceattle","nonparametric_pm",0.27825086331992,0.78081979254808
"sel_coff_dev.136",0.0442362558570012,0.280974994062308,2.95856513206488e-05,"fixed_effect",NA,NA,NA,"Rceattle","nonparametric_pm",0.157438408370218,0.874899345377256
"sel_coff_dev.137",0.0305175992636466,0.286419822505446,-3.0406657347104e-05,"fixed_effect",NA,NA,NA,"Rceattle","nonparametric_pm",0.10654848884653,0.915147185793383
"sel_coff_dev.138",0.0250947298688714,0.309545856119556,1.51619304756753e-05,"fixed_effect",NA,NA,NA,"Rceattle","nonparametric_pm",0.0810695067395087,0.935386675940487
"sel_coff_dev.139",0.0003389122522605,0.390471482889806,-8.72359734214686e-06,"fixed_effect",NA,NA,NA,"Rceattle","nonparametric_pm",0.000867956475981994,0.999307471015318
"sel_coff_dev.140",0.00188150107222736,0.400898443668069,5.84350496399787e-07,"fixed_effect",NA,NA,NA,"Rceattle","nonparametric_pm",0.00469321121581898,0.996255372976987
"sel_coff_dev.141",0.0100938485262426,0.323799447506746,-4.5688350658879e-06,"fixed_effect",NA,NA,NA,"Rceattle","nonparametric_pm",0.0311731493180891,0.975131453244256
"sel_coff_dev.142",0.00977841147658359,0.293706428592217,1.04223646747448e-05,"fixed_effect",NA,NA,NA,"Rceattle","nonparametric_pm",0.0332931475945322,0.973440818159671
"sel_coff_dev.143",0.00940701986838959,0.278954799852239,-6.54804688932087e-06,"fixed_effect",NA,NA,NA,"Rceattle","nonparametric_pm",0.0337223803762203,0.973098532161012
"sel_coff_dev.144",-0.160213814129618,0.414488861343951,9.36622078229199e-07,"fixed_effect",NA,NA,NA,"Rceattle","nonparametric_pm",-0.386533461020245,0.699101626189139
"sel_coff_dev.145",-0.0955429283813495,0.388431974605637,-1.55440609131419e-06,"fixed_effect",NA,NA,NA,"Rceattle","nonparametric_pm",-0.245970812465558,0.805704826763018
"sel_coff_dev.146",-0.0787824787001869,0.348855278895152,8.05945588122636e-06,"fixed_effect",NA,NA,NA,"Rceattle","nonparametric_pm",-0.225831407653329,0.821332548249205
"sel_coff_dev.147",0.0642736975927096,0.301742752407953,-9.95088712466008e-06,"fixed_effect",NA,NA,NA,"Rceattle","nonparametric_pm",0.213008256469445,0.831320522735327
"sel_coff_dev.148",0.0514433620618909,0.283529754072312,2.68510717851694e-05,"fixed_effect",NA,NA,NA,"Rceattle","nonparametric_pm",0.181439024733787,0.856022989862597
"sel_coff_dev.149",0.0395399569286174,0.281149829898564,-2.09559374168555e-05,"fixed_effect",NA,NA,NA,"Rceattle","nonparametric_pm",0.140636602707115,0.88815703082014
"sel_coff_dev.150",0.0323874482060156,0.285828269563255,4.84881322736219e-06,"fixed_effect",NA,NA,NA,"Rceattle","nonparametric_pm",0.113310864091587,0.909784104414366
"sel_coff_dev.151",0.0280540481372596,0.311050351201863,-5.66978116712386e-06,"fixed_effect",NA,NA,NA,"Rceattle","nonparametric_pm",0.0901913404979676,0.928135165564117
"sel_coff_dev.152",0.0229403242338495,0.396298353775835,1.89101618655596e-07,"fixed_effect",NA,NA,NA,"Rceattle","nonparametric_pm",0.0578864989351574,0.95383903737784
"sel_coff_dev.153",0.0319526070701903,0.325810868393628,-6.73652568568273e-06,"fixed_effect",NA,NA,NA,"Rceattle","nonparametric_pm",0.0980710288386903,0.921875892241822
"sel_coff_dev.154",0.0324902534597211,0.29430250928494,1.05553455032464e-05,"fixed_effect",NA,NA,NA,"Rceattle","nonparametric_pm",0.110397473465863,0.912094156765186
"sel_coff_dev.155",0.0314575235209002,0.279560787835726,-6.5728726084402e-06,"fixed_effect",NA,NA,NA,"Rceattle","nonparametric_pm",0.112524806373722,0.910407302003058
"sel_coff_dev.156",-0.150016486615428,0.41403642249388,7.51757611716641e-07,"fixed_effect",NA,NA,NA,"Rceattle","nonparametric_pm",-0.362326786884661,0.717107843102691
"sel_coff_dev.157",-0.0114758558619281,0.387471870215412,-2.02423806061267e-06,"fixed_effect",NA,NA,NA,"Rceattle","nonparametric_pm",-0.0296172619074209,0.976372298341202
"sel_coff_dev.158",-0.185370076322317,0.369315690149141,7.96377068895682e-06,"fixed_effect",NA,NA,NA,"Rceattle","nonparametric_pm",-0.501928516081889,0.615717805489785
"sel_coff_dev.159",-0.0737701686568558,0.355678238701314,-4.49220576320686e-06,"fixed_effect",NA,NA,NA,"Rceattle","nonparametric_pm",-0.207407034307785,0.835691989460629
"sel_coff_dev.160",0.02182676188994,0.304686991220209,1.9675012807488e-05,"fixed_effect",NA,NA,NA,"Rceattle","nonparametric_pm",0.0716366714657831,0.942891055423452
"sel_coff_dev.161",0.0355220344276364,0.286069917310265,-1.84673188966811e-05,"fixed_effect",NA,NA,NA,"Rceattle","nonparametric_pm",0.124172561594829,0.90117864675147
"sel_coff_dev.162",0.039200523088277,0.288027711020347,4.65335865069971e-06,"fixed_effect",NA,NA,NA,"Rceattle","nonparametric_pm",0.136099832024523,0.891742360317943
"sel_coff_dev.163",0.0401905533403302,0.311331176803854,-8.59680810541552e-06,"fixed_effect",NA,NA,NA,"Rceattle","nonparametric_pm",0.129092607277334,0.897284371600417
"sel_coff_dev.164",0.0523927638686856,0.393490126927932,2.19317209565473e-06,"fixed_effect",NA,NA,NA,"Rceattle","nonparametric_pm",0.133148865202103,0.894075650312704
"sel_coff_dev.165",0.067661466181972,0.397638317732161,-3.29058706305396e-06,"fixed_effect",NA,NA,NA,"Rceattle","nonparametric_pm",0.170158315143932,0.86488563327607
"sel_coff_dev.166",0.0806237792170401,0.32653069124198,3.99005628204385e-07,"fixed_effect",NA,NA,NA,"Rceattle","nonparametric_pm",0.246910264117539,0.804977672606742
"sel_coff_dev.167",0.0832147054426466,0.289323684784381,1.23508040553166e-06,"fixed_effect",NA,NA,NA,"Rceattle","nonparametric_pm",0.287618020296757,0.773639149303377
"sel_coff_dev.168",-0.194721187856727,0.413157693418153,7.86226033666626e-07,"fixed_effect",NA,NA,NA,"Rceattle","nonparametric_pm",-0.471299920003308,0.637426572786039
"sel_coff_dev.169",-0.159202935923212,0.380369538236952,-2.06646102418606e-06,"fixed_effect",NA,NA,NA,"Rceattle","nonparametric_pm",-0.418548069493503,0.675546448828577
"sel_coff_dev.170",-0.0664837553311235,0.364361148417433,5.86046034145582e-06,"fixed_effect",NA,NA,NA,"Rceattle","nonparametric_pm",-0.18246664228579,0.855216530480056
"sel_coff_dev.171",-0.0388881987718926,0.363917071815793,-3.89968562237997e-06,"fixed_effect",NA,NA,NA,"Rceattle","nonparametric_pm",-0.106860056270119,0.914900002162473
"sel_coff_dev.172",0.027171907170034,0.314381022765166,1.6407940378306e-05,"fixed_effect",NA,NA,NA,"Rceattle","nonparametric_pm",0.0864298580462684,0.93112471244247
"sel_coff_dev.173",0.0319859532075972,0.308393064980515,-1.60265448338331e-05,"fixed_effect",NA,NA,NA,"Rceattle","nonparametric_pm",0.103718133900378,0.917393035497932
"sel_coff_dev.174",0.0480665528664795,0.31496283347868,6.28592106553805e-06,"fixed_effect",NA,NA,NA,"Rceattle","nonparametric_pm",0.152610237644859,0.87870565110374
"sel_coff_dev.175",0.0517738709271202,0.325336521430582,-8.64551482954168e-06,"fixed_effect",NA,NA,NA,"Rceattle","nonparametric_pm",0.159139437218601,0.873559017710897
"sel_coff_dev.176",0.0685492766092955,0.396841198776056,2.48317331977277e-06,"fixed_effect",NA,NA,NA,"Rceattle","nonparametric_pm",0.17273729849803,0.86285792449647
"sel_coff_dev.177",0.0725977372930657,0.400007590250389,-2.8556711990646e-06,"fixed_effect",NA,NA,NA,"Rceattle","nonparametric_pm",0.181490899329241,0.855982275819952
"sel_coff_dev.178",0.0795256289832241,0.336001838690636,-6.60419259557177e-08,"fixed_effect",NA,NA,NA,"Rceattle","nonparametric_pm",0.236682124398864,0.812903403654042
"sel_coff_dev.179",0.0796251508261374,0.290025328775434,1.73619829460514e-06,"fixed_effect",NA,NA,NA,"Rceattle","nonparametric_pm",0.274545506636736,0.783665437292325
"sel_coff_dev.180",-0.154086662439949,0.407254688951264,3.28735817067827e-07,"fixed_effect",NA,NA,NA,"Rceattle","nonparametric_pm",-0.378354544761027,0.705167230735261
"sel_coff_dev.181",-0.385357007895061,0.360804758864448,-2.42547985629393e-06,"fixed_effect",NA,NA,NA,"Rceattle","nonparametric_pm",-1.06804857316152,0.285498601824355
"sel_coff_dev.182",-0.176508969031737,0.350336521098712,2.04424624733468e-06,"fixed_effect",NA,NA,NA,"Rceattle","nonparametric_pm",-0.503826916126747,0.61438301147186
"sel_coff_dev.183",-0.0487332214040833,0.35661347548772,-2.39763291728923e-06,"fixed_effect",NA,NA,NA,"Rceattle","nonparametric_pm",-0.136655580211695,0.891303041895392
"sel_coff_dev.184",0.086424050554524,0.348919139619298,1.21851734272427e-05,"fixed_effect",NA,NA,NA,"Rceattle","nonparametric_pm",0.247690770557386,0.804373673426069
"sel_coff_dev.185",0.119931245113731,0.328848243302324,-1.30457680863061e-05,"fixed_effect",NA,NA,NA,"Rceattle","nonparametric_pm",0.364700884241832,0.715334698478089
"sel_coff_dev.186",0.102106991404377,0.339845122425488,6.16079518675483e-06,"fixed_effect",NA,NA,NA,"Rceattle","nonparametric_pm",0.300451542972385,0.763832752985565
"sel_coff_dev.187",0.105732493456613,0.367371369217503,-7.60038816505215e-06,"fixed_effect",NA,NA,NA,"Rceattle","nonparametric_pm",0.287808202587541,0.773493558165729
"sel_coff_dev.188",0.107513785266803,0.396653437202114,3.07563196538796e-06,"fixed_effect",NA,NA,NA,"Rceattle","nonparametric_pm",0.271052196156866,0.786350887578498
"sel_coff_dev.189",0.0883886956656187,0.399081067839748,-2.1596608849872e-06,"fixed_effect",NA,NA,NA,"Rceattle","nonparametric_pm",0.221480553171997,0.824718276952981
"sel_coff_dev.190",0.0776799114031679,0.330552044099114,-9.06963617264278e-08,"fixed_effect",NA,NA,NA,"Rceattle","nonparametric_pm",0.235000547689477,0.814208308129182
"sel_coff_dev.191",0.0769086879059963,0.288838965381136,3.92504362906054e-06,"fixed_effect",NA,NA,NA,"Rceattle","nonparametric_pm",0.266268395624918,0.79003251138383
"sel_coff_dev.192",-0.166161576916727,0.408397700953233,-5.48147159606938e-07,"fixed_effect",NA,NA,NA,"Rceattle","nonparametric_pm",-0.406862175102583,0.684109218301526
"sel_coff_dev.193",-0.477610078587959,0.353472956679982,-2.34941589383197e-06,"fixed_effect",NA,NA,NA,"Rceattle","nonparametric_pm",-1.3511926996451,0.176633712528113
"sel_coff_dev.194",-0.260842270366512,0.343397279684718,-7.02107238570449e-07,"fixed_effect",NA,NA,NA,"Rceattle","nonparametric_pm",-0.759593292660902,0.447497729646056
"sel_coff_dev.195",0.0741564840160838,0.35612681725469,-6.88186201219798e-07,"fixed_effect",NA,NA,NA,"Rceattle","nonparametric_pm",0.208230552778196,0.835048953741547
"sel_coff_dev.196",0.113117095790846,0.358228386714164,1.22360904015739e-05,"fixed_effect",NA,NA,NA,"Rceattle","nonparametric_pm",0.315768096516327,0.752178535336454
"sel_coff_dev.197",0.138430331472779,0.313575325104091,-2.15423231671452e-05,"fixed_effect",NA,NA,NA,"Rceattle","nonparametric_pm",0.441457985977779,0.658881471172798
"sel_coff_dev.198",0.135997924277957,0.309726641102657,1.43897539430227e-05,"fixed_effect",NA,NA,NA,"Rceattle","nonparametric_pm",0.439090172526946,0.660596199676677
"sel_coff_dev.199",0.123246578698359,0.366553650090792,-7.7274772609659e-06,"fixed_effect",NA,NA,NA,"Rceattle","nonparametric_pm",0.336230668192315,0.736696927906777
"sel_coff_dev.200",0.0927879361695252,0.391797089678497,3.14886897029298e-06,"fixed_effect",NA,NA,NA,"Rceattle","nonparametric_pm",0.236826506918838,0.812791386893268
"sel_coff_dev.201",0.082239410014605,0.394372441827626,-2.14864167510931e-06,"fixed_effect",NA,NA,NA,"Rceattle","nonparametric_pm",0.208532344789321,0.834813330214988
"sel_coff_dev.202",0.0735664398820726,0.318923598926103,-5.9426470263857e-06,"fixed_effect",NA,NA,NA,"Rceattle","nonparametric_pm",0.230671045133661,0.817570369559777
"sel_coff_dev.203",0.0710717255489698,0.287564546589424,1.18742323083065e-05,"fixed_effect",NA,NA,NA,"Rceattle","nonparametric_pm",0.247150514178105,0.804791741364787
"sel_coff_dev.204",-0.136055481472989,0.412244667801496,-9.34368414862163e-07,"fixed_effect",NA,NA,NA,"Rceattle","nonparametric_pm",-0.330035758130175,0.741372943386569
"sel_coff_dev.205",-0.25238814692584,0.369902690581151,-5.67810262586121e-07,"fixed_effect",NA,NA,NA,"Rceattle","nonparametric_pm",-0.68230957317265,0.495043220980251
"sel_coff_dev.206",-0.262134687429157,0.339326918614777,-2.54757261042293e-06,"fixed_effect",NA,NA,NA,"Rceattle","nonparametric_pm",-0.772513682378224,0.439810246333303
"sel_coff_dev.207",0.00464169695812775,0.349044108216802,1.08337974134148e-06,"fixed_effect",NA,NA,NA,"Rceattle","nonparametric_pm",0.0132983105826976,0.98938979602926
"sel_coff_dev.208",0.12625420787658,0.347088332050808,1.24981094229426e-05,"fixed_effect",NA,NA,NA,"Rceattle","nonparametric_pm",0.363752382946998,0.71604292305969
"sel_coff_dev.209",0.0795797007664769,0.298896784204677,-3.06636218303236e-05,"fixed_effect",NA,NA,NA,"Rceattle","nonparametric_pm",0.266244753948182,0.790050717789344
"sel_coff_dev.210",0.0865220085497291,0.284408104999451,2.23361700667501e-05,"fixed_effect",NA,NA,NA,"Rceattle","nonparametric_pm",0.30421780191495,0.760961963226983
"sel_coff_dev.211",0.0896624260018766,0.290716126145014,-9.26602104783791e-06,"fixed_effect",NA,NA,NA,"Rceattle","nonparametric_pm",0.308419168866991,0.75776339778231
"sel_coff_dev.212",0.0838760471173347,0.325316782377816,4.46373743387407e-06,"fixed_effect",NA,NA,NA,"Rceattle","nonparametric_pm",0.257828835340941,0.796539009275191
"sel_coff_dev.213",0.0623211461772549,0.327544450688159,-1.94087487052907e-06,"fixed_effect",NA,NA,NA,"Rceattle","nonparametric_pm",0.190267751587061,0.849099322528514
"sel_coff_dev.214",0.058927815239692,0.296690562707698,-9.26120730183888e-06,"fixed_effect",NA,NA,NA,"Rceattle","nonparametric_pm",0.198617086778551,0.842562286583916
"sel_coff_dev.215",0.0587932671409149,0.28240791953043,1.48000796762332e-05,"fixed_effect",NA,NA,NA,"Rceattle","nonparametric_pm",0.208185617594126,0.83508403806626
"sel_coff_dev.216",-0.103405161079373,0.415427870466444,-1.01966222831873e-06,"fixed_effect",NA,NA,NA,"Rceattle","nonparametric_pm",-0.248912430846947,0.803428519449695
"sel_coff_dev.217",-0.0890736287407079,0.382266723784692,5.30545591348464e-08,"fixed_effect",NA,NA,NA,"Rceattle","nonparametric_pm",-0.233014341030839,0.815750269722702
"sel_coff_dev.218",-0.297690365945647,0.353632073920097,-3.84897109373394e-06,"fixed_effect",NA,NA,NA,"Rceattle","nonparametric_pm",-0.841808161362959,0.399895342907121
"sel_coff_dev.219",-0.0126842124268856,0.34113965341965,5.89713731646499e-06,"fixed_effect",NA,NA,NA,"Rceattle","nonparametric_pm",-0.037181876395009,0.970339989161103
"sel_coff_dev.220",0.0609358153793241,0.335096532478582,2.16005346920928e-05,"fixed_effect",NA,NA,NA,"Rceattle","nonparametric_pm",0.181845556349405,0.855703931710546
"sel_coff_dev.221",0.0702168264549191,0.298419298212998,-4.39956389776119e-05,"fixed_effect",NA,NA,NA,"Rceattle","nonparametric_pm",0.23529586348937,0.813979105467776
"sel_coff_dev.222",0.0675475724264537,0.280917942438975,2.48611604591886e-05,"fixed_effect",NA,NA,NA,"Rceattle","nonparametric_pm",0.240453037068387,0.809979066319085
"sel_coff_dev.223",0.0690093260202109,0.277965551752874,-8.50062924878658e-06,"fixed_effect",NA,NA,NA,"Rceattle","nonparametric_pm",0.24826574942482,0.80392879754979
"sel_coff_dev.224",0.0664669626776143,0.278455246188205,5.83802455259019e-06,"fixed_effect",NA,NA,NA,"Rceattle","nonparametric_pm",0.238698906152732,0.811339065004211
"sel_coff_dev.225",0.0599398864515643,0.280982125870815,-9.77486961432905e-06,"fixed_effect",NA,NA,NA,"Rceattle","nonparametric_pm",0.213322773702418,0.831075211501994
"sel_coff_dev.226",0.0555654574584652,0.283680158227192,4.75510770378551e-06,"fixed_effect",NA,NA,NA,"Rceattle","nonparametric_pm",0.195873612753573,0.844709091157151
"sel_coff_dev.227",0.0531715213240617,0.277865920020118,4.13475187842349e-06,"fixed_effect",NA,NA,NA,"Rceattle","nonparametric_pm",0.191356756957499,0.848246096924104
"sel_coff_dev.228",-0.122184615162733,0.416503193557646,-8.35056270409584e-07,"fixed_effect",NA,NA,NA,"Rceattle","nonparametric_pm",-0.293358171204089,0.769248394172468
"sel_coff_dev.229",0.106141490346894,0.389279147627469,3.71337103871605e-07,"fixed_effect",NA,NA,NA,"Rceattle","nonparametric_pm",0.272661638810586,0.785113325477459
"sel_coff_dev.230",-0.0898150053246485,0.364480845443177,-4.98168335305582e-06,"fixed_effect",NA,NA,NA,"Rceattle","nonparametric_pm",-0.246418999647132,0.805357900022658
"sel_coff_dev.231",-0.181588656084781,0.34558078850483,2.56026632161621e-06,"fixed_effect",NA,NA,NA,"Rceattle","nonparametric_pm",-0.525459348797809,0.599263905540119
"sel_coff_dev.232",-0.0688804870672671,0.34126661823953,2.3266426964208e-05,"fixed_effect",NA,NA,NA,"Rceattle","nonparametric_pm",-0.201837752026835,0.840043567027616
"sel_coff_dev.233",0.065527282759195,0.302387860047367,-4.02789188453101e-05,"fixed_effect",NA,NA,NA,"Rceattle","nonparametric_pm",0.216699449339437,0.828442577171749
"sel_coff_dev.234",0.0529361011257969,0.280642303050671,1.88031771631569e-05,"fixed_effect",NA,NA,NA,"Rceattle","nonparametric_pm",0.188624810124364,0.850386886195442
"sel_coff_dev.235",0.0465656284619976,0.276999350434104,-9.13757303386276e-06,"fixed_effect",NA,NA,NA,"Rceattle","nonparametric_pm",0.168107356168964,0.866498822324854
"sel_coff_dev.236",0.0466751888622587,0.277534377673978,1.16327847626274e-05,"fixed_effect",NA,NA,NA,"Rceattle","nonparametric_pm",0.168178044296511,0.86644321303367
"sel_coff_dev.237",0.0483609258839662,0.279671336747246,-1.79665744760443e-05,"fixed_effect",NA,NA,NA,"Rceattle","nonparametric_pm",0.172920566141794,0.862713865725985
"sel_coff_dev.238",0.0483705889021736,0.281977518398413,2.55616752978388e-05,"fixed_effect",NA,NA,NA,"Rceattle","nonparametric_pm",0.171540586557789,0.863798719914512
"sel_coff_dev.239",0.0478915572971485,0.276043526722497,-8.9958616348168e-06,"fixed_effect",NA,NA,NA,"Rceattle","nonparametric_pm",0.173492774367041,0.862264106982189
"sel_coff_dev.240",-0.109827313867177,0.418475854167913,-1.02796811318751e-06,"fixed_effect",NA,NA,NA,"Rceattle","nonparametric_pm",-0.262445999627756,0.792977612547588
"sel_coff_dev.241",-0.150415587968036,0.390584731046948,4.5386496094757e-07,"fixed_effect",NA,NA,NA,"Rceattle","nonparametric_pm",-0.385103604958782,0.700160657240445
"sel_coff_dev.242",0.0515832803678862,0.370310706255075,-5.90641359668465e-06,"fixed_effect",NA,NA,NA,"Rceattle","nonparametric_pm",0.139297296828234,0.889215225876239
"sel_coff_dev.243",-0.0803738653568039,0.351066723076625,1.32414622003307e-06,"fixed_effect",NA,NA,NA,"Rceattle","nonparametric_pm",-0.228941850860816,0.81891411200317
"sel_coff_dev.244",0.0326872996119715,0.342310325568799,2.26755926763939e-05,"fixed_effect",NA,NA,NA,"Rceattle","nonparametric_pm",0.0954902530551972,0.923925431818574
"sel_coff_dev.245",0.033104987581829,0.295909040861285,-3.04839892847492e-05,"fixed_effect",NA,NA,NA,"Rceattle","nonparametric_pm",0.111875552992474,0.910922080779624
"sel_coff_dev.246",0.047568445600485,0.278964260880181,6.07678752281848e-06,"fixed_effect",NA,NA,NA,"Rceattle","nonparametric_pm",0.170518063677398,0.864602729631262
"sel_coff_dev.247",0.0378199682414128,0.276414773444156,-7.77711481086962e-06,"fixed_effect",NA,NA,NA,"Rceattle","nonparametric_pm",0.136823252137258,0.891170503940242
"sel_coff_dev.248",0.0353570166561997,0.277189322343104,7.41313532601207e-06,"fixed_effect",NA,NA,NA,"Rceattle","nonparametric_pm",0.127555478534757,0.898500766208141
"sel_coff_dev.249",0.0339787593932384,0.279266885950355,-4.45162809183108e-06,"fixed_effect",NA,NA,NA,"Rceattle","nonparametric_pm",0.121671279706534,0.90315935968453
"sel_coff_dev.250",0.0342690120299964,0.281437617597428,2.04165023016817e-05,"fixed_effect",NA,NA,NA,"Rceattle","nonparametric_pm",0.121764149094721,0.903085807501763
"sel_coff_dev.251",0.0342479977089983,0.275355534453592,-8.71291511002348e-06,"fixed_effect",NA,NA,NA,"Rceattle","nonparametric_pm",0.124377371883805,0.901016488836695
"sel_coff_dev.252",-0.126492051362182,0.418996885343428,-1.18124308157164e-06,"fixed_effect",NA,NA,NA,"Rceattle","nonparametric_pm",-0.301892581512877,0.762733951172303
"sel_coff_dev.253",0.0411664917278246,0.394943131825417,7.73745437693263e-07,"fixed_effect",NA,NA,NA,"Rceattle","nonparametric_pm",0.104233972971132,0.916983674269646
"sel_coff_dev.254",0.130366175571273,0.367873986057364,-6.03054261949509e-06,"fixed_effect",NA,NA,NA,"Rceattle","nonparametric_pm",0.354377260997586,0.723056173388136
"sel_coff_dev.255",-0.0935288823754679,0.356439197456479,2.86022160483901e-07,"fixed_effect",NA,NA,NA,"Rceattle","nonparametric_pm",-0.262397859278335,0.793014722927167
"sel_coff_dev.256",-0.241734420126921,0.347278704711673,2.30099027851427e-05,"fixed_effect",NA,NA,NA,"Rceattle","nonparametric_pm",-0.696081898622664,0.486377541875693
"sel_coff_dev.257",0.0583448855788114,0.294715076821271,-2.37442722431092e-05,"fixed_effect",NA,NA,NA,"Rceattle","nonparametric_pm",0.197970481212247,0.843068159200676
"sel_coff_dev.258",0.0535586956021563,0.275415377404131,1.80434858998435e-08,"fixed_effect",NA,NA,NA,"Rceattle","nonparametric_pm",0.194465160612898,0.845811672771174
"sel_coff_dev.259",0.0505789773995285,0.275105744260537,-9.62626083458873e-06,"fixed_effect",NA,NA,NA,"Rceattle","nonparametric_pm",0.183852858236315,0.85412888796904
"sel_coff_dev.260",0.0344606836794131,0.276504783639171,2.00211500983594e-06,"fixed_effect",NA,NA,NA,"Rceattle","nonparametric_pm",0.124629611198275,0.90081678481428
"sel_coff_dev.261",0.0321103744664292,0.27882723955654,1.4128806546887e-05,"fixed_effect",NA,NA,NA,"Rceattle","nonparametric_pm",0.115162257882333,0.908316513435973
"sel_coff_dev.262",0.0313006906660042,0.281048286125547,3.8307219266398e-06,"fixed_effect",NA,NA,NA,"Rceattle","nonparametric_pm",0.111371220573897,0.911321980716489
"sel_coff_dev.263",0.0298683791731304,0.274927681942956,-3.46703857433128e-06,"fixed_effect",NA,NA,NA,"Rceattle","nonparametric_pm",0.108640857705001,0.913487352769258
"sel_coff_dev.264",-0.133572958942962,0.419668051517658,-1.15780686815725e-06,"fixed_effect",NA,NA,NA,"Rceattle","nonparametric_pm",-0.318282410252384,0.750270725688684
"sel_coff_dev.265",-0.0373617321406368,0.397198932761306,9.74255679866975e-07,"fixed_effect",NA,NA,NA,"Rceattle","nonparametric_pm",-0.0940630224781823,0.925059093891003
"sel_coff_dev.266",0.060735029266773,0.369073154681052,-4.51617124561099e-06,"fixed_effect",NA,NA,NA,"Rceattle","nonparametric_pm",0.164560950847968,0.86928956880971
"sel_coff_dev.267",0.162761433959311,0.354327799415381,3.72493065836643e-08,"fixed_effect",NA,NA,NA,"Rceattle","nonparametric_pm",0.459352707373955,0.645980903723491
"sel_coff_dev.268",-0.0263456946832465,0.354929324278943,2.36991705475642e-05,"fixed_effect",NA,NA,NA,"Rceattle","nonparametric_pm",-0.0742280022558551,0.940828964728739
"sel_coff_dev.269",-0.0743158865564621,0.331764144380869,-2.37139776863016e-05,"fixed_effect",NA,NA,NA,"Rceattle","nonparametric_pm",-0.224002164836555,0.822755618739847
"sel_coff_dev.270",0.0179305219628786,0.292918696905253,3.65749949657324e-06,"fixed_effect",NA,NA,NA,"Rceattle","nonparametric_pm",0.0612133064646205,0.951189332580222
"sel_coff_dev.271",-0.0139674342987426,0.275184034176207,-1.32290173637632e-05,"fixed_effect",NA,NA,NA,"Rceattle","nonparametric_pm",-0.0507567030207827,0.959519392361279
"sel_coff_dev.272",0.0112682028315569,0.275960389296084,4.86669651232965e-06,"fixed_effect",NA,NA,NA,"Rceattle","nonparametric_pm",0.0408326820392582,0.967429284578082
"sel_coff_dev.273",0.00862706332284284,0.2782212426889,1.49839419086133e-05,"fixed_effect",NA,NA,NA,"Rceattle","nonparametric_pm",0.031007924626695,0.97526321977486
"sel_coff_dev.274",0.010177402611683,0.280551756704665,-7.0815567593599e-07,"fixed_effect",NA,NA,NA,"Rceattle","nonparametric_pm",0.0362763816959332,0.971061982217699
"sel_coff_dev.275",0.0140640526670041,0.274493784701479,-4.89368461280976e-06,"fixed_effect",NA,NA,NA,"Rceattle","nonparametric_pm",0.0512363246486589,0.95913720696044
"sel_coff_dev.276",-0.132891876380265,0.419825631012235,-1.12795848883351e-06,"fixed_effect",NA,NA,NA,"Rceattle","nonparametric_pm",-0.31654064583873,0.751592179000695
"sel_coff_dev.277",-0.0834725670351014,0.400831228915277,1.19356207520238e-06,"fixed_effect",NA,NA,NA,"Rceattle","nonparametric_pm",-0.208248661814583,0.835034814728747
"sel_coff_dev.278",0.109259577431378,0.371305136793886,-4.14698278852765e-06,"fixed_effect",NA,NA,NA,"Rceattle","nonparametric_pm",0.294258189840311,0.768560618681735
"sel_coff_dev.279",-0.104332826084137,0.358117390657165,-3.7754894260944e-07,"fixed_effect",NA,NA,NA,"Rceattle","nonparametric_pm",-0.291336943711893,0.770793635258268
"sel_coff_dev.280",0.0199006289361197,0.353741207407118,2.32028640333864e-05,"fixed_effect",NA,NA,NA,"Rceattle","nonparametric_pm",0.0562575931766304,0.955136601044458
"sel_coff_dev.281",-0.0479480493105368,0.355578211169017,-2.35902399706028e-05,"fixed_effect",NA,NA,NA,"Rceattle","nonparametric_pm",-0.134845296490188,0.892734191453012
"sel_coff_dev.282",-0.0975856693804951,0.335225435167871,2.64546182618397e-06,"fixed_effect",NA,NA,NA,"Rceattle","nonparametric_pm",-0.291104609444767,0.770971314696202
"sel_coff_dev.283",0.105230950543904,0.293175249509595,-7.27616907592044e-06,"fixed_effect",NA,NA,NA,"Rceattle","nonparametric_pm",0.358935315037432,0.71964348001606
"sel_coff_dev.284",0.0993354430893244,0.276336414589889,4.95011610146534e-06,"fixed_effect",NA,NA,NA,"Rceattle","nonparametric_pm",0.359472866566458,0.719241372514049
"sel_coff_dev.285",0.0665367185854438,0.277497297663782,9.74815916288119e-06,"fixed_effect",NA,NA,NA,"Rceattle","nonparametric_pm",0.239774293824152,0.810505236269949
"sel_coff_dev.286",0.0416877183449894,0.279933835616848,-1.34731700097979e-06,"fixed_effect",NA,NA,NA,"Rceattle","nonparametric_pm",0.148919898350724,0.881616839680467
"sel_coff_dev.287",0.0242799512593746,0.274123506823823,-3.87394693340121e-06,"fixed_effect",NA,NA,NA,"Rceattle","nonparametric_pm",0.0885730360766877,0.929421237933345
"sel_coff_dev.288",-0.164937182961057,0.419780825551997,-1.23011265446005e-06,"fixed_effect",NA,NA,NA,"Rceattle","nonparametric_pm",-0.392912617540762,0.69438402207661
"sel_coff_dev.289",-0.122328470158723,0.40255041945447,1.15119421043031e-06,"fixed_effect",NA,NA,NA,"Rceattle","nonparametric_pm",-0.303883598791178,0.761216573540006
"sel_coff_dev.290",0.43412025298461,0.373701530239522,-2.95357497037685e-06,"fixed_effect",NA,NA,NA,"Rceattle","nonparametric_pm",1.16167641247378,0.245366930408693
"sel_coff_dev.291",0.0264041664208115,0.361054827334174,-6.38422732658628e-07,"fixed_effect",NA,NA,NA,"Rceattle","nonparametric_pm",0.0731306284304935,0.941702168941816
"sel_coff_dev.292",0.0903854720204889,0.354112176795135,2.3579372391308e-05,"fixed_effect",NA,NA,NA,"Rceattle","nonparametric_pm",0.255245309095315,0.798533638100337
"sel_coff_dev.293",-0.0558371921665732,0.354104171713818,-2.34733792002506e-05,"fixed_effect",NA,NA,NA,"Rceattle","nonparametric_pm",-0.15768577900771,0.874704406997622
"sel_coff_dev.294",0.116938936281161,0.336604182605598,4.13771280224906e-06,"fixed_effect",NA,NA,NA,"Rceattle","nonparametric_pm",0.347407852677157,0.728284934720904
"sel_coff_dev.295",-0.084304504936464,0.293483453988489,-3.30714773899565e-06,"fixed_effect",NA,NA,NA,"Rceattle","nonparametric_pm",-0.287254711605549,0.773917296837712
"sel_coff_dev.296",-0.0798499818324194,0.276920887951433,4.21240989625926e-06,"fixed_effect",NA,NA,NA,"Rceattle","nonparametric_pm",-0.288349435909738,0.773079268916932
"sel_coff_dev.297",-0.0805029181889607,0.276015366162616,7.19868358506348e-06,"fixed_effect",NA,NA,NA,"Rceattle","nonparametric_pm",-0.291661001733983,0.770545829452521
"sel_coff_dev.298",-0.0502880692461365,0.279589514812845,-8.8700509427303e-06,"fixed_effect",NA,NA,NA,"Rceattle","nonparametric_pm",-0.179863931162794,0.857259392111
"sel_coff_dev.299",-0.0298005082167363,0.273793860267289,1.93315355750956e-07,"fixed_effect",NA,NA,NA,"Rceattle","nonparametric_pm",-0.108842865167407,0.91332712427449
"sel_coff_dev.300",-0.130633332920835,0.419566903679158,-1.31770664141273e-06,"fixed_effect",NA,NA,NA,"Rceattle","nonparametric_pm",-0.311352806370852,0.755532427081786
"sel_coff_dev.301",-0.0813983022457286,0.402117926963198,1.11814539202615e-06,"fixed_effect",NA,NA,NA,"Rceattle","nonparametric_pm",-0.202423957719195,0.839585300509928
"sel_coff_dev.302",-0.393992807623161,0.382098720750222,-2.77091219968995e-06,"fixed_effect",NA,NA,NA,"Rceattle","nonparametric_pm",-1.0311283085418,0.302480654254135
"sel_coff_dev.303",0.13827657345515,0.365817896886794,-1.35847352583651e-06,"fixed_effect",NA,NA,NA,"Rceattle","nonparametric_pm",0.37799291568816,0.705435856709974
"sel_coff_dev.304",0.0257732321251654,0.354212727150116,2.25377684945766e-05,"fixed_effect",NA,NA,NA,"Rceattle","nonparametric_pm",0.0727620160137347,0.941995497631982
"sel_coff_dev.305",0.058401184109603,0.352919230777676,-2.16192434394219e-05,"fixed_effect",NA,NA,NA,"Rceattle","nonparametric_pm",0.165480311120799,0.86856594563402
"sel_coff_dev.306",0.128710372302708,0.297697513848992,1.14367111710423e-05,"fixed_effect",NA,NA,NA,"Rceattle","nonparametric_pm",0.432352862604007,0.665484972026269
"sel_coff_dev.307",0.102000417046889,0.277100902675036,-9.0115375640798e-06,"fixed_effect",NA,NA,NA,"Rceattle","nonparametric_pm",0.368098465440611,0.712799815087018
"sel_coff_dev.308",0.0276458713659265,0.275100652454446,8.55758837651349e-06,"fixed_effect",NA,NA,NA,"Rceattle","nonparametric_pm",0.10049365975424,0.919952416141368
"sel_coff_dev.309",0.0618262941488955,0.275912637631891,9.9284795893051e-07,"fixed_effect",NA,NA,NA,"Rceattle","nonparametric_pm",0.224079240007053,0.822695645844567
"sel_coff_dev.310",0.0426845810688238,0.278146739794679,-1.17837856442454e-05,"fixed_effect",NA,NA,NA,"Rceattle","nonparametric_pm",0.153460655696819,0.87803501494781
"sel_coff_dev.311",0.0207059171665645,0.273163128633188,3.21859762268673e-06,"fixed_effect",NA,NA,NA,"Rceattle","nonparametric_pm",0.0758005565032499,0.939577773375029
"sel_coff_dev.312",-0.124405669164644,0.419251633796008,-1.29371713311621e-06,"fixed_effect",NA,NA,NA,"Rceattle","nonparametric_pm",-0.296732699735108,0.766670590028002
"sel_coff_dev.313",-0.0557768273037497,0.399853956354457,1.16507293829171e-06,"fixed_effect",NA,NA,NA,"Rceattle","nonparametric_pm",-0.139492998424418,0.8890605882982
"sel_coff_dev.314",-0.345445186411834,0.38269432350529,-2.26232568389939e-06,"fixed_effect",NA,NA,NA,"Rceattle","nonparametric_pm",-0.902666084115716,0.366703141895946
"sel_coff_dev.315",0.0269560047269023,0.370407398096055,-2.185120477248e-06,"fixed_effect",NA,NA,NA,"Rceattle","nonparametric_pm",0.0727739371985005,0.941986011052555
"sel_coff_dev.316",0.147921929123943,0.352804085550425,1.78698530519661e-05,"fixed_effect",NA,NA,NA,"Rceattle","nonparametric_pm",0.419274989101002,0.675015173134296
"sel_coff_dev.317",0.0587449045231588,0.349083782948459,-2.19465623788745e-05,"fixed_effect",NA,NA,NA,"Rceattle","nonparametric_pm",0.168283109650592,0.86636056091487
"sel_coff_dev.318",-0.0414225851069892,0.327187534157491,2.42692061111771e-05,"fixed_effect",NA,NA,NA,"Rceattle","nonparametric_pm",-0.126601966097677,0.899255440743879
"sel_coff_dev.319",0.0493069073638634,0.289465522151493,-1.81697772235895e-05,"fixed_effect",NA,NA,NA,"Rceattle","nonparametric_pm",0.170337755589622,0.864744520440408
"sel_coff_dev.320",0.0597600431557065,0.280366889042133,1.43153115222533e-05,"fixed_effect",NA,NA,NA,"Rceattle","nonparametric_pm",0.213149432017009,0.83121040925385
"sel_coff_dev.321",-0.00339226112532142,0.292467949026763,-9.99287058203822e-06,"fixed_effect",NA,NA,NA,"Rceattle","nonparametric_pm",-0.0115987448765232,0.99074574803591
"sel_coff_dev.322",0.132365745008268,0.297716469383726,-1.0216369749072e-06,"fixed_effect",NA,NA,NA,"Rceattle","nonparametric_pm",0.444603368037602,0.656606413073819
"sel_coff_dev.323",0.0953869952106945,0.271742291793961,-7.47433172243461e-07,"fixed_effect",NA,NA,NA,"Rceattle","nonparametric_pm",0.351020058677574,0.725573300076868
"sel_coff_dev.324",-0.056205552197567,0.418125589118166,-1.20316895317607e-06,"fixed_effect",NA,NA,NA,"Rceattle","nonparametric_pm",-0.134422655920451,0.89306836738179
"sel_coff_dev.325",-0.0212035440776818,0.391630005730359,1.30586929870252e-06,"fixed_effect",NA,NA,NA,"Rceattle","nonparametric_pm",-0.0541417760831142,0.956822208538347
"sel_coff_dev.326",-0.359350202233404,0.374890926701723,-1.98193340816832e-06,"fixed_effect",NA,NA,NA,"Rceattle","nonparametric_pm",-0.958546010688907,0.337787501995187
"sel_coff_dev.327",-0.294557533374311,0.358234974297941,-1.73684797855067e-06,"fixed_effect",NA,NA,NA,"Rceattle","nonparametric_pm",-0.822246722145365,0.410936492337864
"sel_coff_dev.328",-0.188346236276093,0.348479524567726,1.5358655711617e-05,"fixed_effect",NA,NA,NA,"Rceattle","nonparametric_pm",-0.540480065535353,0.588866004876074
"sel_coff_dev.329",-0.0590341147921357,0.323066426529189,-2.48314953755491e-05,"fixed_effect",NA,NA,NA,"Rceattle","nonparametric_pm",-0.182730577814473,0.85500942206878
"sel_coff_dev.330",0.134560815185586,0.32336216924013,2.47868681224062e-05,"fixed_effect",NA,NA,NA,"Rceattle","nonparametric_pm",0.416130357802184,0.677314616766682
"sel_coff_dev.331",-0.0405625033665034,0.292402432596689,-8.90312689218187e-06,"fixed_effect",NA,NA,NA,"Rceattle","nonparametric_pm",-0.138721497650641,0.889670229679367
"sel_coff_dev.332",0.143571543131141,0.277393706151516,6.06883547688009e-06,"fixed_effect",NA,NA,NA,"Rceattle","nonparametric_pm",0.517573181897357,0.604756097020847
"sel_coff_dev.333",0.0752613358778868,0.295880523382851,-8.42531661346402e-06,"fixed_effect",NA,NA,NA,"Rceattle","nonparametric_pm",0.254363940611607,0.799214406196137
"sel_coff_dev.334",0.339405727420158,0.298499452041304,5.32172416078946e-06,"fixed_effect",NA,NA,NA,"Rceattle","nonparametric_pm",1.13703970007018,0.255521689781738
"sel_coff_dev.335",0.326460264702923,0.264980968193519,-5.76006355290648e-06,"fixed_effect",NA,NA,NA,"Rceattle","nonparametric_pm",1.23201400813248,0.217943851427355
"sel_coff_dev.336",-0.127489388657878,0.415306334375869,-1.31066817110614e-06,"fixed_effect",NA,NA,NA,"Rceattle","nonparametric_pm",-0.306976749703257,0.758861069405936
"sel_coff_dev.337",-0.0596460990132986,0.334401073411476,1.88620543543905e-06,"fixed_effect",NA,NA,NA,"Rceattle","nonparametric_pm",-0.178366948421559,0.858434804391485
"sel_coff_dev.338",0.514006402895357,0.306305764731436,1.2381998608646e-06,"fixed_effect",NA,NA,NA,"Rceattle","nonparametric_pm",1.67808269408847,0.0933309566783663
"sel_coff_dev.339",-0.243899369911647,0.31570954227561,-1.58677552064557e-06,"fixed_effect",NA,NA,NA,"Rceattle","nonparametric_pm",-0.772543547951192,0.439792564905219
"sel_coff_dev.340",-0.333296492422307,0.317955676264508,9.18861797505333e-06,"fixed_effect",NA,NA,NA,"Rceattle","nonparametric_pm",-1.04824828522651,0.294524229341783
"sel_coff_dev.341",-0.0489103464732861,0.31251885396683,-2.31737945157184e-05,"fixed_effect",NA,NA,NA,"Rceattle","nonparametric_pm",-0.156503666426722,0.875636029464561
"sel_coff_dev.342",-0.0576340265219839,0.29245403965114,2.27568729552902e-05,"fixed_effect",NA,NA,NA,"Rceattle","nonparametric_pm",-0.197070372461717,0.84377246810562
"sel_coff_dev.343",0.20537669741852,0.287028350717024,-8.84624821284596e-07,"fixed_effect",NA,NA,NA,"Rceattle","nonparametric_pm",0.715527566895292,0.474283113103568
"sel_coff_dev.344",0.0922391150498675,0.280166110337979,-4.58498887523362e-06,"fixed_effect",NA,NA,NA,"Rceattle","nonparametric_pm",0.329230094741275,0.741981777423849
"sel_coff_dev.345",0.218598691625085,0.287783013230707,-4.67752819571787e-06,"fixed_effect",NA,NA,NA,"Rceattle","nonparametric_pm",0.759595534048566,0.447496389455275
"sel_coff_dev.346",-0.113939273329293,0.288212956192849,7.17349264697797e-06,"fixed_effect",NA,NA,NA,"Rceattle","nonparametric_pm",-0.395330157375207,0.692599245869182
"sel_coff_dev.347",-0.0454059106591384,0.260701268409239,-6.02500877874834e-06,"fixed_effect",NA,NA,NA,"Rceattle","nonparametric_pm",-0.174168353442232,0.861733155679312
"sel_coff_dev.348",-0.117160489493535,0.414694404819737,-1.5598606726841e-06,"fixed_effect",NA,NA,NA,"Rceattle","nonparametric_pm",-0.282522474699082,0.777542915881307
"sel_coff_dev.349",-0.473413921711432,0.352133733178227,1.29420693406601e-06,"fixed_effect",NA,NA,NA,"Rceattle","nonparametric_pm",-1.34441513864229,0.178814181135364
"sel_coff_dev.350",-0.0338514875321127,0.273599244336779,9.74414810907265e-06,"fixed_effect",NA,NA,NA,"Rceattle","nonparametric_pm",-0.123726538843961,0.90153179814976
"sel_coff_dev.351",0.810044357962267,0.280037441128917,-3.35406427831586e-06,"fixed_effect",NA,NA,NA,"Rceattle","nonparametric_pm",2.89262876669894,0.00382032547373751
"sel_coff_dev.352",0.0250574319625766,0.305947499892013,5.90888330482403e-06,"fixed_effect",NA,NA,NA,"Rceattle","nonparametric_pm",0.0819010842429531,0.934725372236638
"sel_coff_dev.353",0.0312885780135272,0.32381349492503,-2.35011200343804e-05,"fixed_effect",NA,NA,NA,"Rceattle","nonparametric_pm",0.0966253059365891,0.923023959292819
"sel_coff_dev.354",0.076315178342229,0.323687273424702,2.04312560948272e-05,"fixed_effect",NA,NA,NA,"Rceattle","nonparametric_pm",0.235768238691602,0.813612515285409
"sel_coff_dev.355",-0.00576385229497098,0.290378814638005,1.57582619253124e-06,"fixed_effect",NA,NA,NA,"Rceattle","nonparametric_pm",-0.0198494242844691,0.98416349075926
"sel_coff_dev.356",-0.0257529931679326,0.280454051004015,-6.58442420581329e-06,"fixed_effect",NA,NA,NA,"Rceattle","nonparametric_pm",-0.091826069460355,0.926836231128945
"sel_coff_dev.357",-0.0648504140391871,0.279099256212601,-5.94574935466885e-06,"fixed_effect",NA,NA,NA,"Rceattle","nonparametric_pm",-0.232356097680848,0.81626144478561
"sel_coff_dev.358",-0.14662174953476,0.30116249269001,4.10940141248872e-06,"fixed_effect",NA,NA,NA,"Rceattle","nonparametric_pm",-0.48685262306445,0.626362775206348
"sel_coff_dev.359",-0.07529063850667,0.273824643553993,-2.11850350331777e-06,"fixed_effect",NA,NA,NA,"Rceattle","nonparametric_pm",-0.27495932261416,0.783347490015744
"sel_coff_dev.360",-0.0146660423956878,0.416609115601831,-1.70988942389816e-06,"fixed_effect",NA,NA,NA,"Rceattle","nonparametric_pm",-0.03520336412827,0.971917579709037
"sel_coff_dev.361",0.0123047495186095,0.358116606847602,1.14108101485766e-06,"fixed_effect",NA,NA,NA,"Rceattle","nonparametric_pm",0.0343596171842593,0.972590385261874
"sel_coff_dev.362",-0.774847888038518,0.308713102914603,7.89059255246194e-06,"fixed_effect",NA,NA,NA,"Rceattle","nonparametric_pm",-2.50992873552523,0.0120755528641711
"sel_coff_dev.363",-0.30630243229834,0.265566697479507,-4.90218870496939e-07,"fixed_effect",NA,NA,NA,"Rceattle","nonparametric_pm",-1.15339172872749,0.248749634901563
"sel_coff_dev.364",0.904338749323881,0.265232438448727,7.62121961761508e-07,"fixed_effect",NA,NA,NA,"Rceattle","nonparametric_pm",3.40960839712184,0.000650562191183343
"sel_coff_dev.365",0.276892569429269,0.306753366361883,-2.24196481062311e-05,"fixed_effect",NA,NA,NA,"Rceattle","nonparametric_pm",0.902655357016075,0.366708836867918
"sel_coff_dev.366",0.0223666647507086,0.31544267156329,1.95282421064022e-05,"fixed_effect",NA,NA,NA,"Rceattle","nonparametric_pm",0.0709056407614816,0.943472853999388
"sel_coff_dev.367",-0.0276431842293122,0.28305127838915,6.19567828716999e-06,"fixed_effect",NA,NA,NA,"Rceattle","nonparametric_pm",-0.0976614003887567,0.922201167011924
"sel_coff_dev.368",-0.0423928597436163,0.269005282348106,-6.32695767836811e-06,"fixed_effect",NA,NA,NA,"Rceattle","nonparametric_pm",-0.157591179524712,0.874778954438484
"sel_coff_dev.369",-0.015316305838394,0.27273772772693,-1.07556498735069e-05,"fixed_effect",NA,NA,NA,"Rceattle","nonparametric_pm",-0.0561576352712338,0.955216230028709
"sel_coff_dev.370",0.0182467167529833,0.287047313861628,6.49880619196103e-06,"fixed_effect",NA,NA,NA,"Rceattle","nonparametric_pm",0.0635669308571868,0.949315063820132
"sel_coff_dev.371",-0.0529807372315847,0.278217972287807,-3.14158165273803e-07,"fixed_effect",NA,NA,NA,"Rceattle","nonparametric_pm",-0.190428881340483,0.84897306769309
"sel_coff_dev.372",0.00899751363091185,0.416951936833929,-1.82779426310953e-06,"fixed_effect",NA,NA,NA,"Rceattle","nonparametric_pm",0.021579258509346,0.982783578991241
"sel_coff_dev.373",0.191685478226037,0.367922534116318,5.54621168269431e-07,"fixed_effect",NA,NA,NA,"Rceattle","nonparametric_pm",0.520994123631026,0.6023708649854
"sel_coff_dev.374",-0.292299933664979,0.322145620019449,4.53688700552402e-06,"fixed_effect",NA,NA,NA,"Rceattle","nonparametric_pm",-0.907353431182247,0.364219927332121
"sel_coff_dev.375",-0.693106281808346,0.292295811568482,-4.98462643450104e-06,"fixed_effect",NA,NA,NA,"Rceattle","nonparametric_pm",-2.37124944791061,0.017728061816738
"sel_coff_dev.376",-0.373244969282795,0.266245243764898,1.39050406351426e-05,"fixed_effect",NA,NA,NA,"Rceattle","nonparametric_pm",-1.40188408252799,0.160949864439599
"sel_coff_dev.377",0.451498380271982,0.266168439760188,-2.63963591808913e-05,"fixed_effect",NA,NA,NA,"Rceattle","nonparametric_pm",1.69628818758066,0.0898313164159465
"sel_coff_dev.378",0.173927910137933,0.278178949278745,1.20411574786594e-05,"fixed_effect",NA,NA,NA,"Rceattle","nonparametric_pm",0.625237497621186,0.531815194768225
"sel_coff_dev.379",0.172809069341906,0.270757964122218,1.22114353512393e-05,"fixed_effect",NA,NA,NA,"Rceattle","nonparametric_pm",0.638241870011627,0.523316245522346
"sel_coff_dev.380",0.133287953299542,0.271403304171557,-3.34466567419867e-06,"fixed_effect",NA,NA,NA,"Rceattle","nonparametric_pm",0.491106597638505,0.623351055388137
"sel_coff_dev.381",0.109112637525877,0.272452682991864,-1.3432763219523e-05,"fixed_effect",NA,NA,NA,"Rceattle","nonparametric_pm",0.400482888726535,0.688800884142333
"sel_coff_dev.382",0.0753545955092726,0.274779945472312,3.08419486400036e-06,"fixed_effect",NA,NA,NA,"Rceattle","nonparametric_pm",0.274236154242434,0.783903145651696
"sel_coff_dev.383",0.0419776468126574,0.268145315822106,3.65287226569699e-06,"fixed_effect",NA,NA,NA,"Rceattle","nonparametric_pm",0.156548126466272,0.875600987397099
"sel_coff_dev.384",-0.0093570606626574,0.417309027617757,-1.93694287466822e-06,"fixed_effect",NA,NA,NA,"Rceattle","nonparametric_pm",-0.0224223777665989,0.982111029961548
"sel_coff_dev.385",0.506601765493602,0.372212910379027,3.31205489700892e-07,"fixed_effect",NA,NA,NA,"Rceattle","nonparametric_pm",1.36105371782437,0.173496714203252
"sel_coff_dev.386",0.279300859297139,0.334888513097296,-4.35383616936846e-07,"fixed_effect",NA,NA,NA,"Rceattle","nonparametric_pm",0.834011464633286,0.404274523436956
"sel_coff_dev.387",-0.784364491155729,0.305470875580242,-4.87060362308611e-06,"fixed_effect",NA,NA,NA,"Rceattle","nonparametric_pm",-2.56772266641076,0.0102369020030112
"sel_coff_dev.388",-0.736533637047182,0.286637492395008,2.03443381467938e-05,"fixed_effect",NA,NA,NA,"Rceattle","nonparametric_pm",-2.56956489150479,0.0101826319037232
"sel_coff_dev.389",-0.354522802614624,0.267384275409796,-1.96936119015723e-05,"fixed_effect",NA,NA,NA,"Rceattle","nonparametric_pm",-1.32589248964352,0.184875311035332
"sel_coff_dev.390",0.28060248993742,0.258476900066564,3.04908918913327e-06,"fixed_effect",NA,NA,NA,"Rceattle","nonparametric_pm",1.08559987320011,0.277656055916957
"sel_coff_dev.391",0.305972732020026,0.263909448610306,6.98972625445826e-06,"fixed_effect",NA,NA,NA,"Rceattle","nonparametric_pm",1.15938528776145,0.246299170987282
"sel_coff_dev.392",0.219291803850313,0.270161358055932,2.9452088181614e-06,"fixed_effect",NA,NA,NA,"Rceattle","nonparametric_pm",0.811706771939282,0.416959907639312
"sel_coff_dev.393",0.145436114815098,0.273713647050436,-9.65455681578575e-06,"fixed_effect",NA,NA,NA,"Rceattle","nonparametric_pm",0.531344039226145,0.595180392864059
"sel_coff_dev.394",0.088787713658857,0.275242228805872,-4.3958956452983e-06,"fixed_effect",NA,NA,NA,"Rceattle","nonparametric_pm",0.322580274269902,0.747013134596858
"sel_coff_dev.395",0.0587845124077393,0.267794983983832,7.32742658217378e-06,"fixed_effect",NA,NA,NA,"Rceattle","nonparametric_pm",0.219513119824859,0.826250360937909
"sel_coff_dev.396",-0.107512240087461,0.41767966960344,-1.9150853834693e-06,"fixed_effect",NA,NA,NA,"Rceattle","nonparametric_pm",-0.257403574824548,0.79686724353055
"sel_coff_dev.397",0.331053581366121,0.362262125821265,2.34758937955881e-07,"fixed_effect",NA,NA,NA,"Rceattle","nonparametric_pm",0.91385093215474,0.360795179588599
"sel_coff_dev.398",0.153941254453291,0.340294245681578,-2.06780556516462e-06,"fixed_effect",NA,NA,NA,"Rceattle","nonparametric_pm",0.452376895603865,0.650997488537543
"sel_coff_dev.399",0.653688584777179,0.305934222222182,-2.01789677656272e-06,"fixed_effect",NA,NA,NA,"Rceattle","nonparametric_pm",2.13669650956029,0.0326226840950057
"sel_coff_dev.400",-0.00463192319804428,0.280607513531972,1.9387488342586e-05,"fixed_effect",NA,NA,NA,"Rceattle","nonparametric_pm",-0.0165067682605602,0.986830102533317
"sel_coff_dev.401",-0.399597468028593,0.2750578826138,-1.91842016908916e-05,"fixed_effect",NA,NA,NA,"Rceattle","nonparametric_pm",-1.45277591840425,0.146285980270631
"sel_coff_dev.402",-0.407325023233848,0.269236730665956,7.92536319405013e-06,"fixed_effect",NA,NA,NA,"Rceattle","nonparametric_pm",-1.5128880157857,0.130308106540715
"sel_coff_dev.403",-0.289442456685175,0.273418612891073,-1.03349651338069e-05,"fixed_effect",NA,NA,NA,"Rceattle","nonparametric_pm",-1.05860553392715,0.289779465585393
"sel_coff_dev.404",-0.0184385476519572,0.278638191316658,1.09539564701125e-05,"fixed_effect",NA,NA,NA,"Rceattle","nonparametric_pm",-0.0661737989499175,0.947239456449482
"sel_coff_dev.405",0.0213611198968493,0.274615489841253,-2.21335250002314e-06,"fixed_effect",NA,NA,NA,"Rceattle","nonparametric_pm",0.0777855608552801,0.937998632413716
"sel_coff_dev.406",0.03076891066565,0.275735023904256,-8.55547399668255e-06,"fixed_effect",NA,NA,NA,"Rceattle","nonparametric_pm",0.111588692034763,0.911149538469114
"sel_coff_dev.407",0.0361342077259903,0.267099029352391,7.78721410510386e-06,"fixed_effect",NA,NA,NA,"Rceattle","nonparametric_pm",0.135283935001941,0.892387386317702
"sel_coff_dev.408",-0.0761267199990581,0.418285019755318,-1.92953981148491e-06,"fixed_effect",NA,NA,NA,"Rceattle","nonparametric_pm",-0.181997242080507,0.855584890258303
"sel_coff_dev.409",-0.376506786854683,0.334370634543876,-2.081124022002e-07,"fixed_effect",NA,NA,NA,"Rceattle","nonparametric_pm",-1.1260163063311,0.260158617299059
"sel_coff_dev.410",0.275287779040973,0.321360311673548,-3.38957166734488e-06,"fixed_effect",NA,NA,NA,"Rceattle","nonparametric_pm",0.856632785820244,0.391647860421008
"sel_coff_dev.411",0.229343091765561,0.306116764795767,3.64230398075538e-06,"fixed_effect",NA,NA,NA,"Rceattle","nonparametric_pm",0.749201344521503,0.453735858911801
"sel_coff_dev.412",0.176048469547255,0.273860737931763,1.31232795939074e-05,"fixed_effect",NA,NA,NA,"Rceattle","nonparametric_pm",0.642839389380159,0.5203283214109
"sel_coff_dev.413",0.275952365088621,0.258301098581836,-1.62829722401003e-05,"fixed_effect",NA,NA,NA,"Rceattle","nonparametric_pm",1.06833601019777,0.285368970417196
"sel_coff_dev.414",-0.235474662576794,0.270338308695783,1.29950721375893e-05,"fixed_effect",NA,NA,NA,"Rceattle","nonparametric_pm",-0.871036974792122,0.383733964685372
"sel_coff_dev.415",-0.0713491257942591,0.288682515074713,-1.56097326443616e-05,"fixed_effect",NA,NA,NA,"Rceattle","nonparametric_pm",-0.247154302974649,0.804788809276413
"sel_coff_dev.416",-0.06996118920117,0.28105410030569,7.63291212252382e-06,"fixed_effect",NA,NA,NA,"Rceattle","nonparametric_pm",-0.248924278724546,0.803419354584068
"sel_coff_dev.417",-0.046541969336486,0.273799539413605,6.22582150502926e-06,"fixed_effect",NA,NA,NA,"Rceattle","nonparametric_pm",-0.169985564753559,0.865021489090615
"sel_coff_dev.418",-0.0452155996155166,0.275768380362248,-7.15534038235599e-06,"fixed_effect",NA,NA,NA,"Rceattle","nonparametric_pm",-0.16396223365464,0.869760874568482
"sel_coff_dev.419",-0.0354556520644434,0.268845980427469,9.55879808153814e-07,"fixed_effect",NA,NA,NA,"Rceattle","nonparametric_pm",-0.131880908199068,0.895078489766445
"sel_coff_dev.420",-0.123998914439831,0.418614316316602,-1.80177721401109e-06,"fixed_effect",NA,NA,NA,"Rceattle","nonparametric_pm",-0.296212789688849,0.767067582136064
"sel_coff_dev.421",-0.35759200115669,0.350951642903107,-6.76119756404248e-07,"fixed_effect",NA,NA,NA,"Rceattle","nonparametric_pm",-1.01892100632057,0.308240470101286
"sel_coff_dev.422",0.814086609157526,0.282219206542487,-4.08976900390101e-06,"fixed_effect",NA,NA,NA,"Rceattle","nonparametric_pm",2.88458967456904,0.00391924120072848
"sel_coff_dev.423",0.450988052155796,0.290607286885888,7.05329544359312e-06,"fixed_effect",NA,NA,NA,"Rceattle","nonparametric_pm",1.5518814307395,0.120690596833267
"sel_coff_dev.424",0.133304897659031,0.286088284700363,1.25467884020125e-05,"fixed_effect",NA,NA,NA,"Rceattle","nonparametric_pm",0.465957205478193,0.641246132722626
"sel_coff_dev.425",-0.261949742484117,0.26138405249731,-2.14528184740992e-05,"fixed_effect",NA,NA,NA,"Rceattle","nonparametric_pm",-1.00216421002507,0.316264290270173
"sel_coff_dev.426",0.236346585637278,0.252609515704919,1.74478385172594e-05,"fixed_effect",NA,NA,NA,"Rceattle","nonparametric_pm",0.935620279298432,0.349468729543894
"sel_coff_dev.427",-0.111043021908032,0.274500776472905,-1.62854808795354e-05,"fixed_effect",NA,NA,NA,"Rceattle","nonparametric_pm",-0.404527168683591,0.685825103356116
"sel_coff_dev.428",-0.264407785350205,0.267028516457791,2.3548973314691e-06,"fixed_effect",NA,NA,NA,"Rceattle","nonparametric_pm",-0.990185575898967,0.322083421435787
"sel_coff_dev.429",-0.239038336912948,0.269135352998094,1.30159405515862e-05,"fixed_effect",NA,NA,NA,"Rceattle","nonparametric_pm",-0.888171450722199,0.374448533212749
"sel_coff_dev.430",-0.172716304060919,0.292276895581421,9.36689154351633e-07,"fixed_effect",NA,NA,NA,"Rceattle","nonparametric_pm",-0.590933825670133,0.554564760651412
"sel_coff_dev.431",-0.103980038296887,0.284120361160351,-9.04948406788009e-06,"fixed_effect",NA,NA,NA,"Rceattle","nonparametric_pm",-0.365971794039088,0.714386122805558
"sel_coff_dev.432",-0.0560612506197724,0.418511435211466,-1.75844528595148e-06,"fixed_effect",NA,NA,NA,"Rceattle","nonparametric_pm",-0.13395392790509,0.893439006204653
"sel_coff_dev.433",-0.14592071560557,0.362252926118695,-9.75838114647409e-07,"fixed_effect",NA,NA,NA,"Rceattle","nonparametric_pm",-0.4028144566533,0.687084725234426
"sel_coff_dev.434",-0.556670161000415,0.279720742313015,2.51966022446481e-06,"fixed_effect",NA,NA,NA,"Rceattle","nonparametric_pm",-1.99009253442309,0.046580743049993
"sel_coff_dev.435",0.296911674558047,0.256631030226323,1.0164713629246e-05,"fixed_effect",NA,NA,NA,"Rceattle","nonparametric_pm",1.15695936807096,0.247288961330101
"sel_coff_dev.436",0.418072325272761,0.272500163577417,1.32917292985368e-05,"fixed_effect",NA,NA,NA,"Rceattle","nonparametric_pm",1.5342094470119,0.124978134291519
"sel_coff_dev.437",-0.00436419548660985,0.279985687311495,-2.59308886599117e-05,"fixed_effect",NA,NA,NA,"Rceattle","nonparametric_pm",-0.0155872092195717,0.987563710008837
"sel_coff_dev.438",-0.0432996860207833,0.260427081095407,4.46267851191007e-06,"fixed_effect",NA,NA,NA,"Rceattle","nonparametric_pm",-0.166264145182814,0.867949081270957
"sel_coff_dev.439",0.228385180793698,0.248098874187627,-1.12428228625783e-05,"fixed_effect",NA,NA,NA,"Rceattle","nonparametric_pm",0.920540980048865,0.357290128229286
"sel_coff_dev.440",0.0262648073425492,0.255803787609939,-1.21177434521391e-06,"fixed_effect",NA,NA,NA,"Rceattle","nonparametric_pm",0.102675599872661,0.918220439755324
"sel_coff_dev.441",-0.0448358482516794,0.264749839282789,1.2954881651428e-05,"fixed_effect",NA,NA,NA,"Rceattle","nonparametric_pm",-0.169351748704137,0.865519974178026
"sel_coff_dev.442",-0.0501647694137916,0.288183326616956,4.15435530264074e-06,"fixed_effect",NA,NA,NA,"Rceattle","nonparametric_pm",-0.174072421200373,0.861808546974554
"sel_coff_dev.443",-0.0683173615684363,0.285871956462006,-6.42824935540021e-06,"fixed_effect",NA,NA,NA,"Rceattle","nonparametric_pm",-0.238978885561012,0.811121955317664
"sel_coff_dev.444",-0.0139573661375952,0.418156655774414,-1.69647283430191e-06,"fixed_effect",NA,NA,NA,"Rceattle","nonparametric_pm",-0.0333783187349884,0.973372899170387
"sel_coff_dev.445",-0.211129515911509,0.363838032537174,-1.2168417111158e-06,"fixed_effect",NA,NA,NA,"Rceattle","nonparametric_pm",-0.580284349162803,0.561722879941612
"sel_coff_dev.446",-0.453900557696065,0.310665023002305,4.93554035640997e-06,"fixed_effect",NA,NA,NA,"Rceattle","nonparametric_pm",-1.46106102743564,0.143998694296274
"sel_coff_dev.447",-0.308317817694791,0.270752858972412,-2.41091015484862e-06,"fixed_effect",NA,NA,NA,"Rceattle","nonparametric_pm",-1.1387426114906,0.254810524257718
"sel_coff_dev.448",0.256940905461718,0.253653555063226,2.56953528929849e-05,"fixed_effect",NA,NA,NA,"Rceattle","nonparametric_pm",1.01296000128077,0.311079266726892
"sel_coff_dev.449",0.612858948076158,0.269919068270082,-2.86454090365762e-05,"fixed_effect",NA,NA,NA,"Rceattle","nonparametric_pm",2.27052854029167,0.0231755336647897
"sel_coff_dev.450",0.125545171490248,0.265040346422834,2.95064874111794e-06,"fixed_effect",NA,NA,NA,"Rceattle","nonparametric_pm",0.473683245531071,0.635725802753895
"sel_coff_dev.451",-0.106757283191849,0.251324803490238,-1.0862049441146e-05,"fixed_effect",NA,NA,NA,"Rceattle","nonparametric_pm",-0.424778142504329,0.670998412870788
"sel_coff_dev.452",0.0304171142401249,0.253191444175648,7.48848639449406e-06,"fixed_effect",NA,NA,NA,"Rceattle","nonparametric_pm",0.120134842388369,0.90437633201987
"sel_coff_dev.453",0.045303431461502,0.26255079718762,8.92591869000592e-07,"fixed_effect",NA,NA,NA,"Rceattle","nonparametric_pm",0.172551109906278,0.863004283968018
"sel_coff_dev.454",0.0342226574237052,0.269728281005957,1.36680641172615e-05,"fixed_effect",NA,NA,NA,"Rceattle","nonparametric_pm",0.126878269108716,0.899036746360586
"sel_coff_dev.455",-0.0112256875216452,0.270071922512265,-1.0799001191393e-05,"fixed_effect",NA,NA,NA,"Rceattle","nonparametric_pm",-0.0415655482333061,0.966845038020685
"sel_coff_dev.456",-0.0565805929560872,0.418397248933283,-1.74415848397391e-06,"fixed_effect",NA,NA,NA,"Rceattle","nonparametric_pm",-0.13523175188255,0.892428643299923
"sel_coff_dev.457",0.16144517289209,0.355930933691088,-1.58251620518968e-06,"fixed_effect",NA,NA,NA,"Rceattle","nonparametric_pm",0.453585675225992,0.650127065686391
"sel_coff_dev.458",0.0712808729576078,0.306862634596632,5.43315433229608e-06,"fixed_effect",NA,NA,NA,"Rceattle","nonparametric_pm",0.232289190410249,0.816313407653348
"sel_coff_dev.459",-0.0160138197210832,0.277297755038609,-4.71502723518868e-06,"fixed_effect",NA,NA,NA,"Rceattle","nonparametric_pm",-0.0577495469404488,0.953948126768674
"sel_coff_dev.460",-0.230062034296437,0.25578714232073,2.81902677896628e-05,"fixed_effect",NA,NA,NA,"Rceattle","nonparametric_pm",-0.899427673373681,0.368424904479592
"sel_coff_dev.461",0.0666411787849915,0.245076487316805,-2.98722049232036e-05,"fixed_effect",NA,NA,NA,"Rceattle","nonparametric_pm",0.271919919836479,0.785683594330831
"sel_coff_dev.462",0.080013310232182,0.249529794866865,1.07451951275594e-06,"fixed_effect",NA,NA,NA,"Rceattle","nonparametric_pm",0.320656337953039,0.748470838595217
"sel_coff_dev.463",0.0552932612993873,0.25465750320005,-6.64382287186849e-06,"fixed_effect",NA,NA,NA,"Rceattle","nonparametric_pm",0.217127948733366,0.828108633548091
"sel_coff_dev.464",0.0374353745213175,0.253774285081794,1.12781117878047e-05,"fixed_effect",NA,NA,NA,"Rceattle","nonparametric_pm",0.147514451707554,0.882725973700975
"sel_coff_dev.465",-0.0240683270558035,0.257616530417845,-6.08492859718868e-06,"fixed_effect",NA,NA,NA,"Rceattle","nonparametric_pm",-0.0934269513558212,0.925564380067075
"sel_coff_dev.466",-0.0788131907743834,0.267211697111376,1.0450954432778e-05,"fixed_effect",NA,NA,NA,"Rceattle","nonparametric_pm",-0.294946634546216,0.768034646490654
"sel_coff_dev.467",-0.0665712058837817,0.265627357062587,-5.78434953835139e-06,"fixed_effect",NA,NA,NA,"Rceattle","nonparametric_pm",-0.250618786483262,0.802108855667894
"sel_coff_dev.468",-0.0694441406444936,0.418690419033478,-1.87661920036941e-06,"fixed_effect",NA,NA,NA,"Rceattle","nonparametric_pm",-0.165860352870747,0.868266849085201
"sel_coff_dev.469",-0.306825529220445,0.356720199781975,-2.48231990951364e-06,"fixed_effect",NA,NA,NA,"Rceattle","nonparametric_pm",-0.860129393872213,0.389717719847733
"sel_coff_dev.470",0.673420570454434,0.272725936035697,4.13693111767088e-06,"fixed_effect",NA,NA,NA,"Rceattle","nonparametric_pm",2.46922086048424,0.0135407616101449
"sel_coff_dev.471",-0.0628070411448147,0.262743443228325,-7.01138981601401e-06,"fixed_effect",NA,NA,NA,"Rceattle","nonparametric_pm",-0.239043229292825,0.811072062102444
"sel_coff_dev.472",0.0298904388975156,0.258119449982761,1.71804074848431e-05,"fixed_effect",NA,NA,NA,"Rceattle","nonparametric_pm",0.115800800363986,0.90781041618542
"sel_coff_dev.473",-0.181758421338262,0.251531215893181,-1.82580247454212e-05,"fixed_effect",NA,NA,NA,"Rceattle","nonparametric_pm",-0.722607811093515,0.469920867958642
"sel_coff_dev.474",0.0332301881732127,0.2462608950722,4.59468227925752e-06,"fixed_effect",NA,NA,NA,"Rceattle","nonparametric_pm",0.134938956359556,0.892660138492996
"sel_coff_dev.475",0.0389758255633136,0.252982333400704,2.93277040251672e-06,"fixed_effect",NA,NA,NA,"Rceattle","nonparametric_pm",0.154065404644596,0.877558165648165
"sel_coff_dev.476",-0.00120585052297782,0.258940090555082,1.76491533179345e-06,"fixed_effect",NA,NA,NA,"Rceattle","nonparametric_pm",-0.00465687070855994,0.996284368189797
"sel_coff_dev.477",-0.0163851270529723,0.25935010673561,-6.43812170929292e-06,"fixed_effect",NA,NA,NA,"Rceattle","nonparametric_pm",-0.0631776375927074,0.949625051815066
"sel_coff_dev.478",-0.0768473017111414,0.264348932164456,1.17870252663854e-06,"fixed_effect",NA,NA,NA,"Rceattle","nonparametric_pm",-0.290704036827103,0.771277683937742
"sel_coff_dev.479",-0.0602436114533715,0.264091594681677,4.27806623354288e-06,"fixed_effect",NA,NA,NA,"Rceattle","nonparametric_pm",-0.228116353062982,0.81955578732139
"sel_coff_dev.480",-0.0268560869849034,0.418965548365067,-1.92933425591929e-06,"fixed_effect",NA,NA,NA,"Rceattle","nonparametric_pm",-0.0641009435971625,0.948889850511338
"sel_coff_dev.481",-0.111774787371764,0.376928548543135,-2.69689311072074e-06,"fixed_effect",NA,NA,NA,"Rceattle","nonparametric_pm",-0.296541049500719,0.766816922895805
"sel_coff_dev.482",-0.672019998396481,0.283739475321462,-2.68716201712316e-06,"fixed_effect",NA,NA,NA,"Rceattle","nonparametric_pm",-2.36844026596975,0.0178632646930552
"sel_coff_dev.483",0.724414241284765,0.253741450153616,-6.83569815640439e-06,"fixed_effect",NA,NA,NA,"Rceattle","nonparametric_pm",2.85493064237712,0.00430462284295272
"sel_coff_dev.484",0.0286346183313803,0.256782418962531,4.79120906553276e-06,"fixed_effect",NA,NA,NA,"Rceattle","nonparametric_pm",0.111513157509271,0.911209432490231
"sel_coff_dev.485",-0.124500644574665,0.266973858328367,-1.03929975730777e-05,"fixed_effect",NA,NA,NA,"Rceattle","nonparametric_pm",-0.466340207817406,0.640972002726858
"sel_coff_dev.486",-0.01967420306718,0.256691475063542,2.20366795228646e-05,"fixed_effect",NA,NA,NA,"Rceattle","nonparametric_pm",-0.0766453309846375,0.938905696080841
"sel_coff_dev.487",0.0198720800801665,0.252853159981952,5.16430471990403e-06,"fixed_effect",NA,NA,NA,"Rceattle","nonparametric_pm",0.0785913851406285,0.937357640006075
"sel_coff_dev.488",0.0459753475178035,0.261973844032546,-6.86852806885963e-06,"fixed_effect",NA,NA,NA,"Rceattle","nonparametric_pm",0.175495945740644,0.860689956176482
"sel_coff_dev.489",0.0490708424807508,0.267240220121474,-5.1768303315769e-06,"fixed_effect",NA,NA,NA,"Rceattle","nonparametric_pm",0.183620723177243,0.854311004797274
"sel_coff_dev.490",0.0706617821171539,0.268247880236794,-2.09580987831082e-06,"fixed_effect",NA,NA,NA,"Rceattle","nonparametric_pm",0.263419722291105,0.792227091054439
"sel_coff_dev.491",0.0161968085829751,0.264026190259802,6.69106008606424e-06,"fixed_effect",NA,NA,NA,"Rceattle","nonparametric_pm",0.0613454618537555,0.951084085631032
"sel_coff_dev.492",-0.054050961219098,0.419000718222252,-1.88332557007898e-06,"fixed_effect",NA,NA,NA,"Rceattle","nonparametric_pm",-0.128999686321367,0.897357897034545
"sel_coff_dev.493",0.10243711966219,0.38756553089113,-2.67363619502192e-06,"fixed_effect",NA,NA,NA,"Rceattle","nonparametric_pm",0.264309159348242,0.791541703029497
"sel_coff_dev.494",-0.00643418034235509,0.307902588412522,-4.08935647487965e-06,"fixed_effect",NA,NA,NA,"Rceattle","nonparametric_pm",-0.0208968049782508,0.98332797532669
"sel_coff_dev.495",-0.34006148177062,0.252332491845168,-6.92176957672874e-06,"fixed_effect",NA,NA,NA,"Rceattle","nonparametric_pm",-1.34767218951447,0.177763840654699
"sel_coff_dev.496",0.428746315499329,0.249672182216413,3.10142906412292e-06,"fixed_effect",NA,NA,NA,"Rceattle","nonparametric_pm",1.71723702533948,0.0859358730682487
"sel_coff_dev.497",0.248401170473508,0.259771947911927,-7.46019137887188e-06,"fixed_effect",NA,NA,NA,"Rceattle","nonparametric_pm",0.956227847041148,0.338957133918683
"sel_coff_dev.498",-0.109979665025971,0.25755842363369,2.63553555054363e-05,"fixed_effect",NA,NA,NA,"Rceattle","nonparametric_pm",-0.427008612160122,0.669373054927184
"sel_coff_dev.499",-0.160554993734499,0.255654113568152,3.369627984251e-06,"fixed_effect",NA,NA,NA,"Rceattle","nonparametric_pm",-0.628016469180336,0.529993151255737
"sel_coff_dev.500",-0.0616616606611081,0.260718280954105,-8.74793330613022e-06,"fixed_effect",NA,NA,NA,"Rceattle","nonparametric_pm",-0.236506854967959,0.813039388651248
"sel_coff_dev.501",0.00270458922599882,0.268580529558185,-3.90957631773124e-06,"fixed_effect",NA,NA,NA,"Rceattle","nonparametric_pm",0.0100699377964883,0.991965487892305
"sel_coff_dev.502",-0.00125632523630409,0.272336468549935,-2.62276023853172e-06,"fixed_effect",NA,NA,NA,"Rceattle","nonparametric_pm",-0.0046131362538166,0.996319262861182
"sel_coff_dev.503",-0.0482899268710697,0.263412935223746,5.4821365041563e-06,"fixed_effect",NA,NA,NA,"Rceattle","nonparametric_pm",-0.183324052898358,0.854543762715347
"sel_coff_dev.504",-0.0809828785857632,0.418922209651132,-1.92850263486255e-06,"fixed_effect",NA,NA,NA,"Rceattle","nonparametric_pm",-0.193312449710422,0.84671427676615
"sel_coff_dev.505",0.0892909602934747,0.389636052406558,-2.72625998071208e-06,"fixed_effect",NA,NA,NA,"Rceattle","nonparametric_pm",0.229165036813138,0.818740646075772
"sel_coff_dev.506",0.551903450060517,0.313776843613867,-5.68104632581168e-06,"fixed_effect",NA,NA,NA,"Rceattle","nonparametric_pm",1.75890433374264,0.0785937589699213
"sel_coff_dev.507",-0.0805128289705991,0.258505508185604,-7.66569099866499e-06,"fixed_effect",NA,NA,NA,"Rceattle","nonparametric_pm",-0.311454984211756,0.755454759551273
"sel_coff_dev.508",-0.307187895330253,0.24412406949466,1.58922460331556e-05,"fixed_effect",NA,NA,NA,"Rceattle","nonparametric_pm",-1.25832694812165,0.208273539180223
"sel_coff_dev.509",-0.0490908678089071,0.243169282902743,-1.09451918472447e-05,"fixed_effect",NA,NA,NA,"Rceattle","nonparametric_pm",-0.201879395386223,0.840011010524969
"sel_coff_dev.510",-0.053727602829566,0.247889277493616,1.53183648065325e-05,"fixed_effect",NA,NA,NA,"Rceattle","nonparametric_pm",-0.216740326055247,0.828410719268281
"sel_coff_dev.511",-0.0269587423497774,0.25591111879334,-1.82098057655705e-06,"fixed_effect",NA,NA,NA,"Rceattle","nonparametric_pm",-0.105344161976596,0.916102721709072
"sel_coff_dev.512",-0.0747398026554175,0.260477874832887,-4.59055612023196e-07,"fixed_effect",NA,NA,NA,"Rceattle","nonparametric_pm",-0.286933401554231,0.774163314589154
"sel_coff_dev.513",-0.0331247046584407,0.266361596929417,-3.0731065327888e-06,"fixed_effect",NA,NA,NA,"Rceattle","nonparametric_pm",-0.124359911640034,0.901030312769894
"sel_coff_dev.514",0.0170883100564055,0.272324827348479,-1.91817935025346e-06,"fixed_effect",NA,NA,NA,"Rceattle","nonparametric_pm",0.0627497324529231,0.949965794622374
"sel_coff_dev.515",0.0480426027783237,0.263834594118486,5.00740301188907e-06,"fixed_effect",NA,NA,NA,"Rceattle","nonparametric_pm",0.182093644462516,0.855509236336052
"sel_coff_dev.516",-0.041397911402257,0.418560629558814,-1.79692793947361e-06,"fixed_effect",NA,NA,NA,"Rceattle","nonparametric_pm",-0.0989054117342395,0.921213372035016
"sel_coff_dev.517",-0.0116001846183241,0.386351249110016,-2.57862691253538e-06,"fixed_effect",NA,NA,NA,"Rceattle","nonparametric_pm",-0.0300249698818001,0.976047139059433
"sel_coff_dev.518",-0.0468217290375535,0.315669937613964,-5.55116356158736e-06,"fixed_effect",NA,NA,NA,"Rceattle","nonparametric_pm",-0.148324954195709,0.882086322574787
"sel_coff_dev.519",0.0154901490521948,0.270186923421283,2.82367724394744e-06,"fixed_effect",NA,NA,NA,"Rceattle","nonparametric_pm",0.0573312314898458,0.954281342128222
"sel_coff_dev.520",-0.0410903553369591,0.246822310756196,2.33983630862772e-05,"fixed_effect",NA,NA,NA,"Rceattle","nonparametric_pm",-0.166477476088242,0.867781207299328
"sel_coff_dev.521",0.0160362893204116,0.240586815413429,-1.94313087375983e-05,"fixed_effect",NA,NA,NA,"Rceattle","nonparametric_pm",0.0666548966652829,0.946856441659385
"sel_coff_dev.522",0.0351197540053998,0.243220173172739,6.92923885561858e-07,"fixed_effect",NA,NA,NA,"Rceattle","nonparametric_pm",0.144394905847128,0.885188639201286
"sel_coff_dev.523",-0.048507600062048,0.251286832875292,-7.71578325343969e-06,"fixed_effect",NA,NA,NA,"Rceattle","nonparametric_pm",-0.193036775970356,0.846930166652884
"sel_coff_dev.524",-0.022332315323525,0.25988525984325,1.17697115688611e-05,"fixed_effect",NA,NA,NA,"Rceattle","nonparametric_pm",-0.0859314427335925,0.931520916262346
"sel_coff_dev.525",0.00443931975752115,0.265020465135821,-4.33330629142845e-06,"fixed_effect",NA,NA,NA,"Rceattle","nonparametric_pm",0.016750856411206,0.986635375291522
"sel_coff_dev.526",0.0489404077776108,0.269908461947366,3.62284267607649e-06,"fixed_effect",NA,NA,NA,"Rceattle","nonparametric_pm",0.181322243195008,0.856114647855269
"sel_coff_dev.527",0.0917241758675284,0.263092033176544,-9.0040176478623e-07,"fixed_effect",NA,NA,NA,"Rceattle","nonparametric_pm",0.348639123579916,0.72736025208077
"sel_coff_dev.528",-0.00457904227564477,0.417632619389893,-1.66548952857705e-06,"fixed_effect",NA,NA,NA,"Rceattle","nonparametric_pm",-0.0109642831116357,0.991251943060651
"sel_coff_dev.529",-0.111754038306289,0.362436044133943,-2.05635929634296e-06,"fixed_effect",NA,NA,NA,"Rceattle","nonparametric_pm",-0.308341402890351,0.757822564753319
"sel_coff_dev.530",-0.524216148170172,0.304711831214925,-4.27782508904961e-06,"fixed_effect",NA,NA,NA,"Rceattle","nonparametric_pm",-1.72036689904706,0.0853657699315025
"sel_coff_dev.531",-0.123640250216462,0.280629879489922,7.71715537248308e-06,"fixed_effect",NA,NA,NA,"Rceattle","nonparametric_pm",-0.440581204115517,0.659516212596782
"sel_coff_dev.532",-0.0734402149002558,0.257219068088126,1.51869080682321e-05,"fixed_effect",NA,NA,NA,"Rceattle","nonparametric_pm",-0.285516215598349,0.77524868295189
"sel_coff_dev.533",0.0478734800674843,0.240483931878617,-2.26932525803358e-05,"fixed_effect",NA,NA,NA,"Rceattle","nonparametric_pm",0.19907142940281,0.842206869952127
"sel_coff_dev.534",0.0706502741155549,0.240526951966104,-1.95839084349281e-06,"fixed_effect",NA,NA,NA,"Rceattle","nonparametric_pm",0.293731216140431,0.768963298937104
"sel_coff_dev.535",0.136150642379347,0.24595221138329,-3.78725873506625e-06,"fixed_effect",NA,NA,NA,"Rceattle","nonparametric_pm",0.553565432949784,0.579876288327697
"sel_coff_dev.536",0.152211262896795,0.25552808235796,1.20226051474326e-05,"fixed_effect",NA,NA,NA,"Rceattle","nonparametric_pm",0.595673326752274,0.551393480475565
"sel_coff_dev.537",0.0804579773485835,0.275146292593853,9.23686905462962e-07,"fixed_effect",NA,NA,NA,"Rceattle","nonparametric_pm",0.292418904104037,0.769966356182165
"sel_coff_dev.538",0.16251017550024,0.283053335429693,7.68485464602842e-06,"fixed_effect",NA,NA,NA,"Rceattle","nonparametric_pm",0.574132699243903,0.565878007305652
"sel_coff_dev.539",0.18777588156082,0.261888431254313,-7.09663406517347e-06,"fixed_effect",NA,NA,NA,"Rceattle","nonparametric_pm",0.717007164697837,0.473369675829401
"sel_coff_dev.540",-0.0371926713770222,0.416342210505988,-1.6360375604263e-06,"fixed_effect",NA,NA,NA,"Rceattle","nonparametric_pm",-0.089331973646922,0.928818084345297
"sel_coff_dev.541",-0.340826051580606,0.350527558407853,-1.00594478946725e-06,"fixed_effect",NA,NA,NA,"Rceattle","nonparametric_pm",-0.972323126685637,0.330889822076115
"sel_coff_dev.542",0.20080188706625,0.275042390400525,-3.7933832172099e-06,"fixed_effect",NA,NA,NA,"Rceattle","nonparametric_pm",0.730076141258938,0.465343644183751
"sel_coff_dev.543",0.0610611021762793,0.270928907886164,8.27756560689563e-06,"fixed_effect",NA,NA,NA,"Rceattle","nonparametric_pm",0.22537684388384,0.821686124172806
"sel_coff_dev.544",-0.137467111383899,0.274373861306648,5.5596829082738e-06,"fixed_effect",NA,NA,NA,"Rceattle","nonparametric_pm",-0.501021164076056,0.616356228180069
"sel_coff_dev.545",-0.0951747962439602,0.261081838993629,-1.42730199025887e-05,"fixed_effect",NA,NA,NA,"Rceattle","nonparametric_pm",-0.36454008678207,0.715454745096766
"sel_coff_dev.546",-0.053990966456988,0.248460260062365,-2.73185572677304e-06,"fixed_effect",NA,NA,NA,"Rceattle","nonparametric_pm",-0.21730222146365,0.827972825980839
"sel_coff_dev.547",-0.00979034556594787,0.247250533408396,7.2539273444569e-07,"fixed_effect",NA,NA,NA,"Rceattle","nonparametric_pm",-0.0395968632746149,0.968414528223729
"sel_coff_dev.548",0.0100254430765243,0.261096491514929,-5.6480760960223e-07,"fixed_effect",NA,NA,NA,"Rceattle","nonparametric_pm",0.0383974637818947,0.969370783101356
"sel_coff_dev.549",0.142988057503869,0.298771195945624,1.0151058940977e-05,"fixed_effect",NA,NA,NA,"Rceattle","nonparametric_pm",0.478587157812537,0.632232356135249
"sel_coff_dev.550",0.142894399339203,0.292674990150509,7.8693792954776e-06,"fixed_effect",NA,NA,NA,"Rceattle","nonparametric_pm",0.488235770558047,0.62538285035324
"sel_coff_dev.551",0.1166710534463,0.263261682355456,-8.57803067880192e-06,"fixed_effect",NA,NA,NA,"Rceattle","nonparametric_pm",0.443175217914055,0.657639002562387
"sel_coff_dev.552",0.0421078525057475,0.415376549986507,-1.48233689985233e-06,"fixed_effect",NA,NA,NA,"Rceattle","nonparametric_pm",0.101372724356046,0.919254587725153
"sel_coff_dev.553",0.0718136116799332,0.347757980465805,-7.41314175628505e-07,"fixed_effect",NA,NA,NA,"Rceattle","nonparametric_pm",0.206504568446545,0.83639679654461
"sel_coff_dev.554",-0.604741527285581,0.285446701698257,-2.5776133250055e-07,"fixed_effect",NA,NA,NA,"Rceattle","nonparametric_pm",-2.11857948852689,0.0341260206937222
"sel_coff_dev.555",0.442797906799329,0.248783482122199,1.28762297180174e-06,"fixed_effect",NA,NA,NA,"Rceattle","nonparametric_pm",1.77985251682357,0.0751001003060199
"sel_coff_dev.556",0.178771185948907,0.270279537459293,5.89106300652453e-06,"fixed_effect",NA,NA,NA,"Rceattle","nonparametric_pm",0.661430708478372,0.508336137868253
"sel_coff_dev.557",-0.242967272006281,0.285164850335767,-1.29507453598965e-05,"fixed_effect",NA,NA,NA,"Rceattle","nonparametric_pm",-0.852023914308514,0.394200819166946
"sel_coff_dev.558",-0.0818045889694546,0.286468712931214,6.2411218406111e-06,"fixed_effect",NA,NA,NA,"Rceattle","nonparametric_pm",-0.285562036190309,0.77521358383581
"sel_coff_dev.559",0.0684872860191365,0.26039689369869,-9.90155149663274e-06,"fixed_effect",NA,NA,NA,"Rceattle","nonparametric_pm",0.263011148275771,0.792541986461991
"sel_coff_dev.560",0.07898416126402,0.262256130732489,2.33177210123836e-07,"fixed_effect",NA,NA,NA,"Rceattle","nonparametric_pm",0.301171839313785,0.763283462453663
"sel_coff_dev.561",0.0254434923331622,0.293734310140589,1.15811769065069e-05,"fixed_effect",NA,NA,NA,"Rceattle","nonparametric_pm",0.0866207707263894,0.930972955302121
"sel_coff_dev.562",-0.0376054686655952,0.298888083274732,3.55524013244402e-06,"fixed_effect",NA,NA,NA,"Rceattle","nonparametric_pm",-0.125817892281202,0.899876078332653
"sel_coff_dev.563",0.0587133603766779,0.275319772844356,-3.45569280413294e-06,"fixed_effect",NA,NA,NA,"Rceattle","nonparametric_pm",0.213255153344434,0.831127951368383
"sel_coff_dev.564",0.0331806606263416,0.41584963777082,-1.4101065938521e-06,"fixed_effect",NA,NA,NA,"Rceattle","nonparametric_pm",0.0797900433536698,0.936404243328805
"sel_coff_dev.565",-0.018347861579088,0.341405394078905,9.62722256699078e-07,"fixed_effect",NA,NA,NA,"Rceattle","nonparametric_pm",-0.0537421549199293,0.957140596542924
"sel_coff_dev.566",0.0441461304881106,0.283705272774278,2.26311318921035e-07,"fixed_effect",NA,NA,NA,"Rceattle","nonparametric_pm",0.155605604564263,0.876343906956701
"sel_coff_dev.567",-1.07757596326559,0.255026073255836,-3.58147048595825e-06,"fixed_effect",NA,NA,NA,"Rceattle","nonparametric_pm",-4.22535605676912,2.38563276498089e-05
"sel_coff_dev.568",0.420342821295517,0.246944753071685,1.00019090798487e-05,"fixed_effect",NA,NA,NA,"Rceattle","nonparametric_pm",1.70217352694065,0.0887228438262121
"sel_coff_dev.569",0.360097270417404,0.27260278979914,-1.12874544667685e-05,"fixed_effect",NA,NA,NA,"Rceattle","nonparametric_pm",1.3209595935637,0.186514837437816
"sel_coff_dev.570",0.140555054751611,0.28413046919209,6.52071886159122e-06,"fixed_effect",NA,NA,NA,"Rceattle","nonparametric_pm",0.494684907082553,0.620822557013659
"sel_coff_dev.571",-0.00407212516441079,0.2676931382726,-1.31489404224718e-05,"fixed_effect",NA,NA,NA,"Rceattle","nonparametric_pm",-0.0152119146224212,0.98786311626822
"sel_coff_dev.572",-0.000191477761530251,0.271302272679387,3.83179208029348e-06,"fixed_effect",NA,NA,NA,"Rceattle","nonparametric_pm",-0.000705772788555042,0.999436874835327
"sel_coff_dev.573",0.081837639148876,0.273156472187547,9.29230156740402e-06,"fixed_effect",NA,NA,NA,"Rceattle","nonparametric_pm",0.2995998538621,0.764482395657473
"sel_coff_dev.574",0.0536806666251423,0.281181886184001,2.62547563667503e-06,"fixed_effect",NA,NA,NA,"Rceattle","nonparametric_pm",0.190910827698248,0.84859545692229
"sel_coff_dev.575",-0.0336528155823844,0.276625678785555,-4.03325883192862e-06,"fixed_effect",NA,NA,NA,"Rceattle","nonparametric_pm",-0.121654705847003,0.903172486202184
"sel_coff_dev.576",-0.00923573003026142,0.416170289131762,-1.35069530655604e-06,"fixed_effect",NA,NA,NA,"Rceattle","nonparametric_pm",-0.0221921897633046,0.982294647723901
"sel_coff_dev.577",0.233673450875054,0.361307298328641,1.67927410488211e-06,"fixed_effect",NA,NA,NA,"Rceattle","nonparametric_pm",0.646744341882923,0.51779741976459
"sel_coff_dev.578",0.189215817364477,0.27242609415575,3.41528787956014e-06,"fixed_effect",NA,NA,NA,"Rceattle","nonparametric_pm",0.694558346001539,0.487332124019149
"sel_coff_dev.579",0.624803128065306,0.256065064166247,-4.01512188896724e-06,"fixed_effect",NA,NA,NA,"Rceattle","nonparametric_pm",2.44001707183164,0.0146865678406195
"sel_coff_dev.580",-1.07910491687113,0.255741365412317,1.01924876827475e-05,"fixed_effect",NA,NA,NA,"Rceattle","nonparametric_pm",-4.21951652260616,2.44826780963646e-05
"sel_coff_dev.581",-0.0220700898684264,0.248953187156346,-1.3595832263319e-05,"fixed_effect",NA,NA,NA,"Rceattle","nonparametric_pm",-0.0886515658647346,0.929358825744176
"sel_coff_dev.582",0.0141877602282516,0.263697030529384,4.4803396825957e-06,"fixed_effect",NA,NA,NA,"Rceattle","nonparametric_pm",0.0538032612645238,0.957091911171894
"sel_coff_dev.583",0.023766476911423,0.277110758500156,-6.5175455166433e-06,"fixed_effect",NA,NA,NA,"Rceattle","nonparametric_pm",0.0857652623812138,0.931653021298565
"sel_coff_dev.584",0.00473033187405013,0.279767270034149,1.47983451629849e-07,"fixed_effect",NA,NA,NA,"Rceattle","nonparametric_pm",0.0169080960523822,0.98650993397532
"sel_coff_dev.585",-0.0663000712690358,0.297649300832846,4.61498534926053e-06,"fixed_effect",NA,NA,NA,"Rceattle","nonparametric_pm",-0.222745597196174,0.823733511319649
"sel_coff_dev.586",0.00692589780416407,0.331069799163049,-7.26688112445001e-07,"fixed_effect",NA,NA,NA,"Rceattle","nonparametric_pm",0.0209197511270218,0.983309670950228
"sel_coff_dev.587",0.079407944916133,0.282466875881479,1.67552494484413e-06,"fixed_effect",NA,NA,NA,"Rceattle","nonparametric_pm",0.281123033163903,0.7786160353449
"sel_coff_dev.588",0.025037187730739,0.41632258985965,-1.3525578175036e-06,"fixed_effect",NA,NA,NA,"Rceattle","nonparametric_pm",0.0601389123256067,0.952044998478651
"sel_coff_dev.589",-0.191875328482964,0.36685994871353,1.86525394824111e-06,"fixed_effect",NA,NA,NA,"Rceattle","nonparametric_pm",-0.523020649040088,0.60095988375199
"sel_coff_dev.590",0.0271265167561464,0.291012003153437,4.07406109076414e-06,"fixed_effect",NA,NA,NA,"Rceattle","nonparametric_pm",0.0932144257357105,0.925733214207659
"sel_coff_dev.591",-0.137935435088089,0.24820760083519,-3.31657894986348e-06,"fixed_effect",NA,NA,NA,"Rceattle","nonparametric_pm",-0.555726072142642,0.578398130416712
"sel_coff_dev.592",0.511741034676277,0.25621347970785,1.02187999060366e-05,"fixed_effect",NA,NA,NA,"Rceattle","nonparametric_pm",1.99732283898487,0.0457901238813695
"sel_coff_dev.593",-0.599886533493216,0.258514063828514,-1.2198199144331e-05,"fixed_effect",NA,NA,NA,"Rceattle","nonparametric_pm",-2.32051798114609,0.0203128733572753
"sel_coff_dev.594",-0.156735840346016,0.269945725254593,5.7997462576953e-06,"fixed_effect",NA,NA,NA,"Rceattle","nonparametric_pm",-0.580619827182646,0.561496706358675
"sel_coff_dev.595",0.0779436053738134,0.302100185346746,-1.14539045184547e-06,"fixed_effect",NA,NA,NA,"Rceattle","nonparametric_pm",0.258005817786411,0.796402417255834
"sel_coff_dev.596",0.116814425553797,0.291803520491461,9.78729062572903e-07,"fixed_effect",NA,NA,NA,"Rceattle","nonparametric_pm",0.400318767083606,0.688921746953817
"sel_coff_dev.597",0.13490785355208,0.295465914448091,-2.51988545985071e-06,"fixed_effect",NA,NA,NA,"Rceattle","nonparametric_pm",0.456593627065505,0.647963160711329
"sel_coff_dev.598",0.1046679015911,0.343139690459772,-1.66681734567464e-06,"fixed_effect",NA,NA,NA,"Rceattle","nonparametric_pm",0.305030005275274,0.760343299722329
"sel_coff_dev.599",0.0881946121763325,0.287696145584156,-7.37161094249705e-07,"fixed_effect",NA,NA,NA,"Rceattle","nonparametric_pm",0.306554722856147,0.759182321117144
"sel_coff_dev.600",-0.0141106483838479,0.415695855537603,-1.18815854263307e-06,"fixed_effect",NA,NA,NA,"Rceattle","nonparametric_pm",-0.0339446453359492,0.972921291854711
"sel_coff_dev.601",0.134749869029676,0.357374163780525,2.12943059385573e-06,"fixed_effect",NA,NA,NA,"Rceattle","nonparametric_pm",0.377055430096593,0.706132412404972
"sel_coff_dev.602",-0.0266959503849458,0.302315292944572,3.03059908070974e-06,"fixed_effect",NA,NA,NA,"Rceattle","nonparametric_pm",-0.0883049948447048,0.929634269154682
"sel_coff_dev.603",-0.139741858790524,0.262208200455809,1.49978720570543e-06,"fixed_effect",NA,NA,NA,"Rceattle","nonparametric_pm",-0.532942366209767,0.594073476804488
"sel_coff_dev.604",-0.099908643148215,0.247758586580192,1.28426438242291e-06,"fixed_effect",NA,NA,NA,"Rceattle","nonparametric_pm",-0.403249972189672,0.686764340801303
"sel_coff_dev.605",0.302422191002922,0.255263775153122,-1.28426703478457e-05,"fixed_effect",NA,NA,NA,"Rceattle","nonparametric_pm",1.18474386278081,0.236118734225929
"sel_coff_dev.606",0.148661126921324,0.266229107597485,6.70383045514589e-06,"fixed_effect",NA,NA,NA,"Rceattle","nonparametric_pm",0.558395467208215,0.576574367375546
"sel_coff_dev.607",-0.127004544876347,0.292356377866422,2.18680323560427e-06,"fixed_effect",NA,NA,NA,"Rceattle","nonparametric_pm",-0.434416877795549,0.663985743757593
"sel_coff_dev.608",-0.132336076053583,0.327798366231863,3.92240027963231e-06,"fixed_effect",NA,NA,NA,"Rceattle","nonparametric_pm",-0.403711823139402,0.686424644345458
"sel_coff_dev.609",-0.0152173450480783,0.311090606659421,-6.61382250400841e-06,"fixed_effect",NA,NA,NA,"Rceattle","nonparametric_pm",-0.0489161187201584,0.960986143358229
"sel_coff_dev.610",-0.0190279661800219,0.323072010803621,-9.07784146741974e-07,"fixed_effect",NA,NA,NA,"Rceattle","nonparametric_pm",-0.058896981303614,0.953034162450443
"sel_coff_dev.611",-0.0117901540883586,0.291748387973779,7.9532030941229e-07,"fixed_effect",NA,NA,NA,"Rceattle","nonparametric_pm",-0.0404120624975597,0.967764613623572
"sel_coff_dev.612",0.00485687875440223,0.417377553638617,-9.75728790691271e-07,"fixed_effect",NA,NA,NA,"Rceattle","nonparametric_pm",0.0116366553784718,0.990715501872961
"sel_coff_dev.613",-0.465362412881141,0.340247447827862,2.76941241772466e-06,"fixed_effect",NA,NA,NA,"Rceattle","nonparametric_pm",-1.36771757099726,0.171400497772932
"sel_coff_dev.614",1.0803754694577,0.282588944690689,2.32481846351718e-06,"fixed_effect",NA,NA,NA,"Rceattle","nonparametric_pm",3.82313423704608,0.000131765996404473
"sel_coff_dev.615",0.18837326700714,0.265499998748676,3.47288614865882e-07,"fixed_effect",NA,NA,NA,"Rceattle","nonparametric_pm",0.709503833879318,0.478011873186052
"sel_coff_dev.616",-0.18818584105813,0.256171103044852,1.74750060194517e-06,"fixed_effect",NA,NA,NA,"Rceattle","nonparametric_pm",-0.73460994944922,0.462577076831717
"sel_coff_dev.617",-0.108930160099246,0.247791843526878,-1.41872385142072e-05,"fixed_effect",NA,NA,NA,"Rceattle","nonparametric_pm",-0.439603493596958,0.660224309965308
"sel_coff_dev.618",-0.149037967332417,0.250862740996758,5.05570035075342e-06,"fixed_effect",NA,NA,NA,"Rceattle","nonparametric_pm",-0.594101645944875,0.5524441300811
"sel_coff_dev.619",-0.120104173128474,0.266026265787824,6.19774878751755e-06,"fixed_effect",NA,NA,NA,"Rceattle","nonparametric_pm",-0.451474867614259,0.651647334704936
"sel_coff_dev.620",-0.127622326024304,0.321093656530558,2.09552156982262e-06,"fixed_effect",NA,NA,NA,"Rceattle","nonparametric_pm",-0.39746137436433,0.691027264473397
"sel_coff_dev.621",-0.0636511295282148,0.349888035431746,-4.88237788548451e-06,"fixed_effect",NA,NA,NA,"Rceattle","nonparametric_pm",-0.181918565605344,0.855646634363007
"sel_coff_dev.622",-0.023977413890033,0.368320276640405,-2.31513208799605e-06,"fixed_effect",NA,NA,NA,"Rceattle","nonparametric_pm",-0.0650993589295176,0.948094890851801
"sel_coff_dev.623",-0.0267341912772807,0.292765435000346,1.82248646954375e-06,"fixed_effect",NA,NA,NA,"Rceattle","nonparametric_pm",-0.0913160779285609,0.927241443023652
"sel_coff_dev.624",0.0821210754792263,0.418770998456334,-8.96988206322558e-07,"fixed_effect",NA,NA,NA,"Rceattle","nonparametric_pm",0.196100197439507,0.844531741725562
"sel_coff_dev.625",0.0256852627491454,0.367934920518483,3.08453510564077e-06,"fixed_effect",NA,NA,NA,"Rceattle","nonparametric_pm",0.0698092551610769,0.944345480598739
"sel_coff_dev.626",-1.46015002967283,0.265415095278305,-2.56444234558728e-06,"fixed_effect",NA,NA,NA,"Rceattle","nonparametric_pm",-5.50138276099845,3.76824146420283e-08
"sel_coff_dev.627",1.05264250008734,0.249832602528487,-5.89648248450203e-07,"fixed_effect",NA,NA,NA,"Rceattle","nonparametric_pm",4.21339124451268,2.5156474448536e-05
"sel_coff_dev.628",0.280979995972341,0.259395450945672,6.54173511738243e-06,"fixed_effect",NA,NA,NA,"Rceattle","nonparametric_pm",1.08321096205804,0.278714795160486
"sel_coff_dev.629",-0.00449951942126803,0.262209781205898,-1.05301136891327e-05,"fixed_effect",NA,NA,NA,"Rceattle","nonparametric_pm",-0.0171599983821153,0.986308974153369
"sel_coff_dev.630",-0.100447442500259,0.259360313917221,6.33307625480528e-06,"fixed_effect",NA,NA,NA,"Rceattle","nonparametric_pm",-0.387289176910538,0.698542137147369
"sel_coff_dev.631",0.204926388659216,0.257460227014607,2.35870049952736e-06,"fixed_effect",NA,NA,NA,"Rceattle","nonparametric_pm",0.795953577123155,0.426059018524562
"sel_coff_dev.632",0.111740442287807,0.282564608409436,4.91696587584523e-07,"fixed_effect",NA,NA,NA,"Rceattle","nonparametric_pm",0.395450948074484,0.692510115413379
"sel_coff_dev.633",-0.0840796900997511,0.338704956364726,-4.84843182313455e-06,"fixed_effect",NA,NA,NA,"Rceattle","nonparametric_pm",-0.248238735571416,0.803949697439519
"sel_coff_dev.634",-0.040817768299812,0.372763044756218,-2.15542585406403e-06,"fixed_effect",NA,NA,NA,"Rceattle","nonparametric_pm",-0.10950057650298,0.91280546453642
"sel_coff_dev.635",-0.0681012152411605,0.295806129978265,2.77530659806291e-06,"fixed_effect",NA,NA,NA,"Rceattle","nonparametric_pm",-0.230222461063144,0.817918909175444
"sel_coff_dev.636",0.0635068819046329,0.418390440654798,-8.44598262828011e-07,"fixed_effect",NA,NA,NA,"Rceattle","nonparametric_pm",0.151788558565636,0.879353706509711
"sel_coff_dev.637",0.288046937322127,0.383173878502216,3.09665049036401e-06,"fixed_effect",NA,NA,NA,"Rceattle","nonparametric_pm",0.751739493433296,0.452207735207638
"sel_coff_dev.638",-0.248452499906934,0.312179048530672,-1.23317746220097e-06,"fixed_effect",NA,NA,NA,"Rceattle","nonparametric_pm",-0.795865389033383,0.426110280261843
"sel_coff_dev.639",-1.11793394400985,0.243060897563228,-7.24859742007311e-06,"fixed_effect",NA,NA,NA,"Rceattle","nonparametric_pm",-4.59939856726249,4.2371243742249e-06
"sel_coff_dev.640",0.58686633169694,0.249856935148999,1.32988305392434e-05,"fixed_effect",NA,NA,NA,"Rceattle","nonparametric_pm",2.34880945508665,0.0188335419796918
"sel_coff_dev.641",0.327109259829164,0.262170351875343,-7.30031118478802e-06,"fixed_effect",NA,NA,NA,"Rceattle","nonparametric_pm",1.24769737496747,0.212141902988963
"sel_coff_dev.642",0.185375004471781,0.269239059297174,7.6317051908581e-06,"fixed_effect",NA,NA,NA,"Rceattle","nonparametric_pm",0.688514530379386,0.491128823260471
"sel_coff_dev.643",-0.0797551312369321,0.2735285992565,-3.22157596183148e-07,"fixed_effect",NA,NA,NA,"Rceattle","nonparametric_pm",-0.291578765268864,0.770608713114698
"sel_coff_dev.644",0.0688731907966293,0.269436810052961,-3.90445378320448e-06,"fixed_effect",NA,NA,NA,"Rceattle","nonparametric_pm",0.255619084797996,0.798244980350314
"sel_coff_dev.645",0.0460971925320452,0.288628615434274,-2.47965720986953e-06,"fixed_effect",NA,NA,NA,"Rceattle","nonparametric_pm",0.159711096083411,0.87310865969851
"sel_coff_dev.646",-0.0594035992809868,0.303827814171383,-3.79715199044783e-06,"fixed_effect",NA,NA,NA,"Rceattle","nonparametric_pm",-0.195517317737995,0.844987981695125
"sel_coff_dev.647",-0.0603296241186238,0.279954081832187,3.10291868033108e-06,"fixed_effect",NA,NA,NA,"Rceattle","nonparametric_pm",-0.21549828358919,0.829378850126939
"sel_coff_dev.648",0.0371868863690675,0.41813542806205,-7.91891678134093e-07,"fixed_effect",NA,NA,NA,"Rceattle","nonparametric_pm",0.0889350288766947,0.929133544822416
"sel_coff_dev.649",0.329494527226446,0.384562506325745,2.97067741883428e-06,"fixed_effect",NA,NA,NA,"Rceattle","nonparametric_pm",0.856803567187454,0.391553453931632
"sel_coff_dev.650",0.150589449769049,0.346654666448685,-1.1171767059226e-06,"fixed_effect",NA,NA,NA,"Rceattle","nonparametric_pm",0.434407681026676,0.6639924209917
"sel_coff_dev.651",-0.585085698594511,0.268859358152463,9.442608466248e-07,"fixed_effect",NA,NA,NA,"Rceattle","nonparametric_pm",-2.17617754730607,0.0295419871246275
"sel_coff_dev.652",0.0139344690227749,0.242141041396313,1.49449889000688e-06,"fixed_effect",NA,NA,NA,"Rceattle","nonparametric_pm",0.057546911264697,0.954109538211784
"sel_coff_dev.653",0.169414486701074,0.249226913504835,-8.56719180153398e-07,"fixed_effect",NA,NA,NA,"Rceattle","nonparametric_pm",0.679759999907823,0.496656437960743
"sel_coff_dev.654",0.106220803177378,0.266840307299286,4.6306707890964e-06,"fixed_effect",NA,NA,NA,"Rceattle","nonparametric_pm",0.398068808466186,0.690579465775914
"sel_coff_dev.655",0.0786421156410848,0.279403114575669,-4.08711527591366e-06,"fixed_effect",NA,NA,NA,"Rceattle","nonparametric_pm",0.28146470650665,0.778353994427531
"sel_coff_dev.656",-0.0403182020649808,0.266570826783151,-5.33172067677945e-06,"fixed_effect",NA,NA,NA,"Rceattle","nonparametric_pm",-0.151247616070826,0.879780390107166
"sel_coff_dev.657",-0.0831642992072469,0.267341749554778,-1.54235235533262e-06,"fixed_effect",NA,NA,NA,"Rceattle","nonparametric_pm",-0.311078607608972,0.75574086355044
"sel_coff_dev.658",-0.0864449264919409,0.275932821038136,-2.33023999504645e-06,"fixed_effect",NA,NA,NA,"Rceattle","nonparametric_pm",-0.313282509006037,0.754066037572153
"sel_coff_dev.659",-0.0904696115481925,0.274062256952279,6.01710792655363e-06,"fixed_effect",NA,NA,NA,"Rceattle","nonparametric_pm",-0.330106058945378,0.741319825238593
"sel_coff_dev.660",0.0571668373084531,0.417767334245908,-7.9968914666606e-07,"fixed_effect",NA,NA,NA,"Rceattle","nonparametric_pm",0.136838935508546,0.891158107017564
"sel_coff_dev.661",0.483527330650337,0.376389027923728,2.9574607895988e-06,"fixed_effect",NA,NA,NA,"Rceattle","nonparametric_pm",1.28464778401649,0.198915392644772
"sel_coff_dev.662",0.189978706241355,0.350935584053457,-1.55156963188574e-06,"fixed_effect",NA,NA,NA,"Rceattle","nonparametric_pm",0.541349224399016,0.588266897872538
"sel_coff_dev.663",-0.351692385382795,0.306195931935025,2.93979095733476e-07,"fixed_effect",NA,NA,NA,"Rceattle","nonparametric_pm",-1.14858608068452,0.250726699329284
"sel_coff_dev.664",-1.23787563761186,0.254209104918804,7.86590959167555e-06,"fixed_effect",NA,NA,NA,"Rceattle","nonparametric_pm",-4.86951731334424,1.11871181914667e-06
"sel_coff_dev.665",0.102358205960179,0.245290794363975,-4.36426673605661e-07,"fixed_effect",NA,NA,NA,"Rceattle","nonparametric_pm",0.417293303752338,0.676463885832296
"sel_coff_dev.666",0.429034841842913,0.256997377329129,-2.01281449574431e-06,"fixed_effect",NA,NA,NA,"Rceattle","nonparametric_pm",1.66941330803333,0.0950354980407447
"sel_coff_dev.667",0.216222984404219,0.264434877017509,-6.85252282722759e-06,"fixed_effect",NA,NA,NA,"Rceattle","nonparametric_pm",0.817679524134412,0.413540205306258
"sel_coff_dev.668",0.124312427135255,0.258478552439299,-2.96878485248064e-06,"fixed_effect",NA,NA,NA,"Rceattle","nonparametric_pm",0.480939041023329,0.630559824332933
"sel_coff_dev.669",0.125961513804615,0.262588769727683,-3.48582384418483e-06,"fixed_effect",NA,NA,NA,"Rceattle","nonparametric_pm",0.479691168572223,0.631447008543153
"sel_coff_dev.670",-0.0557019805962559,0.271128302559563,-7.63452429872191e-07,"fixed_effect",NA,NA,NA,"Rceattle","nonparametric_pm",-0.205445097654528,0.837224388806914
"sel_coff_dev.671",-0.0832928437564136,0.270693410731959,7.75373442979399e-06,"fixed_effect",NA,NA,NA,"Rceattle","nonparametric_pm",-0.307701777930938,0.758309266733548
"sel_coff_dev.672",-0.00444926907972412,0.425014124448776,-2.14210492122113e-07,"fixed_effect",NA,NA,NA,"Rceattle","nonparametric_pm",-0.0104685205120997,0.991647481667865
"sel_coff_dev.673",0.657948030877753,0.331159294718311,2.86196056697996e-06,"fixed_effect",NA,NA,NA,"Rceattle","nonparametric_pm",1.98680224704976,0.0469443155236478
"sel_coff_dev.674",0.425471629090374,0.328262481971724,3.31598568048541e-07,"fixed_effect",NA,NA,NA,"Rceattle","nonparametric_pm",1.29613237106707,0.194929884149816
"sel_coff_dev.675",0.486963321899547,0.313133087945456,-4.73039837856071e-07,"fixed_effect",NA,NA,NA,"Rceattle","nonparametric_pm",1.55513211680897,0.119914607345874
"sel_coff_dev.676",0.180877160252335,0.278308251602106,1.02026509992137e-05,"fixed_effect",NA,NA,NA,"Rceattle","nonparametric_pm",0.649916627376656,0.515746077176716
"sel_coff_dev.677",-0.413654901034585,0.244985691511584,-8.68211919669015e-06,"fixed_effect",NA,NA,NA,"Rceattle","nonparametric_pm",-1.68848596210781,0.0913179814514861
"sel_coff_dev.678",-0.496395038336122,0.245278344510901,-4.26438972034315e-06,"fixed_effect",NA,NA,NA,"Rceattle","nonparametric_pm",-2.02380295466346,0.0429904300984439
"sel_coff_dev.679",-0.436643986202821,0.261170181243661,3.13891156689117e-06,"fixed_effect",NA,NA,NA,"Rceattle","nonparametric_pm",-1.67187534244367,0.0945489059616203
"sel_coff_dev.680",-0.188475597414327,0.270604889311018,-6.17335008956665e-06,"fixed_effect",NA,NA,NA,"Rceattle","nonparametric_pm",-0.696497383673298,0.486117395190462
"sel_coff_dev.681",-0.142124567144659,0.264512561782069,-2.29318009425938e-06,"fixed_effect",NA,NA,NA,"Rceattle","nonparametric_pm",-0.537307438962976,0.59105526781188
"sel_coff_dev.682",-0.00843704312744811,0.268939214773711,1.64771949654266e-06,"fixed_effect",NA,NA,NA,"Rceattle","nonparametric_pm",-0.0313715615424368,0.974973220585576
"sel_coff_dev.683",-0.061079739780323,0.268820390739467,3.91744823279028e-06,"fixed_effect",NA,NA,NA,"Rceattle","nonparametric_pm",-0.227213938690833,0.82025738961703
"sel_coff_dev.684",-0.0112416365580994,0.425024581598593,-2.26907571693885e-07,"fixed_effect",NA,NA,NA,"Rceattle","nonparametric_pm",-0.0264493797413261,0.978898908570925
"sel_coff_dev.685",0.481186642909426,0.284446196441498,-1.61055944680744e-06,"fixed_effect",NA,NA,NA,"Rceattle","nonparametric_pm",1.69166137191921,0.0907105575485227
"sel_coff_dev.686",0.947394930814499,0.273225649735309,1.88786513044548e-06,"fixed_effect",NA,NA,NA,"Rceattle","nonparametric_pm",3.46744506503068,0.000525431128217344
"sel_coff_dev.687",-0.148296527051599,0.28747389368833,3.10407538073321e-06,"fixed_effect",NA,NA,NA,"Rceattle","nonparametric_pm",-0.515860849654672,0.605951599577512
"sel_coff_dev.688",-0.124836562684403,0.292167678877757,1.8471377912499e-06,"fixed_effect",NA,NA,NA,"Rceattle","nonparametric_pm",-0.427277114169206,0.66917749995478
"sel_coff_dev.689",-0.597989917732439,0.273810118970627,-8.11104888542857e-06,"fixed_effect",NA,NA,NA,"Rceattle","nonparametric_pm",-2.18395843068381,0.0289653027816475
"sel_coff_dev.690",-0.172497978792556,0.252518354651744,-2.60794555284605e-07,"fixed_effect",NA,NA,NA,"Rceattle","nonparametric_pm",-0.683110655581667,0.494536922737914
"sel_coff_dev.691",0.0741434111924746,0.256631758071265,3.46158043607048e-06,"fixed_effect",NA,NA,NA,"Rceattle","nonparametric_pm",0.288909727111347,0.772650459843687
"sel_coff_dev.692",-0.141895907832513,0.273059692687303,-4.25675861770447e-06,"fixed_effect",NA,NA,NA,"Rceattle","nonparametric_pm",-0.519651605976891,0.603306422503155
"sel_coff_dev.693",-0.132415654424178,0.267516842106234,-1.23729980505694e-06,"fixed_effect",NA,NA,NA,"Rceattle","nonparametric_pm",-0.494980627692945,0.620613795183084
"sel_coff_dev.694",-0.099876170193608,0.2710884702461,3.43946466846434e-06,"fixed_effect",NA,NA,NA,"Rceattle","nonparametric_pm",-0.368426477536792,0.712555257574608
"sel_coff_dev.695",-0.0736746296470069,0.267926339898023,1.96324546700155e-06,"fixed_effect",NA,NA,NA,"Rceattle","nonparametric_pm",-0.274980913317625,0.783330902220622
"sel_coff_dev.696",0.0223104202737941,0.427408859779393,-9.13632314317181e-08,"fixed_effect",NA,NA,NA,"Rceattle","nonparametric_pm",0.0521992461394218,0.958369933610022
"sel_coff_dev.697",0.206568129035679,0.318515073843458,-2.15395851815847e-06,"fixed_effect",NA,NA,NA,"Rceattle","nonparametric_pm",0.648534860667856,0.516639071077759
"sel_coff_dev.698",-0.27357522007103,0.269061928924985,1.15510151424969e-05,"fixed_effect",NA,NA,NA,"Rceattle","nonparametric_pm",-1.01677417226613,0.309260871441631
"sel_coff_dev.699",0.598732719024504,0.251964745980327,1.61886444027814e-06,"fixed_effect",NA,NA,NA,"Rceattle","nonparametric_pm",2.37625591903739,0.01748932800651
"sel_coff_dev.700",0.0656653138868612,0.286300888812663,1.73348082282976e-06,"fixed_effect",NA,NA,NA,"Rceattle","nonparametric_pm",0.22935770181918,0.818590908956418
"sel_coff_dev.701",-0.0694195143807197,0.302211556018415,-8.82220489517582e-06,"fixed_effect",NA,NA,NA,"Rceattle","nonparametric_pm",-0.2297050294678,0.818320986455149
"sel_coff_dev.702",-0.207626812328962,0.289838821896851,-5.83193001002513e-07,"fixed_effect",NA,NA,NA,"Rceattle","nonparametric_pm",-0.716352664457258,0.473773615502023
"sel_coff_dev.703",-0.0426155544570597,0.259373113855633,-7.81609708604136e-06,"fixed_effect",NA,NA,NA,"Rceattle","nonparametric_pm",-0.164302127632163,0.869493306848135
"sel_coff_dev.704",-0.097920583138099,0.259804894827246,7.44124733978446e-06,"fixed_effect",NA,NA,NA,"Rceattle","nonparametric_pm",-0.376900455255895,0.706247583090219
"sel_coff_dev.705",-0.178785491993745,0.285138064340269,-3.21271250497412e-06,"fixed_effect",NA,NA,NA,"Rceattle","nonparametric_pm",-0.627013767549436,0.53065021055833
"sel_coff_dev.706",-0.0262096557377199,0.301766465287008,3.04248442292709e-06,"fixed_effect",NA,NA,NA,"Rceattle","nonparametric_pm",-0.0868541032642315,0.930787481880755
"sel_coff_dev.707",0.0028762498864986,0.275491801578456,-2.70756292885654e-06,"fixed_effect",NA,NA,NA,"Rceattle","nonparametric_pm",0.0104404191704394,0.99166990206925
"sel_coff_dev.708",0.0402168539823918,0.429781665977302,-5.37636532516039e-10,"fixed_effect",NA,NA,NA,"Rceattle","nonparametric_pm",0.0935750804793886,0.925446705633195
"sel_coff_dev.709",-0.35178177009443,0.363405291383433,-7.15854619137701e-07,"fixed_effect",NA,NA,NA,"Rceattle","nonparametric_pm",-0.968014991623392,0.333036882604412
"sel_coff_dev.710",-0.0492447907041496,0.326741770492539,3.81504034896452e-06,"fixed_effect",NA,NA,NA,"Rceattle","nonparametric_pm",-0.150714708529359,0.880200770047022
"sel_coff_dev.711",0.0158857435574031,0.28468333435188,4.01835218208357e-06,"fixed_effect",NA,NA,NA,"Rceattle","nonparametric_pm",0.0558014524930626,0.95549997782669
"sel_coff_dev.712",0.565007353720679,0.266032220080193,-2.56445070134781e-06,"fixed_effect",NA,NA,NA,"Rceattle","nonparametric_pm",2.12383054033967,0.0336843162442325
"sel_coff_dev.713",0.246102032375753,0.290471987631268,-4.91327183993473e-07,"fixed_effect",NA,NA,NA,"Rceattle","nonparametric_pm",0.847248763581848,0.39685647852095
"sel_coff_dev.714",-0.32168162045225,0.30726665987907,-2.82410016194667e-06,"fixed_effect",NA,NA,NA,"Rceattle","nonparametric_pm",-1.04691351993364,0.295139465705772
"sel_coff_dev.715",-0.183521695698002,0.285074626882936,-9.03352613440545e-06,"fixed_effect",NA,NA,NA,"Rceattle","nonparametric_pm",-0.643767204765523,0.519726403042693
"sel_coff_dev.716",-0.0126364746112411,0.271115357373248,1.60388587255138e-05,"fixed_effect",NA,NA,NA,"Rceattle","nonparametric_pm",-0.0466092173223676,0.962824685655181
"sel_coff_dev.717",0.0437898798086963,0.295103462410513,-6.62213017907365e-06,"fixed_effect",NA,NA,NA,"Rceattle","nonparametric_pm",0.148388227813407,0.882036390066046
"sel_coff_dev.718",-0.0126650629521051,0.312797698909752,3.72754154149071e-06,"fixed_effect",NA,NA,NA,"Rceattle","nonparametric_pm",-0.0404896295473042,0.967702774685499
"sel_coff_dev.719",0.0205295510672539,0.283121694245007,-5.34786618317656e-06,"fixed_effect",NA,NA,NA,"Rceattle","nonparametric_pm",0.0725114022858597,0.942194931645036
"sel_coff_dev.720",0.0187508336501802,0.432812531291529,4.35614733174106e-09,"fixed_effect",NA,NA,NA,"Rceattle","nonparametric_pm",0.0433232226299618,0.965443879617025
"sel_coff_dev.721",-0.0348496823996633,0.42985771281098,5.59395978844135e-08,"fixed_effect",NA,NA,NA,"Rceattle","nonparametric_pm",-0.0810725999814446,0.93538421598784
"sel_coff_dev.722",0.0150502956367702,0.430637487732097,1.69591104451361e-07,"fixed_effect",NA,NA,NA,"Rceattle","nonparametric_pm",0.034948874785683,0.972120507952649
"sel_coff_dev.723",0.0433376340205127,0.437950477236749,3.45877209179113e-07,"fixed_effect",NA,NA,NA,"Rceattle","nonparametric_pm",0.0989555583863084,0.921173556117073
"sel_coff_dev.724",-0.0472818649357456,0.325865488377505,-1.23830155225602e-06,"fixed_effect",NA,NA,NA,"Rceattle","nonparametric_pm",-0.14509626401729,0.884634867957898
"sel_coff_dev.725",-0.0285938266004878,0.308238515879754,6.78313963308613e-06,"fixed_effect",NA,NA,NA,"Rceattle","nonparametric_pm",-0.0927652617288179,0.926090049095599
"sel_coff_dev.726",0.0552958803312707,0.328054358621052,-2.33392264767374e-06,"fixed_effect",NA,NA,NA,"Rceattle","nonparametric_pm",0.168557066468198,0.866145053250318
"sel_coff_dev.727",-0.026216988877462,0.327827370679156,-6.54541194363562e-06,"fixed_effect",NA,NA,NA,"Rceattle","nonparametric_pm",-0.079971934079661,0.93625957781737
"sel_coff_dev.728",-0.0231496219454679,0.307215736018752,1.02599627627084e-05,"fixed_effect",NA,NA,NA,"Rceattle","nonparametric_pm",-0.0753529823877733,0.939933867417494
"sel_coff_dev.729",0.0188330532579356,0.327683328756384,-5.08021601128977e-06,"fixed_effect",NA,NA,NA,"Rceattle","nonparametric_pm",0.0574733335669238,0.954168147717703
"sel_coff_dev.730",0.00404447547676052,0.329508210118589,1.52942867809314e-06,"fixed_effect",NA,NA,NA,"Rceattle","nonparametric_pm",0.0122742783110167,0.99020678874538
"sel_coff_dev.731",0.0047798123853966,0.293241933763856,-3.95044297809774e-06,"fixed_effect",NA,NA,NA,"Rceattle","nonparametric_pm",0.0162998938250275,0.986995142246108
"sel_coff_dev.732",0.56543867651469,0.376784122149487,1.40506397924631e-05,"fixed_effect",NA,NA,NA,"Rceattle","nonparametric_pm",1.50069666760097,0.133434035385376
"sel_coff_dev.733",0.447312726748632,0.416597974811603,1.20506294117534e-05,"fixed_effect",NA,NA,NA,"Rceattle","nonparametric_pm",1.07372755940765,0.282944805623464
"sel_coff_dev.734",0.394142801832725,0.414612973363089,1.77715767989977e-05,"fixed_effect",NA,NA,NA,"Rceattle","nonparametric_pm",0.950628241648296,0.341793126918457
"sel_coff_dev.735",0.438915813688755,0.408808891220478,2.15134672507991e-05,"fixed_effect",NA,NA,NA,"Rceattle","nonparametric_pm",1.07364546886051,0.282981610492735
"sel_coff_dev.736",0.495070667268674,0.424798206211406,1.71289976850043e-05,"fixed_effect",NA,NA,NA,"Rceattle","nonparametric_pm",1.16542551270166,0.243846795167633
"sel_coff_dev.737",0.267626070444251,0.428070944258155,8.51668180141435e-06,"fixed_effect",NA,NA,NA,"Rceattle","nonparametric_pm",0.625190926957319,0.531845756023946
"sel_coff_dev.738",0.501967885711823,0.398346521716169,2.31488208439993e-05,"fixed_effect",NA,NA,NA,"Rceattle","nonparametric_pm",1.26012870289222,0.207622937426325
"sel_coff_dev.739",0.553625362300402,0.355121664363424,1.65798808436391e-05,"fixed_effect",NA,NA,NA,"Rceattle","nonparametric_pm",1.55897377675566,0.119002586895309
"sel_coff_dev.740",0.575696255921029,0.3689508428898,1.0520561364857e-05,"fixed_effect",NA,NA,NA,"Rceattle","nonparametric_pm",1.56036032174883,0.118674755831848
"sel_coff_dev.741",0.54844178381762,0.367552207224889,1.88319619958385e-05,"fixed_effect",NA,NA,NA,"Rceattle","nonparametric_pm",1.49214662036311,0.135660712434561
"sel_coff_dev.742",0.541422246455904,0.366411603263418,2.42316343639371e-05,"fixed_effect",NA,NA,NA,"Rceattle","nonparametric_pm",1.47763400949579,0.139505766190926
"sel_coff_dev.743",0.553497279137054,0.366724035229771,1.7298062421241e-05,"fixed_effect",NA,NA,NA,"Rceattle","nonparametric_pm",1.50930188906288,0.131221652192535
"sel_coff_dev.744",0.557093303531661,0.366466812680976,3.57176624276508e-06,"fixed_effect",NA,NA,NA,"Rceattle","nonparametric_pm",1.52017395369614,0.128467261761445
"sel_coff_dev.745",0.55884447460037,0.344350604670648,1.2693378913485e-05,"fixed_effect",NA,NA,NA,"Rceattle","nonparametric_pm",1.6228938384902,0.104612100940606
"sel_coff_dev.746",0.562631466049583,0.345062144132194,1.64836261166756e-05,"fixed_effect",NA,NA,NA,"Rceattle","nonparametric_pm",1.63052214106117,0.102991189595966
"sel_coff_dev.747",0.561633245133427,0.346617261557281,1.29328818454269e-05,"fixed_effect",NA,NA,NA,"Rceattle","nonparametric_pm",1.62032681987655,0.105162090610979
"sel_coff_dev.748",0.556979129747276,0.345295103565944,1.87850765401084e-05,"fixed_effect",NA,NA,NA,"Rceattle","nonparametric_pm",1.61305249913834,0.106733102484262
"sel_coff_dev.749",0.549492885899845,0.344834890535647,2.30375345232825e-05,"fixed_effect",NA,NA,NA,"Rceattle","nonparametric_pm",1.59349561480363,0.111049051298747
"sel_coff_dev.750",0.549282489480596,0.34499073689012,1.63184872160267e-05,"fixed_effect",NA,NA,NA,"Rceattle","nonparametric_pm",1.59216590692272,0.111347431466123
"sel_coff_dev.751",0.553978966305736,0.344061114836961,8.48558033465471e-06,"fixed_effect",NA,NA,NA,"Rceattle","nonparametric_pm",1.61011791921981,0.107372115850122
"sel_coff_dev.752",0.561859726693382,0.32465084350541,1.43475501263867e-06,"fixed_effect",NA,NA,NA,"Rceattle","nonparametric_pm",1.73065845333009,0.0835126994882476
"sel_coff_dev.753",0.609890850194338,0.33175255435332,1.3599367793923e-05,"fixed_effect",NA,NA,NA,"Rceattle","nonparametric_pm",1.8383908192755,0.0660048369722205
"sel_coff_dev.754",0.596984661267896,0.329688659708396,1.51021555794657e-05,"fixed_effect",NA,NA,NA,"Rceattle","nonparametric_pm",1.81075279263751,0.0701791267667999
"sel_coff_dev.755",0.56675755766893,0.32861122024685,1.79099767169959e-05,"fixed_effect",NA,NA,NA,"Rceattle","nonparametric_pm",1.72470543532624,0.0845805710217832
"sel_coff_dev.756",0.580848787325256,0.327517476044249,1.87418224799992e-05,"fixed_effect",NA,NA,NA,"Rceattle","nonparametric_pm",1.77348944655027,0.0761476390981387
"sel_coff_dev.757",0.566396928839809,0.328373651063262,1.40013389606906e-05,"fixed_effect",NA,NA,NA,"Rceattle","nonparametric_pm",1.72485498457576,0.0845536097615451
"sel_coff_dev.758",0.570946591412325,0.32761152051197,1.28043633481435e-05,"fixed_effect",NA,NA,NA,"Rceattle","nonparametric_pm",1.74275492668905,0.0813764326703965
"sel_coff_dev.759",0.56379878848555,0.307920591838821,-6.76492208858244e-06,"fixed_effect",NA,NA,NA,"Rceattle","nonparametric_pm",1.83098760988569,0.067102392435926
"sel_coff_dev.760",0.557850010240172,0.314736896584991,7.64381992692695e-06,"fixed_effect",NA,NA,NA,"Rceattle","nonparametric_pm",1.7724328361023,0.0763227351192843
"sel_coff_dev.761",0.638778490012027,0.316617555389883,1.21315561074962e-05,"fixed_effect",NA,NA,NA,"Rceattle","nonparametric_pm",2.01750812340596,0.0436425141546452
"sel_coff_dev.762",0.629102486143438,0.316016564711614,1.308265167266e-05,"fixed_effect",NA,NA,NA,"Rceattle","nonparametric_pm",1.99072629853291,0.0465109858463785
"sel_coff_dev.763",0.590805626597588,0.316121305466726,9.91740832893318e-06,"fixed_effect",NA,NA,NA,"Rceattle","nonparametric_pm",1.86892062123214,0.061633858887676
"sel_coff_dev.764",0.597082184438182,0.315990358616486,6.37700692808986e-06,"fixed_effect",NA,NA,NA,"Rceattle","nonparametric_pm",1.88955823542342,0.0588170673088942
"sel_coff_dev.765",0.602182309597388,0.314697312086277,1.16032205991937e-05,"fixed_effect",NA,NA,NA,"Rceattle","nonparametric_pm",1.91352860818937,0.0556804147177333
"sel_coff_dev.766",0.57802125649992,0.2941955807362,1.93702756720119e-05,"fixed_effect",NA,NA,NA,"Rceattle","nonparametric_pm",1.96475166300415,0.0494429872301641
"sel_coff_dev.767",0.575161184241667,0.309871918253258,6.13049613074678e-06,"fixed_effect",NA,NA,NA,"Rceattle","nonparametric_pm",1.85612554852934,0.0634356649323201
"sel_coff_dev.768",0.655581537569234,0.3054042497602,1.12011504822338e-05,"fixed_effect",NA,NA,NA,"Rceattle","nonparametric_pm",2.14660253773151,0.0318249377144848
"sel_coff_dev.769",0.649568325204502,0.304164806857008,1.08941490016308e-05,"fixed_effect",NA,NA,NA,"Rceattle","nonparametric_pm",2.13558015444526,0.0327136504435043
"sel_coff_dev.770",0.614318115605257,0.304999428858825,6.46082017777444e-06,"fixed_effect",NA,NA,NA,"Rceattle","nonparametric_pm",2.01416152778963,0.0439925774314865
"sel_coff_dev.771",0.606457902518894,0.305046738125611,3.03836298764094e-06,"fixed_effect",NA,NA,NA,"Rceattle","nonparametric_pm",1.98808191244834,0.0468026314488204
"sel_coff_dev.772",0.62184860266609,0.303164312279291,1.24362580705562e-05,"fixed_effect",NA,NA,NA,"Rceattle","nonparametric_pm",2.05119328852009,0.0402481272390504
"sel_coff_dev.773",0.597319795363968,0.283182589875603,1.47494475858819e-05,"fixed_effect",NA,NA,NA,"Rceattle","nonparametric_pm",2.10930974120393,0.0349178545163982
"sel_coff_dev.774",0.593909295319068,0.298660615903156,7.88040157924898e-06,"fixed_effect",NA,NA,NA,"Rceattle","nonparametric_pm",1.9885758740672,0.0467480365416548
"sel_coff_dev.775",0.612342007468199,0.297412896465311,1.13993323059995e-05,"fixed_effect",NA,NA,NA,"Rceattle","nonparametric_pm",2.05889527571182,0.0395042717619494
"sel_coff_dev.776",0.669341114368865,0.296121527906051,8.6962660952691e-06,"fixed_effect",NA,NA,NA,"Rceattle","nonparametric_pm",2.26035951895136,0.0237989467645168
"sel_coff_dev.777",0.633214211919753,0.296911087253572,3.92014350212485e-06,"fixed_effect",NA,NA,NA,"Rceattle","nonparametric_pm",2.13267284080559,0.0329515733576794
"sel_coff_dev.778",0.638830663910459,0.297657760758248,4.08730048646085e-06,"fixed_effect",NA,NA,NA,"Rceattle","nonparametric_pm",2.14619186236943,0.0318576745604541
"sel_coff_dev.779",0.61070379023869,0.297051214189887,1.43565559398048e-05,"fixed_effect",NA,NA,NA,"Rceattle","nonparametric_pm",2.05588720417855,0.0397933897809228
"sel_coff_dev.780",0.61596109888492,0.275433524870723,-5.41902794573842e-06,"fixed_effect",NA,NA,NA,"Rceattle","nonparametric_pm",2.2363330650255,0.0253299620862672
"sel_coff_dev.781",0.646979610134144,0.289772494510151,4.56459469452161e-06,"fixed_effect",NA,NA,NA,"Rceattle","nonparametric_pm",2.23271574214743,0.0255676956732094
"sel_coff_dev.782",0.638775067897314,0.292695313553227,6.87282151586382e-06,"fixed_effect",NA,NA,NA,"Rceattle","nonparametric_pm",2.18238912042284,0.0290808265903051
"sel_coff_dev.783",0.621225574525144,0.292785858194325,4.29462060467311e-07,"fixed_effect",NA,NA,NA,"Rceattle","nonparametric_pm",2.12177452270536,0.0338566770822144
"sel_coff_dev.784",0.650138040884574,0.292888533858145,-3.34193136996172e-06,"fixed_effect",NA,NA,NA,"Rceattle","nonparametric_pm",2.21974562240615,0.026436040030235
"sel_coff_dev.785",0.655747125681367,0.292794597074388,3.15816651677786e-06,"fixed_effect",NA,NA,NA,"Rceattle","nonparametric_pm",2.23961484342133,0.0251159382304485
"sel_coff_dev.786",0.637904185944021,0.29247944638849,9.72303842655748e-06,"fixed_effect",NA,NA,NA,"Rceattle","nonparametric_pm",2.18102226949895,0.0291817693729271
"sel_coff_dev.787",0.623132859984898,0.270403365725478,1.49142271847476e-05,"fixed_effect",NA,NA,NA,"Rceattle","nonparametric_pm",2.30445674488209,0.0211970177916544
"sel_coff_dev.788",0.641610321045099,0.290726808432882,1.5231066236551e-06,"fixed_effect",NA,NA,NA,"Rceattle","nonparametric_pm",2.2069183248136,0.0273197659486211
"sel_coff_dev.789",0.651956435977186,0.287736818995202,4.00066369206077e-06,"fixed_effect",NA,NA,NA,"Rceattle","nonparametric_pm",2.26580817239124,0.0234631308013369
"sel_coff_dev.790",0.639407456245524,0.287770849799223,-3.44643811730496e-06,"fixed_effect",NA,NA,NA,"Rceattle","nonparametric_pm",2.22193268252026,0.0262878553007272
"sel_coff_dev.791",0.653731198123086,0.288228838094665,-4.78816954154819e-06,"fixed_effect",NA,NA,NA,"Rceattle","nonparametric_pm",2.26809781576532,0.0233232454783565
"sel_coff_dev.792",0.660123798450374,0.288004260104501,1.79261297766051e-06,"fixed_effect",NA,NA,NA,"Rceattle","nonparametric_pm",2.29206261813923,0.0219020301005648
"sel_coff_dev.793",0.647509426654673,0.287857412586195,5.45890842919112e-06,"fixed_effect",NA,NA,NA,"Rceattle","nonparametric_pm",2.24941029253775,0.0244864043726215
"sel_coff_dev.794",0.631662347626677,0.266074689702025,1.8462662233847e-05,"fixed_effect",NA,NA,NA,"Rceattle","nonparametric_pm",2.37400388715691,0.0175963652394698
"sel_coff_dev.795",0.5841413463516,0.281672411824351,8.15566332128205e-07,"fixed_effect",NA,NA,NA,"Rceattle","nonparametric_pm",2.07383230245448,0.0380948880330678
"sel_coff_dev.796",0.58113172726967,0.287705649357059,1.71051572655242e-06,"fixed_effect",NA,NA,NA,"Rceattle","nonparametric_pm",2.0198829205069,0.0433955332939856
"sel_coff_dev.797",0.652764990648186,0.287299974242602,-1.41446829790623e-06,"fixed_effect",NA,NA,NA,"Rceattle","nonparametric_pm",2.27206769638266,0.0230824218538642
"sel_coff_dev.798",0.66936127593635,0.287124233260381,-1.22564235175699e-06,"fixed_effect",NA,NA,NA,"Rceattle","nonparametric_pm",2.33126012505302,0.0197396474612471
"sel_coff_dev.799",0.65416313963313,0.287190909459415,5.05700115057794e-06,"fixed_effect",NA,NA,NA,"Rceattle","nonparametric_pm",2.2777989068821,0.0227385614947495
"sel_coff_dev.800",0.643119850763312,0.286688670594967,5.77334812138746e-06,"fixed_effect",NA,NA,NA,"Rceattle","nonparametric_pm",2.24326915126656,0.024879463405252
"sel_coff_dev.801",0.64126399073671,0.26443961401539,-1.01080206528029e-05,"fixed_effect",NA,NA,NA,"Rceattle","nonparametric_pm",2.42499215983347,0.0153087173586552
"sel_coff_dev.802",0.566309069791734,0.285329030674932,-1.72835747929005e-06,"fixed_effect",NA,NA,NA,"Rceattle","nonparametric_pm",1.98475797731538,0.0471714049161418
"sel_coff_dev.803",0.57873229886171,0.286115598561529,-4.7883801459678e-06,"fixed_effect",NA,NA,NA,"Rceattle","nonparametric_pm",2.02272194096141,0.0431018234700106
"sel_coff_dev.804",0.664084175188873,0.284768255821385,-5.63505031455203e-06,"fixed_effect",NA,NA,NA,"Rceattle","nonparametric_pm",2.33201616266318,0.0196998409037521
"sel_coff_dev.805",0.665283440302641,0.285035898536275,-5.07214641989427e-06,"fixed_effect",NA,NA,NA,"Rceattle","nonparametric_pm",2.3340338663271,0.019593948673033
"sel_coff_dev.806",0.648364649706766,0.285339658533766,2.56762152655188e-06,"fixed_effect",NA,NA,NA,"Rceattle","nonparametric_pm",2.27225564451302,0.0230710741508305
"sel_coff_dev.807",0.641551698428096,0.285006889958828,9.02436062934641e-07,"fixed_effect",NA,NA,NA,"Rceattle","nonparametric_pm",2.25100417228781,0.0243852731203656
"sel_coff_dev.808",0.63904083803639,0.263167804665007,1.06372051771413e-05,"fixed_effect",NA,NA,NA,"Rceattle","nonparametric_pm",2.42826374164515,0.0151713061293975
"sel_coff_dev.809",0.654869624046772,0.283723156965312,3.4040086356599e-07,"fixed_effect",NA,NA,NA,"Rceattle","nonparametric_pm",2.30812892063948,0.0209919670695064
"sel_coff_dev.810",0.618271830850809,0.286977052239065,-6.2120322562376e-06,"fixed_effect",NA,NA,NA,"Rceattle","nonparametric_pm",2.15442951283701,0.0312065041913086
"sel_coff_dev.811",0.55785243267322,0.28635870831593,-3.51873616196671e-06,"fixed_effect",NA,NA,NA,"Rceattle","nonparametric_pm",1.94808963887964,0.0514042383552643
"sel_coff_dev.812",0.589556191048468,0.285610898004607,-4.18129138807386e-06,"fixed_effect",NA,NA,NA,"Rceattle","nonparametric_pm",2.06419361154405,0.0389993629924196
"sel_coff_dev.813",0.619595305488634,0.28540438956769,5.62419101255634e-06,"fixed_effect",NA,NA,NA,"Rceattle","nonparametric_pm",2.17093824810177,0.0299358406072082
"sel_coff_dev.814",0.628280329033866,0.285113928021043,-3.86672778736475e-08,"fixed_effect",NA,NA,NA,"Rceattle","nonparametric_pm",2.20361149451631,0.0275516782159529
"sel_coff_dev.815",0.632795603530563,0.263631864248025,-1.75519055747804e-05,"fixed_effect",NA,NA,NA,"Rceattle","nonparametric_pm",2.40030015087717,0.0163816332144932
"sel_coff_dev.816",0.622029955716824,0.287909566579663,-5.3725717015884e-06,"fixed_effect",NA,NA,NA,"Rceattle","nonparametric_pm",2.16050464424117,0.0307336244694724
"sel_coff_dev.817",0.596365810430587,0.287219981296703,-9.83372385935098e-06,"fixed_effect",NA,NA,NA,"Rceattle","nonparametric_pm",2.07633817027002,0.0378626853718405
"sel_coff_dev.818",0.553983768160574,0.285674117472403,-8.33543855138903e-06,"fixed_effect",NA,NA,NA,"Rceattle","nonparametric_pm",1.93921582067753,0.0524750639774639
"sel_coff_dev.819",0.572204016061357,0.284948731816236,-9.71563855185389e-06,"fixed_effect",NA,NA,NA,"Rceattle","nonparametric_pm",2.00809462254555,0.044633237600583
"sel_coff_dev.820",0.598916958150523,0.284656338730397,1.69243499836926e-06,"fixed_effect",NA,NA,NA,"Rceattle","nonparametric_pm",2.10400007539536,0.0353784404329491
"sel_coff_dev.821",0.610776151695851,0.284550547660097,-6.03900332619695e-06,"fixed_effect",NA,NA,NA,"Rceattle","nonparametric_pm",2.14645923797497,0.0318363575278358
"sel_coff_dev.822",0.6151759482124,0.26387701674899,1.51383924629415e-05,"fixed_effect",NA,NA,NA,"Rceattle","nonparametric_pm",2.33129795005065,0.0197376542483279
"sel_coff_dev.823",0.622302162871585,0.287419580211623,-2.51077129612379e-06,"fixed_effect",NA,NA,NA,"Rceattle","nonparametric_pm",2.16513489586685,0.0303773562950311
"sel_coff_dev.824",0.604817072631118,0.285970783316361,-4.40725418778537e-06,"fixed_effect",NA,NA,NA,"Rceattle","nonparametric_pm",2.11496106566253,0.0344332658182701
"sel_coff_dev.825",0.57399892266448,0.285156892378967,-3.9503560579891e-06,"fixed_effect",NA,NA,NA,"Rceattle","nonparametric_pm",2.01292319423109,0.0441227100760519
"sel_coff_dev.826",0.586254119563327,0.284535826059177,-5.83890235434714e-06,"fixed_effect",NA,NA,NA,"Rceattle","nonparametric_pm",2.06038771174425,0.0393614907042552
"sel_coff_dev.827",0.595997700085781,0.284469855391081,2.38799491201254e-06,"fixed_effect",NA,NA,NA,"Rceattle","nonparametric_pm",2.09511724631217,0.0361605711959936
"sel_coff_dev.828",0.585217421690647,0.284305882245238,-9.12530321424011e-07,"fixed_effect",NA,NA,NA,"Rceattle","nonparametric_pm",2.05840771590455,0.0395510116836237
"sel_coff_dev.829",0.590063934817721,0.263083114435644,-3.11338044841667e-05,"fixed_effect",NA,NA,NA,"Rceattle","nonparametric_pm",2.24288030071221,0.0249045344015077
"sel_coff_dev.830",0.622266349724756,0.286002424385904,-4.9951717971323e-06,"fixed_effect",NA,NA,NA,"Rceattle","nonparametric_pm",2.17573802411245,0.0295748552391148
"sel_coff_dev.831",0.590309083302286,0.286162903652857,-6.98992689585672e-06,"fixed_effect",NA,NA,NA,"Rceattle","nonparametric_pm",2.06284279257379,0.0391275668381695
"sel_coff_dev.832",0.540863961239174,0.286409361154704,-6.65348040128424e-06,"fixed_effect",NA,NA,NA,"Rceattle","nonparametric_pm",1.88842976032137,0.058968279207447
"sel_coff_dev.833",0.531383494072354,0.286810386274122,-8.28110127040996e-06,"fixed_effect",NA,NA,NA,"Rceattle","nonparametric_pm",1.85273448767116,0.0639204242709854
"sel_coff_dev.834",0.54179578476971,0.286763428286641,-6.6465280518907e-06,"fixed_effect",NA,NA,NA,"Rceattle","nonparametric_pm",1.88934756432102,0.0588452720667689
"sel_coff_dev.835",0.55727516345802,0.286258725825818,-5.29451152832322e-06,"fixed_effect",NA,NA,NA,"Rceattle","nonparametric_pm",1.94675345476494,0.0515642996236877
"sel_coff_dev.836",0.573592962799953,0.264329167327023,-5.17938176434911e-06,"fixed_effect",NA,NA,NA,"Rceattle","nonparametric_pm",2.16999496726109,0.030007227208296
"sel_coff_dev.837",0.57072933522689,0.28460236471196,-6.035879995314e-06,"fixed_effect",NA,NA,NA,"Rceattle","nonparametric_pm",2.00535696814928,0.0449248985970325
"sel_coff_dev.838",0.565919041367954,0.287065062043669,-7.95174370835725e-06,"fixed_effect",NA,NA,NA,"Rceattle","nonparametric_pm",1.97139644002329,0.0486785479395162
"sel_coff_dev.839",0.535053910298759,0.287073733749056,-6.43218200611704e-06,"fixed_effect",NA,NA,NA,"Rceattle","nonparametric_pm",1.86382050113465,0.06234691575135
"sel_coff_dev.840",0.532297584371175,0.287957514798885,-1.01679926885205e-05,"fixed_effect",NA,NA,NA,"Rceattle","nonparametric_pm",1.84852819258057,0.0645259698103379
"sel_coff_dev.841",0.542293962079309,0.288347681406229,-1.23348918675948e-05,"fixed_effect",NA,NA,NA,"Rceattle","nonparametric_pm",1.88069472046601,0.0600134582736234
"sel_coff_dev.842",0.552554498719381,0.28773262630198,-7.62792299947207e-06,"fixed_effect",NA,NA,NA,"Rceattle","nonparametric_pm",1.92037484876486,0.0548105681251214
"sel_coff_dev.843",0.552552351021397,0.265167389226981,1.31171039373184e-06,"fixed_effect",NA,NA,NA,"Rceattle","nonparametric_pm",2.08378697181507,0.0371795489215914
"sel_coff_dev.844",0.583835898571723,0.285598347594065,-7.19690971182685e-06,"fixed_effect",NA,NA,NA,"Rceattle","nonparametric_pm",2.04425516985679,0.0409283455031871
"sel_coff_dev.845",0.540997222227177,0.287793315160687,-6.92594500252199e-06,"fixed_effect",NA,NA,NA,"Rceattle","nonparametric_pm",1.87981163469733,0.0601337542352212
"sel_coff_dev.846",0.560810398921332,0.287109025699051,-4.65139670331836e-06,"fixed_effect",NA,NA,NA,"Rceattle","nonparametric_pm",1.95330118081755,0.0507839176695982
"sel_coff_dev.847",0.532347398388337,0.288056372100949,-1.07596868196324e-05,"fixed_effect",NA,NA,NA,"Rceattle","nonparametric_pm",1.84806673258308,0.0645926896453061
"sel_coff_dev.848",0.536683195873391,0.288495804265797,-1.49975242628808e-05,"fixed_effect",NA,NA,NA,"Rceattle","nonparametric_pm",1.86028076643684,0.0628458132759962
"sel_coff_dev.849",0.544516850373421,0.288091183803112,-6.4778061478943e-06,"fixed_effect",NA,NA,NA,"Rceattle","nonparametric_pm",1.8900850875935,0.0587465811954532
"sel_coff_dev.850",0.534676940440956,0.265488724410028,-2.84579671259094e-06,"fixed_effect",NA,NA,NA,"Rceattle","nonparametric_pm",2.01393464686352,0.0440163953727233
"sel_coff_dev.851",0.566458863007688,0.284409322151785,-9.14102207407588e-06,"fixed_effect",NA,NA,NA,"Rceattle","nonparametric_pm",1.99170286937844,0.0464036687141358
"sel_coff_dev.852",0.541397647709518,0.289346644521298,-7.1688110574959e-06,"fixed_effect",NA,NA,NA,"Rceattle","nonparametric_pm",1.87110394387058,0.0613306750591421
"sel_coff_dev.853",0.512745939130587,0.28877160560749,-4.45634210088761e-06,"fixed_effect",NA,NA,NA,"Rceattle","nonparametric_pm",1.77561065275764,0.0757971129582675
"sel_coff_dev.854",0.524379794102728,0.289065232604533,-1.10353401094869e-05,"fixed_effect",NA,NA,NA,"Rceattle","nonparametric_pm",1.81405349020346,0.069669491034695
"sel_coff_dev.855",0.533757848705296,0.289035105682715,-1.60958823174698e-05,"fixed_effect",NA,NA,NA,"Rceattle","nonparametric_pm",1.84668864857967,0.0647922778131038
"sel_coff_dev.856",0.540280468827864,0.288757267276534,-6.9402645024394e-06,"fixed_effect",NA,NA,NA,"Rceattle","nonparametric_pm",1.87105409994913,0.0613375827599376
"sel_coff_dev.857",0.527203762481503,0.26659859243858,2.26774183961466e-06,"fixed_effect",NA,NA,NA,"Rceattle","nonparametric_pm",1.97751892708497,0.0479830032407037
"sel_coff_dev.858",0.573116377975185,0.289828774999879,-8.73368224147245e-06,"fixed_effect",NA,NA,NA,"Rceattle","nonparametric_pm",1.97743090890622,0.0479929430565355
"sel_coff_dev.859",0.537013408159002,0.289613688505283,-4.571696869636e-06,"fixed_effect",NA,NA,NA,"Rceattle","nonparametric_pm",1.85424042258005,0.0637047713667053
"sel_coff_dev.860",0.50798128625456,0.288095163939398,-5.01180358528839e-06,"fixed_effect",NA,NA,NA,"Rceattle","nonparametric_pm",1.76324128218069,0.0778598038871016
"sel_coff_dev.861",0.521750828586136,0.289327423552687,-8.92723431302011e-06,"fixed_effect",NA,NA,NA,"Rceattle","nonparametric_pm",1.80332310770785,0.0713374856339975
"sel_coff_dev.862",0.532497617690092,0.289302488062901,-1.38351873075922e-05,"fixed_effect",NA,NA,NA,"Rceattle","nonparametric_pm",1.84062577980427,0.0656764171952922
"sel_coff_dev.863",0.53947981593979,0.28947432578541,-8.91761542709982e-06,"fixed_effect",NA,NA,NA,"Rceattle","nonparametric_pm",1.86365341546632,0.0623703912575968
"sel_coff_dev.864",0.522632312718308,0.267838961106569,-2.46809379269288e-06,"fixed_effect",NA,NA,NA,"Rceattle","nonparametric_pm",1.95129308506525,0.0510221911847558
"sel_coff_dev.865",0.557677483106766,0.287462603625696,-4.89537883852499e-06,"fixed_effect",NA,NA,NA,"Rceattle","nonparametric_pm",1.94000011157248,0.0523796763214656
"sel_coff_dev.866",0.569246951907973,0.28960372189261,-8.99567621627391e-07,"fixed_effect",NA,NA,NA,"Rceattle","nonparametric_pm",1.96560647835548,0.0493440851939701
"sel_coff_dev.867",0.596624891266496,0.289046531038633,-8.77589880522344e-06,"fixed_effect",NA,NA,NA,"Rceattle","nonparametric_pm",2.06411365368282,0.0390069417046897
"sel_coff_dev.868",0.584786580540508,0.289019510577121,-4.94692326009178e-06,"fixed_effect",NA,NA,NA,"Rceattle","nonparametric_pm",2.02334638022461,0.0430374482254292
"sel_coff_dev.869",0.579024065046249,0.28906734758793,-8.92119397224374e-06,"fixed_effect",NA,NA,NA,"Rceattle","nonparametric_pm",2.00307668741492,0.0451690578279213
"sel_coff_dev.870",0.560154976114365,0.289309813850424,-1.15841457914615e-05,"fixed_effect",NA,NA,NA,"Rceattle","nonparametric_pm",1.93617689168322,0.0528460396733733
"sel_coff_dev.871",0.520821186618579,0.267270998920742,-9.66630742023428e-06,"fixed_effect",NA,NA,NA,"Rceattle","nonparametric_pm",1.94866329950384,0.051335647362365
"sel_coff_dev.872",0.596479220352593,0.291718565770703,-1.26548700959347e-06,"fixed_effect",NA,NA,NA,"Rceattle","nonparametric_pm",2.04470777777455,0.0408836763734511
"sel_coff_dev.873",0.5773394160547,0.289041737888238,7.48375163683819e-07,"fixed_effect",NA,NA,NA,"Rceattle","nonparametric_pm",1.99742577066132,0.0457789506370024
"sel_coff_dev.874",0.612725632148421,0.288474025599371,-8.9006934853477e-06,"fixed_effect",NA,NA,NA,"Rceattle","nonparametric_pm",2.12402357846722,0.0336681720047533
"sel_coff_dev.875",0.596238014378854,0.288483078675169,-2.96396895064553e-06,"fixed_effect",NA,NA,NA,"Rceattle","nonparametric_pm",2.0668041159191,0.0387526154975978
"sel_coff_dev.876",0.600732450219464,0.288112805497835,-3.60757959045015e-06,"fixed_effect",NA,NA,NA,"Rceattle","nonparametric_pm",2.08505987500781,0.0370638658953815
"sel_coff_dev.877",0.589890771324892,0.289454619453727,-1.31017839850625e-05,"fixed_effect",NA,NA,NA,"Rceattle","nonparametric_pm",2.0379387015421,0.0415560635403065
"sel_coff_dev.878",0.541695164875356,0.267438987751155,-1.72807405412537e-05,"fixed_effect",NA,NA,NA,"Rceattle","nonparametric_pm",2.02549063407086,0.0428170092263414
"sel_coff_dev.879",0.495698323149775,0.283908443457343,4.26902797670808e-06,"fixed_effect",NA,NA,NA,"Rceattle","nonparametric_pm",1.74597950350939,0.0808145134835195
"sel_coff_dev.880",0.622203740186685,0.292102911510759,-2.12186984077023e-06,"fixed_effect",NA,NA,NA,"Rceattle","nonparametric_pm",2.13008400692976,0.0331646784544593
"sel_coff_dev.881",0.643784741242099,0.292534205418465,-8.78880606927037e-06,"fixed_effect",NA,NA,NA,"Rceattle","nonparametric_pm",2.20071611906435,0.0277561269689361
"sel_coff_dev.882",0.619485362007835,0.293167810640277,-3.89908504052723e-06,"fixed_effect",NA,NA,NA,"Rceattle","nonparametric_pm",2.11307428552569,0.0345944102121556
"sel_coff_dev.883",0.594113852881875,0.293446328654065,1.10734224520862e-07,"fixed_effect",NA,NA,NA,"Rceattle","nonparametric_pm",2.02460823281336,0.0429076082138002
"sel_coff_dev.884",0.594760411785063,0.293422833201192,-1.44316269430238e-05,"fixed_effect",NA,NA,NA,"Rceattle","nonparametric_pm",2.02697385645258,0.0426650864014369
"sel_coff_dev.885",0.579528459156821,0.271032083783366,-1.54073763780423e-05,"fixed_effect",NA,NA,NA,"Rceattle","nonparametric_pm",2.13822825352305,0.032498222338733
"sel_coff_dev.886",0.48966579822849,0.295995140669343,3.45884706311387e-06,"fixed_effect",NA,NA,NA,"Rceattle","nonparametric_pm",1.65430350350074,0.098065861499992
"sel_coff_dev.887",0.580202935075118,0.297613301675102,-3.06940857674294e-06,"fixed_effect",NA,NA,NA,"Rceattle","nonparametric_pm",1.94951950000042,0.0512334163924551
"sel_coff_dev.888",0.656426176247696,0.297285077066815,-6.69878859505074e-06,"fixed_effect",NA,NA,NA,"Rceattle","nonparametric_pm",2.2080697178761,0.0272394135630806
"sel_coff_dev.889",0.609199269806223,0.298673202667291,-5.23189674225694e-06,"fixed_effect",NA,NA,NA,"Rceattle","nonparametric_pm",2.03968506168544,0.0413817037217081
"sel_coff_dev.890",0.586131900741843,0.298905890783851,-7.13345455876716e-07,"fixed_effect",NA,NA,NA,"Rceattle","nonparametric_pm",1.96092455456388,0.0498878244816535
"sel_coff_dev.891",0.577516847913569,0.298789832307057,-1.31811839358692e-05,"fixed_effect",NA,NA,NA,"Rceattle","nonparametric_pm",1.9328530808909,0.0532542991834442
"sel_coff_dev.892",0.613886171692625,0.278371886604232,-8.76085779771795e-06,"fixed_effect",NA,NA,NA,"Rceattle","nonparametric_pm",2.20527359706191,0.0274349014304471
"sel_coff_dev.893",0.600976218581566,0.299931687214566,-2.72364184714261e-06,"fixed_effect",NA,NA,NA,"Rceattle","nonparametric_pm",2.00371032538365,0.0451010995680607
"sel_coff_dev.894",0.554521045838989,0.306359789338737,-8.14923552172979e-06,"fixed_effect",NA,NA,NA,"Rceattle","nonparametric_pm",1.81003207710743,0.0702908129298978
"sel_coff_dev.895",0.50487677931221,0.306192352043441,-2.36978132157531e-06,"fixed_effect",NA,NA,NA,"Rceattle","nonparametric_pm",1.64888762225054,0.0991706593940442
"sel_coff_dev.896",0.591855591700695,0.307036943543673,-4.39718600463102e-06,"fixed_effect",NA,NA,NA,"Rceattle","nonparametric_pm",1.92763641036086,0.0539003666896309
"sel_coff_dev.897",0.60978908544598,0.307891214951331,-3.76086192090494e-06,"fixed_effect",NA,NA,NA,"Rceattle","nonparametric_pm",1.98053421414564,0.0476435327633245
"sel_coff_dev.898",0.605797413875095,0.308625549359358,-7.33424626165741e-06,"fixed_effect",NA,NA,NA,"Rceattle","nonparametric_pm",1.96288808600779,0.0496591794345576
"sel_coff_dev.899",0.632029309743276,0.288576210916226,-2.52237075043789e-06,"fixed_effect",NA,NA,NA,"Rceattle","nonparametric_pm",2.19016428186021,0.0285123246298311
"sel_coff_dev.900",0.600497674882887,0.312456311760623,-7.71469811458566e-06,"fixed_effect",NA,NA,NA,"Rceattle","nonparametric_pm",1.92186124037378,0.0546232200319544
"sel_coff_dev.901",0.572479221821437,0.315801788229013,-1.09743767397034e-05,"fixed_effect",NA,NA,NA,"Rceattle","nonparametric_pm",1.81278017781928,0.0698657324193004
"sel_coff_dev.902",0.551944921591682,0.315470184854454,-1.86282278282658e-06,"fixed_effect",NA,NA,NA,"Rceattle","nonparametric_pm",1.74959456737989,0.0801882978287454
"sel_coff_dev.903",0.620306090277383,0.31465791533785,-6.31131483718553e-06,"fixed_effect",NA,NA,NA,"Rceattle","nonparametric_pm",1.97136655409211,0.0486819637813891
"sel_coff_dev.904",0.622409392743928,0.316072571313767,-7.97003958289597e-06,"fixed_effect",NA,NA,NA,"Rceattle","nonparametric_pm",1.96919773885112,0.0489303884535364
"sel_coff_dev.905",0.622869361796764,0.317516732840078,-5.73538570031544e-06,"fixed_effect",NA,NA,NA,"Rceattle","nonparametric_pm",1.96168988079907,0.0497986006736428
"sel_coff_dev.906",0.636723995965005,0.29792642441102,2.19002300884507e-05,"fixed_effect",NA,NA,NA,"Rceattle","nonparametric_pm",2.13718537126663,0.0325829173889154
"sel_coff_dev.907",0.626658069614385,0.316774750615327,-5.50767050373644e-06,"fixed_effect",NA,NA,NA,"Rceattle","nonparametric_pm",1.97824500973363,0.0479010733393339
"sel_coff_dev.908",0.639376357317712,0.323201015918763,-6.96491411167899e-06,"fixed_effect",NA,NA,NA,"Rceattle","nonparametric_pm",1.97826221399756,0.0478991334668766
"sel_coff_dev.909",0.674871248130981,0.325144775252893,3.04849285921743e-06,"fixed_effect",NA,NA,NA,"Rceattle","nonparametric_pm",2.07560231471066,0.0379307471875495
"sel_coff_dev.910",0.654536290753247,0.325821067806399,5.85768976269496e-07,"fixed_effect",NA,NA,NA,"Rceattle","nonparametric_pm",2.00888265194125,0.044549580122875
"sel_coff_dev.911",0.652437388122269,0.326003497984701,-4.10946180045763e-06,"fixed_effect",NA,NA,NA,"Rceattle","nonparametric_pm",2.00132020716197,0.0453578934575858
"sel_coff_dev.912",0.640290798460574,0.325488491698438,2.28913713789257e-07,"fixed_effect",NA,NA,NA,"Rceattle","nonparametric_pm",1.96716877797878,0.0491637562014038
"sel_coff_dev.913",0.642605345964186,0.305807627922332,-1.07117849750467e-05,"fixed_effect",NA,NA,NA,"Rceattle","nonparametric_pm",2.10133851248273,0.0356112613048345
"sel_coff_dev.914",0.634318477058998,0.328840215366774,-7.36907704625911e-06,"fixed_effect",NA,NA,NA,"Rceattle","nonparametric_pm",1.92895651875032,0.0537362603971826
"sel_coff_dev.915",0.655946277122747,0.333344852465024,-5.99378034274872e-06,"fixed_effect",NA,NA,NA,"Rceattle","nonparametric_pm",1.96777083033425,0.0490944118712588
"sel_coff_dev.916",0.690240300641676,0.334378395159694,2.28514328324774e-06,"fixed_effect",NA,NA,NA,"Rceattle","nonparametric_pm",2.06424909812737,0.0389941044967238
"sel_coff_dev.917",0.664343874790441,0.335024043499467,-6.54522064523807e-08,"fixed_effect",NA,NA,NA,"Rceattle","nonparametric_pm",1.982973722874,0.0473703647786108
"sel_coff_dev.918",0.651549069358169,0.335051960443477,-2.50968525696798e-06,"fixed_effect",NA,NA,NA,"Rceattle","nonparametric_pm",1.94462097310451,0.0518206131704932
"sel_coff_dev.919",0.654694986857552,0.334591522878266,1.79129280129131e-06,"fixed_effect",NA,NA,NA,"Rceattle","nonparametric_pm",1.95669926489963,0.0503828363832284
"sel_coff_dev.920",0.663859452901102,0.315867814166863,7.10409321371812e-07,"fixed_effect",NA,NA,NA,"Rceattle","nonparametric_pm",2.10170021485761,0.0355795447571751
"sel_coff_dev.921",0.646895807271406,0.341213808493465,-5.38248692423072e-06,"fixed_effect",NA,NA,NA,"Rceattle","nonparametric_pm",1.89586643672949,0.0579777080649953
"sel_coff_dev.922",0.663098534957637,0.344941817038672,-4.02387178829783e-07,"fixed_effect",NA,NA,NA,"Rceattle","nonparametric_pm",1.92234893597518,0.054561866291851
"sel_coff_dev.923",0.706962016904465,0.344695822388876,4.07002150702646e-06,"fixed_effect",NA,NA,NA,"Rceattle","nonparametric_pm",2.05097355693186,0.0402695219512558
"sel_coff_dev.924",0.67782373068542,0.345302838662084,4.44925498539397e-06,"fixed_effect",NA,NA,NA,"Rceattle","nonparametric_pm",1.96298337225297,0.0496481061459278
"sel_coff_dev.925",0.667153825903352,0.345239239448679,1.49196731220375e-06,"fixed_effect",NA,NA,NA,"Rceattle","nonparametric_pm",1.93243916006983,0.0533053245481081
"sel_coff_dev.926",0.672051362906425,0.34508106736166,5.35167179324851e-06,"fixed_effect",NA,NA,NA,"Rceattle","nonparametric_pm",1.94751734148917,0.0514727427730887
"sel_coff_dev.927",0.67909539263369,0.327478118221585,-2.48537104573011e-05,"fixed_effect",NA,NA,NA,"Rceattle","nonparametric_pm",2.07371227220191,0.0381060407898814
"sel_coff_dev.928",0.644829463422805,0.356445816605139,-7.38598916645426e-06,"fixed_effect",NA,NA,NA,"Rceattle","nonparametric_pm",1.80905325124668,0.07044273081777
"sel_coff_dev.929",0.656728364074345,0.358178995554509,8.68280721112488e-10,"fixed_effect",NA,NA,NA,"Rceattle","nonparametric_pm",1.8335200339083,0.0667252720441599
"sel_coff_dev.930",0.733034501179197,0.356266608986389,5.66538469549155e-07,"fixed_effect",NA,NA,NA,"Rceattle","nonparametric_pm",2.05754477879571,0.0396338522144034
"sel_coff_dev.931",0.683784240034046,0.357426572224984,5.73948555067123e-06,"fixed_effect",NA,NA,NA,"Rceattle","nonparametric_pm",1.9130761201594,0.0557383083274763
"sel_coff_dev.932",0.678036221552517,0.357398653304733,5.84711974474667e-07,"fixed_effect",NA,NA,NA,"Rceattle","nonparametric_pm",1.89714263129692,0.0578091159908923
"sel_coff_dev.933",0.684830070715049,0.357603847549917,3.3318508655558e-06,"fixed_effect",NA,NA,NA,"Rceattle","nonparametric_pm",1.91505229993214,0.0554858341356328
"sel_coff_dev.934",0.690927105078417,0.341088994178048,-1.19718895307876e-05,"fixed_effect",NA,NA,NA,"Rceattle","nonparametric_pm",2.02565053951214,0.0428006085397679
"sel_coff_dev.935",0.697743533235255,0.369852942612097,-9.34813157832815e-06,"fixed_effect",NA,NA,NA,"Rceattle","nonparametric_pm",1.88654314416812,0.0592218001877071
"sel_coff_dev.936",0.688353920869428,0.374788004977656,-3.01331954636801e-06,"fixed_effect",NA,NA,NA,"Rceattle","nonparametric_pm",1.83664875003261,0.066261765610445
"sel_coff_dev.937",0.614209489270069,0.374746936828868,-6.00428702343098e-06,"fixed_effect",NA,NA,NA,"Rceattle","nonparametric_pm",1.63899802482056,0.101213671051778
"sel_coff_dev.938",0.672466923624407,0.373900118003175,3.90451426011904e-06,"fixed_effect",NA,NA,NA,"Rceattle","nonparametric_pm",1.7985202230364,0.0720946068524892
"sel_coff_dev.939",0.690942558562229,0.373461483199126,-9.85130927020718e-07,"fixed_effect",NA,NA,NA,"Rceattle","nonparametric_pm",1.85010393212042,0.064298571320874
"sel_coff_dev.940",0.699761822220077,0.374420659377477,-1.01389950329831e-06,"fixed_effect",NA,NA,NA,"Rceattle","nonparametric_pm",1.86891883418912,0.0616341075499783
"sel_coff_dev.941",0.700175351009486,0.358527194299555,1.28970183916697e-05,"fixed_effect",NA,NA,NA,"Rceattle","nonparametric_pm",1.95292117904027,0.0508289356940737
"sel_coff_dev.942",0.683485787552542,0.394623968604514,-9.57212914512738e-06,"fixed_effect",NA,NA,NA,"Rceattle","nonparametric_pm",1.73199258516788,0.0832748826430982
"sel_coff_dev.943",0.682069724248044,0.396176552446701,-4.12782253938413e-06,"fixed_effect",NA,NA,NA,"Rceattle","nonparametric_pm",1.7216307225547,0.085136434141952
"sel_coff_dev.944",0.631584605103203,0.394723750686279,-6.74781188510443e-06,"fixed_effect",NA,NA,NA,"Rceattle","nonparametric_pm",1.60006739904835,0.109583632287895
"sel_coff_dev.945",0.672147865797557,0.393596399176687,2.07591720126867e-06,"fixed_effect",NA,NA,NA,"Rceattle","nonparametric_pm",1.70770837132538,0.0876904680631626
"sel_coff_dev.946",0.690385662271862,0.391870062268521,-2.28639627869371e-06,"fixed_effect",NA,NA,NA,"Rceattle","nonparametric_pm",1.76177189519211,0.0781078450414876
"sel_coff_dev.947",0.70306078792684,0.394576652175494,-7.96629320025608e-07,"fixed_effect",NA,NA,NA,"Rceattle","nonparametric_pm",1.78181041389683,0.074780153453992
"sel_coff_dev.948",0.699075445276176,0.378915533336157,1.67987852076105e-05,"fixed_effect",NA,NA,NA,"Rceattle","nonparametric_pm",1.84493741684638,0.0650466429409512
"log_sel_slp",-0.846816822955755,0.190150679015114,5.39685453858696e-07,"fixed_effect",NA,NA,NA,"Rceattle","nonparametric_pm",-4.45339889051064,8.4521519273032e-06
"sel_inf",7.21763622092639,0.681130341977784,-1.91272746075111e-06,"fixed_effect",NA,NA,NA,"Rceattle","nonparametric_pm",10.5965566002664,3.09154327516951e-26
"sel_inf.1",-3.22130743216946,0.315657050569227,1.81191150624982e-09,"fixed_effect",NA,NA,NA,"Rceattle","nonparametric_pm",-10.2050862680255,1.88153874545765e-24
"log_sel_slp_dev",0.783712420525268,0.217085858318549,1.06179761120401e-05,"fixed_effect",NA,NA,NA,"Rceattle","nonparametric_pm",3.61014958134794,0.000306020476297594
"log_sel_slp_dev.1",0.76070911201728,0.221187218405427,-7.67213959040567e-07,"fixed_effect",NA,NA,NA,"Rceattle","nonparametric_pm",3.43920917990356,0.000583416247064144
"log_sel_slp_dev.2",0.327296764965186,0.245070804061148,9.57795134941848e-06,"fixed_effect",NA,NA,NA,"Rceattle","nonparametric_pm",1.33551920319126,0.181706474509297
"log_sel_slp_dev.3",0.388653523142805,0.232921133826658,-9.46818671235787e-06,"fixed_effect",NA,NA,NA,"Rceattle","nonparametric_pm",1.66860566388984,0.0951955556660923
"log_sel_slp_dev.4",0.299995511190784,0.286602547935271,3.78112635863344e-06,"fixed_effect",NA,NA,NA,"Rceattle","nonparametric_pm",1.04673009138264,0.295224081075458
"log_sel_slp_dev.5",0.227377372385719,0.333372160500472,-2.66042101421766e-06,"fixed_effect",NA,NA,NA,"Rceattle","nonparametric_pm",0.682052670638037,0.49520564655163
"log_sel_slp_dev.6",0.36930288286726,0.382395530448523,9.69200282945677e-07,"fixed_effect",NA,NA,NA,"Rceattle","nonparametric_pm",0.965761504675784,0.334163535234726
"log_sel_slp_dev.7",1.17804409100242,0.304186409306674,5.86905562909438e-08,"fixed_effect",NA,NA,NA,"Rceattle","nonparametric_pm",3.87277029794827,0.000107605233187793
"log_sel_slp_dev.8",1.06677854548189,0.254415262592185,1.40216554872159e-06,"fixed_effect",NA,NA,NA,"Rceattle","nonparametric_pm",4.1930603322014,2.7521620901021e-05
"log_sel_slp_dev.9",1.00274218169378,0.250442798909491,-4.14170932702648e-06,"fixed_effect",NA,NA,NA,"Rceattle","nonparametric_pm",4.0038770771611,6.23127513736724e-05
"log_sel_slp_dev.10",1.14713669331829,0.254866344023852,2.26786749888504e-06,"fixed_effect",NA,NA,NA,"Rceattle","nonparametric_pm",4.50093439254158,6.76553878747289e-06
"log_sel_slp_dev.11",1.11319942913272,0.228729302431227,-1.39610437724138e-05,"fixed_effect",NA,NA,NA,"Rceattle","nonparametric_pm",4.86688595339652,1.13370406291852e-06
"log_sel_slp_dev.12",1.06907203632857,0.225437294251515,-8.04597586567572e-06,"fixed_effect",NA,NA,NA,"Rceattle","nonparametric_pm",4.74221463612774,2.11394480401504e-06
"log_sel_slp_dev.13",0.680089637639824,0.210155299938021,2.60931698009205e-05,"fixed_effect",NA,NA,NA,"Rceattle","nonparametric_pm",3.23612889058899,0.00121162661050664
"log_sel_slp_dev.14",0.527370800427237,0.231424553876627,-2.60214586807459e-06,"fixed_effect",NA,NA,NA,"Rceattle","nonparametric_pm",2.27880227742982,0.0226788214723241
"log_sel_slp_dev.15",0.302155901715854,0.222797889537206,-9.32652560982159e-06,"fixed_effect",NA,NA,NA,"Rceattle","nonparametric_pm",1.35618834784966,0.175039248463171
"log_sel_slp_dev.16",0.215050025493956,0.226540500381787,1.30720464123837e-05,"fixed_effect",NA,NA,NA,"Rceattle","nonparametric_pm",0.94927849603728,0.342478987488122
"log_sel_slp_dev.17",0.492170029846126,0.240094826719906,-8.65230159466941e-06,"fixed_effect",NA,NA,NA,"Rceattle","nonparametric_pm",2.04989851955574,0.0403743347129785
"log_sel_slp_dev.18",0.343628966051513,0.217334495858838,-2.51058150946743e-06,"fixed_effect",NA,NA,NA,"Rceattle","nonparametric_pm",1.58110641706277,0.113853707740424
"log_sel_slp_dev.19",0.770748464338117,0.21765287187318,8.28253891206182e-07,"fixed_effect",NA,NA,NA,"Rceattle","nonparametric_pm",3.54118214799946,0.000398338482179398
"log_sel_slp_dev.20",1.01393993886496,0.230111420868585,-1.99398134404416e-06,"fixed_effect",NA,NA,NA,"Rceattle","nonparametric_pm",4.40629993521274,1.05151337395249e-05
"log_sel_slp_dev.21",0.914174218530595,0.217649237465449,4.54673738231196e-06,"fixed_effect",NA,NA,NA,"Rceattle","nonparametric_pm",4.20021787889661,2.66658248793163e-05
"log_sel_slp_dev.22",1.05611727309297,0.225526711969377,-8.60603078397706e-07,"fixed_effect",NA,NA,NA,"Rceattle","nonparametric_pm",4.68289216771971,2.82855330607661e-06
"log_sel_slp_dev.23",0.751827124674733,0.216297570087995,-4.4159527297756e-08,"fixed_effect",NA,NA,NA,"Rceattle","nonparametric_pm",3.47589260650903,0.00050915613150221
"log_sel_slp_dev.24",1.18261277425616,0.239325395015336,-1.37141900309203e-06,"fixed_effect",NA,NA,NA,"Rceattle","nonparametric_pm",4.94144290111954,7.75465274957628e-07
"log_sel_slp_dev.25",1.37842958253688,0.215696288536338,4.68007966914892e-06,"fixed_effect",NA,NA,NA,"Rceattle","nonparametric_pm",6.3906040845235,1.6523168825669e-10
"log_sel_slp_dev.26",1.06069402134408,0.22350416679123,-1.533129088105e-05,"fixed_effect",NA,NA,NA,"Rceattle","nonparametric_pm",4.74574607074262,2.07739193137149e-06
"log_sel_slp_dev.27",1.59930125570459,0.244237012160456,-1.0417958933087e-06,"fixed_effect",NA,NA,NA,"Rceattle","nonparametric_pm",6.54815272082472,5.82531327386679e-11
"log_sel_slp_dev.28",1.37602701068852,0.209432411018973,6.69684666942671e-06,"fixed_effect",NA,NA,NA,"Rceattle","nonparametric_pm",6.5702677250078,5.02248745230201e-11
"log_sel_slp_dev.29",1.0199586579375,0.233070560337369,-3.78066155432328e-06,"fixed_effect",NA,NA,NA,"Rceattle","nonparametric_pm",4.37617971339288,1.20777446563476e-05
"log_sel_slp_dev.30",1.11989110612461,0.236595098065038,2.51649232374056e-06,"fixed_effect",NA,NA,NA,"Rceattle","nonparametric_pm",4.73336563303084,2.20827169438823e-06
"log_sel_slp_dev.31",1.35948327186977,0.217110645522972,-7.36886699693614e-06,"fixed_effect",NA,NA,NA,"Rceattle","nonparametric_pm",6.26170710604759,3.8078565209378e-10
"log_sel_slp_dev.32",1.26424678262077,0.223805704197314,8.21585917577668e-06,"fixed_effect",NA,NA,NA,"Rceattle","nonparametric_pm",5.64885862563259,1.61516612211117e-08
"log_sel_slp_dev.33",1.25837833214602,0.237277670089673,-9.67325199207809e-07,"fixed_effect",NA,NA,NA,"Rceattle","nonparametric_pm",5.30339973277067,1.13665647934172e-07
"log_sel_slp_dev.34",1.06937035744769,0.21637923460021,-4.11002028045326e-06,"fixed_effect",NA,NA,NA,"Rceattle","nonparametric_pm",4.94211174849334,7.72808962963972e-07
"log_sel_slp_dev.35",0.461149389907866,0.22901887381139,1.89262482694383e-06,"fixed_effect",NA,NA,NA,"Rceattle","nonparametric_pm",2.0135868377715,0.0440529294789771
"log_sel_slp_dev.36",0.833211336368532,0.228443696124829,6.10822143180995e-06,"fixed_effect",NA,NA,NA,"Rceattle","nonparametric_pm",3.64733783642355,0.000264971435696655
"log_sel_slp_dev.37",0.712905247420637,0.299075795336647,8.85292205372865e-07,"fixed_effect",NA,NA,NA,"Rceattle","nonparametric_pm",2.38369422914406,0.0171398370487904
"log_sel_slp_dev.38",0.629054694400914,0.216123118112505,-1.24374931681407e-05,"fixed_effect",NA,NA,NA,"Rceattle","nonparametric_pm",2.91063121749638,0.00360699473806863
"log_sel_slp_dev.39",0.802248380368926,0.234674111130706,2.63207398218739e-06,"fixed_effect",NA,NA,NA,"Rceattle","nonparametric_pm",3.41856362639891,0.000629525975188461
"log_sel_slp_dev.40",0.478859512875889,0.232057300476974,1.05622198963831e-05,"fixed_effect",NA,NA,NA,"Rceattle","nonparametric_pm",2.06353996143036,0.0390613551485573
"log_sel_slp_dev.41",0.588334497321091,0.276474452947255,-1.63326815161822e-06,"fixed_effect",NA,NA,NA,"Rceattle","nonparametric_pm",2.12798864795415,0.0333380248048118
"sel_inf_dev",-0.262446499965563,0.0866606543450998,1.83016297271208e-06,"fixed_effect",NA,NA,NA,"Rceattle","nonparametric_pm",-3.0284389374727,0.00245820750329257
"sel_inf_dev.1",-0.151532430447735,0.0915654184006294,5.31702678498116e-07,"fixed_effect",NA,NA,NA,"Rceattle","nonparametric_pm",-1.65490895028438,0.0979429684503908
"sel_inf_dev.2",-0.0317136072947148,0.0961014188435928,-3.85941444717173e-06,"fixed_effect",NA,NA,NA,"Rceattle","nonparametric_pm",-0.330001447182891,0.741398868625603
"sel_inf_dev.3",-0.0135700559141943,0.0997658634003071,2.09753100218329e-06,"fixed_effect",NA,NA,NA,"Rceattle","nonparametric_pm",-0.136019029472485,0.891806237429932
"sel_inf_dev.4",-0.0668956489711104,0.114239523822809,-1.04620721929643e-05,"fixed_effect",NA,NA,NA,"Rceattle","nonparametric_pm",-0.585573597758241,0.558162095116474
"sel_inf_dev.5",-0.206882529010653,0.130175765131431,-1.00542986902488e-05,"fixed_effect",NA,NA,NA,"Rceattle","nonparametric_pm",-1.58925533337004,0.112002758557343
"sel_inf_dev.6",-0.264300523669055,0.123593944902571,5.61414347744587e-06,"fixed_effect",NA,NA,NA,"Rceattle","nonparametric_pm",-2.13845851329855,0.0324795478085569
"sel_inf_dev.7",-0.372026624102804,0.114473889252474,8.43009626724121e-07,"fixed_effect",NA,NA,NA,"Rceattle","nonparametric_pm",-3.24988192968874,0.00115452931739352
"sel_inf_dev.8",-0.29037432575738,0.113364785443421,6.61325743093012e-06,"fixed_effect",NA,NA,NA,"Rceattle","nonparametric_pm",-2.56141556323328,0.0104246578221973
"sel_inf_dev.9",-0.287082173049421,0.109818466244655,4.23362393964382e-06,"fixed_effect",NA,NA,NA,"Rceattle","nonparametric_pm",-2.61415208995777,0.0089449208566873
"sel_inf_dev.10",-0.321828892974504,0.103491593059779,-1.67486603151934e-06,"fixed_effect",NA,NA,NA,"Rceattle","nonparametric_pm",-3.10971049395876,0.00187270796296651
"sel_inf_dev.11",-0.24023800951868,0.100048412792987,-3.95643088752315e-07,"fixed_effect",NA,NA,NA,"Rceattle","nonparametric_pm",-2.40121759868159,0.0163406163661948
"sel_inf_dev.12",-0.150809996761395,0.103228598846347,1.24394950084317e-06,"fixed_effect",NA,NA,NA,"Rceattle","nonparametric_pm",-1.46093232347242,0.144034014951042
"sel_inf_dev.13",0.0383488938460041,0.0983045284436196,-1.0367720009591e-05,"fixed_effect",NA,NA,NA,"Rceattle","nonparametric_pm",0.390103024277242,0.696460366603759
"sel_inf_dev.14",0.0745483406136356,0.106531004776652,1.63228059521134e-06,"fixed_effect",NA,NA,NA,"Rceattle","nonparametric_pm",0.69978069548795,0.484064272350952
"sel_inf_dev.15",0.166301370120415,0.103254075547367,2.06700877053378e-06,"fixed_effect",NA,NA,NA,"Rceattle","nonparametric_pm",1.61060344823024,0.107266181778283
"sel_inf_dev.16",0.122629699353436,0.110354709723339,-5.68025801081788e-06,"fixed_effect",NA,NA,NA,"Rceattle","nonparametric_pm",1.11123213192142,0.26646844377488
"sel_inf_dev.17",-0.0153130592748301,0.113035865521755,1.34633511369801e-06,"fixed_effect",NA,NA,NA,"Rceattle","nonparametric_pm",-0.135470801273096,0.892239648623692
"sel_inf_dev.18",0.0217478917763892,0.103381523673748,-1.5096948251978e-06,"fixed_effect",NA,NA,NA,"Rceattle","nonparametric_pm",0.210365363205726,0.833382523934019
"sel_inf_dev.19",-0.103088774599005,0.10267489564339,-1.75875360779237e-06,"fixed_effect",NA,NA,NA,"Rceattle","nonparametric_pm",-1.00403096543728,0.315363688302977
"sel_inf_dev.20",-0.153309073532536,0.105311916074156,-4.6602565449484e-08,"fixed_effect",NA,NA,NA,"Rceattle","nonparametric_pm",-1.45576188571654,0.145458455473735
"sel_inf_dev.21",-0.117837377481732,0.0988869416155438,-2.45031587904977e-06,"fixed_effect",NA,NA,NA,"Rceattle","nonparametric_pm",-1.19163739475193,0.233403455650805
"sel_inf_dev.22",-0.180545075097501,0.0991523830909827,1.316821943191e-06,"fixed_effect",NA,NA,NA,"Rceattle","nonparametric_pm",-1.82088487910403,0.068624358177766
"sel_inf_dev.23",-0.06946649314049,0.0974591155246089,-4.54848815572825e-07,"fixed_effect",NA,NA,NA,"Rceattle","nonparametric_pm",-0.71277573951458,0.47598454024516
"sel_inf_dev.24",-0.244425976110698,0.100899016565273,1.90379766561725e-06,"fixed_effect",NA,NA,NA,"Rceattle","nonparametric_pm",-2.42248125334874,0.0154149210888713
"sel_inf_dev.25",-0.273797234528623,0.0983498346633581,6.98813690722964e-07,"fixed_effect",NA,NA,NA,"Rceattle","nonparametric_pm",-2.78391148765836,0.00537076884271236
"sel_inf_dev.26",-0.180382572622391,0.101456289595694,5.41800190252565e-06,"fixed_effect",NA,NA,NA,"Rceattle","nonparametric_pm",-1.77793386039662,0.075414718220772
"sel_inf_dev.27",-0.366848460212792,0.0997067443171872,1.1288653132917e-06,"fixed_effect",NA,NA,NA,"Rceattle","nonparametric_pm",-3.67927428304923,0.000233898602921152
"sel_inf_dev.28",-0.243411907551412,0.0962392848869968,8.39777763070601e-07,"fixed_effect",NA,NA,NA,"Rceattle","nonparametric_pm",-2.52923645304746,0.0114310987264749
"sel_inf_dev.29",-0.19660338457915,0.100469250543092,2.38621198740489e-07,"fixed_effect",NA,NA,NA,"Rceattle","nonparametric_pm",-1.95685131038999,0.0503649524336025
"sel_inf_dev.30",-0.227551561702078,0.0965842519943855,1.10830126752037e-06,"fixed_effect",NA,NA,NA,"Rceattle","nonparametric_pm",-2.35599030901338,0.0184733996289547
"sel_inf_dev.31",-0.314114668436733,0.0977670154871054,4.2723136735942e-07,"fixed_effect",NA,NA,NA,"Rceattle","nonparametric_pm",-3.21289002095151,0.00131406597410375
"sel_inf_dev.32",-0.362822252903007,0.0998230047605191,-3.29378280577699e-06,"fixed_effect",NA,NA,NA,"Rceattle","nonparametric_pm",-3.63465569658455,0.000278352117749065
"sel_inf_dev.33",-0.303031805144457,0.100368178493185,1.79758289563409e-06,"fixed_effect",NA,NA,NA,"Rceattle","nonparametric_pm",-3.01920199901836,0.00253441487953159
"sel_inf_dev.34",-0.224169251613479,0.0959199432497637,5.10400130046395e-07,"fixed_effect",NA,NA,NA,"Rceattle","nonparametric_pm",-2.33704529025596,0.0194368292642606
"sel_inf_dev.35",0.00159829836074457,0.102527015061986,-2.85955358874134e-06,"fixed_effect",NA,NA,NA,"Rceattle","nonparametric_pm",0.0155890460653542,0.987562244595997
"sel_inf_dev.36",-0.181242229829384,0.0994468731807024,4.60326901207037e-07,"fixed_effect",NA,NA,NA,"Rceattle","nonparametric_pm",-1.82250305145395,0.0683786911530346
"sel_inf_dev.37",-0.0994159178941183,0.120893597035216,1.31358517602348e-06,"fixed_effect",NA,NA,NA,"Rceattle","nonparametric_pm",-0.82234229382023,0.410882112089498
"sel_inf_dev.38",-0.0264405239509625,0.10190280138846,6.7057990438602e-06,"fixed_effect",NA,NA,NA,"Rceattle","nonparametric_pm",-0.25946807733155,0.79527410940501
"sel_inf_dev.39",-0.112387103601727,0.105009126648335,5.75559779453437e-07,"fixed_effect",NA,NA,NA,"Rceattle","nonparametric_pm",-1.07026034011406,0.284502140774896
"sel_inf_dev.40",0.0426652551848804,0.105554218359733,-1.55464389231678e-06,"fixed_effect",NA,NA,NA,"Rceattle","nonparametric_pm",0.404202274886594,0.686063981026146
"sel_inf_dev.41",-0.122639162508459,0.119741378863246,-2.18366534731561e-06,"fixed_effect",NA,NA,NA,"Rceattle","nonparametric_pm",-1.02420035306694,0.305740652037825
"sel_inf_dev.42",-0.00579715231917801,0.114447076484008,1.54987579013e-05,"fixed_effect",NA,NA,NA,"Rceattle","nonparametric_pm",-0.0506535640513986,0.959601579632423
"sel_inf_dev.43",0.012672126685142,0.161723821915324,1.5126049275338e-06,"fixed_effect",NA,NA,NA,"Rceattle","nonparametric_pm",0.0783565867728311,0.937544406043788
"sel_inf_dev.44",-0.248239894280214,0.140683978371538,-1.2427185645203e-05,"fixed_effect",NA,NA,NA,"Rceattle","nonparametric_pm",-1.76452142705709,0.0776442311003373
"sel_inf_dev.45",-0.43569659797875,0.143148465611489,3.16737102767917e-06,"fixed_effect",NA,NA,NA,"Rceattle","nonparametric_pm",-3.04366935487278,0.0023371185371154
"sel_inf_dev.46",-0.272088824994516,0.188001186426015,2.21095990404763e-06,"fixed_effect",NA,NA,NA,"Rceattle","nonparametric_pm",-1.44727185060395,0.147820799833045
"sel_inf_dev.47",-0.321174391583396,0.182901908798607,4.07054224815795e-06,"fixed_effect",NA,NA,NA,"Rceattle","nonparametric_pm",-1.75599256286079,0.0790896784557131
"sel_inf_dev.48",-0.0816862342969189,0.178949083404374,-7.40744932570259e-06,"fixed_effect",NA,NA,NA,"Rceattle","nonparametric_pm",-0.456477522784127,0.648046630524368
"sel_inf_dev.49",0.0669579828668696,0.146656777888992,3.8558284423118e-06,"fixed_effect",NA,NA,NA,"Rceattle","nonparametric_pm",0.456562484398447,0.64798554939632
"sel_inf_dev.50",-0.193146192351055,0.134648377703391,4.26974470979502e-06,"fixed_effect",NA,NA,NA,"Rceattle","nonparametric_pm",-1.43444871483357,0.151444254375053
"sel_inf_dev.51",-0.0549708620056512,0.135383227407648,7.34220270759423e-06,"fixed_effect",NA,NA,NA,"Rceattle","nonparametric_pm",-0.406038938930966,0.684713989813138
"sel_inf_dev.52",0.00189933728777634,0.127175513968518,9.24177128780457e-06,"fixed_effect",NA,NA,NA,"Rceattle","nonparametric_pm",0.0149347718637608,0.988084219076452
"sel_inf_dev.53",-0.11608531228261,0.14340433368306,-2.30030004213511e-05,"fixed_effect",NA,NA,NA,"Rceattle","nonparametric_pm",-0.809496542406951,0.418229590845196
"sel_inf_dev.54",-0.14336754694583,0.144348104507769,-4.84110814158445e-06,"fixed_effect",NA,NA,NA,"Rceattle","nonparametric_pm",-0.993206993848083,0.320609090740178
"sel_inf_dev.55",-0.133021746407025,0.114814043258828,-2.25131923452526e-05,"fixed_effect",NA,NA,NA,"Rceattle","nonparametric_pm",-1.15858428665516,0.246625676919033
"sel_inf_dev.56",-0.0357291417256563,0.130953486077241,1.13791023371723e-05,"fixed_effect",NA,NA,NA,"Rceattle","nonparametric_pm",-0.272838416111977,0.784977427680051
"sel_inf_dev.57",0.0231439280902395,0.142248491962406,1.22496323985699e-05,"fixed_effect",NA,NA,NA,"Rceattle","nonparametric_pm",0.162700692084356,0.870754102047125
"sel_inf_dev.58",0.0731893165896102,0.137232018588229,3.00508352335527e-06,"fixed_effect",NA,NA,NA,"Rceattle","nonparametric_pm",0.533325366357966,0.593808371225102
"sel_inf_dev.59",0.153569804706164,0.134772746409596,7.02757600556936e-07,"fixed_effect",NA,NA,NA,"Rceattle","nonparametric_pm",1.13947225086177,0.25450623578221
"sel_inf_dev.60",0.0366519656720706,0.114176811741335,-7.19915581370856e-07,"fixed_effect",NA,NA,NA,"Rceattle","nonparametric_pm",0.321010589743079,0.748202365818514
"sel_inf_dev.61",0.0367667419906716,0.118050793003894,4.24058955816875e-06,"fixed_effect",NA,NA,NA,"Rceattle","nonparametric_pm",0.311448496491327,0.755459690930837
"sel_inf_dev.62",0.189265411151066,0.136902391633664,-1.9900463605893e-06,"fixed_effect",NA,NA,NA,"Rceattle","nonparametric_pm",1.38248432983932,0.166823038683269
"sel_inf_dev.63",0.0139742635640134,0.136047669019741,1.1011057216459e-05,"fixed_effect",NA,NA,NA,"Rceattle","nonparametric_pm",0.102715935265203,0.918188426029356
"sel_inf_dev.64",-0.0606502735221695,0.144548168369949,-2.83986694427085e-06,"fixed_effect",NA,NA,NA,"Rceattle","nonparametric_pm",-0.419585209595631,0.674788494987109
"sel_inf_dev.65",-0.0638583680643267,0.113690117433351,9.09785145658537e-06,"fixed_effect",NA,NA,NA,"Rceattle","nonparametric_pm",-0.561687941801647,0.574328651333433
"sel_inf_dev.66",-0.0857674217799628,0.114955549161702,6.85855678339564e-06,"fixed_effect",NA,NA,NA,"Rceattle","nonparametric_pm",-0.746092053888744,0.455611809073737
"sel_inf_dev.67",0.141056136430211,0.116132757806328,7.4383183232829e-06,"fixed_effect",NA,NA,NA,"Rceattle","nonparametric_pm",1.2146110976323,0.224514454195743
"sel_inf_dev.68",0.313300476706553,0.109550246678075,2.02157260975611e-06,"fixed_effect",NA,NA,NA,"Rceattle","nonparametric_pm",2.85987924451891,0.00423802348929612
"sel_inf_dev.69",0.279671667859169,0.129757146481808,-9.46910685417635e-06,"fixed_effect",NA,NA,NA,"Rceattle","nonparametric_pm",2.15534693419278,0.0311346956084242
"sel_inf_dev.70",-0.120245740028988,0.120955470269715,2.34700436116952e-05,"fixed_effect",NA,NA,NA,"Rceattle","nonparametric_pm",-0.99413230142345,0.32015846139131
"sel_inf_dev.71",-0.105385164659216,0.135006016340014,-2.81017622238977e-06,"fixed_effect",NA,NA,NA,"Rceattle","nonparametric_pm",-0.780596061688112,0.435040108833373
"sel_inf_dev.72",0.155411740324463,0.131479935249757,-7.42302410383644e-06,"fixed_effect",NA,NA,NA,"Rceattle","nonparametric_pm",1.18201868619151,0.237198286485038
"sel_inf_dev.73",0.113376326632663,0.121317069635023,-1.70119492712839e-05,"fixed_effect",NA,NA,NA,"Rceattle","nonparametric_pm",0.934545542302908,0.350022555163739
"sel_inf_dev.74",-0.00109821412706116,0.138524813006089,-1.42780403586118e-05,"fixed_effect",NA,NA,NA,"Rceattle","nonparametric_pm",-0.0079279235483457,0.993674498463326
"sel_inf_dev.75",-0.10923021954021,0.152198923362495,2.02346235844697e-05,"fixed_effect",NA,NA,NA,"Rceattle","nonparametric_pm",-0.717680632208247,0.472954227911419
"sel_inf_dev.76",-0.117324574079164,0.136598501239383,-4.0978786380097e-05,"fixed_effect",NA,NA,NA,"Rceattle","nonparametric_pm",-0.858900888477231,0.390395199199671
"sel_inf_dev.77",-0.0715910460492061,0.126686278188262,-1.16867690982403e-05,"fixed_effect",NA,NA,NA,"Rceattle","nonparametric_pm",-0.565104974848329,0.572002364936603
"sel_inf_dev.78",0.209357259863733,0.117241874550486,-5.91176147501926e-06,"fixed_effect",NA,NA,NA,"Rceattle","nonparametric_pm",1.78568673237634,0.0741499947719609
"sel_inf_dev.79",0.0581104529637393,0.211967474404886,-1.12240458438606e-06,"fixed_effect",NA,NA,NA,"Rceattle","nonparametric_pm",0.274147970705829,0.783970910140195
"sel_inf_dev.80",-0.0931362837859679,0.142893726412925,8.81600076052536e-06,"fixed_effect",NA,NA,NA,"Rceattle","nonparametric_pm",-0.651787073680397,0.514538541604917
"sel_inf_dev.81",-0.0346126550718882,0.15117395257869,-1.81433781554219e-06,"fixed_effect",NA,NA,NA,"Rceattle","nonparametric_pm",-0.228959119487673,0.818900690060723
"sel_inf_dev.82",-0.0703384045061819,0.158408989764741,1.96828076413635e-05,"fixed_effect",NA,NA,NA,"Rceattle","nonparametric_pm",-0.444030383696303,0.657020616939603
"sel_inf_dev.83",-0.0877877437066644,0.243243433160419,-6.03324259623728e-06,"fixed_effect",NA,NA,NA,"Rceattle","nonparametric_pm",-0.360904886787913,0.718170550330638
"spawning_biomass",1311.31168405828,NA,NA,"derived_quantity","population",1964,NA,"Rceattle","nonparametric_pm",NA,NA
"spawning_biomass",1341.89326499943,NA,NA,"derived_quantity","population",1965,NA,"Rceattle","nonparametric_pm",NA,NA
"spawning_biomass",1366.10192637711,NA,NA,"derived_quantity","population",1966,NA,"Rceattle","nonparametric_pm",NA,NA
"spawning_biomass",1477.01076065663,NA,NA,"derived_quantity","population",1967,NA,"Rceattle","nonparametric_pm",NA,NA
"spawning_biomass",1642.58654564015,NA,NA,"derived_quantity","population",1968,NA,"Rceattle","nonparametric_pm",NA,NA
"spawning_biomass",1864.20789785282,NA,NA,"derived_quantity","population",1969,NA,"Rceattle","nonparametric_pm",NA,NA
"spawning_biomass",1976.37302079139,NA,NA,"derived_quantity","population",1970,NA,"Rceattle","nonparametric_pm",NA,NA
"spawning_biomass",2088.40083752412,NA,NA,"derived_quantity","population",1971,NA,"Rceattle","nonparametric_pm",NA,NA
"spawning_biomass",1951.91577169888,NA,NA,"derived_quantity","population",1972,NA,"Rceattle","nonparametric_pm",NA,NA
"spawning_biomass",1672.87543753909,NA,NA,"derived_quantity","population",1973,NA,"Rceattle","nonparametric_pm",NA,NA
"spawning_biomass",1271.36442464189,NA,NA,"derived_quantity","population",1974,NA,"Rceattle","nonparametric_pm",NA,NA
"spawning_biomass",1177.44236191999,NA,NA,"derived_quantity","population",1975,NA,"Rceattle","nonparametric_pm",NA,NA
"spawning_biomass",1099.4307277586,NA,NA,"derived_quantity","population",1976,NA,"Rceattle","nonparametric_pm",NA,NA
"spawning_biomass",1278.51202546901,NA,NA,"derived_quantity","population",1977,NA,"Rceattle","nonparametric_pm",NA,NA
"spawning_biomass",1129.7233424105,NA,NA,"derived_quantity","population",1978,NA,"Rceattle","nonparametric_pm",NA,NA
"spawning_biomass",1035.37389561295,NA,NA,"derived_quantity","population",1979,NA,"Rceattle","nonparametric_pm",NA,NA
"spawning_biomass",1226.14828540673,NA,NA,"derived_quantity","population",1980,NA,"Rceattle","nonparametric_pm",NA,NA
"spawning_biomass",1882.39242772548,NA,NA,"derived_quantity","population",1981,NA,"Rceattle","nonparametric_pm",NA,NA
"spawning_biomass",2624.03313304534,NA,NA,"derived_quantity","population",1982,NA,"Rceattle","nonparametric_pm",NA,NA
"spawning_biomass",3530.88919782049,NA,NA,"derived_quantity","population",1983,NA,"Rceattle","nonparametric_pm",NA,NA
"spawning_biomass",3668.00208860343,NA,NA,"derived_quantity","population",1984,NA,"Rceattle","nonparametric_pm",NA,NA
"spawning_biomass",4195.31685572016,NA,NA,"derived_quantity","population",1985,NA,"Rceattle","nonparametric_pm",NA,NA
"spawning_biomass",4086.54286642558,NA,NA,"derived_quantity","population",1986,NA,"Rceattle","nonparametric_pm",NA,NA
"spawning_biomass",4105.83107574215,NA,NA,"derived_quantity","population",1987,NA,"Rceattle","nonparametric_pm",NA,NA
"spawning_biomass",3865.5197821904,NA,NA,"derived_quantity","population",1988,NA,"Rceattle","nonparametric_pm",NA,NA
"spawning_biomass",3343.37113658108,NA,NA,"derived_quantity","population",1989,NA,"Rceattle","nonparametric_pm",NA,NA
"spawning_biomass",2833.3180827564,NA,NA,"derived_quantity","population",1990,NA,"Rceattle","nonparametric_pm",NA,NA
"spawning_biomass",2283.3685271953,NA,NA,"derived_quantity","population",1991,NA,"Rceattle","nonparametric_pm",NA,NA
"spawning_biomass",2164.07846171933,NA,NA,"derived_quantity","population",1992,NA,"Rceattle","nonparametric_pm",NA,NA
"spawning_biomass",2832.40832622313,NA,NA,"derived_quantity","population",1993,NA,"Rceattle","nonparametric_pm",NA,NA
"spawning_biomass",3288.650133429,NA,NA,"derived_quantity","population",1994,NA,"Rceattle","nonparametric_pm",NA,NA
"spawning_biomass",3514.27319447504,NA,NA,"derived_quantity","population",1995,NA,"Rceattle","nonparametric_pm",NA,NA
"spawning_biomass",3450.16827861118,NA,NA,"derived_quantity","population",1996,NA,"Rceattle","nonparametric_pm",NA,NA
"spawning_biomass",3353.95683169116,NA,NA,"derived_quantity","population",1997,NA,"Rceattle","nonparametric_pm",NA,NA
"spawning_biomass",2850.69797027958,NA,NA,"derived_quantity","population",1998,NA,"Rceattle","nonparametric_pm",NA,NA
"spawning_biomass",2971.89348819988,NA,NA,"derived_quantity","population",1999,NA,"Rceattle","nonparametric_pm",NA,NA
"spawning_biomass",2860.59795942403,NA,NA,"derived_quantity","population",2000,NA,"Rceattle","nonparametric_pm",NA,NA
"spawning_biomass",2900.5476003813,NA,NA,"derived_quantity","population",2001,NA,"Rceattle","nonparametric_pm",NA,NA
"spawning_biomass",2696.72726824287,NA,NA,"derived_quantity","population",2002,NA,"Rceattle","nonparametric_pm",NA,NA
"spawning_biomass",2723.62981852841,NA,NA,"derived_quantity","population",2003,NA,"Rceattle","nonparametric_pm",NA,NA
"spawning_biomass",3014.63130332667,NA,NA,"derived_quantity","population",2004,NA,"Rceattle","nonparametric_pm",NA,NA
"spawning_biomass",2653.29655381765,NA,NA,"derived_quantity","population",2005,NA,"Rceattle","nonparametric_pm",NA,NA
"spawning_biomass",2427.43134802624,NA,NA,"derived_quantity","population",2006,NA,"Rceattle","nonparametric_pm",NA,NA
"spawning_biomass",1995.07398906949,NA,NA,"derived_quantity","population",2007,NA,"Rceattle","nonparametric_pm",NA,NA
"spawning_biomass",1531.55495531706,NA,NA,"derived_quantity","population",2008,NA,"Rceattle","nonparametric_pm",NA,NA
"spawning_biomass",1623.22136292008,NA,NA,"derived_quantity","population",2009,NA,"Rceattle","nonparametric_pm",NA,NA
"spawning_biomass",1660.49085202759,NA,NA,"derived_quantity","population",2010,NA,"Rceattle","nonparametric_pm",NA,NA
"spawning_biomass",2035.23483513038,NA,NA,"derived_quantity","population",2011,NA,"Rceattle","nonparametric_pm",NA,NA
"spawning_biomass",2481.09832350355,NA,NA,"derived_quantity","population",2012,NA,"Rceattle","nonparametric_pm",NA,NA
"spawning_biomass",2829.58774038432,NA,NA,"derived_quantity","population",2013,NA,"Rceattle","nonparametric_pm",NA,NA
"spawning_biomass",2786.17599214636,NA,NA,"derived_quantity","population",2014,NA,"Rceattle","nonparametric_pm",NA,NA
"spawning_biomass",2601.74478326467,NA,NA,"derived_quantity","population",2015,NA,"Rceattle","nonparametric_pm",NA,NA
"spawning_biomass",2862.08372887124,NA,NA,"derived_quantity","population",2016,NA,"Rceattle","nonparametric_pm",NA,NA
"spawning_biomass",3309.40196419897,NA,NA,"derived_quantity","population",2017,NA,"Rceattle","nonparametric_pm",NA,NA
"spawning_biomass",3155.7729515397,NA,NA,"derived_quantity","population",2018,NA,"Rceattle","nonparametric_pm",NA,NA
"spawning_biomass",3067.16542027309,NA,NA,"derived_quantity","population",2019,NA,"Rceattle","nonparametric_pm",NA,NA
"spawning_biomass",2368.26477464293,NA,NA,"derived_quantity","population",2020,NA,"Rceattle","nonparametric_pm",NA,NA
"spawning_biomass",2577.22308369803,NA,NA,"derived_quantity","population",2021,NA,"Rceattle","nonparametric_pm",NA,NA
"spawning_biomass",3548.26085672223,NA,NA,"derived_quantity","population",2022,NA,"Rceattle","nonparametric_pm",NA,NA
"spawning_biomass",3468.85050920124,NA,NA,"derived_quantity","population",2023,NA,"Rceattle","nonparametric_pm",NA,NA
"spawning_biomass",3517.83272042934,NA,NA,"derived_quantity","population",2024,NA,"Rceattle","nonparametric_pm",NA,NA
"spawning_biomass",3208.20250107474,NA,NA,"derived_quantity","population",2025,NA,"Rceattle","nonparametric_pm",NA,NA
"spawning_biomass",3385.32631327052,NA,NA,"derived_quantity","population",2026,NA,"Rceattle","nonparametric_pm",NA,NA
"spawning_biomass",3613.43583554922,NA,NA,"derived_quantity","population",2027,NA,"Rceattle","nonparametric_pm",NA,NA
"spawning_biomass",3925.09317896395,NA,NA,"derived_quantity","population",2028,NA,"Rceattle","nonparametric_pm",NA,NA
"spawning_biomass",4236.79431816682,NA,NA,"derived_quantity","population",2029,NA,"Rceattle","nonparametric_pm",NA,NA
"spawning_biomass",4531.51180293774,NA,NA,"derived_quantity","population",2030,NA,"Rceattle","nonparametric_pm",NA,NA
"spawning_biomass",4772.47810962464,NA,NA,"derived_quantity","population",2031,NA,"Rceattle","nonparametric_pm",NA,NA
"spawning_biomass",4975.70277763627,NA,NA,"derived_quantity","population",2032,NA,"Rceattle","nonparametric_pm",NA,NA
"spawning_biomass",5144.39881166999,NA,NA,"derived_quantity","population",2033,NA,"Rceattle","nonparametric_pm",NA,NA
"spawning_biomass",5277.09106878868,NA,NA,"derived_quantity","population",2034,NA,"Rceattle","nonparametric_pm",NA,NA
"spawning_biomass",5380.92432770166,NA,NA,"derived_quantity","population",2035,NA,"Rceattle","nonparametric_pm",NA,NA
"spawning_biomass",5464.39796542314,NA,NA,"derived_quantity","population",2036,NA,"Rceattle","nonparametric_pm",NA,NA
"spawning_biomass",5528.72984020076,NA,NA,"derived_quantity","population",2037,NA,"Rceattle","nonparametric_pm",NA,NA
"spawning_biomass",5577.43603214006,NA,NA,"derived_quantity","population",2038,NA,"Rceattle","nonparametric_pm",NA,NA
"spawning_biomass",5614.46850347261,NA,NA,"derived_quantity","population",2039,NA,"Rceattle","nonparametric_pm",NA,NA
"spawning_biomass",5641.90283299264,NA,NA,"derived_quantity","population",2040,NA,"Rceattle","nonparametric_pm",NA,NA
"spawning_biomass",5662.22668417326,NA,NA,"derived_quantity","population",2041,NA,"Rceattle","nonparametric_pm",NA,NA
"spawning_biomass",5677.28296344229,NA,NA,"derived_quantity","population",2042,NA,"Rceattle","nonparametric_pm",NA,NA
"spawning_biomass",5688.43692946046,NA,NA,"derived_quantity","population",2043,NA,"Rceattle","nonparametric_pm",NA,NA
"spawning_biomass",5696.69999071959,NA,NA,"derived_quantity","population",2044,NA,"Rceattle","nonparametric_pm",NA,NA
"spawning_biomass",5702.82141705896,NA,NA,"derived_quantity","population",2045,NA,"Rceattle","nonparametric_pm",NA,NA
"spawning_biomass",5707.35628122772,NA,NA,"derived_quantity","population",2046,NA,"Rceattle","nonparametric_pm",NA,NA
"spawning_biomass",5710.71579123226,NA,NA,"derived_quantity","population",2047,NA,"Rceattle","nonparametric_pm",NA,NA
"spawning_biomass",5713.20457745618,NA,NA,"derived_quantity","population",2048,NA,"Rceattle","nonparametric_pm",NA,NA
"spawning_biomass",5715.04831563825,NA,NA,"derived_quantity","population",2049,NA,"Rceattle","nonparametric_pm",NA,NA
"spawning_biomass",5716.41419047769,NA,NA,"derived_quantity","population",2050,NA,"Rceattle","nonparametric_pm",NA,NA
"recruitment",5646.00713636804,NA,NA,"derived_quantity","population",1964,NA,"Rceattle","nonparametric_pm",NA,NA
"recruitment",23304.8683520726,NA,NA,"derived_quantity","population",1965,NA,"Rceattle","nonparametric_pm",NA,NA
"recruitment",15751.4854063606,NA,NA,"derived_quantity","population",1966,NA,"Rceattle","nonparametric_pm",NA,NA
"recruitment",27101.4184736241,NA,NA,"derived_quantity","population",1967,NA,"Rceattle","nonparametric_pm",NA,NA
"recruitment",22374.2077541286,NA,NA,"derived_quantity","population",1968,NA,"Rceattle","nonparametric_pm",NA,NA
"recruitment",26245.5229207714,NA,NA,"derived_quantity","population",1969,NA,"Rceattle","nonparametric_pm",NA,NA
"recruitment",23304.7396980017,NA,NA,"derived_quantity","population",1970,NA,"Rceattle","nonparametric_pm",NA,NA
"recruitment",13580.3736465371,NA,NA,"derived_quantity","population",1971,NA,"Rceattle","nonparametric_pm",NA,NA
"recruitment",10851.6146666643,NA,NA,"derived_quantity","population",1972,NA,"Rceattle","nonparametric_pm",NA,NA
"recruitment",26707.2393676806,NA,NA,"derived_quantity","population",1973,NA,"Rceattle","nonparametric_pm",NA,NA
"recruitment",19184.1607435336,NA,NA,"derived_quantity","population",1974,NA,"Rceattle","nonparametric_pm",NA,NA
"recruitment",16282.2692609444,NA,NA,"derived_quantity","population",1975,NA,"Rceattle","nonparametric_pm",NA,NA
"recruitment",12764.3154009016,NA,NA,"derived_quantity","population",1976,NA,"Rceattle","nonparametric_pm",NA,NA
"recruitment",13789.5359964308,NA,NA,"derived_quantity","population",1977,NA,"Rceattle","nonparametric_pm",NA,NA
"recruitment",26173.5723503784,NA,NA,"derived_quantity","population",1978,NA,"Rceattle","nonparametric_pm",NA,NA
"recruitment",61958.4358485505,NA,NA,"derived_quantity","population",1979,NA,"Rceattle","nonparametric_pm",NA,NA
"recruitment",29630.2754832744,NA,NA,"derived_quantity","population",1980,NA,"Rceattle","nonparametric_pm",NA,NA
"recruitment",33805.3347159906,NA,NA,"derived_quantity","population",1981,NA,"Rceattle","nonparametric_pm",NA,NA
"recruitment",18886.9106821867,NA,NA,"derived_quantity","population",1982,NA,"Rceattle","nonparametric_pm",NA,NA
"recruitment",51884.3242914179,NA,NA,"derived_quantity","population",1983,NA,"Rceattle","nonparametric_pm",NA,NA
"recruitment",14203.0118206231,NA,NA,"derived_quantity","population",1984,NA,"Rceattle","nonparametric_pm",NA,NA
"recruitment",32560.6650038736,NA,NA,"derived_quantity","population",1985,NA,"Rceattle","nonparametric_pm",NA,NA
"recruitment",12620.8800623734,NA,NA,"derived_quantity","population",1986,NA,"Rceattle","nonparametric_pm",NA,NA
"recruitment",7198.47045081028,NA,NA,"derived_quantity","population",1987,NA,"Rceattle","nonparametric_pm",NA,NA
"recruitment",5581.22649497175,NA,NA,"derived_quantity","population",1988,NA,"Rceattle","nonparametric_pm",NA,NA
"recruitment",11744.8377683752,NA,NA,"derived_quantity","population",1989,NA,"Rceattle","nonparametric_pm",NA,NA
"recruitment",50130.746040436,NA,NA,"derived_quantity","population",1990,NA,"Rceattle","nonparametric_pm",NA,NA
"recruitment",27125.0495825415,NA,NA,"derived_quantity","population",1991,NA,"Rceattle","nonparametric_pm",NA,NA
"recruitment",23436.9784262497,NA,NA,"derived_quantity","population",1992,NA,"Rceattle","nonparametric_pm",NA,NA
"recruitment",45791.1737309415,NA,NA,"derived_quantity","population",1993,NA,"Rceattle","nonparametric_pm",NA,NA
"recruitment",15770.0500916262,NA,NA,"derived_quantity","population",1994,NA,"Rceattle","nonparametric_pm",NA,NA
"recruitment",11075.6756558171,NA,NA,"derived_quantity","population",1995,NA,"Rceattle","nonparametric_pm",NA,NA
"recruitment",22560.5083161027,NA,NA,"derived_quantity","population",1996,NA,"Rceattle","nonparametric_pm",NA,NA
"recruitment",30176.5887268715,NA,NA,"derived_quantity","population",1997,NA,"Rceattle","nonparametric_pm",NA,NA
"recruitment",14872.6750347894,NA,NA,"derived_quantity","population",1998,NA,"Rceattle","nonparametric_pm",NA,NA
"recruitment",16125.0263307809,NA,NA,"derived_quantity","population",1999,NA,"Rceattle","nonparametric_pm",NA,NA
"recruitment",24627.4917900305,NA,NA,"derived_quantity","population",2000,NA,"Rceattle","nonparametric_pm",NA,NA
"recruitment",34447.2819463002,NA,NA,"derived_quantity","population",2001,NA,"Rceattle","nonparametric_pm",NA,NA
"recruitment",22992.34333985,NA,NA,"derived_quantity","population",2002,NA,"Rceattle","nonparametric_pm",NA,NA
"recruitment",14390.9934650866,NA,NA,"derived_quantity","population",2003,NA,"Rceattle","nonparametric_pm",NA,NA
"recruitment",6554.19221353236,NA,NA,"derived_quantity","population",2004,NA,"Rceattle","nonparametric_pm",NA,NA
"recruitment",4652.06969654394,NA,NA,"derived_quantity","population",2005,NA,"Rceattle","nonparametric_pm",NA,NA
"recruitment",11589.7225565304,NA,NA,"derived_quantity","population",2006,NA,"Rceattle","nonparametric_pm",NA,NA
"recruitment",25037.3660767296,NA,NA,"derived_quantity","population",2007,NA,"Rceattle","nonparametric_pm",NA,NA
"recruitment",13579.9174810715,NA,NA,"derived_quantity","population",2008,NA,"Rceattle","nonparametric_pm",NA,NA
"recruitment",49592.8865308462,NA,NA,"derived_quantity","population",2009,NA,"Rceattle","nonparametric_pm",NA,NA
"recruitment",23154.4900573206,NA,NA,"derived_quantity","population",2010,NA,"Rceattle","nonparametric_pm",NA,NA
"recruitment",14224.0007532696,NA,NA,"derived_quantity","population",2011,NA,"Rceattle","nonparametric_pm",NA,NA
"recruitment",12278.6786761994,NA,NA,"derived_quantity","population",2012,NA,"Rceattle","nonparametric_pm",NA,NA
"recruitment",43474.1353669605,NA,NA,"derived_quantity","population",2013,NA,"Rceattle","nonparametric_pm",NA,NA
"recruitment",49598.8252487228,NA,NA,"derived_quantity","population",2014,NA,"Rceattle","nonparametric_pm",NA,NA
"recruitment",21268.2153292729,NA,NA,"derived_quantity","population",2015,NA,"Rceattle","nonparametric_pm",NA,NA
"recruitment",8064.43443116039,NA,NA,"derived_quantity","population",2016,NA,"Rceattle","nonparametric_pm",NA,NA
"recruitment",8181.10141130171,NA,NA,"derived_quantity","population",2017,NA,"Rceattle","nonparametric_pm",NA,NA
"recruitment",17004.4417874741,NA,NA,"derived_quantity","population",2018,NA,"Rceattle","nonparametric_pm",NA,NA
"recruitment",83171.6021059382,NA,NA,"derived_quantity","population",2019,NA,"Rceattle","nonparametric_pm",NA,NA
"recruitment",20838.8443800812,NA,NA,"derived_quantity","population",2020,NA,"Rceattle","nonparametric_pm",NA,NA
"recruitment",11118.2582581732,NA,NA,"derived_quantity","population",2021,NA,"Rceattle","nonparametric_pm",NA,NA
"recruitment",10886.7519137854,NA,NA,"derived_quantity","population",2022,NA,"Rceattle","nonparametric_pm",NA,NA
"recruitment",16145.6939322212,NA,NA,"derived_quantity","population",2023,NA,"Rceattle","nonparametric_pm",NA,NA
"recruitment",16724.8189938785,NA,NA,"derived_quantity","population",2024,NA,"Rceattle","nonparametric_pm",NA,NA
"recruitment",22685.2251389391,NA,NA,"derived_quantity","population",2025,NA,"Rceattle","nonparametric_pm",NA,NA
"recruitment",22685.2251389391,NA,NA,"derived_quantity","population",2026,NA,"Rceattle","nonparametric_pm",NA,NA
"recruitment",22685.2251389391,NA,NA,"derived_quantity","population",2027,NA,"Rceattle","nonparametric_pm",NA,NA
"recruitment",22685.2251389391,NA,NA,"derived_quantity","population",2028,NA,"Rceattle","nonparametric_pm",NA,NA
"recruitment",22685.2251389391,NA,NA,"derived_quantity","population",2029,NA,"Rceattle","nonparametric_pm",NA,NA
"recruitment",22685.2251389391,NA,NA,"derived_quantity","population",2030,NA,"Rceattle","nonparametric_pm",NA,NA
"recruitment",22685.2251389391,NA,NA,"derived_quantity","population",2031,NA,"Rceattle","nonparametric_pm",NA,NA
"recruitment",22685.2251389391,NA,NA,"derived_quantity","population",2032,NA,"Rceattle","nonparametric_pm",NA,NA
"recruitment",22685.2251389391,NA,NA,"derived_quantity","population",2033,NA,"Rceattle","nonparametric_pm",NA,NA
"recruitment",22685.2251389391,NA,NA,"derived_quantity","population",2034,NA,"Rceattle","nonparametric_pm",NA,NA
"recruitment",22685.2251389391,NA,NA,"derived_quantity","population",2035,NA,"Rceattle","nonparametric_pm",NA,NA
"recruitment",22685.2251389391,NA,NA,"derived_quantity","population",2036,NA,"Rceattle","nonparametric_pm",NA,NA
"recruitment",22685.2251389391,NA,NA,"derived_quantity","population",2037,NA,"Rceattle","nonparametric_pm",NA,NA
"recruitment",22685.2251389391,NA,NA,"derived_quantity","population",2038,NA,"Rceattle","nonparametric_pm",NA,NA
"recruitment",22685.2251389391,NA,NA,"derived_quantity","population",2039,NA,"Rceattle","nonparametric_pm",NA,NA
"recruitment",22685.2251389391,NA,NA,"derived_quantity","population",2040,NA,"Rceattle","nonparametric_pm",NA,NA
"recruitment",22685.2251389391,NA,NA,"derived_quantity","population",2041,NA,"Rceattle","nonparametric_pm",NA,NA
"recruitment",22685.2251389391,NA,NA,"derived_quantity","population",2042,NA,"Rceattle","nonparametric_pm",NA,NA
"recruitment",22685.2251389391,NA,NA,"derived_quantity","population",2043,NA,"Rceattle","nonparametric_pm",NA,NA
"recruitment",22685.2251389391,NA,NA,"derived_quantity","population",2044,NA,"Rceattle","nonparametric_pm",NA,NA
"recruitment",22685.2251389391,NA,NA,"derived_quantity","population",2045,NA,"Rceattle","nonparametric_pm",NA,NA
"recruitment",22685.2251389391,NA,NA,"derived_quantity","population",2046,NA,"Rceattle","nonparametric_pm",NA,NA
"recruitment",22685.2251389391,NA,NA,"derived_quantity","population",2047,NA,"Rceattle","nonparametric_pm",NA,NA
"recruitment",22685.2251389391,NA,NA,"derived_quantity","population",2048,NA,"Rceattle","nonparametric_pm",NA,NA
"recruitment",22685.2251389391,NA,NA,"derived_quantity","population",2049,NA,"Rceattle","nonparametric_pm",NA,NA
"recruitment",22685.2251389391,NA,NA,"derived_quantity","population",2050,NA,"Rceattle","nonparametric_pm",NA,NA
"ln_global_R0",10.0952988695071,0.268370958545925,-2.26794372374658e-10,"fixed_effect",NA,NA,NA,"SPoRC","family_sporc",37.6169572304134,1.13553778078919e-309
"steepness_h",0.0991495559286932,0.382345821116863,-1.73885307539859e-10,"fixed_effect",NA,NA,NA,"SPoRC","family_sporc",0.259319052158252,0.795389080572076
"ln_InitDevs",8.01786538153488,0.351121778217844,-7.73270336651422e-13,"fixed_effect",NA,NA,NA,"SPoRC","family_sporc",22.8349987922436,2.06000077558008e-115
"ln_InitDevs.1",7.51573978261384,0.338256509932378,1.09545705839764e-12,"fixed_effect",NA,NA,NA,"SPoRC","family_sporc",22.2190543623723,2.24752533139826e-109
"ln_InitDevs.2",5.96013861030013,0.580143160551293,3.31679128606766e-14,"fixed_effect",NA,NA,NA,"SPoRC","family_sporc",10.2735652431658,9.27136397541125e-25
"ln_InitDevs.3",5.19341601702847,0.836282049082641,-2.93903790193895e-13,"fixed_effect",NA,NA,NA,"SPoRC","family_sporc",6.21012494854503,5.29424884871802e-10
"ln_InitDevs.4",6.22015230665303,0.615212397689162,-1.0394463068053e-12,"fixed_effect",NA,NA,NA,"SPoRC","family_sporc",10.1105769812457,4.95913488648081e-24
"ln_InitDevs.5",5.43167364346395,0.859849595140385,-5.98174287880227e-13,"fixed_effect",NA,NA,NA,"SPoRC","family_sporc",6.31700436234681,2.66682057656849e-10
"ln_InitDevs.6",4.27502830287337,1.35653464644852,-2.26707541628457e-13,"fixed_effect",NA,NA,NA,"SPoRC","family_sporc",3.15143318607132,0.00162471329606192
"ln_InitDevs.7",3.80894460216679,1.56095399969711,-1.66061608908308e-13,"fixed_effect",NA,NA,NA,"SPoRC","family_sporc",2.44013891690972,0.0146816149630884
"ln_InitDevs.8",3.8189430640607,1.56402530420598,-1.88321580552042e-13,"fixed_effect",NA,NA,NA,"SPoRC","family_sporc",2.44173994742336,0.0146166713571031
"ln_InitDevs.9",3.82538869029712,1.56615039312434,-2.07750483482982e-13,"fixed_effect",NA,NA,NA,"SPoRC","family_sporc",2.44254236827523,0.0145842176302289
"ln_InitDevs.10",3.82926412837993,1.5675898742544,-2.18131068763228e-13,"fixed_effect",NA,NA,NA,"SPoRC","family_sporc",2.44277166577213,0.0145749554239409
"ln_InitDevs.11",3.82734100487865,1.56642932602701,-2.23404628130197e-13,"fixed_effect",NA,NA,NA,"SPoRC","family_sporc",2.44335377363374,0.0145514651431766
"ln_InitDevs.12",3.82573912019602,1.56551572810319,-2.23793206188816e-13,"fixed_effect",NA,NA,NA,"SPoRC","family_sporc",2.44375642576991,0.0145352361244085
"ln_InitDevs.13",3.82411233210208,1.56482549602841,-2.34173791469061e-13,"fixed_effect",NA,NA,NA,"SPoRC","family_sporc",2.44379475015446,0.0145336922803447
"ln_RecDevs",-1.38030647492029,0.458768468054111,-9.37157791774595e-13,"fixed_effect",NA,NA,NA,"SPoRC","family_sporc",-3.00872132902883,0.00262349632563369
"ln_RecDevs.1",0.447010655917282,0.437144563920255,-3.20126830665772e-12,"fixed_effect",NA,NA,NA,"SPoRC","family_sporc",1.02256940337665,0.306511482228948
"ln_RecDevs.2",0.073294979957872,0.441623781381692,-2.28058503078977e-12,"fixed_effect",NA,NA,NA,"SPoRC","family_sporc",0.165967013208747,0.868182909749332
"ln_RecDevs.3",0.535868263374343,0.391392806181984,-3.80016326880804e-12,"fixed_effect",NA,NA,NA,"SPoRC","family_sporc",1.36913161128767,0.170958138613859
"ln_RecDevs.4",0.263971200650722,0.39202664495535,-3.68276269329801e-12,"fixed_effect",NA,NA,NA,"SPoRC","family_sporc",0.673350151188798,0.500724554004506
"ln_RecDevs.5",0.295327467110486,0.366421626734616,-5.1106701711174e-12,"fixed_effect",NA,NA,NA,"SPoRC","family_sporc",0.805977173733742,0.420256010808697
"ln_RecDevs.6",0.0678811972097676,0.358069884976408,-5.46249050380726e-12,"fixed_effect",NA,NA,NA,"SPoRC","family_sporc",0.189575275827064,0.84964196288373
"ln_RecDevs.7",-0.493155700279245,0.392962257439289,-3.58836066268712e-12,"fixed_effect",NA,NA,NA,"SPoRC","family_sporc",-1.25496963370696,0.209489783675911
"ln_RecDevs.8",-0.753142009899885,0.390583614052404,-3.22484930154717e-12,"fixed_effect",NA,NA,NA,"SPoRC","family_sporc",-1.92824783939563,0.0538243063347295
"ln_RecDevs.9",0.084229542842896,0.278589918564767,-7.29450155172028e-12,"fixed_effect",NA,NA,NA,"SPoRC","family_sporc",0.302342393711976,0.762391064047138
"ln_RecDevs.10",-0.173314124331986,0.299452634118539,-7.2963680376573e-12,"fixed_effect",NA,NA,NA,"SPoRC","family_sporc",-0.578769743809899,0.562744549076876
"ln_RecDevs.11",-0.182898721166675,0.321641499946638,-5.81015543596527e-12,"fixed_effect",NA,NA,NA,"SPoRC","family_sporc",-0.56864155028819,0.569599421266896
"ln_RecDevs.12",-0.41008145255652,0.313194089694102,-4.37061065959458e-12,"fixed_effect",NA,NA,NA,"SPoRC","family_sporc",-1.3093524624205,0.190414986280235
"ln_RecDevs.13",-0.335172042146113,0.289226981006081,-3.95001485376549e-12,"fixed_effect",NA,NA,NA,"SPoRC","family_sporc",-1.15885468561824,0.246515422374472
"ln_RecDevs.14",0.167296986711722,0.236531820784627,-5.64470692410168e-12,"fixed_effect",NA,NA,NA,"SPoRC","family_sporc",0.707291670764475,0.479385240585568
"ln_RecDevs.15",1.08457345748724,0.233871102974079,-9.99750811858475e-12,"fixed_effect",NA,NA,NA,"SPoRC","family_sporc",4.63748382632568,3.52676197768085e-06
"ln_RecDevs.16",0.424197361586418,0.244487538425809,-4.15945056175815e-12,"fixed_effect",NA,NA,NA,"SPoRC","family_sporc",1.73504696524703,0.0827324868653627
"ln_RecDevs.17",0.464189290390719,0.226122716484333,-4.81470419089192e-12,"fixed_effect",NA,NA,NA,"SPoRC","family_sporc",2.05282024560712,0.0400900142581013
"ln_RecDevs.18",-0.337161668417053,0.190718067717131,-3.10609871156942e-12,"fixed_effect",NA,NA,NA,"SPoRC","family_sporc",-1.7678538402409,0.0770853413373541
"ln_RecDevs.19",0.55513983659248,0.154729228835164,-1.017386175306e-11,"fixed_effect",NA,NA,NA,"SPoRC","family_sporc",3.58781492528397,0.000333460845788057
"ln_RecDevs.20",-0.778322970171113,0.206034007361564,-3.09829939482142e-12,"fixed_effect",NA,NA,NA,"SPoRC","family_sporc",-3.77764321598256,0.000158319465491721
"ln_RecDevs.21",0.0804914330457496,0.199324907074171,-8.61011262287548e-12,"fixed_effect",NA,NA,NA,"SPoRC","family_sporc",0.403820246186282,0.686344907178122
"ln_RecDevs.22",-0.838242750909767,0.255444936572084,-3.74089648147446e-12,"fixed_effect",NA,NA,NA,"SPoRC","family_sporc",-3.28150074986208,0.00103256249933954
"ln_RecDevs.23",-1.4315776365038,0.255868044599832,-2.13395967563201e-12,"fixed_effect",NA,NA,NA,"SPoRC","family_sporc",-5.59498408151255,2.20642012765646e-08
"ln_RecDevs.24",-1.70614204074347,0.264021956371707,-1.61870516990348e-12,"fixed_effect",NA,NA,NA,"SPoRC","family_sporc",-6.46212180301192,1.03244939352591e-10
"ln_RecDevs.25",-0.977662223613137,0.236296289137267,-3.23202575813752e-12,"fixed_effect",NA,NA,NA,"SPoRC","family_sporc",-4.1374421375073,3.51198974279586e-05
"ln_RecDevs.26",0.468123055074138,0.186505569195082,-1.48693279911072e-11,"fixed_effect",NA,NA,NA,"SPoRC","family_sporc",2.50996823898856,0.0120742020921578
"ln_RecDevs.27",-0.118602622257475,0.159586462245701,-7.09854397484833e-12,"fixed_effect",NA,NA,NA,"SPoRC","family_sporc",-0.743187238995704,0.457368328157548
"ln_RecDevs.28",-0.221341119044203,0.151861959200609,-5.10974595968605e-12,"fixed_effect",NA,NA,NA,"SPoRC","family_sporc",-1.45751523429124,0.144974209226011
"ln_RecDevs.29",0.45803757109876,0.149130553352599,-9.76152492171423e-12,"fixed_effect",NA,NA,NA,"SPoRC","family_sporc",3.07138651873566,0.00213067138668906
"ln_RecDevs.30",-0.690716281674358,0.164318714623905,-4.02947120115016e-12,"fixed_effect",NA,NA,NA,"SPoRC","family_sporc",-4.20351560840333,2.62801021127331e-05
"ln_RecDevs.31",-1.04475714560758,0.194326477936178,-3.2870373090077e-12,"fixed_effect",NA,NA,NA,"SPoRC","family_sporc",-5.3762984679355,7.6032714637036e-08
"ln_RecDevs.32",-0.322932741192961,0.20672049631359,-6.84899359448821e-12,"fixed_effect",NA,NA,NA,"SPoRC","family_sporc",-1.56217088751122,0.118247736899228
"ln_RecDevs.33",-0.0329941187882672,0.199587856069483,-9.58072510215402e-12,"fixed_effect",NA,NA,NA,"SPoRC","family_sporc",-0.165311254091436,0.868699001205762
"ln_RecDevs.34",-0.747493056402051,0.194302904765162,-4.40311676008776e-12,"fixed_effect",NA,NA,NA,"SPoRC","family_sporc",-3.84705034289366,0.000119548411858469
"ln_RecDevs.35",-0.64998971082977,0.161476386807019,-5.10863573666143e-12,"fixed_effect",NA,NA,NA,"SPoRC","family_sporc",-4.02529263679015,5.69045058690281e-05
"ln_RecDevs.36",-0.229583081514005,0.16545803281697,-8.33194624405564e-12,"fixed_effect",NA,NA,NA,"SPoRC","family_sporc",-1.387560806842,0.16527082298402
"ln_RecDevs.37",0.120364682254053,0.158156868604446,-1.23929755346808e-11,"fixed_effect",NA,NA,NA,"SPoRC","family_sporc",0.761046189875494,0.446629478964411
"ln_RecDevs.38",-0.285842407642418,0.160998654814731,-9.72158464840334e-12,"fixed_effect",NA,NA,NA,"SPoRC","family_sporc",-1.77543351508962,0.0758263342183854
"ln_RecDevs.39",-0.749006930761664,0.153794521346276,-7.498973664255e-12,"fixed_effect",NA,NA,NA,"SPoRC","family_sporc",-4.87017953698907,1.11496893741841e-06
"ln_RecDevs.40",-1.54790661874217,0.160727879957048,-3.87490040054672e-12,"fixed_effect",NA,NA,NA,"SPoRC","family_sporc",-9.63060434291692,5.93792125869846e-22
"ln_RecDevs.41",-1.91091252723217,0.179241026443791,-2.71871414270208e-12,"fixed_effect",NA,NA,NA,"SPoRC","family_sporc",-10.6611335872449,1.54700228974842e-26
"ln_RecDevs.42",-0.973764376472355,0.154749004864877,-5.73169289808106e-12,"fixed_effect",NA,NA,NA,"SPoRC","family_sporc",-6.29254047431597,3.12311858019438e-10
"ln_RecDevs.43",-0.166899798562164,0.14719682971589,-1.04251052235327e-11,"fixed_effect",NA,NA,NA,"SPoRC","family_sporc",-1.13385457339199,0.256855554765864
"ln_RecDevs.44",-0.724398465018181,0.157750843094966,-4.2160164248628e-12,"fixed_effect",NA,NA,NA,"SPoRC","family_sporc",-4.59204179708943,4.38930430614449e-06
"ln_RecDevs.45",0.711454250092764,0.177282013318272,-1.3867351711383e-11,"fixed_effect",NA,NA,NA,"SPoRC","family_sporc",4.01312144856738,5.99210636460827e-05
"ln_RecDevs.46",-0.100370592441187,0.173570440442899,-5.44808642644057e-12,"fixed_effect",NA,NA,NA,"SPoRC","family_sporc",-0.578270079773213,0.563081791471006
"ln_RecDevs.47",-0.57620609798884,0.173895208604767,-3.07892600304172e-12,"fixed_effect",NA,NA,NA,"SPoRC","family_sporc",-3.31352486714257,0.000921279144010242
"ln_RecDevs.48",-0.811415702366542,0.157384570212281,-2.82451839694886e-12,"fixed_effect",NA,NA,NA,"SPoRC","family_sporc",-5.15562422207019,2.52787391734286e-07
"ln_RecDevs.49",0.374337221310292,0.146250234364598,-1.1462164550835e-11,"fixed_effect",NA,NA,NA,"SPoRC","family_sporc",2.55956664231443,0.010480275970474
"ln_RecDevs.50",0.486390674580775,0.158198402542737,-1.19357856931401e-11,"fixed_effect",NA,NA,NA,"SPoRC","family_sporc",3.07456122668102,0.00210812445694869
"ln_RecDevs.51",-0.346534363730039,0.161859145046935,-4.29473123730872e-12,"fixed_effect",NA,NA,NA,"SPoRC","family_sporc",-2.14096252411041,0.0322770603239288
"ln_RecDevs.52",-1.30151233960617,0.172412618786488,-1.5368817329886e-12,"fixed_effect",NA,NA,NA,"SPoRC","family_sporc",-7.5488229850388,4.39209336667295e-14
"ln_RecDevs.53",-1.31256230656452,0.189132984115708,-1.25099930414763e-12,"fixed_effect",NA,NA,NA,"SPoRC","family_sporc",-6.93989106501657,3.92402409627498e-12
"ln_RecDevs.54",-0.609049743486326,0.214011026056938,-2.04686267935017e-12,"fixed_effect",NA,NA,NA,"SPoRC","family_sporc",-2.84588020864069,0.0044288852332812
"ln_RecDevs.55",0.889574189361284,0.196656988450306,-1.03674846485546e-11,"fixed_effect",NA,NA,NA,"SPoRC","family_sporc",4.52348119622545,6.08307261636033e-06
"ln_RecDevs.56",-0.453731588750553,0.218147216069533,-2.0476328965735e-12,"fixed_effect",NA,NA,NA,"SPoRC","family_sporc",-2.07993297794792,0.0375316807052674
"ln_RecDevs.57",-0.921527248102753,0.225247328010012,-7.54341034081563e-13,"fixed_effect",NA,NA,NA,"SPoRC","family_sporc",-4.09117948809493,4.29184794330548e-05
"ln_RecDevs.58",-0.941924172330216,0.261906769239139,-2.3653301539639e-13,"fixed_effect",NA,NA,NA,"SPoRC","family_sporc",-3.59641018468742,0.000322638910898735
"ln_RecDevs.59",-0.502697275249604,0.325132868682048,-7.88254386705594e-15,"fixed_effect",NA,NA,NA,"SPoRC","family_sporc",-1.54612874818632,0.122073477095161
"ln_RecDevs.60",-0.432014313606415,0.472988205888453,-2.56680162301835e-14,"fixed_effect",NA,NA,NA,"SPoRC","family_sporc",-0.913372274885643,0.361046782071362
"ln_F_devs",-2.26178220045602,0.292757147812877,-3.55493412484975e-13,"fixed_effect",NA,NA,NA,"SPoRC","family_sporc",-7.7257966794433,1.11155929483871e-14
"ln_F_devs.1",-2.28122653464706,0.240210452523028,6.65756338946721e-12,"fixed_effect",NA,NA,NA,"SPoRC","family_sporc",-9.49678296962688,2.1647459652338e-21
"ln_F_devs.2",-2.37231023778558,0.224440993973374,1.94022575783492e-12,"fixed_effect",NA,NA,NA,"SPoRC","family_sporc",-10.5698615738042,4.1110098226967e-26
"ln_F_devs.3",-1.78696103540969,0.218156724274915,2.4230617512444e-12,"fixed_effect",NA,NA,NA,"SPoRC","family_sporc",-8.19118017722805,2.58677000850157e-16
"ln_F_devs.4",-1.82422824845337,0.221077422493339,2.9224400677208e-12,"fixed_effect",NA,NA,NA,"SPoRC","family_sporc",-8.25153571938507,1.5637188258425e-16
"ln_F_devs.5",-1.78502909356562,0.217280860467997,2.55379051239402e-12,"fixed_effect",NA,NA,NA,"SPoRC","family_sporc",-8.21530755042522,2.11621182725805e-16
"ln_F_devs.6",-1.41133495648907,0.208491419437305,2.98527869091458e-12,"fixed_effect",NA,NA,NA,"SPoRC","family_sporc",-6.76927117815257,1.2943274326196e-11
"ln_F_devs.7",-1.07218531531671,0.205878411553998,4.98323604603002e-12,"fixed_effect",NA,NA,NA,"SPoRC","family_sporc",-5.20785694441546,1.91034110619762e-07
"ln_F_devs.8",-0.951143985611401,0.202104867094301,5.76516612227351e-12,"fixed_effect",NA,NA,NA,"SPoRC","family_sporc",-4.70619040147905,2.52388806724786e-06
"ln_F_devs.9",-0.811251471719916,0.202071966496915,6.13975537078204e-12,"fixed_effect",NA,NA,NA,"SPoRC","family_sporc",-4.01466609042131,5.95300113952434e-05
"ln_F_devs.10",-0.735856301032039,0.203394023320548,5.79203351946944e-12,"fixed_effect",NA,NA,NA,"SPoRC","family_sporc",-3.61788556526233,0.000297019660927124
"ln_F_devs.11",-0.949766871372705,0.199003731840015,5.2939874706226e-12,"fixed_effect",NA,NA,NA,"SPoRC","family_sporc",-4.77260834553722,1.81855220693461e-06
"ln_F_devs.12",-1.05122605712657,0.191780690766825,5.31219512822645e-12,"fixed_effect",NA,NA,NA,"SPoRC","family_sporc",-5.4813967606608,4.2198094186342e-08
"ln_F_devs.13",-1.12814096316397,0.199969281629648,3.74356101673357e-12,"fixed_effect",NA,NA,NA,"SPoRC","family_sporc",-5.641571315205,1.68505218198454e-08
"ln_F_devs.14",-0.999040490275088,0.190392020710688,2.93853830157786e-12,"fixed_effect",NA,NA,NA,"SPoRC","family_sporc",-5.24728130173685,1.54360117705653e-07
"ln_F_devs.15",-0.926015537968867,0.185550338241205,1.18993703779324e-12,"fixed_effect",NA,NA,NA,"SPoRC","family_sporc",-4.99064322246128,6.01785605872755e-07
"ln_F_devs.16",-0.974543246656079,0.184859633946649,1.17683640610267e-13,"fixed_effect",NA,NA,NA,"SPoRC","family_sporc",-5.27180123561931,1.35091335877302e-07
"ln_F_devs.17",-1.27290514010691,0.197987640854066,-7.34745597696929e-13,"fixed_effect",NA,NA,NA,"SPoRC","family_sporc",-6.42921515007672,1.28264474479529e-10
"ln_F_devs.18",-1.70120490244973,0.210190461399195,-1.59056101622923e-12,"fixed_effect",NA,NA,NA,"SPoRC","family_sporc",-8.09363513037253,5.79099849186208e-16
"ln_F_devs.19",-1.8966779198131,0.201344170916603,-1.58262292160316e-12,"fixed_effect",NA,NA,NA,"SPoRC","family_sporc",-9.42007862049654,4.50750388494982e-21
"ln_F_devs.20",-1.93589794648405,0.180656644932174,-1.3026246747927e-12,"fixed_effect",NA,NA,NA,"SPoRC","family_sporc",-10.7158967067658,8.57224928156138e-27
"ln_F_devs.21",-1.93902354026279,0.166436225628144,-1.1705081348623e-12,"fixed_effect",NA,NA,NA,"SPoRC","family_sporc",-11.6502494150222,2.28788219225444e-31
"ln_F_devs.22",-2.023481866332,0.154787744138471,-1.61304303247789e-12,"fixed_effect",NA,NA,NA,"SPoRC","family_sporc",-13.0726232725623,4.72089818866674e-39
"ln_F_devs.23",-2.3380771341867,0.143686260469925,-2.63655763887982e-12,"fixed_effect",NA,NA,NA,"SPoRC","family_sporc",-16.272099548976,1.55725338655941e-59
"ln_F_devs.24",-2.03970746171376,0.128636302840553,-1.11932685342708e-12,"fixed_effect",NA,NA,NA,"SPoRC","family_sporc",-15.856390588604,1.26985340024229e-56
"ln_F_devs.25",-1.99435515208732,0.112001384369306,-1.23534515950041e-12,"fixed_effect",NA,NA,NA,"SPoRC","family_sporc",-17.806522332896,6.28985031886179e-71
"ln_F_devs.26",-1.59034932944011,0.0947995408959274,-2.79033740557821e-13,"fixed_effect",NA,NA,NA,"SPoRC","family_sporc",-16.7759180520297,3.66156120093887e-63
"ln_F_devs.27",-1.38835875391481,0.0866659737476975,-1.05787600901408e-12,"fixed_effect",NA,NA,NA,"SPoRC","family_sporc",-16.0196521642578,9.31699972050883e-58
"ln_F_devs.28",-1.07559127035646,0.0907401640578084,-1.04893871366585e-12,"fixed_effect",NA,NA,NA,"SPoRC","family_sporc",-11.8535301486917,2.06312676544784e-32
"ln_F_devs.29",-1.53781337033879,0.109653890637415,-1.77864667438854e-12,"fixed_effect",NA,NA,NA,"SPoRC","family_sporc",-14.0242481265328,1.10779969546061e-44
"ln_F_devs.30",-1.78289365644963,0.121466208919529,-1.21425092203253e-12,"fixed_effect",NA,NA,NA,"SPoRC","family_sporc",-14.6781040777423,8.90455396721503e-49
"ln_F_devs.31",-1.81108049384358,0.120525001112389,-1.7615353620215e-12,"fixed_effect",NA,NA,NA,"SPoRC","family_sporc",-15.0265959521108,4.91628424857051e-51
"ln_F_devs.32",-1.65243174519304,0.119498616020833,-1.63996594082505e-12,"fixed_effect",NA,NA,NA,"SPoRC","family_sporc",-13.8280408612009,1.72659125239696e-43
"ln_F_devs.33",-1.65282438249126,0.12911600845285,-1.58964508223391e-12,"fixed_effect",NA,NA,NA,"SPoRC","family_sporc",-12.8010802246479,1.61686323508308e-37
"ln_F_devs.34",-1.82541360943059,0.125791001002086,-1.69542158090508e-12,"fixed_effect",NA,NA,NA,"SPoRC","family_sporc",-14.5114801129559,1.02485054642883e-47
"ln_F_devs.35",-2.03307477328092,0.118409985495617,-1.82664994241577e-12,"fixed_effect",NA,NA,NA,"SPoRC","family_sporc",-17.1697915912351,4.47022074305891e-66
"ln_F_devs.36",-1.91771350335191,0.102285671023085,-1.64668279012403e-12,"fixed_effect",NA,NA,NA,"SPoRC","family_sporc",-18.7486036330456,1.98741066144688e-78
"ln_F_devs.37",-1.75414184370962,0.0903079646068753,-1.01807451358127e-12,"fixed_effect",NA,NA,NA,"SPoRC","family_sporc",-19.4239993265896,4.83721444556682e-84
"ln_F_devs.38",-1.57794301900167,0.0816581883098324,-1.20936767544766e-12,"fixed_effect",NA,NA,NA,"SPoRC","family_sporc",-19.3237573801484,3.39049554702597e-83
"ln_F_devs.39",-1.50199628880544,0.0803342947811001,-2.55712118146789e-13,"fixed_effect",NA,NA,NA,"SPoRC","family_sporc",-18.6968254703446,5.2541085239012e-78
"ln_F_devs.40",-1.61160973141231,0.0860177017597349,4.93743934626423e-13,"fixed_effect",NA,NA,NA,"SPoRC","family_sporc",-18.7357915689711,2.52853127280621e-78
"ln_F_devs.41",-1.66958691181489,0.0852280997072869,1.99057437200167e-12,"fixed_effect",NA,NA,NA,"SPoRC","family_sporc",-19.5896296825698,1.89564015901961e-85
"ln_F_devs.42",-1.46217877135415,0.0850443059771024,3.24676396878942e-12,"fixed_effect",NA,NA,NA,"SPoRC","family_sporc",-17.193141322687,2.98889935499821e-66
"ln_F_devs.43",-1.38225321556434,0.0845876949519308,3.1570301928241e-12,"fixed_effect",NA,NA,NA,"SPoRC","family_sporc",-16.3410672953063,5.03635288198671e-60
"ln_F_devs.44",-1.28053664600016,0.0856745272746648,7.06212865964062e-13,"fixed_effect",NA,NA,NA,"SPoRC","family_sporc",-14.9465271269589,1.64085994915786e-50
"ln_F_devs.45",-1.31165634839886,0.094914017065341,-1.3044010316321e-12,"fixed_effect",NA,NA,NA,"SPoRC","family_sporc",-13.8194166568241,1.94640728886016e-43
"ln_F_devs.46",-1.49664279726439,0.10372308167683,-1.71601621801187e-12,"fixed_effect",NA,NA,NA,"SPoRC","family_sporc",-14.4292164585649,3.38909346764541e-47
"ln_F_devs.47",-1.18704688390816,0.104388301065832,-7.6438855245442e-13,"fixed_effect",NA,NA,NA,"SPoRC","family_sporc",-11.3714551514691,5.8012288935086e-30
"ln_F_devs.48",-1.19494174661914,0.127915724878247,-1.15663034705449e-12,"fixed_effect",NA,NA,NA,"SPoRC","family_sporc",-9.34163292086658,9.48596766562714e-21
"ln_F_devs.49",-1.27490730028111,0.146106470434573,-2.03681516097731e-12,"fixed_effect",NA,NA,NA,"SPoRC","family_sporc",-8.7258784398054,2.64122282043789e-18
"ln_F_devs.50",-1.35165904023558,0.156772928340486,-1.87960758069039e-12,"fixed_effect",NA,NA,NA,"SPoRC","family_sporc",-8.62176304635959,6.59310264891578e-18
"ln_F_devs.51",-1.29310435701118,0.164634166017765,-1.85129689356245e-12,"fixed_effect",NA,NA,NA,"SPoRC","family_sporc",-7.85441071127148,4.01656087566475e-15
"ln_F_devs.52",-1.62344469790164,0.154844140022583,-1.47029610708671e-12,"fixed_effect",NA,NA,NA,"SPoRC","family_sporc",-10.4843793098329,1.01912619152374e-25
"ln_F_devs.53",-1.63538934933951,0.148964486455835,-1.35080835406143e-12,"fixed_effect",NA,NA,NA,"SPoRC","family_sporc",-10.9783840984433,4.85530875112937e-28
"ln_F_devs.54",-1.85748850274627,0.144457000096233,-1.55930823808603e-12,"fixed_effect",NA,NA,NA,"SPoRC","family_sporc",-12.8584180864123,7.71391846045352e-38
"ln_F_devs.55",-1.77090985605598,0.12679213852862,-2.09560147013121e-12,"fixed_effect",NA,NA,NA,"SPoRC","family_sporc",-13.9670319990403,2.47737504008632e-44
"ln_F_devs.56",-1.53713818792097,0.130459442491068,-2.27040608535845e-12,"fixed_effect",NA,NA,NA,"SPoRC","family_sporc",-11.7824985188497,4.8047395092263e-32
"ln_F_devs.57",-1.59244452629766,0.132846735133588,-2.59782473310821e-12,"fixed_effect",NA,NA,NA,"SPoRC","family_sporc",-11.9870806361657,4.15284595192888e-33
"ln_F_devs.58",-1.93441670898929,0.140409073297714,-3.69204666839096e-12,"fixed_effect",NA,NA,NA,"SPoRC","family_sporc",-13.7770064537616,3.50507649283036e-43
"ln_F_devs.59",-1.9385962651815,0.155279105356766,-3.93229893091984e-12,"fixed_effect",NA,NA,NA,"SPoRC","family_sporc",-12.4845919270814,9.06066890235831e-36
"ln_F_devs.60",-1.81145306589585,0.27529094572135,-3.42037509426518e-12,"fixed_effect",NA,NA,NA,"SPoRC","family_sporc",-6.58014037166847,4.70004327971491e-11
"fish_fixed_sel_pars",-3.92069513095546,0.740479010199585,4.35512736984833e-13,"fixed_effect",NA,NA,NA,"SPoRC","family_sporc",-5.29480927474054,1.19140691630127e-07
"fish_fixed_sel_pars.1",-1.94644847443933,0.571154662573531,4.13957756961736e-12,"fixed_effect",NA,NA,NA,"SPoRC","family_sporc",-3.40791838355822,0.000654604709401815
"fish_fixed_sel_pars.2",-0.613600184124381,0.48337463761419,8.9358520583005e-12,"fixed_effect",NA,NA,NA,"SPoRC","family_sporc",-1.26940914226065,0.204295177187084
"fish_fixed_sel_pars.3",0.807388046878144,0.422133603283124,4.39637215521316e-12,"fixed_effect",NA,NA,NA,"SPoRC","family_sporc",1.91263628528675,0.0557946310814696
"fish_fixed_sel_pars.4",0.825408673238665,0.487366563289932,-3.83500176059925e-12,"fixed_effect",NA,NA,NA,"SPoRC","family_sporc",1.69360956497878,0.0903394992780225
"fish_fixed_sel_pars.5",0.128572722534657,0.395807761709756,-6.17600415253605e-12,"fixed_effect",NA,NA,NA,"SPoRC","family_sporc",0.324836284107381,0.745304981670469
"fish_fixed_sel_pars.6",0.0625412359445174,0.368673548481305,-3.3440472613222e-12,"fixed_effect",NA,NA,NA,"SPoRC","family_sporc",0.169638522216054,0.865294425254612
"fish_fixed_sel_pars.7",-0.00682331684824036,0.359503915111865,-2.09832845543545e-12,"fixed_effect",NA,NA,NA,"SPoRC","family_sporc",-0.0189798123509091,0.984857209919881
"fish_fixed_sel_pars.8",-0.0636473309574943,0.359893461493562,-1.50999698855792e-12,"fixed_effect",NA,NA,NA,"SPoRC","family_sporc",-0.176850478731559,0.859625837618169
"fish_fixed_sel_pars.9",-0.102328934404641,0.36728611851194,-6.45560536451095e-13,"fixed_effect",NA,NA,NA,"SPoRC","family_sporc",-0.278608227338475,0.780545498127081
"fish_fixed_sel_pars.10",-0.130881466386641,0.380642969837147,-3.74443531736546e-13,"fixed_effect",NA,NA,NA,"SPoRC","family_sporc",-0.343843120083464,0.730964270003794
"fish_fixed_sel_pars.11",-0.15337973362899,0.397138784170749,2.03368571982665e-13,"fixed_effect",NA,NA,NA,"SPoRC","family_sporc",-0.386211923243046,0.699339724046562
"ln_fish_q",-0.118422075252678,0.166327096290806,2.02769806309239e-13,"fixed_effect",NA,NA,NA,"SPoRC","family_sporc",-0.71198306165118,0.476475264977092
"ln_fishsel_devs",0.0491907491817875,0.418473853667852,2.85318643711285e-14,"fixed_effect",NA,NA,NA,"SPoRC","family_sporc",0.117547963273306,0.906425838263174
"ln_fishsel_devs.1",0.0827179340758098,0.406123955897202,1.34938501344939e-13,"fixed_effect",NA,NA,NA,"SPoRC","family_sporc",0.203676569369248,0.838606253313035
"ln_fishsel_devs.2",0.121357750928207,0.396081582709984,1.00724983909117e-13,"fixed_effect",NA,NA,NA,"SPoRC","family_sporc",0.30639584425481,0.759303272115786
"ln_fishsel_devs.3",-0.0729517312667205,0.385038959357124,3.82360809680904e-13,"fixed_effect",NA,NA,NA,"SPoRC","family_sporc",-0.18946584363443,0.849727723058712
"ln_fishsel_devs.4",-0.0400740153872811,0.40322373033943,2.13745687815958e-13,"fixed_effect",NA,NA,NA,"SPoRC","family_sporc",-0.0993840698650033,0.920833330546827
"ln_fishsel_devs.5",-0.0771586951067755,0.357408294583671,-8.92966256493821e-14,"fixed_effect",NA,NA,NA,"SPoRC","family_sporc",-0.215883896026124,0.829078250230136
"ln_fishsel_devs.6",-0.0446011473138714,0.329143176678898,-1.03441560872497e-13,"fixed_effect",NA,NA,NA,"SPoRC","family_sporc",-0.135506826433115,0.892211167326821
"ln_fishsel_devs.7",-0.0283387249837125,0.325446233858003,-7.54951656745106e-15,"fixed_effect",NA,NA,NA,"SPoRC","family_sporc",-0.0870765184398387,0.930610690047285
"ln_fishsel_devs.8",-0.0118987504838894,0.325468957098221,-6.58847976175991e-14,"fixed_effect",NA,NA,NA,"SPoRC","family_sporc",-0.0365587876336194,0.970836804250474
"ln_fishsel_devs.9",0.000439095333053935,0.326374298685815,-1.05174549624998e-13,"fixed_effect",NA,NA,NA,"SPoRC","family_sporc",0.00134537350159619,0.998926547578393
"ln_fishsel_devs.10",0.00829806960775234,0.326849872576341,-1.10801992581067e-13,"fixed_effect",NA,NA,NA,"SPoRC","family_sporc",0.0253880154284417,0.979745470330922
"ln_fishsel_devs.11",0.0130194654156377,0.295349817312358,-3.78232167808079e-13,"fixed_effect",NA,NA,NA,"SPoRC","family_sporc",0.0440815082741983,0.964839432714557
"ln_fishsel_devs.12",0.0978798001971437,0.572794619272669,1.03528297046296e-14,"fixed_effect",NA,NA,NA,"SPoRC","family_sporc",0.170881144661294,0.864317222967327
"ln_fishsel_devs.13",0.166773227596626,0.543648391209222,9.17686066026491e-14,"fixed_effect",NA,NA,NA,"SPoRC","family_sporc",0.306766708581031,0.75902094993585
"ln_fishsel_devs.14",0.341708597030559,0.50866237617096,6.42208508594422e-13,"fixed_effect",NA,NA,NA,"SPoRC","family_sporc",0.671778792846498,0.50172453154274
"ln_fishsel_devs.15",-0.245738361037017,0.510123424596318,1.72251102270593e-13,"fixed_effect",NA,NA,NA,"SPoRC","family_sporc",-0.4817233422117,0.630002491902428
"ln_fishsel_devs.16",-0.1571331555747,0.542316429102131,1.9444515442224e-13,"fixed_effect",NA,NA,NA,"SPoRC","family_sporc",-0.289744413302862,0.772011776118144
"ln_fishsel_devs.17",-0.133333935688097,0.460261256242755,4.31460422944951e-14,"fixed_effect",NA,NA,NA,"SPoRC","family_sporc",-0.289691851920233,0.772051990393005
"ln_fishsel_devs.18",-0.0815484884395383,0.423288492131203,-1.22023918747161e-13,"fixed_effect",NA,NA,NA,"SPoRC","family_sporc",-0.192654631428679,0.847229456600257
"ln_fishsel_devs.19",-0.0400861992833933,0.415381713066554,-1.41438510209424e-13,"fixed_effect",NA,NA,NA,"SPoRC","family_sporc",-0.096504487372487,0.923119910154905
"ln_fishsel_devs.20",-0.0140747051229954,0.41416988459398,-6.98347629723983e-14,"fixed_effect",NA,NA,NA,"SPoRC","family_sporc",-0.033982927408624,0.972890764792124
"ln_fishsel_devs.21",0.00720705339268122,0.415582496050101,-1.14658716549032e-13,"fixed_effect",NA,NA,NA,"SPoRC","family_sporc",0.0173420523269882,0.986163737734355
"ln_fishsel_devs.22",0.0234807212544898,0.417079753458598,-1.46334550379934e-13,"fixed_effect",NA,NA,NA,"SPoRC","family_sporc",0.0562979167887626,0.955104478366447
"ln_fishsel_devs.23",0.0348654456742372,0.398611510179706,-5.59630466967498e-13,"fixed_effect",NA,NA,NA,"SPoRC","family_sporc",0.087467232590747,0.930300130186332
"ln_fishsel_devs.24",0.214503621646804,0.680520754382842,1.06711514624713e-14,"fixed_effect",NA,NA,NA,"SPoRC","family_sporc",0.315205113532996,0.752605923282361
"ln_fishsel_devs.25",0.254821787902432,0.627198744803076,1.90458759874446e-13,"fixed_effect",NA,NA,NA,"SPoRC","family_sporc",0.406285551452179,0.684532800371036
"ln_fishsel_devs.26",0.326483241182836,0.592316602671546,3.89799303945892e-13,"fixed_effect",NA,NA,NA,"SPoRC","family_sporc",0.551197180207827,0.58149851285872
"ln_fishsel_devs.27",-0.272877593170092,0.571208432559287,1.00769392830102e-12,"fixed_effect",NA,NA,NA,"SPoRC","family_sporc",-0.477719826276845,0.632849631079918
"ln_fishsel_devs.28",-0.28868220136274,0.631562414560519,-5.26662047306559e-14,"fixed_effect",NA,NA,NA,"SPoRC","family_sporc",-0.457092117433276,0.647604835781138
"ln_fishsel_devs.29",-0.170324186907996,0.526752699156376,-3.1715081949546e-14,"fixed_effect",NA,NA,NA,"SPoRC","family_sporc",-0.323347535154124,0.746432057954372
"ln_fishsel_devs.30",-0.106578128212514,0.487448390342608,-8.59564155963888e-14,"fixed_effect",NA,NA,NA,"SPoRC","family_sporc",-0.21864494851979,0.826926635977847
"ln_fishsel_devs.31",-0.0529278431588398,0.476744026210914,-1.8321281991529e-13,"fixed_effect",NA,NA,NA,"SPoRC","family_sporc",-0.111019415554091,0.911600950519773
"ln_fishsel_devs.32",-0.0118078506457827,0.474421522494204,-1.84177326167934e-13,"fixed_effect",NA,NA,NA,"SPoRC","family_sporc",-0.0248889438735928,0.980143546014666
"ln_fishsel_devs.33",0.0156243372000423,0.476006083834822,-1.40665257220007e-13,"fixed_effect",NA,NA,NA,"SPoRC","family_sporc",0.032823818288558,0.973815084196714
"ln_fishsel_devs.34",0.037750397421309,0.479191405360081,-1.71335168275277e-13,"fixed_effect",NA,NA,NA,"SPoRC","family_sporc",0.0787793708297878,0.937208112735215
"ln_fishsel_devs.35",0.0540144181045347,0.470109750720182,-7.48772571723677e-13,"fixed_effect",NA,NA,NA,"SPoRC","family_sporc",0.114897463883248,0.908526395310828
"ln_fishsel_devs.36",0.333715474216535,0.761710314202471,1.95260474455949e-14,"fixed_effect",NA,NA,NA,"SPoRC","family_sporc",0.438113371966012,0.66130410145649
"ln_fishsel_devs.37",0.30543357382658,0.689530035390687,1.31478161691234e-13,"fixed_effect",NA,NA,NA,"SPoRC","family_sporc",0.442959056386168,0.657795349945168
"ln_fishsel_devs.38",0.463585110000839,0.641783766145275,6.19004847379756e-13,"fixed_effect",NA,NA,NA,"SPoRC","family_sporc",0.722338479804896,0.470086400384296
"ln_fishsel_devs.39",-0.411732408183687,0.635530101186281,3.68760577629246e-13,"fixed_effect",NA,NA,NA,"SPoRC","family_sporc",-0.647856659212753,0.517077665070683
"ln_fishsel_devs.40",-0.463137428853976,0.690841071228066,3.52620710408758e-13,"fixed_effect",NA,NA,NA,"SPoRC","family_sporc",-0.670396489355627,0.502605072000456
"ln_fishsel_devs.41",-0.210648884273275,0.577720808362324,-8.96921426019048e-14,"fixed_effect",NA,NA,NA,"SPoRC","family_sporc",-0.364620559315504,0.71539466580809
"ln_fishsel_devs.42",-0.133647848562825,0.538974983541367,-1.03611563773143e-13,"fixed_effect",NA,NA,NA,"SPoRC","family_sporc",-0.247966700949057,0.804160171098822
"ln_fishsel_devs.43",-0.0598255166446892,0.526766039648144,-1.16275045147773e-13,"fixed_effect",NA,NA,NA,"SPoRC","family_sporc",-0.113571324158729,0.909577620242487
"ln_fishsel_devs.44",-0.00405404986142953,0.523433687539842,-1.69655955950532e-13,"fixed_effect",NA,NA,NA,"SPoRC","family_sporc",-0.00774510689306934,0.99382036057099
"ln_fishsel_devs.45",0.0345230428865314,0.524906539992197,-1.70433112067769e-13,"fixed_effect",NA,NA,NA,"SPoRC","family_sporc",0.065769885220033,0.947561032419327
"ln_fishsel_devs.46",0.0628746720567682,0.529573380430218,-1.56749613289264e-13,"fixed_effect",NA,NA,NA,"SPoRC","family_sporc",0.118727025149356,0.905491625007372
"ln_fishsel_devs.47",0.0829142633926198,0.526423677709443,-6.85104750708376e-13,"fixed_effect",NA,NA,NA,"SPoRC","family_sporc",0.157504813904636,0.874847014300539
"ln_fishsel_devs.48",0.501866821923696,0.82836228795345,3.66928709638614e-14,"fixed_effect",NA,NA,NA,"SPoRC","family_sporc",0.605854261139298,0.544611534263576
"ln_fishsel_devs.49",0.423160165971246,0.733275138587498,2.61124455391837e-13,"fixed_effect",NA,NA,NA,"SPoRC","family_sporc",0.577082385182697,0.563883803079017
"ln_fishsel_devs.50",0.413523431627895,0.68153436953986,6.27345397852253e-13,"fixed_effect",NA,NA,NA,"SPoRC","family_sporc",0.606753599098879,0.544014445795362
"ln_fishsel_devs.51",-0.734784635234561,0.672011856275692,6.29885033021083e-13,"fixed_effect",NA,NA,NA,"SPoRC","family_sporc",-1.09341022538911,0.274213725964252
"ln_fishsel_devs.52",-0.612891364552328,0.740165620430284,1.5315526624704e-13,"fixed_effect",NA,NA,NA,"SPoRC","family_sporc",-0.828046247535833,0.407644309160796
"ln_fishsel_devs.53",-0.225427682544026,0.620578271621887,9.36056787637085e-14,"fixed_effect",NA,NA,NA,"SPoRC","family_sporc",-0.363254230533836,0.716414980180147
"ln_fishsel_devs.54",-0.128194844708502,0.584176384908053,-1.50423076772377e-13,"fixed_effect",NA,NA,NA,"SPoRC","family_sporc",-0.219445441514516,0.826303075346157
"ln_fishsel_devs.55",-0.035513490121306,0.571196683054957,-1.66563377673734e-13,"fixed_effect",NA,NA,NA,"SPoRC","family_sporc",-0.062173838145151,0.950424396308311
"ln_fishsel_devs.56",0.0354508446392772,0.56708609082419,-1.81635956275628e-13,"fixed_effect",NA,NA,NA,"SPoRC","family_sporc",0.0625140436573814,0.950153478592844
"ln_fishsel_devs.57",0.0858458426318457,0.568134549676992,-2.13065676213375e-13,"fixed_effect",NA,NA,NA,"SPoRC","family_sporc",0.151101253533433,0.879895843678376
"ln_fishsel_devs.58",0.123145995455068,0.57348256195303,-2.20302942555151e-13,"fixed_effect",NA,NA,NA,"SPoRC","family_sporc",0.214733635554125,0.829974996857607
"ln_fishsel_devs.59",0.153818914911684,0.574327229926888,-8.69353200538825e-13,"fixed_effect",NA,NA,NA,"SPoRC","family_sporc",0.267824520406712,0.788834395453647
"ln_fishsel_devs.60",0.501497316772373,0.885626454577542,3.43058914609173e-14,"fixed_effect",NA,NA,NA,"SPoRC","family_sporc",0.566262800958894,0.571215143983905
"ln_fishsel_devs.61",0.441343386248102,0.77190159890346,3.69315689141558e-13,"fixed_effect",NA,NA,NA,"SPoRC","family_sporc",0.57176120230229,0.567483765053868
"ln_fishsel_devs.62",0.31929087892952,0.71225484457679,1.07930331338935e-12,"fixed_effect",NA,NA,NA,"SPoRC","family_sporc",0.448281793182098,0.653949838821324
"ln_fishsel_devs.63",-0.831706977398436,0.710603631227973,7.78599407169622e-13,"fixed_effect",NA,NA,NA,"SPoRC","family_sporc",-1.17042320197715,0.241830703065603
"ln_fishsel_devs.64",-0.63911282116623,0.768569857807996,6.29149510267268e-13,"fixed_effect",NA,NA,NA,"SPoRC","family_sporc",-0.831561132242442,0.405656708666381
"ln_fishsel_devs.65",-0.210309255174682,0.656640006103069,-7.23379689482329e-16,"fixed_effect",NA,NA,NA,"SPoRC","family_sporc",-0.320280904635699,0.7487553972628
"ln_fishsel_devs.66",-0.119786340318782,0.622155946581779,-2.83991580252163e-14,"fixed_effect",NA,NA,NA,"SPoRC","family_sporc",-0.192534268903009,0.847323727313515
"ln_fishsel_devs.67",-0.0124183594920033,0.609812301251625,-2.94902990916057e-13,"fixed_effect",NA,NA,NA,"SPoRC","family_sporc",-0.0203642325130454,0.983752816249509
"ln_fishsel_devs.68",0.0661568966983028,0.605443297732074,-3.13915560212763e-13,"fixed_effect",NA,NA,NA,"SPoRC","family_sporc",0.10927017764689,0.912988199721497
"ln_fishsel_devs.69",0.120799828191871,0.606476077725295,-3.39520078718181e-13,"fixed_effect",NA,NA,NA,"SPoRC","family_sporc",0.199183170826711,0.842119463395981
"ln_fishsel_devs.70",0.163365057563763,0.612202754099906,-3.74339448327987e-13,"fixed_effect",NA,NA,NA,"SPoRC","family_sporc",0.266847962492347,0.789586224024842
"ln_fishsel_devs.71",0.200880389146187,0.614791707155841,-1.54032342436494e-12,"fixed_effect",NA,NA,NA,"SPoRC","family_sporc",0.326745443713779,0.743860425946712
"ln_fishsel_devs.72",0.264709489348288,0.930865976088079,2.58265631103427e-14,"fixed_effect",NA,NA,NA,"SPoRC","family_sporc",0.284369067242867,0.776127561654558
"ln_fishsel_devs.73",0.637327831460471,0.809576354459468,2.61596300177303e-13,"fixed_effect",NA,NA,NA,"SPoRC","family_sporc",0.787236222932916,0.431143596314535
"ln_fishsel_devs.74",0.437317028420996,0.748600161509,1.22275800595872e-12,"fixed_effect",NA,NA,NA,"SPoRC","family_sporc",0.58417971422751,0.559099408124789
"ln_fishsel_devs.75",-0.773314025282695,0.743330896539841,1.06411407463369e-12,"fixed_effect",NA,NA,NA,"SPoRC","family_sporc",-1.04033617986609,0.298183740813454
"ln_fishsel_devs.76",-0.712308593027567,0.807495461735931,4.81864548262934e-13,"fixed_effect",NA,NA,NA,"SPoRC","family_sporc",-0.882120862321958,0.377711451520711
"ln_fishsel_devs.77",-0.190696578644347,0.688561446033775,2.04232464273701e-13,"fixed_effect",NA,NA,NA,"SPoRC","family_sporc",-0.276949253756204,0.781819072118225
"ln_fishsel_devs.78",-0.114205520661791,0.655917569170268,-1.5544510123533e-13,"fixed_effect",NA,NA,NA,"SPoRC","family_sporc",-0.17411566030509,0.861774566041753
"ln_fishsel_devs.79",-0.0212371176063214,0.644052919732153,-1.94226579264267e-13,"fixed_effect",NA,NA,NA,"SPoRC","family_sporc",-0.0329741810892705,0.973695176947638
"ln_fishsel_devs.80",0.0545931183673498,0.640065017331017,-3.74429653948738e-13,"fixed_effect",NA,NA,NA,"SPoRC","family_sporc",0.0852930825605743,0.932028390811043
"ln_fishsel_devs.81",0.10487553051511,0.641441153644483,-3.95821396492746e-13,"fixed_effect",NA,NA,NA,"SPoRC","family_sporc",0.163499847054149,0.870124893563598
"ln_fishsel_devs.82",0.14165837568373,0.647733422715636,-4.06154493717836e-13,"fixed_effect",NA,NA,NA,"SPoRC","family_sporc",0.218698573696914,0.826884860117964
"ln_fishsel_devs.83",0.171280461426761,0.651008261969424,-1.73398730270169e-12,"fixed_effect",NA,NA,NA,"SPoRC","family_sporc",0.263100288325995,0.792473281719927
"ln_fishsel_devs.84",0.00871602326553346,0.9658500605284,6.4101501884295e-14,"fixed_effect",NA,NA,NA,"SPoRC","family_sporc",0.009024199119235,0.992799828575015
"ln_fishsel_devs.85",0.74419752637566,0.8327754036963,2.79568035388422e-13,"fixed_effect",NA,NA,NA,"SPoRC","family_sporc",0.893635334416117,0.371517034496648
"ln_fishsel_devs.86",0.516344891099088,0.787112485104551,7.93753951455756e-13,"fixed_effect",NA,NA,NA,"SPoRC","family_sporc",0.655998857686144,0.51182485920621
"ln_fishsel_devs.87",-0.733465003390213,0.778607199607882,1.16238615954778e-12,"fixed_effect",NA,NA,NA,"SPoRC","family_sporc",-0.942021861292314,0.346181447522039
"ln_fishsel_devs.88",-0.712493444809019,0.840476620472912,7.20555559663438e-13,"fixed_effect",NA,NA,NA,"SPoRC","family_sporc",-0.847725477965252,0.39659087385916
"ln_fishsel_devs.89",-0.144248161550506,0.718424198368541,1.53377310851965e-13,"fixed_effect",NA,NA,NA,"SPoRC","family_sporc",-0.200784107603944,0.84086739016703
"ln_fishsel_devs.90",-0.08254499028382,0.68750106238876,-9.96425164601078e-15,"fixed_effect",NA,NA,NA,"SPoRC","family_sporc",-0.120065254876862,0.904431455830363
"ln_fishsel_devs.91",-0.00497348122830941,0.676038247607081,-2.72920575028479e-13,"fixed_effect",NA,NA,NA,"SPoRC","family_sporc",-0.00735680450908458,0.994130172213768
"ln_fishsel_devs.92",0.053932539282565,0.672454994786918,-2.94559515667814e-13,"fixed_effect",NA,NA,NA,"SPoRC","family_sporc",0.0802024517635633,0.93607624022046
"ln_fishsel_devs.93",0.0921941154059477,0.674220085985796,-4.21588111643167e-13,"fixed_effect",NA,NA,NA,"SPoRC","family_sporc",0.136741870084081,0.89123483282084
"ln_fishsel_devs.94",0.120256483218322,0.680857476239639,-4.29523387343589e-13,"fixed_effect",NA,NA,NA,"SPoRC","family_sporc",0.176625046232137,0.85980291933512
"ln_fishsel_devs.95",0.142083502614735,0.684519763660243,-1.74557850812773e-12,"fixed_effect",NA,NA,NA,"SPoRC","family_sporc",0.207566691507912,0.835567314222081
"ln_fishsel_devs.96",-0.203325048325979,1.0028664191506,4.74481565149176e-14,"fixed_effect",NA,NA,NA,"SPoRC","family_sporc",-0.202743899330271,0.839335208964393
"ln_fishsel_devs.97",0.891848464939886,0.847278528280673,8.906209103543e-13,"fixed_effect",NA,NA,NA,"SPoRC","family_sporc",1.05260364233431,0.292522687142975
"ln_fishsel_devs.98",0.715765662482264,0.811212384437753,7.32996996433144e-13,"fixed_effect",NA,NA,NA,"SPoRC","family_sporc",0.882340649888324,0.37759262025332
"ln_fishsel_devs.99",-0.695660685821698,0.821863711872256,5.39901456875214e-13,"fixed_effect",NA,NA,NA,"SPoRC","family_sporc",-0.846442878268638,0.397305727008287
"ln_fishsel_devs.100",-0.740963029232338,0.879030287378539,5.51080014954408e-13,"fixed_effect",NA,NA,NA,"SPoRC","family_sporc",-0.842932308330412,0.399266303061883
"ln_fishsel_devs.101",-0.171770965289537,0.748834966749073,1.97675209534509e-13,"fixed_effect",NA,NA,NA,"SPoRC","family_sporc",-0.229384274128182,0.818570257769805
"ln_fishsel_devs.102",-0.101560397795043,0.718086514342222,-8.21842593978772e-14,"fixed_effect",NA,NA,NA,"SPoRC","family_sporc",-0.141431980362525,0.887528691508361
"ln_fishsel_devs.103",-0.0206308328333953,0.706781704416209,-1.86982374028588e-13,"fixed_effect",NA,NA,NA,"SPoRC","family_sporc",-0.0291898229743172,0.976713197866698
"ln_fishsel_devs.104",0.0408469225657779,0.703119738146859,-3.31040750367606e-13,"fixed_effect",NA,NA,NA,"SPoRC","family_sporc",0.0580938357290807,0.953673884477969
"ln_fishsel_devs.105",0.0767699989948101,0.70505485593542,-3.3927027853764e-13,"fixed_effect",NA,NA,NA,"SPoRC","family_sporc",0.108885143260175,0.913293590537312
"ln_fishsel_devs.106",0.0981501784322197,0.711824118684877,-3.9476755198109e-13,"fixed_effect",NA,NA,NA,"SPoRC","family_sporc",0.1378854352583,0.890330961431801
"ln_fishsel_devs.107",0.110529731883014,0.715701183769954,-1.62428404060222e-12,"fixed_effect",NA,NA,NA,"SPoRC","family_sporc",0.15443558623279,0.877266296465224
"ln_fishsel_devs.108",-0.401144869970957,1.03559678750442,3.17593173981834e-14,"fixed_effect",NA,NA,NA,"SPoRC","family_sporc",-0.387356232475031,0.698492500927581
"ln_fishsel_devs.109",0.716240008385037,0.873417823736516,5.84199355557757e-13,"fixed_effect",NA,NA,NA,"SPoRC","family_sporc",0.820042812180011,0.412191701544249
"ln_fishsel_devs.110",0.869426512644521,0.812029586779718,1.76691994369094e-12,"fixed_effect",NA,NA,NA,"SPoRC","family_sporc",1.07068329381005,0.284311857020875
"ln_fishsel_devs.111",-0.615107756628616,0.843724926464139,2.35839126005999e-13,"fixed_effect",NA,NA,NA,"SPoRC","family_sporc",-0.729038265120831,0.465978256000117
"ln_fishsel_devs.112",-0.745146537548387,0.90951814015221,7.16926518151695e-14,"fixed_effect",NA,NA,NA,"SPoRC","family_sporc",-0.819276169053301,0.412628865892578
"ln_fishsel_devs.113",-0.164956999224182,0.77641780476089,4.8988590961585e-14,"fixed_effect",NA,NA,NA,"SPoRC","family_sporc",-0.21245906290748,0.831748911786872
"ln_fishsel_devs.114",-0.0884182491941065,0.746697446698886,-9.39873179284234e-14,"fixed_effect",NA,NA,NA,"SPoRC","family_sporc",-0.118412416682285,0.905740887906174
"ln_fishsel_devs.115",-0.00514410890065352,0.735821926450644,-2.26627744348562e-13,"fixed_effect",NA,NA,NA,"SPoRC","family_sporc",-0.00699096984710277,0.994422058529731
"ln_fishsel_devs.116",0.0621071502584831,0.732517475230073,-2.72126071676482e-13,"fixed_effect",NA,NA,NA,"SPoRC","family_sporc",0.0847858957070971,0.93243160675614
"ln_fishsel_devs.117",0.103176914575397,0.734588762867461,-3.42786563023445e-13,"fixed_effect",NA,NA,NA,"SPoRC","family_sporc",0.140455340172435,0.8883002360119
"ln_fishsel_devs.118",0.126789595648078,0.741504626484333,-3.44122300099947e-13,"fixed_effect",NA,NA,NA,"SPoRC","family_sporc",0.170989621803469,0.864231926019362
"ln_fishsel_devs.119",0.142178339955361,0.745753777976577,-1.45970908971282e-12,"fixed_effect",NA,NA,NA,"SPoRC","family_sporc",0.19065051248031,0.848799412718672
"ln_fishsel_devs.120",-0.600514484372993,1.06079332984921,1.80029602336873e-14,"fixed_effect",NA,NA,NA,"SPoRC","family_sporc",-0.566099415857334,0.571326200377575
"ln_fishsel_devs.121",0.633418739975004,0.900149093058294,3.25739435425021e-13,"fixed_effect",NA,NA,NA,"SPoRC","family_sporc",0.703682028743636,0.481630814503606
"ln_fishsel_devs.122",0.7395647251316,0.842428614022902,1.54302959298747e-12,"fixed_effect",NA,NA,NA,"SPoRC","family_sporc",0.877896017325327,0.38000015073035
"ln_fishsel_devs.123",-0.4823500336172,0.849234665562217,1.04283248703041e-12,"fixed_effect",NA,NA,NA,"SPoRC","family_sporc",-0.567982035092586,0.570047166547761
"ln_fishsel_devs.124",-0.680435968864966,0.930057161609557,-2.88935542158697e-14,"fixed_effect",NA,NA,NA,"SPoRC","family_sporc",-0.731606611885449,0.464408711426666
"ln_fishsel_devs.125",-0.13114638379409,0.803190211121316,-1.14075415780235e-13,"fixed_effect",NA,NA,NA,"SPoRC","family_sporc",-0.163281850274294,0.87029652350441
"ln_fishsel_devs.126",-0.0578881914956027,0.774047185425866,-1.2179146580138e-13,"fixed_effect",NA,NA,NA,"SPoRC","family_sporc",-0.074786385876145,0.940384673978419
"ln_fishsel_devs.127",0.0253134632574055,0.763480050658896,-2.09630923730941e-13,"fixed_effect",NA,NA,NA,"SPoRC","family_sporc",0.0331553695942147,0.973550688441888
"ln_fishsel_devs.128",0.0922883563185719,0.760430149612595,-2.98913671592516e-13,"fixed_effect",NA,NA,NA,"SPoRC","family_sporc",0.121363357785838,0.903403238552844
"ln_fishsel_devs.129",0.13375067535381,0.762748396559837,-3.23782667344119e-13,"fixed_effect",NA,NA,NA,"SPoRC","family_sporc",0.17535359753892,0.860801799377799
"ln_fishsel_devs.130",0.157475869081145,0.769791244596332,-3.59413887540683e-13,"fixed_effect",NA,NA,NA,"SPoRC","family_sporc",0.204569576734695,0.837908426934925
"ln_fishsel_devs.131",0.170523233027288,0.774230150889529,-1.47331452593491e-12,"fixed_effect",NA,NA,NA,"SPoRC","family_sporc",0.220248763021397,0.825677421495738
"ln_fishsel_devs.132",-0.793500887332638,1.07678528941708,6.95277169171504e-15,"fixed_effect",NA,NA,NA,"SPoRC","family_sporc",-0.736916537708464,0.461173106380687
"ln_fishsel_devs.133",0.630946360814624,0.921354831759437,1.63091762317435e-13,"fixed_effect",NA,NA,NA,"SPoRC","family_sporc",0.68480279156919,0.493468373567562
"ln_fishsel_devs.134",0.569069297208611,0.871131809469814,6.55725473919233e-13,"fixed_effect",NA,NA,NA,"SPoRC","family_sporc",0.653252804021652,0.513593313400651
"ln_fishsel_devs.135",-0.60318252816522,0.869252594894245,8.77589667602763e-13,"fixed_effect",NA,NA,NA,"SPoRC","family_sporc",-0.693909378825156,0.487739041514248
"ln_fishsel_devs.136",-0.58048599992341,0.938409352243316,4.24660306919122e-13,"fixed_effect",NA,NA,NA,"SPoRC","family_sporc",-0.618585054097903,0.536189750350067
"ln_fishsel_devs.137",-0.0622817956588487,0.828463505380986,-8.07132138902489e-14,"fixed_effect",NA,NA,NA,"SPoRC","family_sporc",-0.0751774764420156,0.940073504828279
"ln_fishsel_devs.138",-8.45574349828074e-05,0.800902123079342,-1.33719424422196e-13,"fixed_effect",NA,NA,NA,"SPoRC","family_sporc",-0.000105577738585206,0.999915761152575
"ln_fishsel_devs.139",0.0755380790651245,0.791116022357523,-1.45203293833163e-13,"fixed_effect",NA,NA,NA,"SPoRC","family_sporc",0.0954829341466519,0.923931244901264
"ln_fishsel_devs.140",0.141775945127622,0.788693387401204,-1.93602078812916e-13,"fixed_effect",NA,NA,NA,"SPoRC","family_sporc",0.17976053481922,0.857340567493243
"ln_fishsel_devs.141",0.185852050214388,0.791568194171578,-2.36886898985489e-13,"fixed_effect",NA,NA,NA,"SPoRC","family_sporc",0.234789689104289,0.814371970973386
"ln_fishsel_devs.142",0.211776010142984,0.799215627699347,-2.52249610088739e-13,"fixed_effect",NA,NA,NA,"SPoRC","family_sporc",0.264979816213817,0.791025010536748
"ln_fishsel_devs.143",0.224578025941718,0.804769965753131,-1.0854442344943e-12,"fixed_effect",NA,NA,NA,"SPoRC","family_sporc",0.279058657130115,0.780199810064634
"ln_fishsel_devs.144",-1.02703223993664,1.0817292512377,1.14491749414469e-14,"fixed_effect",NA,NA,NA,"SPoRC","family_sporc",-0.94943558081795,0.34239912111374
"ln_fishsel_devs.145",0.46869228902014,0.925899060404515,1.55098156540134e-13,"fixed_effect",NA,NA,NA,"SPoRC","family_sporc",0.506202359483304,0.612714598803358
"ln_fishsel_devs.146",0.489790293321637,0.883091878061605,4.7464809860287e-13,"fixed_effect",NA,NA,NA,"SPoRC","family_sporc",0.554631183333643,0.57914695522194
"ln_fishsel_devs.147",-0.682262259055349,0.878386799785673,4.83228040915051e-13,"fixed_effect",NA,NA,NA,"SPoRC","family_sporc",-0.776721894297389,0.437322866629977
"ln_fishsel_devs.148",-0.549653241086887,0.936309837193404,4.21100654346418e-13,"fixed_effect",NA,NA,NA,"SPoRC","family_sporc",-0.587042044473736,0.557175469529623
"ln_fishsel_devs.149",0.0245217157369675,0.847049672851589,1.32255317808472e-13,"fixed_effect",NA,NA,NA,"SPoRC","family_sporc",0.0289495604837615,0.976904818616617
"ln_fishsel_devs.150",0.0858614491925525,0.824769870779486,-1.21416765530569e-13,"fixed_effect",NA,NA,NA,"SPoRC","family_sporc",0.104103522975937,0.917087195121269
"ln_fishsel_devs.151",0.150765597679274,0.816559639230933,-1.50018886202474e-13,"fixed_effect",NA,NA,NA,"SPoRC","family_sporc",0.184635133107082,0.853515227450597
"ln_fishsel_devs.152",0.213983788739897,0.814684456033119,-1.56541446472147e-13,"fixed_effect",NA,NA,NA,"SPoRC","family_sporc",0.262658489621653,0.792813814098223
"ln_fishsel_devs.153",0.256481011520658,0.818053636601236,-1.81049619740747e-13,"fixed_effect",NA,NA,NA,"SPoRC","family_sporc",0.313525910826897,0.75388113829903
"ln_fishsel_devs.154",0.280264550012729,0.826179166885594,-2.03052852310037e-13,"fixed_effect",NA,NA,NA,"SPoRC","family_sporc",0.339229747306783,0.734436661357651
"ln_fishsel_devs.155",0.288587044854986,0.832277518473668,-8.6552640055082e-13,"fixed_effect",NA,NA,NA,"SPoRC","family_sporc",0.346743770496447,0.728783823772554
"ln_fishsel_devs.156",-1.21463649289636,1.09455803405022,1.58206781009085e-14,"fixed_effect",NA,NA,NA,"SPoRC","family_sporc",-1.10970497233647,0.267126179538711
"ln_fishsel_devs.157",0.0673909262456631,0.941491366390277,7.7410300391989e-14,"fixed_effect",NA,NA,NA,"SPoRC","family_sporc",0.071578910493936,0.942937024003901
"ln_fishsel_devs.158",0.29485395673338,0.904716783319928,2.40474307133809e-13,"fixed_effect",NA,NA,NA,"SPoRC","family_sporc",0.325907468690246,0.74449436475849
"ln_fishsel_devs.159",-0.755103534105585,0.903613557721292,1.66089364483923e-13,"fixed_effect",NA,NA,NA,"SPoRC","family_sporc",-0.835648743484752,0.403352538516625
"ln_fishsel_devs.160",-0.495740467555834,0.954056896479758,1.14269704809544e-13,"fixed_effect",NA,NA,NA,"SPoRC","family_sporc",-0.519613106288522,0.60333326133804
"ln_fishsel_devs.161",0.19874749642725,0.867757435563473,5.45709311072784e-14,"fixed_effect",NA,NA,NA,"SPoRC","family_sporc",0.229035774609289,0.818841110942158
"ln_fishsel_devs.162",0.216414392986111,0.847539290744634,-1.93386973101894e-14,"fixed_effect",NA,NA,NA,"SPoRC","family_sporc",0.25534437795323,0.798457126982516
"ln_fishsel_devs.163",0.272808516315615,0.84144731712685,-7.30700222550951e-14,"fixed_effect",NA,NA,NA,"SPoRC","family_sporc",0.324213424611215,0.74577645918319
"ln_fishsel_devs.164",0.326522052320771,0.840241302672906,-7.50298261020799e-14,"fixed_effect",NA,NA,NA,"SPoRC","family_sporc",0.388605096276589,0.697568296256718
"ln_fishsel_devs.165",0.354588853351183,0.843632383494312,-8.30516211358656e-14,"fixed_effect",NA,NA,NA,"SPoRC","family_sporc",0.420312046204867,0.674257510976001
"ln_fishsel_devs.166",0.367189920714863,0.851712538867729,-8.23577317454749e-14,"fixed_effect",NA,NA,NA,"SPoRC","family_sporc",0.431119543224063,0.666381451160145
"ln_fishsel_devs.167",0.366964379462909,0.857786813137143,-3.35991651168044e-13,"fixed_effect",NA,NA,NA,"SPoRC","family_sporc",0.427803708150779,0.668794036986177
"ln_fishsel_devs.168",-1.41831668953367,1.13194620423981,5.09314812546791e-15,"fixed_effect",NA,NA,NA,"SPoRC","family_sporc",-1.25298948326452,0.21020953406938
"ln_fishsel_devs.169",-0.427937123756601,0.963866653201695,2.65898414397725e-14,"fixed_effect",NA,NA,NA,"SPoRC","family_sporc",-0.443979592337917,0.657057338522138
"ln_fishsel_devs.170",0.00133511779569738,0.924607217500009,2.77972089790524e-14,"fixed_effect",NA,NA,NA,"SPoRC","family_sporc",0.0014439837483719,0.998847868061507
"ln_fishsel_devs.171",-0.705260473610053,0.926025802277958,3.80528941690272e-14,"fixed_effect",NA,NA,NA,"SPoRC","family_sporc",-0.761599160493327,0.446299276035378
"ln_fishsel_devs.172",-0.401458171116269,0.978215236411817,6.25194340742041e-15,"fixed_effect",NA,NA,NA,"SPoRC","family_sporc",-0.410398607763312,0.681513567408586
"ln_fishsel_devs.173",0.360193900657887,0.890562229675053,-2.51743070833754e-14,"fixed_effect",NA,NA,NA,"SPoRC","family_sporc",0.404456745026469,0.685876879578729
"ln_fishsel_devs.174",0.371809883754237,0.870772516154502,-5.07927033766009e-15,"fixed_effect",NA,NA,NA,"SPoRC","family_sporc",0.426988538173231,0.66938767608358
"ln_fishsel_devs.175",0.404091700529714,0.865066524962483,-1.76109127281165e-14,"fixed_effect",NA,NA,NA,"SPoRC","family_sporc",0.467122110114293,0.640412516207848
"ln_fishsel_devs.176",0.437556797477292,0.864911497580028,-5.88765147746528e-15,"fixed_effect",NA,NA,NA,"SPoRC","family_sporc",0.505897769542376,0.612928418201892
"ln_fishsel_devs.177",0.456932905915467,0.868629232066462,-1.03077268942542e-14,"fixed_effect",NA,NA,NA,"SPoRC","family_sporc",0.526039061370784,0.598861067360954
"ln_fishsel_devs.178",0.464253464591445,0.876429757195187,-4.06966127464159e-15,"fixed_effect",NA,NA,NA,"SPoRC","family_sporc",0.529709837873582,0.596313125943391
"ln_fishsel_devs.179",0.456798687294821,0.881935252183011,-3.56433632608955e-14,"fixed_effect",NA,NA,NA,"SPoRC","family_sporc",0.517950366723781,0.604492899353006
"ln_fishsel_devs.180",-1.58762488979849,1.16943825993506,6.09234884763055e-15,"fixed_effect",NA,NA,NA,"SPoRC","family_sporc",-1.35759615893416,0.174591862453652
"ln_fishsel_devs.181",-0.709162257236554,1.00276330403763,-9.32587340685131e-15,"fixed_effect",NA,NA,NA,"SPoRC","family_sporc",-0.707208026441642,0.479437211333995
"ln_fishsel_devs.182",-0.278060273607458,0.947618926219176,-2.14411821630733e-13,"fixed_effect",NA,NA,NA,"SPoRC","family_sporc",-0.293430477076758,0.769193132814977
"ln_fishsel_devs.183",-0.741694673983283,0.94346192234224,-1.89806503847478e-13,"fixed_effect",NA,NA,NA,"SPoRC","family_sporc",-0.786141609342273,0.431784529744203
"ln_fishsel_devs.184",-0.293496020164554,0.999495253451486,-4.08839628818214e-14,"fixed_effect",NA,NA,NA,"SPoRC","family_sporc",-0.293644236079206,0.76902976964168
"ln_fishsel_devs.185",0.439367227871346,0.915426874795164,-6.69603261727048e-16,"fixed_effect",NA,NA,NA,"SPoRC","family_sporc",0.479958847580981,0.631256655368624
"ln_fishsel_devs.186",0.470647949269575,0.894899744722676,2.07056594092592e-14,"fixed_effect",NA,NA,NA,"SPoRC","family_sporc",0.525922542770895,0.598942025454798
"ln_fishsel_devs.187",0.51251375436296,0.889170022467561,4.23966417528732e-14,"fixed_effect",NA,NA,NA,"SPoRC","family_sporc",0.57639567395746,0.564347767811732
"ln_fishsel_devs.188",0.539996966395807,0.88899554605832,4.69138616843168e-14,"fixed_effect",NA,NA,NA,"SPoRC","family_sporc",0.607423702840894,0.543569762265774
"ln_fishsel_devs.189",0.548341949520363,0.892971750053724,5.22550752668494e-14,"fixed_effect",NA,NA,NA,"SPoRC","family_sporc",0.614064162150004,0.539172929068141
"ln_fishsel_devs.190",0.550857416719822,0.900677100897527,6.05557270993984e-14,"fixed_effect",NA,NA,NA,"SPoRC","family_sporc",0.611603665920774,0.540800012059149
"ln_fishsel_devs.191",0.548312850650424,0.906053850134029,2.25358794125885e-13,"fixed_effect",NA,NA,NA,"SPoRC","family_sporc",0.605165852525558,0.545068802421366
"ln_fishsel_devs.192",-1.72146274435823,1.20725471532846,-3.51108031537706e-15,"fixed_effect",NA,NA,NA,"SPoRC","family_sporc",-1.42593167995195,0.15388806381695
"ln_fishsel_devs.193",-0.816647923316961,1.03372934144275,5.82867087928207e-15,"fixed_effect",NA,NA,NA,"SPoRC","family_sporc",-0.790001686686369,0.429526783290341
"ln_fishsel_devs.194",-0.588804291158042,0.982469283706703,-6.78346268045971e-14,"fixed_effect",NA,NA,NA,"SPoRC","family_sporc",-0.599310635887338,0.548965756655801
"ln_fishsel_devs.195",-0.760053590121866,0.963028732776413,-7.31303906320591e-13,"fixed_effect",NA,NA,NA,"SPoRC","family_sporc",-0.789232516386744,0.429976120421765
"ln_fishsel_devs.196",-0.27786468718872,1.01248766182316,-2.82829315523259e-13,"fixed_effect",NA,NA,NA,"SPoRC","family_sporc",-0.274437603208296,0.783748348685549
"ln_fishsel_devs.197",0.507929954406871,0.93770794056383,2.40432673770385e-14,"fixed_effect",NA,NA,NA,"SPoRC","family_sporc",0.541671806790353,0.588044615081295
"ln_fishsel_devs.198",0.535484362496806,0.918233780885904,8.30516211358656e-14,"fixed_effect",NA,NA,NA,"SPoRC","family_sporc",0.583167787597811,0.559780353739743
"ln_fishsel_devs.199",0.591898135462195,0.912646526726269,1.08996145442575e-13,"fixed_effect",NA,NA,NA,"SPoRC","family_sporc",0.648551348335678,0.516628410876857
"ln_fishsel_devs.200",0.624755855988775,0.912501273304275,1.1429746038516e-13,"fixed_effect",NA,NA,NA,"SPoRC","family_sporc",0.684662996388443,0.493556604484661
"ln_fishsel_devs.201",0.632556244894573,0.916351455641118,1.26260113475496e-13,"fixed_effect",NA,NA,NA,"SPoRC","family_sporc",0.690298728725225,0.490006347175003
"ln_fishsel_devs.202",0.634970119534472,0.924039369029283,1.22589438600329e-13,"fixed_effect",NA,NA,NA,"SPoRC","family_sporc",0.687167820783997,0.491976979976768
"ln_fishsel_devs.203",0.637238563360083,0.929530315475561,4.99756486194158e-13,"fixed_effect",NA,NA,NA,"SPoRC","family_sporc",0.68554898398775,0.492997561438781
"ln_fishsel_devs.204",-1.87239601386466,1.23871384908752,4.04884459292987e-15,"fixed_effect",NA,NA,NA,"SPoRC","family_sporc",-1.51156460811666,0.130644660936773
"ln_fishsel_devs.205",-0.718759053302033,1.06262711772579,7.88258347483861e-15,"fixed_effect",NA,NA,NA,"SPoRC","family_sporc",-0.676398184567608,0.498787869574754
"ln_fishsel_devs.206",-0.680281706127114,1.006659604579,-4.49085213460876e-14,"fixed_effect",NA,NA,NA,"SPoRC","family_sporc",-0.675781270086442,0.499179528114878
"ln_fishsel_devs.207",-0.935082506429352,0.990818566654324,-1.80383485925972e-13,"fixed_effect",NA,NA,NA,"SPoRC","family_sporc",-0.94374746083617,0.345298714570002
"ln_fishsel_devs.208",-0.350430588019732,1.02539507259809,-7.2419847896299e-13,"fixed_effect",NA,NA,NA,"SPoRC","family_sporc",-0.341751776836443,0.732537703233944
"ln_fishsel_devs.209",0.558263020603497,0.954759164592935,-1.44148581959769e-13,"fixed_effect",NA,NA,NA,"SPoRC","family_sporc",0.584716063806012,0.558738650938036
"ln_fishsel_devs.210",0.576743480115398,0.939614174538425,7.62410967691807e-14,"fixed_effect",NA,NA,NA,"SPoRC","family_sporc",0.613808833182744,0.539341659508745
"ln_fishsel_devs.211",0.630506404307843,0.935036822635681,1.07223258050126e-13,"fixed_effect",NA,NA,NA,"SPoRC","family_sporc",0.67431184424435,0.500113075470758
"ln_fishsel_devs.212",0.675754719220296,0.935029826959936,1.24018850744534e-13,"fixed_effect",NA,NA,NA,"SPoRC","family_sporc",0.722709265240638,0.469858522058796
"ln_fishsel_devs.213",0.696288044902421,0.939023815667602,1.24129873046996e-13,"fixed_effect",NA,NA,NA,"SPoRC","family_sporc",0.741502008026701,0.458389114702062
"ln_fishsel_devs.214",0.706022891818099,0.946717032783478,1.26121335597418e-13,"fixed_effect",NA,NA,NA,"SPoRC","family_sporc",0.745759152280481,0.4558129192942
"ln_fishsel_devs.215",0.713371306775292,0.952517997191593,5.25211818480642e-13,"fixed_effect",NA,NA,NA,"SPoRC","family_sporc",0.748932102992908,0.453898129788991
"ln_fishsel_devs.216",-2.01064657482949,1.27247403557843,8.15320033709099e-15,"fixed_effect",NA,NA,NA,"SPoRC","family_sporc",-1.58010813471374,0.114082104703331
"ln_fishsel_devs.217",-0.872997452885422,1.07983751093153,3.2085445411667e-14,"fixed_effect",NA,NA,NA,"SPoRC","family_sporc",-0.808452608885872,0.418830077122373
"ln_fishsel_devs.218",-0.620679941544602,1.0322374642868,5.77315972805081e-15,"fixed_effect",NA,NA,NA,"SPoRC","family_sporc",-0.601295693112095,0.547643057663766
"ln_fishsel_devs.219",-1.00971997949281,1.01070893079319,-1.10824543986254e-13,"fixed_effect",NA,NA,NA,"SPoRC","family_sporc",-0.999021527098214,0.317784263121815
"ln_fishsel_devs.220",-0.304842887155359,1.04938555480709,-2.06057393370429e-13,"fixed_effect",NA,NA,NA,"SPoRC","family_sporc",-0.290496553682214,0.771436386930742
"ln_fishsel_devs.221",0.572037034707757,0.970333420696868,-4.86027884605278e-13,"fixed_effect",NA,NA,NA,"SPoRC","family_sporc",0.589526262320157,0.555508300132242
"ln_fishsel_devs.222",0.630654766056413,0.959282720319168,-4.51184228866808e-14,"fixed_effect",NA,NA,NA,"SPoRC","family_sporc",0.657423252497017,0.510908804392932
"ln_fishsel_devs.223",0.659217041302677,0.955959203711029,7.23483772890887e-14,"fixed_effect",NA,NA,NA,"SPoRC","family_sporc",0.689587001980419,0.490453943653969
"ln_fishsel_devs.224",0.705973282136048,0.956429617756252,9.53889744970127e-14,"fixed_effect",NA,NA,NA,"SPoRC","family_sporc",0.73813406551779,0.460432984756311
"ln_fishsel_devs.225",0.733372381534078,0.960393494845688,9.90249549026601e-14,"fixed_effect",NA,NA,NA,"SPoRC","family_sporc",0.763616564949676,0.445095774850403
"ln_fishsel_devs.226",0.752241262769866,0.968172354150534,1.02258479461881e-13,"fixed_effect",NA,NA,NA,"SPoRC","family_sporc",0.776970401545783,0.437176233215764
"ln_fishsel_devs.227",0.765391067400798,0.973918261921502,4.32383295834171e-13,"fixed_effect",NA,NA,NA,"SPoRC","family_sporc",0.785888402883741,0.431932869315899
"ln_fishsel_devs.228",-2.16512843910021,1.30038116410459,-9.82720849140861e-15,"fixed_effect",NA,NA,NA,"SPoRC","family_sporc",-1.66499523283319,0.0959137069123954
"ln_fishsel_devs.229",-0.830331230939805,1.11167523592654,2.04558592287185e-14,"fixed_effect",NA,NA,NA,"SPoRC","family_sporc",-0.746918887914021,0.455112523908655
"ln_fishsel_devs.230",-0.484527465659121,1.04237796906384,2.4980018054066e-16,"fixed_effect",NA,NA,NA,"SPoRC","family_sporc",-0.464828958438441,0.642053948198007
"ln_fishsel_devs.231",-1.08842199946083,1.03723430353441,-1.62092561595273e-14,"fixed_effect",NA,NA,NA,"SPoRC","family_sporc",-1.04935017647604,0.294016980325548
"ln_fishsel_devs.232",-0.534807546098868,1.06933937836235,-1.74527059471075e-13,"fixed_effect",NA,NA,NA,"SPoRC","family_sporc",-0.500128917835144,0.61698430537828
"ln_fishsel_devs.233",0.649668107442893,0.995163987142156,-1.57596158345541e-13,"fixed_effect",NA,NA,NA,"SPoRC","family_sporc",0.652825178399558,0.51386898954288
"ln_fishsel_devs.234",0.679977191357264,0.977113697000764,-3.3093146278862e-13,"fixed_effect",NA,NA,NA,"SPoRC","family_sporc",0.695903857907677,0.486489041125578
"ln_fishsel_devs.235",0.701275572534973,0.975846966312115,4.413136522885e-15,"fixed_effect",NA,NA,NA,"SPoRC","family_sporc",0.718632733147911,0.47236723944173
"ln_fishsel_devs.236",0.726077965983874,0.976852011893842,8.12908768077492e-14,"fixed_effect",NA,NA,NA,"SPoRC","family_sporc",0.743283483212787,0.45731006918386
"ln_fishsel_devs.237",0.759114550482702,0.981232277817115,9.36195565515163e-14,"fixed_effect",NA,NA,NA,"SPoRC","family_sporc",0.773633896523926,0.439147321087845
"ln_fishsel_devs.238",0.784989880018081,0.988957507464193,9.7456764880377e-14,"fixed_effect",NA,NA,NA,"SPoRC","family_sporc",0.793754912717019,0.427338125329553
"ln_fishsel_devs.239",0.802113413438997,0.994858499554671,3.92130772297605e-13,"fixed_effect",NA,NA,NA,"SPoRC","family_sporc",0.806258793384233,0.420093644824656
"ln_fishsel_devs.240",-2.32626272847486,1.32640673600189,3.26301485831237e-15,"fixed_effect",NA,NA,NA,"SPoRC","family_sporc",-1.7538079876515,0.0794634139262958
"ln_fishsel_devs.241",-0.862293924348719,1.13236378705658,9.90874049477952e-15,"fixed_effect",NA,NA,NA,"SPoRC","family_sporc",-0.761499029026817,0.446359058603949
"ln_fishsel_devs.242",-0.409274222203081,1.07301249673684,7.49400541621981e-15,"fixed_effect",NA,NA,NA,"SPoRC","family_sporc",-0.381425401332915,0.702887615546978
"ln_fishsel_devs.243",-0.924419458742819,1.04797987125913,-2.25042207091519e-13,"fixed_effect",NA,NA,NA,"SPoRC","family_sporc",-0.882096578469726,0.377724582343646
"ln_fishsel_devs.244",-0.551009782930629,1.09446608763531,-7.93948240485065e-14,"fixed_effect",NA,NA,NA,"SPoRC","family_sporc",-0.503450759375409,0.614647391759963
"ln_fishsel_devs.245",0.593706220497433,1.01475019876169,-2.81184797668033e-13,"fixed_effect",NA,NA,NA,"SPoRC","family_sporc",0.585076229816896,0.558496461079246
"ln_fishsel_devs.246",0.726191185600514,1.00181416716078,-1.17461596005342e-13,"fixed_effect",NA,NA,NA,"SPoRC","family_sporc",0.724876139113302,0.468528020299732
"ln_fishsel_devs.247",0.646525856346484,0.994130315645938,-2.00839345154691e-13,"fixed_effect",NA,NA,NA,"SPoRC","family_sporc",0.650343165449493,0.515470580426409
"ln_fishsel_devs.248",0.74304107711058,0.996677646785592,6.97775170976911e-14,"fixed_effect",NA,NA,NA,"SPoRC","family_sporc",0.745517951071723,0.455958663299983
"ln_fishsel_devs.249",0.758866374948847,1.00099704495925,1.15671361378133e-13,"fixed_effect",NA,NA,NA,"SPoRC","family_sporc",0.758110504691588,0.448384831552136
"ln_fishsel_devs.250",0.788351697604144,1.00891790285454,1.38937472637934e-13,"fixed_effect",NA,NA,NA,"SPoRC","family_sporc",0.781383396383046,0.434577033570202
"ln_fishsel_devs.251",0.81657770459205,1.01493408805278,5.58419629981266e-13,"fixed_effect",NA,NA,NA,"SPoRC","family_sporc",0.80456230035461,0.421072304547894
"ln_fishsel_devs.252",-2.48879279654118,1.34673523124715,1.4432899320127e-15,"fixed_effect",NA,NA,NA,"SPoRC","family_sporc",-1.84801937217936,0.0645995404327493
"ln_fishsel_devs.253",-0.938353430551585,1.16135900861728,1.01585406753202e-14,"fixed_effect",NA,NA,NA,"SPoRC","family_sporc",-0.807978776234574,0.419102800099525
"ln_fishsel_devs.254",-0.282663123321902,1.08623163241928,-6.75015598972095e-14,"fixed_effect",NA,NA,NA,"SPoRC","family_sporc",-0.260223616110633,0.794691288582212
"ln_fishsel_devs.255",-1.00801416969398,1.07909640827451,-4.2854608750531e-14,"fixed_effect",NA,NA,NA,"SPoRC","family_sporc",-0.934128000023476,0.350237870116489
"ln_fishsel_devs.256",-0.535199674532082,1.10536762564458,-6.41514619204031e-13,"fixed_effect",NA,NA,NA,"SPoRC","family_sporc",-0.484182512781654,0.628256346353212
"ln_fishsel_devs.257",0.556091819298413,1.03780556008025,-1.31908373113276e-13,"fixed_effect",NA,NA,NA,"SPoRC","family_sporc",0.535834303350052,0.592073072083545
"ln_fishsel_devs.258",0.630208191990287,1.02078378019376,-2.49689158238198e-13,"fixed_effect",NA,NA,NA,"SPoRC","family_sporc",0.617376768928151,0.53698624134586
"ln_fishsel_devs.259",0.768318506215922,1.01818996584665,-2.61457522299224e-14,"fixed_effect",NA,NA,NA,"SPoRC","family_sporc",0.754592494512602,0.450493528446123
"ln_fishsel_devs.260",0.852166836369442,1.01419890628267,-1.13797860024079e-13,"fixed_effect",NA,NA,NA,"SPoRC","family_sporc",0.840236398491967,0.400775853973148
"ln_fishsel_devs.261",0.80792514279921,1.02020489381173,1.62814206561279e-13,"fixed_effect",NA,NA,NA,"SPoRC","family_sporc",0.791924394501393,0.428404761938935
"ln_fishsel_devs.262",0.811642724305836,1.02798826238497,2.07056594092592e-13,"fixed_effect",NA,NA,NA,"SPoRC","family_sporc",0.789544738986412,0.429793692009053
"ln_fishsel_devs.263",0.826669973661568,1.0338795717286,8.92813600827935e-13,"fixed_effect",NA,NA,NA,"SPoRC","family_sporc",0.799580527816614,0.423953873039102
"ln_fishsel_devs.264",-2.6828908066692,1.36167607481911,3.69149155687865e-15,"fixed_effect",NA,NA,NA,"SPoRC","family_sporc",-1.97028563274537,0.0488056440921908
"ln_fishsel_devs.265",-1.04976211108344,1.18256754135684,3.80251385934116e-15,"fixed_effect",NA,NA,NA,"SPoRC","family_sporc",-0.887697382492821,0.374703554274398
"ln_fishsel_devs.266",0.1931303803718,1.11492117969034,5.26245713672324e-14,"fixed_effect",NA,NA,NA,"SPoRC","family_sporc",0.173223348780082,0.862475871389974
"ln_fishsel_devs.267",-0.95395538384185,1.09206295919116,-6.55031584528842e-15,"fixed_effect",NA,NA,NA,"SPoRC","family_sporc",-0.873535152724529,0.382371454482633
"ln_fishsel_devs.268",-0.41651952639674,1.13231853846427,-1.87627691161651e-14,"fixed_effect",NA,NA,NA,"SPoRC","family_sporc",-0.367846601682999,0.712987618370257
"ln_fishsel_devs.269",0.525642312227393,1.05248962658676,-3.13638004456607e-13,"fixed_effect",NA,NA,NA,"SPoRC","family_sporc",0.499427546789282,0.61747821697521
"ln_fishsel_devs.270",0.726082203278475,1.04204720833341,-4.44574932423336e-14,"fixed_effect",NA,NA,NA,"SPoRC","family_sporc",0.696784365882742,0.485937751639124
"ln_fishsel_devs.271",0.669067569488178,1.03635037042857,-8.93174423310938e-14,"fixed_effect",NA,NA,NA,"SPoRC","family_sporc",0.64559977839492,0.518538580901242
"ln_fishsel_devs.272",0.761062457215614,1.03843203926585,-4.46864767411626e-15,"fixed_effect",NA,NA,NA,"SPoRC","family_sporc",0.732895777901528,0.463621998432782
"ln_fishsel_devs.273",0.691245996366908,1.03760459550111,-3.62487817540114e-14,"fixed_effect",NA,NA,NA,"SPoRC","family_sporc",0.666194039004878,0.505287082586962
"ln_fishsel_devs.274",0.750169827454393,1.04625913367558,6.47815134868779e-14,"fixed_effect",NA,NA,NA,"SPoRC","family_sporc",0.717001938916406,0.473372900288537
"ln_fishsel_devs.275",0.786727081588414,1.05193543076072,3.88918064420096e-13,"fixed_effect",NA,NA,NA,"SPoRC","family_sporc",0.747885334577507,0.454529324139927
"ln_fishsel_devs.276",-2.84497675595893,1.3711784413686,3.84241249928863e-15,"fixed_effect",NA,NA,NA,"SPoRC","family_sporc",-2.07484064081353,0.03800130660418
"ln_fishsel_devs.277",-1.11979696731662,1.19230284359986,1.0692835505921e-14,"fixed_effect",NA,NA,NA,"SPoRC","family_sporc",-0.939188372591376,0.34763403774687
"ln_fishsel_devs.278",-0.19369409888636,1.14004365685402,3.32373017997156e-14,"fixed_effect",NA,NA,NA,"SPoRC","family_sporc",-0.169900597860317,0.865088310933138
"ln_fishsel_devs.279",-0.77145485082338,1.12249207550842,3.28626015289046e-14,"fixed_effect",NA,NA,NA,"SPoRC","family_sporc",-0.68726975241581,0.491912756030948
"ln_fishsel_devs.280",-0.370736265907012,1.14270098910115,-1.00808250635964e-13,"fixed_effect",NA,NA,NA,"SPoRC","family_sporc",-0.3244385621812,0.745606028850383
"ln_fishsel_devs.281",0.624146280946403,1.07572472485942,-2.62012633811537e-14,"fixed_effect",NA,NA,NA,"SPoRC","family_sporc",0.580210035637107,0.561772986816495
"ln_fishsel_devs.282",0.84401207073292,1.05709186461164,-3.24462678946702e-13,"fixed_effect",NA,NA,NA,"SPoRC","family_sporc",0.798428309769462,0.424621980277459
"ln_fishsel_devs.283",0.7925330918875,1.05687324308294,-6.77236045021345e-15,"fixed_effect",NA,NA,NA,"SPoRC","family_sporc",0.749884716142169,0.453324140325172
"ln_fishsel_devs.284",0.722636833209471,1.05483124387126,-2.8643754035329e-14,"fixed_effect",NA,NA,NA,"SPoRC","family_sporc",0.685073406204177,0.493297600711934
"ln_fishsel_devs.285",0.760802374765845,1.0598782209982,2.73114864057789e-14,"fixed_effect",NA,NA,NA,"SPoRC","family_sporc",0.717820556827103,0.472867936546876
"ln_fishsel_devs.286",0.779261164712801,1.06215828446418,1.81799020282369e-14,"fixed_effect",NA,NA,NA,"SPoRC","family_sporc",0.733658227884473,0.463157063268198
"ln_fishsel_devs.287",0.777267122637302,1.06773276203386,3.59656748827319e-13,"fixed_effect",NA,NA,NA,"SPoRC","family_sporc",0.727960357006123,0.466637853969776
"ln_fishsel_devs.288",-3.00049757853077,1.37569013667428,-6.41153796721028e-15,"fixed_effect",NA,NA,NA,"SPoRC","family_sporc",-2.18108533203883,0.0291771055394823
"ln_fishsel_devs.289",-1.16105851050023,1.18780094572599,-2.77555756156289e-17,"fixed_effect",NA,NA,NA,"SPoRC","family_sporc",-0.977485760285012,0.32832872402661
"ln_fishsel_devs.290",-0.541020353398071,1.15416036763291,2.38975506050565e-14,"fixed_effect",NA,NA,NA,"SPoRC","family_sporc",-0.468756655115146,0.639243585499791
"ln_fishsel_devs.291",-0.749797295739796,1.13753751683506,3.05311331771918e-14,"fixed_effect",NA,NA,NA,"SPoRC","family_sporc",-0.659140718124125,0.509805410570468
"ln_fishsel_devs.292",-0.151116559648617,1.16847043755472,9.27036225562006e-14,"fixed_effect",NA,NA,NA,"SPoRC","family_sporc",-0.129328526243985,0.897097700295186
"ln_fishsel_devs.293",0.640168914209653,1.08869807566194,1.96787031114809e-14,"fixed_effect",NA,NA,NA,"SPoRC","family_sporc",0.58801326880313,0.556523386618063
"ln_fishsel_devs.294",0.775207094437411,1.07797740441358,-3.30291349825984e-14,"fixed_effect",NA,NA,NA,"SPoRC","family_sporc",0.719131116536828,0.472060136603476
"ln_fishsel_devs.295",0.862813505714401,1.07164263059534,-1.12465592394528e-13,"fixed_effect",NA,NA,NA,"SPoRC","family_sporc",0.805131749224154,0.420743656217833
"ln_fishsel_devs.296",0.834544787705987,1.074386511579,-2.40363284831346e-14,"fixed_effect",NA,NA,NA,"SPoRC","family_sporc",0.776764021803921,0.437298007011849
"ln_fishsel_devs.297",0.741813060653474,1.07475158157903,-3.78030939884866e-14,"fixed_effect",NA,NA,NA,"SPoRC","family_sporc",0.69021816145048,0.490057003942424
"ln_fishsel_devs.298",0.908081292297034,1.08279757485778,-1.12687636999453e-14,"fixed_effect",NA,NA,NA,"SPoRC","family_sporc",0.83864363329065,0.401669317712453
"ln_fishsel_devs.299",0.840861642799456,1.08222704221284,5.90638649100583e-14,"fixed_effect",NA,NA,NA,"SPoRC","family_sporc",0.776973416853581,0.437174454186448
"ln_fishsel_devs.300",-3.08576021328285,1.37797396255369,-4.16333634234434e-16,"fixed_effect",NA,NA,NA,"SPoRC","family_sporc",-2.23934580560888,0.0251334246496496
"ln_fishsel_devs.301",-1.15949433670539,1.16769688904962,3.61100038759332e-14,"fixed_effect",NA,NA,NA,"SPoRC","family_sporc",-0.992975443866335,0.320721921536286
"ln_fishsel_devs.302",-0.919317144446812,1.1431581409438,9.54791801177635e-15,"fixed_effect",NA,NA,NA,"SPoRC","family_sporc",-0.804190699011964,0.421286849544077
"ln_fishsel_devs.303",-1.07793525701411,1.13641558198436,-1.50157664080552e-14,"fixed_effect",NA,NA,NA,"SPoRC","family_sporc",-0.94853966638848,0.342854789259817
"ln_fishsel_devs.304",-0.428535966099083,1.16776326730583,-8.88178419700125e-15,"fixed_effect",NA,NA,NA,"SPoRC","family_sporc",-0.366971609826166,0.713640194935775
"ln_fishsel_devs.305",0.588162110524804,1.10138881817211,-5.53446177775641e-14,"fixed_effect",NA,NA,NA,"SPoRC","family_sporc",0.534018596176535,0.593328668152388
"ln_fishsel_devs.306",0.947210791734381,1.08638023226877,-2.12052597703405e-13,"fixed_effect",NA,NA,NA,"SPoRC","family_sporc",0.871896195824778,0.383265009205589
"ln_fishsel_devs.307",0.782317508309067,1.08752152243296,1.55431223447522e-15,"fixed_effect",NA,NA,NA,"SPoRC","family_sporc",0.7193581848007,0.471920254086377
"ln_fishsel_devs.308",1.04722469115961,1.08297776456412,-1.40054634556463e-13,"fixed_effect",NA,NA,NA,"SPoRC","family_sporc",0.966986327351883,0.333550868742979
"ln_fishsel_devs.309",0.869166991772047,1.09070522132476,2.58959520493818e-14,"fixed_effect",NA,NA,NA,"SPoRC","family_sporc",0.796885331415548,0.425517630744617
"ln_fishsel_devs.310",1.25490242628106,1.09293170802281,4.06341627012807e-14,"fixed_effect",NA,NA,NA,"SPoRC","family_sporc",1.14819838885566,0.250886674249682
"ln_fishsel_devs.311",1.18205839776721,1.09701622605747,3.14637205178769e-13,"fixed_effect",NA,NA,NA,"SPoRC","family_sporc",1.0775213435223,0.281247420796868
"ln_fishsel_devs.312",-3.23862332855962,1.38961949516583,3.67067487516692e-15,"fixed_effect",NA,NA,NA,"SPoRC","family_sporc",-2.33058282488556,0.0197753679994917
"ln_fishsel_devs.313",-1.23233044375624,1.19198700571031,2.27595720048157e-14,"fixed_effect",NA,NA,NA,"SPoRC","family_sporc",-1.03384553510454,0.301208380369479
"ln_fishsel_devs.314",-0.410091062802048,1.14792132015952,-7.43849426498855e-14,"fixed_effect",NA,NA,NA,"SPoRC","family_sporc",-0.357246664558039,0.720907154384113
"ln_fishsel_devs.315",-1.33465703770696,1.14853492761385,-3.86357612569554e-14,"fixed_effect",NA,NA,NA,"SPoRC","family_sporc",-1.16205176317954,0.245214439439724
"ln_fishsel_devs.316",-0.794085510781512,1.18939946758576,-2.1316282072803e-14,"fixed_effect",NA,NA,NA,"SPoRC","family_sporc",-0.667635670287749,0.504366182567074
"ln_fishsel_devs.317",0.564815838356681,1.12331094510106,6.70297151117438e-15,"fixed_effect",NA,NA,NA,"SPoRC","family_sporc",0.502813438095598,0.61509544477953
"ln_fishsel_devs.318",0.863925315046804,1.11036350667761,-1.0547118733939e-15,"fixed_effect",NA,NA,NA,"SPoRC","family_sporc",0.77805629404357,0.436535827035714
"ln_fishsel_devs.319",1.03379114164731,1.1037761587224,-1.3988810110277e-13,"fixed_effect",NA,NA,NA,"SPoRC","family_sporc",0.936594918705172,0.348966966749267
"ln_fishsel_devs.320",1.12785203161593,1.10671818525308,2.69506639227757e-14,"fixed_effect",NA,NA,NA,"SPoRC","family_sporc",1.01909596014997,0.308157411897696
"ln_fishsel_devs.321",1.11566233670937,1.10693422895085,-1.05138120432002e-13,"fixed_effect",NA,NA,NA,"SPoRC","family_sporc",1.00788493799383,0.313509703252658
"ln_fishsel_devs.322",1.15523214865442,1.11493443934142,5.1611492857262e-14,"fixed_effect",NA,NA,NA,"SPoRC","family_sporc",1.0361435685284,0.300135168900785
"ln_fishsel_devs.323",1.14850857157579,1.11656759808684,2.69687050469258e-13,"fixed_effect",NA,NA,NA,"SPoRC","family_sporc",1.02860639476166,0.303664671772514
"ln_fishsel_devs.324",-3.38197416781865,1.40331229778088,1.32671651442706e-14,"fixed_effect",NA,NA,NA,"SPoRC","family_sporc",-2.40999396439888,0.0159527844284373
"ln_fishsel_devs.325",-1.71008331376518,1.21641177757339,-6.77236045021345e-15,"fixed_effect",NA,NA,NA,"SPoRC","family_sporc",-1.40584245014185,0.159770913548766
"ln_fishsel_devs.326",-0.431330676499932,1.16893888023349,-1.62092561595273e-13,"fixed_effect",NA,NA,NA,"SPoRC","family_sporc",-0.368993352683912,0.712132679502648
"ln_fishsel_devs.327",-0.480141668014361,1.15871649533958,-6.65245636355394e-13,"fixed_effect",NA,NA,NA,"SPoRC","family_sporc",-0.414373722947345,0.678600429990214
"ln_fishsel_devs.328",-0.869754047827269,1.20088330973045,-4.17443857259059e-14,"fixed_effect",NA,NA,NA,"SPoRC","family_sporc",-0.72426191685726,0.468904952505188
"ln_fishsel_devs.329",0.602212896675689,1.14272770727011,3.79141162909491e-14,"fixed_effect",NA,NA,NA,"SPoRC","family_sporc",0.52699597011989,0.598196386971005
"ln_fishsel_devs.330",0.934477135323393,1.13169648277911,8.82488526698921e-14,"fixed_effect",NA,NA,NA,"SPoRC","family_sporc",0.825731235842133,0.408956569132383
"ln_fishsel_devs.331",1.07592088605465,1.12790686927881,8.5195739352173e-14,"fixed_effect",NA,NA,NA,"SPoRC","family_sporc",0.953909330069601,0.34012954029454
"ln_fishsel_devs.332",1.12973866965497,1.12516963242543,-1.41553435639707e-15,"fixed_effect",NA,NA,NA,"SPoRC","family_sporc",1.00406075412798,0.31534933064556
"ln_fishsel_devs.333",1.04677149883485,1.1310420780963,1.14047660204619e-13,"fixed_effect",NA,NA,NA,"SPoRC","family_sporc",0.925492975996711,0.354709535681288
"ln_fishsel_devs.334",1.02174552715162,1.1340630814756,3.35287353436797e-14,"fixed_effect",NA,NA,NA,"SPoRC","family_sporc",0.900960046968609,0.367609562756626
"ln_fishsel_devs.335",1.06241726023015,1.13793229542927,5.06067410199762e-13,"fixed_effect",NA,NA,NA,"SPoRC","family_sporc",0.933638375936385,0.350490462654604
"ln_fishsel_devs.336",-3.4337226105777,1.42850147553419,-2.56739074444567e-16,"fixed_effect",NA,NA,NA,"SPoRC","family_sporc",-2.40372353083756,0.0162290417521766
"ln_fishsel_devs.337",-1.69137163048498,1.23388144099847,-3.99680288865056e-15,"fixed_effect",NA,NA,NA,"SPoRC","family_sporc",-1.37077321555003,0.170445662967937
"ln_fishsel_devs.338",-1.20726299218749,1.19606596633704,-2.29816166097407e-14,"fixed_effect",NA,NA,NA,"SPoRC","family_sporc",-1.00936154540434,0.312801273664711
"ln_fishsel_devs.339",-0.822476596306023,1.18077620904975,-2.49245069028348e-13,"fixed_effect",NA,NA,NA,"SPoRC","family_sporc",-0.696555867235779,0.486080783056707
"ln_fishsel_devs.340",0.187834378080048,1.21233082089089,-4.36983782492462e-13,"fixed_effect",NA,NA,NA,"SPoRC","family_sporc",0.154936569163537,0.876871323714912
"ln_fishsel_devs.341",0.776043258706717,1.15701743418587,2.73114864057789e-14,"fixed_effect",NA,NA,NA,"SPoRC","family_sporc",0.670727368298281,0.502394224616924
"ln_fishsel_devs.342",0.996933634845554,1.15091810034889,1.05859765398009e-13,"fixed_effect",NA,NA,NA,"SPoRC","family_sporc",0.866207277949091,0.386376502925419
"ln_fishsel_devs.343",1.05885066763494,1.14904921259893,8.17679257636428e-14,"fixed_effect",NA,NA,NA,"SPoRC","family_sporc",0.921501582373506,0.356788615469402
"ln_fishsel_devs.344",1.07378098425259,1.14898258301046,6.25610674376276e-14,"fixed_effect",NA,NA,NA,"SPoRC","family_sporc",0.934549400600283,0.350020565938669
"ln_fishsel_devs.345",1.0243561173714,1.14993249009118,4.37427871702312e-14,"fixed_effect",NA,NA,NA,"SPoRC","family_sporc",0.890796743459417,0.37303822253822
"ln_fishsel_devs.346",1.03145217805583,1.15642973281862,8.00748356510894e-14,"fixed_effect",NA,NA,NA,"SPoRC","family_sporc",0.891928103181697,0.372431470239047
"ln_fishsel_devs.347",1.00558261060904,1.15767609965153,3.11417558407356e-13,"fixed_effect",NA,NA,NA,"SPoRC","family_sporc",0.868621724946834,0.385054067702203
"ln_fishsel_devs.348",-3.45846034584904,1.44971717467926,4.23272528138341e-15,"fixed_effect",NA,NA,NA,"SPoRC","family_sporc",-2.38561038404902,0.0170508045145662
"ln_fishsel_devs.349",-1.50051947279442,1.25987673642578,2.22044604925031e-16,"fixed_effect",NA,NA,NA,"SPoRC","family_sporc",-1.19100498438548,0.233651628149445
"ln_fishsel_devs.350",-1.48445159899373,1.21234792356665,-6.01740879346835e-14,"fixed_effect",NA,NA,NA,"SPoRC","family_sporc",-1.22444355299143,0.220784947966556
"ln_fishsel_devs.351",-1.50869511174152,1.20285919741089,-8.74578187648467e-14,"fixed_effect",NA,NA,NA,"SPoRC","family_sporc",-1.25425745173577,0.209748443698409
"ln_fishsel_devs.352",-0.195671794439859,1.23168533370345,-3.16080495110782e-13,"fixed_effect",NA,NA,NA,"SPoRC","family_sporc",-0.158865084356822,0.8737751699304
"ln_fishsel_devs.353",1.28277218075209,1.17130597623462,-6.00408611717285e-13,"fixed_effect",NA,NA,NA,"SPoRC","family_sporc",1.09516403636546,0.273444778300082
"ln_fishsel_devs.354",1.1558138831886,1.16491855895174,8.04911692853238e-14,"fixed_effect",NA,NA,NA,"SPoRC","family_sporc",0.992184281301755,0.321107638837017
"ln_fishsel_devs.355",1.26719847862162,1.16596751687499,1.56374913018453e-13,"fixed_effect",NA,NA,NA,"SPoRC","family_sporc",1.08682142536694,0.277115737045382
"ln_fishsel_devs.356",1.20126554437409,1.16732471465717,1.26593180382883e-13,"fixed_effect",NA,NA,NA,"SPoRC","family_sporc",1.02907573984407,0.303444085261472
"ln_fishsel_devs.357",1.12975846110611,1.17016103644191,1.30638555528861e-13,"fixed_effect",NA,NA,NA,"SPoRC","family_sporc",0.965472636605085,0.334308135126992
"ln_fishsel_devs.358",1.09326355836499,1.1739516295982,9.24729043338957e-14,"fixed_effect",NA,NA,NA,"SPoRC","family_sporc",0.931267976295735,0.351714962804286
"ln_fishsel_devs.359",1.01772621741098,1.17637486431815,4.72212546842599e-13,"fixed_effect",NA,NA,NA,"SPoRC","family_sporc",0.86513767701155,0.386963227275539
"ln_fishsel_devs.360",-3.50039525122483,1.46710223989489,-5.21804821573824e-15,"fixed_effect",NA,NA,NA,"SPoRC","family_sporc",-2.38592454979526,0.017036245852253
"ln_fishsel_devs.361",-0.983692744968242,1.2746188688805,1.22124532708767e-15,"fixed_effect",NA,NA,NA,"SPoRC","family_sporc",-0.771754419289448,0.440259892727993
"ln_fishsel_devs.362",-1.20019547663429,1.2372919648965,-7.21644966006352e-15,"fixed_effect",NA,NA,NA,"SPoRC","family_sporc",-0.970017999538763,0.332037520239799
"ln_fishsel_devs.363",-2.28729721680384,1.22135864118282,-5.99520433297585e-14,"fixed_effect",NA,NA,NA,"SPoRC","family_sporc",-1.87274821635414,0.0611031617790113
"ln_fishsel_devs.364",-0.931265790804575,1.25200227563354,-1.85851334322251e-13,"fixed_effect",NA,NA,NA,"SPoRC","family_sporc",-0.743821164648709,0.45698467417018
"ln_fishsel_devs.365",0.944033981706149,1.1909225502445,-3.51579876323171e-13,"fixed_effect",NA,NA,NA,"SPoRC","family_sporc",0.792691331197257,0.427957682172677
"ln_fishsel_devs.366",1.45081135658951,1.18007676549682,-3.40172334745148e-13,"fixed_effect",NA,NA,NA,"SPoRC","family_sporc",1.22942116903616,0.218913937333501
"ln_fishsel_devs.367",1.61359069263433,1.1789632996859,1.32338584535319e-13,"fixed_effect",NA,NA,NA,"SPoRC","family_sporc",1.36865218201808,0.171108024241091
"ln_fishsel_devs.368",1.43389272523019,1.18367106007359,1.71751501909512e-13,"fixed_effect",NA,NA,NA,"SPoRC","family_sporc",1.21139459567513,0.225744209632744
"ln_fishsel_devs.369",1.26593060881717,1.18779049346342,1.43079992298567e-13,"fixed_effect",NA,NA,NA,"SPoRC","family_sporc",1.06578610940546,0.286520341508686
"ln_fishsel_devs.370",1.14738935348021,1.1929826070366,1.13936637902157e-13,"fixed_effect",NA,NA,NA,"SPoRC","family_sporc",0.961782130529426,0.336159056095746
"ln_fishsel_devs.371",1.04719776197813,1.19420935321892,3.85261267332737e-13,"fixed_effect",NA,NA,NA,"SPoRC","family_sporc",0.876896298924031,0.380542966657033
"ln_fishsel_devs.372",-3.64894248527009,1.48310317315016,1.36696209906972e-14,"fixed_effect",NA,NA,NA,"SPoRC","family_sporc",-2.46034298309781,0.0138804294258973
"ln_fishsel_devs.373",-0.639338806847753,1.27421610813248,7.105427357601e-15,"fixed_effect",NA,NA,NA,"SPoRC","family_sporc",-0.501750686376728,0.615842905504294
"ln_fishsel_devs.374",-1.05060418221764,1.25048907115761,1.26010313294955e-14,"fixed_effect",NA,NA,NA,"SPoRC","family_sporc",-0.840154629456351,0.400821693329478
"ln_fishsel_devs.375",-1.62249289438356,1.23721975465278,-4.84057238736568e-14,"fixed_effect",NA,NA,NA,"SPoRC","family_sporc",-1.31140235053789,0.189721865137565
"ln_fishsel_devs.376",-0.931368436243622,1.26296049240327,-2.42861286636753e-13,"fixed_effect",NA,NA,NA,"SPoRC","family_sporc",-0.73744859150054,0.460849595039094
"ln_fishsel_devs.377",0.534402771765583,1.20705260708821,-2.73336908662714e-13,"fixed_effect",NA,NA,NA,"SPoRC","family_sporc",0.442733621241853,0.657958420786366
"ln_fishsel_devs.378",1.04429495318192,1.19783730980227,-1.82187598340988e-13,"fixed_effect",NA,NA,NA,"SPoRC","family_sporc",0.871817019420029,0.383308208320625
"ln_fishsel_devs.379",1.27348390197333,1.1942823111308,-1.63480340376054e-13,"fixed_effect",NA,NA,NA,"SPoRC","family_sporc",1.06631731049213,0.286280226942471
"ln_fishsel_devs.380",1.4710059815937,1.19829534917822,1.29701804851834e-13,"fixed_effect",NA,NA,NA,"SPoRC","family_sporc",1.22758215042936,0.219603865784198
"ln_fishsel_devs.381",1.32991768595199,1.20525371927642,1.4344081478157e-13,"fixed_effect",NA,NA,NA,"SPoRC","family_sporc",1.10343379545878,0.269838827190858
"ln_fishsel_devs.382",1.1761950898572,1.2115969116314,1.2997936060799e-13,"fixed_effect",NA,NA,NA,"SPoRC","family_sporc",0.970780858357804,0.331657416543599
"ln_fishsel_devs.383",1.06344642063886,1.21392519102528,4.70984362621607e-13,"fixed_effect",NA,NA,NA,"SPoRC","family_sporc",0.876039502681934,0.381008559154615
"ln_fishsel_devs.384",-3.75435247762214,1.5006227379783,-4.35762537165374e-15,"fixed_effect",NA,NA,NA,"SPoRC","family_sporc",-2.50186298168463,0.0123541727365084
"ln_fishsel_devs.385",-1.02060173475947,1.29109540355421,1.40946282423116e-14,"fixed_effect",NA,NA,NA,"SPoRC","family_sporc",-0.790492888403051,0.429239973820387
"ln_fishsel_devs.386",-0.767882171335062,1.25849843571523,-2.30926389122033e-14,"fixed_effect",NA,NA,NA,"SPoRC","family_sporc",-0.610157430111271,0.541757526245799
"ln_fishsel_devs.387",-1.39022668279429,1.2549315472433,-6.40043573696403e-14,"fixed_effect",NA,NA,NA,"SPoRC","family_sporc",-1.107810769319,0.26794354811866
"ln_fishsel_devs.388",-0.734241942002955,1.28293483893644,-7.92144128070049e-14,"fixed_effect",NA,NA,NA,"SPoRC","family_sporc",-0.572314290421519,0.567109070045667
"ln_fishsel_devs.389",0.785267205713111,1.22197472785059,-3.82027742773516e-13,"fixed_effect",NA,NA,NA,"SPoRC","family_sporc",0.64262147801892,0.520469743056345
"ln_fishsel_devs.390",0.84640903978379,1.21486602427122,-1.18904885937354e-13,"fixed_effect",NA,NA,NA,"SPoRC","family_sporc",0.696709779410891,0.485984437415967
"ln_fishsel_devs.391",1.17344031892439,1.21256674782022,-1.05963848806567e-13,"fixed_effect",NA,NA,NA,"SPoRC","family_sporc",0.967732556606753,0.333177954170195
"ln_fishsel_devs.392",1.38642144579154,1.21234761619197,-2.94764213037979e-14,"fixed_effect",NA,NA,NA,"SPoRC","family_sporc",1.14358409030105,0.252796162782866
"ln_fishsel_devs.393",1.30495913738265,1.22016151001658,1.46327394645596e-13,"fixed_effect",NA,NA,NA,"SPoRC","family_sporc",1.0694970515542,0.284845756718239
"ln_fishsel_devs.394",1.13611381198081,1.2283574887533,1.46466172523674e-13,"fixed_effect",NA,NA,NA,"SPoRC","family_sporc",0.924904860663883,0.35501539804194
"ln_fishsel_devs.395",1.03469404893754,1.23195407600724,5.0011383923021e-13,"fixed_effect",NA,NA,NA,"SPoRC","family_sporc",0.839880373050096,0.400975463240871
"ln_fishsel_devs.396",-3.90035805858041,1.51602546342809,2.02615701994091e-15,"fixed_effect",NA,NA,NA,"SPoRC","family_sporc",-2.57275234003049,0.010089337628292
"ln_fishsel_devs.397",-1.40619510861395,1.31657533005142,4.49640324973188e-15,"fixed_effect",NA,NA,NA,"SPoRC","family_sporc",-1.06807037661797,0.285488767274941
"ln_fishsel_devs.398",0.0563078660983034,1.26851712230067,-1.80744308408975e-13,"fixed_effect",NA,NA,NA,"SPoRC","family_sporc",0.0443887316208864,0.964594543660541
"ln_fishsel_devs.399",-0.939127333216744,1.26395384586124,-1.35336186701807e-13,"fixed_effect",NA,NA,NA,"SPoRC","family_sporc",-0.743007615580167,0.457477069741382
"ln_fishsel_devs.400",-0.600448254182521,1.29920895909152,-6.16173778666962e-14,"fixed_effect",NA,NA,NA,"SPoRC","family_sporc",-0.462164496311963,0.643963361485387
"ln_fishsel_devs.401",0.584370549030879,1.24143620847598,-8.5043083686287e-14,"fixed_effect",NA,NA,NA,"SPoRC","family_sporc",0.470721366946648,0.637839723883715
"ln_fishsel_devs.402",1.06969299020533,1.2293240450804,-3.10085290777806e-13,"fixed_effect",NA,NA,NA,"SPoRC","family_sporc",0.870147293129185,0.384219915310408
"ln_fishsel_devs.403",1.05686624240047,1.22831926966722,-5.82867087928207e-14,"fixed_effect",NA,NA,NA,"SPoRC","family_sporc",0.860416561474933,0.389559459748799
"ln_fishsel_devs.404",1.08288845239937,1.23020493573463,4.9515946898282e-14,"fixed_effect",NA,NA,NA,"SPoRC","family_sporc",0.880250453354521,0.378723646924631
"ln_fishsel_devs.405",1.04841230747509,1.23397988297405,6.5447647301653e-14,"fixed_effect",NA,NA,NA,"SPoRC","family_sporc",0.849618637986445,0.395537146360674
"ln_fishsel_devs.406",0.989892364139732,1.24397421203827,1.37834188507213e-13,"fixed_effect",NA,NA,NA,"SPoRC","family_sporc",0.795749907482231,0.426177412510038
"ln_fishsel_devs.407",0.957697982844362,1.24985466739288,5.67407232310302e-13,"fixed_effect",NA,NA,NA,"SPoRC","family_sporc",0.766247474870069,0.443529064984184
"ln_fishsel_devs.408",-3.97098969723737,1.5303112119658,1.04083408558608e-15,"fixed_effect",NA,NA,NA,"SPoRC","family_sporc",-2.59489028518345,0.00946211179721673
"ln_fishsel_devs.409",-1.56234990867328,1.3353212730553,6.80011602582908e-16,"fixed_effect",NA,NA,NA,"SPoRC","family_sporc",-1.17001798758026,0.241993730228707
"ln_fishsel_devs.410",-0.498050553477865,1.29047987845628,-3.33066907387547e-15,"fixed_effect",NA,NA,NA,"SPoRC","family_sporc",-0.385942130359794,0.699539527764636
"ln_fishsel_devs.411",-0.631599076684657,1.27860476599012,-2.8466118351389e-13,"fixed_effect",NA,NA,NA,"SPoRC","family_sporc",-0.493975224779926,0.621323676682869
"ln_fishsel_devs.412",-0.18130673013234,1.31073105624022,-1.8890444763997e-13,"fixed_effect",NA,NA,NA,"SPoRC","family_sporc",-0.13832489073114,0.889983654638386
"ln_fishsel_devs.413",0.595435356301012,1.25914705958631,-1.15463194561016e-14,"fixed_effect",NA,NA,NA,"SPoRC","family_sporc",0.472887858306751,0.636293187756796
"ln_fishsel_devs.414",1.04349828503621,1.24836663050833,6.93889390390723e-15,"fixed_effect",NA,NA,NA,"SPoRC","family_sporc",0.835890882962244,0.403216291849787
"ln_fishsel_devs.415",1.33835909455086,1.24278504358137,-1.65645275274073e-13,"fixed_effect",NA,NA,NA,"SPoRC","family_sporc",1.07690312291985,0.281523547797714
"ln_fishsel_devs.416",1.05544518569179,1.24556539880066,2.04281036531029e-14,"fixed_effect",NA,NA,NA,"SPoRC","family_sporc",0.847362319720878,0.396793200209559
"ln_fishsel_devs.417",0.944777026443385,1.25053952214416,7.4718009557273e-14,"fixed_effect",NA,NA,NA,"SPoRC","family_sporc",0.755495535897564,0.449951709833056
"ln_fishsel_devs.418",0.956544740781928,1.25700366197741,8.46267500520526e-14,"fixed_effect",NA,NA,NA,"SPoRC","family_sporc",0.760972119426583,0.446673720224204
"ln_fishsel_devs.419",0.910236277400242,1.26456935425481,4.67445526730614e-13,"fixed_effect",NA,NA,NA,"SPoRC","family_sporc",0.719799411821608,0.471648507123551
"ln_fishsel_devs.420",-4.00009459280773,1.54625546685977,5.68989300120393e-15,"fixed_effect",NA,NA,NA,"SPoRC","family_sporc",-2.58695582880064,0.00968280038686891
"ln_fishsel_devs.421",-1.77220491755437,1.34987824845468,3.88578058618805e-15,"fixed_effect",NA,NA,NA,"SPoRC","family_sporc",-1.31286278564987,0.189229188788557
"ln_fishsel_devs.422",-0.964039903173612,1.31158913478187,2.33146835171283e-14,"fixed_effect",NA,NA,NA,"SPoRC","family_sporc",-0.735016688998376,0.46232933024664
"ln_fishsel_devs.423",-0.946633855976052,1.29960086986857,5.32907051820075e-15,"fixed_effect",NA,NA,NA,"SPoRC","family_sporc",-0.728403525977778,0.466366605490975
"ln_fishsel_devs.424",0.067719035074098,1.32628571950152,-2.06168415672892e-13,"fixed_effect",NA,NA,NA,"SPoRC","family_sporc",0.051059160238527,0.959278378927604
"ln_fishsel_devs.425",1.15370772204555,1.27278415738633,-7.88258347483861e-14,"fixed_effect",NA,NA,NA,"SPoRC","family_sporc",0.90644412514899,0.36470082651642
"ln_fishsel_devs.426",1.18095204048568,1.26646440850603,8.64586180426841e-15,"fixed_effect",NA,NA,NA,"SPoRC","family_sporc",0.932479454261789,0.351088799828791
"ln_fishsel_devs.427",1.24118376721886,1.26298452506156,2.2815083156047e-14,"fixed_effect",NA,NA,NA,"SPoRC","family_sporc",0.982738697576971,0.325736059774502
"ln_fishsel_devs.428",1.13340607905107,1.26133178051589,-1.07303055330021e-13,"fixed_effect",NA,NA,NA,"SPoRC","family_sporc",0.898578864466179,0.368877020705756
"ln_fishsel_devs.429",1.00334571634349,1.26618701629541,3.81639164714898e-14,"fixed_effect",NA,NA,NA,"SPoRC","family_sporc",0.792415104112393,0.428118675294655
"ln_fishsel_devs.430",0.999988665996081,1.27333239468439,3.4028335704761e-14,"fixed_effect",NA,NA,NA,"SPoRC","family_sporc",0.785331992000358,0.432258943192642
"ln_fishsel_devs.431",0.902670243296847,1.27839482674388,2.48176479367146e-13,"fixed_effect",NA,NA,NA,"SPoRC","family_sporc",0.706096602092784,0.480128064664133
"ln_fishsel_devs.432",-4.07597326625221,1.56349858648469,1.11143733105834e-14,"fixed_effect",NA,NA,NA,"SPoRC","family_sporc",-2.60695679643464,0.00913508856434839
"ln_fishsel_devs.433",-1.60824055395204,1.35678933856572,2.06501482580279e-14,"fixed_effect",NA,NA,NA,"SPoRC","family_sporc",-1.18532811855091,0.235887740083449
"ln_fishsel_devs.434",-0.894525773660374,1.32039800514826,8.65973959207622e-15,"fixed_effect",NA,NA,NA,"SPoRC","family_sporc",-0.677466771513283,0.498109845853229
"ln_fishsel_devs.435",-0.970690461414145,1.31263667233358,-8.22952817003397e-15,"fixed_effect",NA,NA,NA,"SPoRC","family_sporc",-0.739496680135007,0.459605454905254
"ln_fishsel_devs.436",-0.162838089895014,1.3424404128709,-7.71605002114484e-14,"fixed_effect",NA,NA,NA,"SPoRC","family_sporc",-0.121300050515295,0.903453380009146
"ln_fishsel_devs.437",1.20230521090141,1.28730697840951,-3.27682325718115e-13,"fixed_effect",NA,NA,NA,"SPoRC","family_sporc",0.933969310402463,0.350319723973646
"ln_fishsel_devs.438",1.25746636603652,1.2798310036411,-4.51166881632048e-14,"fixed_effect",NA,NA,NA,"SPoRC","family_sporc",0.982525319717244,0.325841115444327
"ln_fishsel_devs.439",1.3108401134991,1.27951297203861,7.54604712049911e-14,"fixed_effect",NA,NA,NA,"SPoRC","family_sporc",1.02448364506268,0.305606891852511
"ln_fishsel_devs.440",1.2142042257254,1.27918805775505,4.45476988630844e-14,"fixed_effect",NA,NA,NA,"SPoRC","family_sporc",0.949199156734083,0.342519330375464
"ln_fishsel_devs.441",1.00670764168235,1.27979791512591,6.01602101468757e-15,"fixed_effect",NA,NA,NA,"SPoRC","family_sporc",0.786614534829354,0.431507548096239
"ln_fishsel_devs.442",0.886434909577659,1.28734345355808,3.88508669679766e-14,"fixed_effect",NA,NA,NA,"SPoRC","family_sporc",0.688576857347315,0.491089588807418
"ln_fishsel_devs.443",0.834309677751262,1.2928230533335,2.52442164394573e-13,"fixed_effect",NA,NA,NA,"SPoRC","family_sporc",0.645339418724024,0.518707253098314
"ln_fishsel_devs.444",-4.15787954279549,1.58085517196778,-8.02136135291676e-15,"fixed_effect",NA,NA,NA,"SPoRC","family_sporc",-2.63014576953304,0.00853482633997118
"ln_fishsel_devs.445",-1.94495577019485,1.38158322417622,3.5527136788005e-15,"fixed_effect",NA,NA,NA,"SPoRC","family_sporc",-1.40777315196089,0.159198252755562
"ln_fishsel_devs.446",-0.213176337653842,1.33244775401763,-1.33226762955019e-15,"fixed_effect",NA,NA,NA,"SPoRC","family_sporc",-0.159988515130194,0.872890121279153
"ln_fishsel_devs.447",-1.02712977479478,1.3275950750227,1.4210854715202e-14,"fixed_effect",NA,NA,NA,"SPoRC","family_sporc",-0.773676999952124,0.439121824623089
"ln_fishsel_devs.448",-0.128591319604621,1.35796265129,2.00247804449383e-14,"fixed_effect",NA,NA,NA,"SPoRC","family_sporc",-0.094694297727898,0.924557647379598
"ln_fishsel_devs.449",1.04619027973592,1.30538380167721,-2.4535928844216e-14,"fixed_effect",NA,NA,NA,"SPoRC","family_sporc",0.801442670264283,0.422875420840452
"ln_fishsel_devs.450",1.28269794418568,1.29598948891155,-5.63438184997267e-15,"fixed_effect",NA,NA,NA,"SPoRC","family_sporc",0.989744095272695,0.322299216158247
"ln_fishsel_devs.451",1.35871331039302,1.29454278006544,-1.43010603359528e-14,"fixed_effect",NA,NA,NA,"SPoRC","family_sporc",1.04957003454481,0.29391584013423
"ln_fishsel_devs.452",1.2292410947015,1.29795220425245,5.3707038816242e-15,"fixed_effect",NA,NA,NA,"SPoRC","family_sporc",0.94706191081164,0.34360723221316
"ln_fishsel_devs.453",1.00118342105925,1.30008575871141,-7.91033905045424e-16,"fixed_effect",NA,NA,NA,"SPoRC","family_sporc",0.770090291621664,0.441246334504387
"ln_fishsel_devs.454",0.78016483158281,1.30300463812384,-1.97064586870965e-14,"fixed_effect",NA,NA,NA,"SPoRC","family_sporc",0.598742942854101,0.549344316030782
"ln_fishsel_devs.455",0.773541863385322,1.30807636595011,3.13638004456607e-14,"fixed_effect",NA,NA,NA,"SPoRC","family_sporc",0.591358336195814,0.554280350156585
"ln_fishsel_devs.456",-4.19888604912188,1.597155392089,7.51482209793153e-15,"fixed_effect",NA,NA,NA,"SPoRC","family_sporc",-2.62897778758393,0.0085641954698522
"ln_fishsel_devs.457",-2.09420600762987,1.40883003126966,1.48769885299771e-14,"fixed_effect",NA,NA,NA,"SPoRC","family_sporc",-1.48648592175633,0.137150637920664
"ln_fishsel_devs.458",-0.882359152257099,1.35460911148127,5.41788836017076e-14,"fixed_effect",NA,NA,NA,"SPoRC","family_sporc",-0.651375474133816,0.51480413869656
"ln_fishsel_devs.459",-0.291498461165827,1.34224880965665,1.15019105351166e-13,"fixed_effect",NA,NA,NA,"SPoRC","family_sporc",-0.217171703985637,0.828074535392955
"ln_fishsel_devs.460",-0.0911751722062635,1.37322440955074,1.26454402504805e-13,"fixed_effect",NA,NA,NA,"SPoRC","family_sporc",-0.066394954511544,0.947063387057724
"ln_fishsel_devs.461",0.938654075824763,1.32246735892404,1.0325074129014e-14,"fixed_effect",NA,NA,NA,"SPoRC","family_sporc",0.709774853413736,0.477843765367977
"ln_fishsel_devs.462",1.25908739807037,1.31453530561472,-5.295763827462e-14,"fixed_effect",NA,NA,NA,"SPoRC","family_sporc",0.957819385065187,0.338153842407234
"ln_fishsel_devs.463",1.38436709417746,1.31120882530391,-2.60347299274599e-14,"fixed_effect",NA,NA,NA,"SPoRC","family_sporc",1.05579452140783,0.291062101774103
"ln_fishsel_devs.464",1.28696316392317,1.31351774163516,-5.07371922253697e-14,"fixed_effect",NA,NA,NA,"SPoRC","family_sporc",0.979783617022994,0.327192940724889
"ln_fishsel_devs.465",1.05112968556859,1.31871685294619,-4.56700649520414e-14,"fixed_effect",NA,NA,NA,"SPoRC","family_sporc",0.797085199313428,0.425401551566543
"ln_fishsel_devs.466",0.86566124059743,1.32255399527204,-3.11833892041591e-14,"fixed_effect",NA,NA,NA,"SPoRC","family_sporc",0.65453754152349,0.512765548765232
"ln_fishsel_devs.467",0.772262184219064,1.32357383800401,-1.20514709323061e-13,"fixed_effect",NA,NA,NA,"SPoRC","family_sporc",0.58346739867846,0.559578697558651
"ln_fishsel_devs.468",-4.26728345484224,1.60996434741505,-5.51642065360625e-15,"fixed_effect",NA,NA,NA,"SPoRC","family_sporc",-2.65054531281626,0.00803619467050752
"ln_fishsel_devs.469",-2.01954027502612,1.43268911666168,5.83560977318598e-15,"fixed_effect",NA,NA,NA,"SPoRC","family_sporc",-1.40961514367601,0.158653352966476
"ln_fishsel_devs.470",-0.887678047797939,1.37244994201959,6.86117829218347e-14,"fixed_effect",NA,NA,NA,"SPoRC","family_sporc",-0.646783551530996,0.51777203930205
"ln_fishsel_devs.471",-0.627636876826804,1.35871853282832,3.02535774210355e-13,"fixed_effect",NA,NA,NA,"SPoRC","family_sporc",-0.461932962318774,0.644129395194227
"ln_fishsel_devs.472",0.343419522746773,1.38717668912296,4.93161067538495e-13,"fixed_effect",NA,NA,NA,"SPoRC","family_sporc",0.247567253284727,0.804469250175994
"ln_fishsel_devs.473",1.17346922486028,1.33630242393648,1.94844140821715e-13,"fixed_effect",NA,NA,NA,"SPoRC","family_sporc",0.878146446373627,0.379864250142731
"ln_fishsel_devs.474",1.16122967527609,1.32984114663836,-6.58084697846562e-14,"fixed_effect",NA,NA,NA,"SPoRC","family_sporc",0.873209313918063,0.382548999095553
"ln_fishsel_devs.475",1.17330338101627,1.32872430798215,-1.5137890940764e-13,"fixed_effect",NA,NA,NA,"SPoRC","family_sporc",0.883029966387906,0.377220080969303
"ln_fishsel_devs.476",1.23156929839554,1.32854306234424,-1.53127510671425e-13,"fixed_effect",NA,NA,NA,"SPoRC","family_sporc",0.927007436418667,0.353922673267953
"ln_fishsel_devs.477",1.10775960148012,1.33316180553024,-1.25233157177718e-13,"fixed_effect",NA,NA,NA,"SPoRC","family_sporc",0.83092659637029,0.406015097771813
"ln_fishsel_devs.478",0.90677002242294,1.33934936774702,-1.34576377819329e-13,"fixed_effect",NA,NA,NA,"SPoRC","family_sporc",0.677022772593125,0.4983915058146
"ln_fishsel_devs.479",0.704617928295011,1.33923153918422,-4.31821245427955e-13,"fixed_effect",NA,NA,NA,"SPoRC","family_sporc",0.526136002385536,0.598793715717809
"ln_fishsel_devs.480",-4.36446887568169,1.61917850528782,-6.12010442324618e-15,"fixed_effect",NA,NA,NA,"SPoRC","family_sporc",-2.6954834574622,0.00702865677542247
"ln_fishsel_devs.481",-1.92738732738135,1.44628743428359,-4.16333634234434e-15,"fixed_effect",NA,NA,NA,"SPoRC","family_sporc",-1.33264473001252,0.182648418922286
"ln_fishsel_devs.482",-0.32630456288155,1.3876591687495,7.32747196252603e-14,"fixed_effect",NA,NA,NA,"SPoRC","family_sporc",-0.23514748450486,0.814094264462396
"ln_fishsel_devs.483",-0.709354094885417,1.37447205292852,3.59240415193085e-13,"fixed_effect",NA,NA,NA,"SPoRC","family_sporc",-0.516092046669141,0.605790122528415
"ln_fishsel_devs.484",0.0320404211197213,1.40221589265968,5.48228129559902e-13,"fixed_effect",NA,NA,NA,"SPoRC","family_sporc",0.0228498487910789,0.981770044804022
"ln_fishsel_devs.485",1.12062472424079,1.35117001771672,5.06844566317e-13,"fixed_effect",NA,NA,NA,"SPoRC","family_sporc",0.829373587000157,0.406893042715757
"ln_fishsel_devs.486",1.0974244560419,1.34379896770781,1.3175571744739e-13,"fixed_effect",NA,NA,NA,"SPoRC","family_sporc",0.816658207375941,0.414123781001047
"ln_fishsel_devs.487",1.15272721523158,1.34305383169653,-1.77330372608253e-13,"fixed_effect",NA,NA,NA,"SPoRC","family_sporc",0.858288169860974,0.390733360216676
"ln_fishsel_devs.488",1.11182221503087,1.34476359536281,-2.43360886997834e-13,"fixed_effect",NA,NA,NA,"SPoRC","family_sporc",0.826778936360857,0.408362370917579
"ln_fishsel_devs.489",1.07582947555288,1.34735481850466,-2.15771844835899e-13,"fixed_effect",NA,NA,NA,"SPoRC","family_sporc",0.798475250006433,0.424594750224169
"ln_fishsel_devs.490",0.96203932026804,1.35375171751528,-2.13842832330613e-13,"fixed_effect",NA,NA,NA,"SPoRC","family_sporc",0.710646795731347,0.477303136952031
"ln_fishsel_devs.491",0.775007033344143,1.35493848424687,-7.59808882477842e-13,"fixed_effect",NA,NA,NA,"SPoRC","family_sporc",0.571986877894992,0.567330864578095
"ln_fishsel_devs.492",-4.41813822922938,1.62661212440429,1.72639680329212e-14,"fixed_effect",NA,NA,NA,"SPoRC","family_sporc",-2.71615965659141,0.00660440605053171
"ln_fishsel_devs.493",-1.8928053390752,1.44492757286749,1.53210777398272e-14,"fixed_effect",NA,NA,NA,"SPoRC","family_sporc",-1.3099655474903,0.190207490914332
"ln_fishsel_devs.494",-0.373677798021386,1.40298388353066,2.74225087082414e-14,"fixed_effect",NA,NA,NA,"SPoRC","family_sporc",-0.266345039603029,0.789973488805634
"ln_fishsel_devs.495",-0.687224620420611,1.39145302054334,1.27675647831893e-13,"fixed_effect",NA,NA,NA,"SPoRC","family_sporc",-0.493889919583673,0.621383924077225
"ln_fishsel_devs.496",-0.0171539133389748,1.41708571882473,4.23064361321224e-13,"fixed_effect",NA,NA,NA,"SPoRC","family_sporc",-0.0121050640134892,0.990341792190359
"ln_fishsel_devs.497",1.12186736481736,1.36605416651875,5.24136289925536e-13,"fixed_effect",NA,NA,NA,"SPoRC","family_sporc",0.821246618409231,0.411505807317793
"ln_fishsel_devs.498",1.14154626263062,1.35835492532601,3.18132672982863e-13,"fixed_effect",NA,NA,NA,"SPoRC","family_sporc",0.840388797763323,0.400690428026642
"ln_fishsel_devs.499",1.05754245597226,1.35660057144064,-3.00315328161105e-14,"fixed_effect",NA,NA,NA,"SPoRC","family_sporc",0.779553302744971,0.435653851471565
"ln_fishsel_devs.500",1.06778994400543,1.3591238182206,-1.66699987147467e-13,"fixed_effect",NA,NA,NA,"SPoRC","family_sporc",0.785645818056077,0.43207501395501
"ln_fishsel_devs.501",1.06065570912078,1.36289923395452,-2.1856128018527e-13,"fixed_effect",NA,NA,NA,"SPoRC","family_sporc",0.778234870705179,0.43643056304849
"ln_fishsel_devs.502",1.0310040385632,1.3674237601659,-2.20323759236862e-13,"fixed_effect",NA,NA,NA,"SPoRC","family_sporc",0.75397551848749,0.45086392219474
"ln_fishsel_devs.503",0.908594124975821,1.369649320339,-8.15764122918949e-13,"fixed_effect",NA,NA,NA,"SPoRC","family_sporc",0.663377195522527,0.507089007392403
"ln_fishsel_devs.504",-4.42263777358823,1.63228149933366,-1.7874590696465e-14,"fixed_effect",NA,NA,NA,"SPoRC","family_sporc",-2.70948226478929,0.00673883078145458
"ln_fishsel_devs.505",-1.96016633114735,1.44516825752164,1.11022302462516e-15,"fixed_effect",NA,NA,NA,"SPoRC","family_sporc",-1.35635855613719,0.174985112824852
"ln_fishsel_devs.506",-0.908726821942614,1.41205599477415,3.04201108747293e-14,"fixed_effect",NA,NA,NA,"SPoRC","family_sporc",-0.643548715706533,0.51986811503876
"ln_fishsel_devs.507",-0.818709724204832,1.4066425725202,1.2712053631958e-14,"fixed_effect",NA,NA,NA,"SPoRC","family_sporc",-0.582031100294368,0.560545732630091
"ln_fishsel_devs.508",-0.0842616561140193,1.43314256169854,3.51385587293862e-14,"fixed_effect",NA,NA,NA,"SPoRC","family_sporc",-0.0587950273517475,0.95311536920922
"ln_fishsel_devs.509",1.15782757147981,1.38115611649674,1.31034072481384e-13,"fixed_effect",NA,NA,NA,"SPoRC","family_sporc",0.838303185027777,0.401860447552222
"ln_fishsel_devs.510",1.19134795212097,1.37306923811125,9.93094495527203e-14,"fixed_effect",NA,NA,NA,"SPoRC","family_sporc",0.867653224654384,0.385584199730205
"ln_fishsel_devs.511",1.19879083323293,1.37070493027674,4.07451850037432e-14,"fixed_effect",NA,NA,NA,"SPoRC","family_sporc",0.874579792305044,0.381802586944213
"ln_fishsel_devs.512",1.23518957365941,1.37155169002852,-3.08642000845794e-14,"fixed_effect",NA,NA,NA,"SPoRC","family_sporc",0.900578215636716,0.367812621457439
"ln_fishsel_devs.513",1.09563856621057,1.37657792793013,-4.47974990436251e-14,"fixed_effect",NA,NA,NA,"SPoRC","family_sporc",0.795914669253787,0.426081634343415
"ln_fishsel_devs.514",1.19145006887841,1.38234721768109,-5.45184557221301e-14,"fixed_effect",NA,NA,NA,"SPoRC","family_sporc",0.861903618453462,0.388740557652007
"ln_fishsel_devs.515",1.12425774141487,1.3837198409812,-2.03476124838176e-13,"fixed_effect",NA,NA,NA,"SPoRC","family_sporc",0.812489427496862,0.41651085070815
"ln_fishsel_devs.516",-4.46029625887494,1.63828815906166,2.0719537197067e-14,"fixed_effect",NA,NA,NA,"SPoRC","family_sporc",-2.72253463727017,0.00647832419255418
"ln_fishsel_devs.517",-2.30603939707939,1.46513925842023,4.88498130835069e-15,"fixed_effect",NA,NA,NA,"SPoRC","family_sporc",-1.5739387118504,0.115501619131559
"ln_fishsel_devs.518",-0.722469551493233,1.42333198700942,-6.23945339839338e-14,"fixed_effect",NA,NA,NA,"SPoRC","family_sporc",-0.507590328951452,0.611740674308817
"ln_fishsel_devs.519",-0.774146697095342,1.4180476223656,-1.51434420558871e-13,"fixed_effect",NA,NA,NA,"SPoRC","family_sporc",-0.545924329257648,0.585117953808776
"ln_fishsel_devs.520",-0.226057092954009,1.44976274258977,-3.66373598126302e-14,"fixed_effect",NA,NA,NA,"SPoRC","family_sporc",-0.155926957089677,0.876090596507967
"ln_fishsel_devs.521",1.07643226116439,1.39902943886692,-3.60267371490863e-14,"fixed_effect",NA,NA,NA,"SPoRC","family_sporc",0.769413588634846,0.441647824281747
"ln_fishsel_devs.522",1.13871911441514,1.38987043362396,-7.1508771126716e-14,"fixed_effect",NA,NA,NA,"SPoRC","family_sporc",0.819298753946463,0.4126159833396
"ln_fishsel_devs.523",1.18827293264802,1.38686862892792,-5.14310816157604e-14,"fixed_effect",NA,NA,NA,"SPoRC","family_sporc",0.85680280587685,0.391553874747019
"ln_fishsel_devs.524",1.22087521340135,1.38729459422805,-5.79536418854332e-14,"fixed_effect",NA,NA,NA,"SPoRC","family_sporc",0.880040345057855,0.378837453896185
"ln_fishsel_devs.525",1.27998817097458,1.39067138371102,1.87072579649339e-14,"fixed_effect",NA,NA,NA,"SPoRC","family_sporc",0.920410232041244,0.357358423658445
"ln_fishsel_devs.526",1.35085147110762,1.39704271951265,9.30922006148194e-14,"fixed_effect",NA,NA,NA,"SPoRC","family_sporc",0.966936409488508,0.333575823898264
"ln_fishsel_devs.527",1.23386983378573,1.40001439109066,3.28126414927965e-13,"fixed_effect",NA,NA,NA,"SPoRC","family_sporc",0.881326536096886,0.3781411073711
"ln_fishsel_devs.528",-4.45249237012206,1.6559893072894,-2.01817729195142e-14,"fixed_effect",NA,NA,NA,"SPoRC","family_sporc",-2.68872048299038,0.00717264508705979
"ln_fishsel_devs.529",-2.22120782186048,1.47044320161191,-1.32671651442706e-14,"fixed_effect",NA,NA,NA,"SPoRC","family_sporc",-1.51057029569423,0.130897966810022
"ln_fishsel_devs.530",-1.3336241528178,1.44369955198355,-3.28626015289046e-14,"fixed_effect",NA,NA,NA,"SPoRC","family_sporc",-0.923754635086977,0.355614079252602
"ln_fishsel_devs.531",-0.339730919896243,1.4312219175571,-4.9604764740252e-13,"fixed_effect",NA,NA,NA,"SPoRC","family_sporc",-0.237371239029176,0.812368800109506
"ln_fishsel_devs.532",-0.055327137522713,1.46080415060907,-1.28230759344206e-13,"fixed_effect",NA,NA,NA,"SPoRC","family_sporc",-0.0378744388832993,0.969787793238321
"ln_fishsel_devs.533",0.855108282397899,1.4155626255259,-8.65973959207622e-15,"fixed_effect",NA,NA,NA,"SPoRC","family_sporc",0.604076617295697,0.545792704622626
"ln_fishsel_devs.534",1.0733897442434,1.40780489856874,3.09197112358106e-14,"fixed_effect",NA,NA,NA,"SPoRC","family_sporc",0.762456321422574,0.44578770258219
"ln_fishsel_devs.535",1.26491678963219,1.403758334398,-9.74220704108575e-15,"fixed_effect",NA,NA,NA,"SPoRC","family_sporc",0.901092986332759,0.367538881715959
"ln_fishsel_devs.536",1.32068298565649,1.40317152165826,2.87270207621759e-14,"fixed_effect",NA,NA,NA,"SPoRC","family_sporc",0.941212792072434,0.346595822590014
"ln_fishsel_devs.537",1.30837519557308,1.40590707245721,5.15143483426073e-14,"fixed_effect",NA,NA,NA,"SPoRC","family_sporc",0.930627081408967,0.352046500811276
"ln_fishsel_devs.538",1.29368942257144,1.41172569093101,8.77631300966186e-14,"fixed_effect",NA,NA,NA,"SPoRC","family_sporc",0.916388665930041,0.35946307785103
"ln_fishsel_devs.539",1.2862199821447,1.41604568519615,5.09398079273637e-13,"fixed_effect",NA,NA,NA,"SPoRC","family_sporc",0.908318139443742,0.363710161498799
"ln_fishsel_devs.540",-4.43553318403291,1.67097714946278,1.2864709297844e-14,"fixed_effect",NA,NA,NA,"SPoRC","family_sporc",-2.65445472157351,0.00794366996004808
"ln_fishsel_devs.541",-2.2670404683124,1.4910635806102,1.49880108324396e-14,"fixed_effect",NA,NA,NA,"SPoRC","family_sporc",-1.52041837638113,0.128405858836103
"ln_fishsel_devs.542",-1.28599429919737,1.45199478958561,-5.92859095149834e-14,"fixed_effect",NA,NA,NA,"SPoRC","family_sporc",-0.885674183145234,0.375793123994465
"ln_fishsel_devs.543",-1.41951305221336,1.44852643939648,-6.61692922676593e-14,"fixed_effect",NA,NA,NA,"SPoRC","family_sporc",-0.979970412417737,0.327100723859337
"ln_fishsel_devs.544",0.356910321020439,1.47370091939078,-1.77635683940025e-13,"fixed_effect",NA,NA,NA,"SPoRC","family_sporc",0.242186400459046,0.808635732292098
"ln_fishsel_devs.545",1.19575917964178,1.42650273421575,-9.37028232783632e-14,"fixed_effect",NA,NA,NA,"SPoRC","family_sporc",0.838245277040543,0.401892962897098
"ln_fishsel_devs.546",1.20692234354154,1.42199089185077,4.01345623401994e-14,"fixed_effect",NA,NA,NA,"SPoRC","family_sporc",0.848755326393608,0.396017453156165
"ln_fishsel_devs.547",1.29175388115938,1.42057640703089,4.09429434800046e-14,"fixed_effect",NA,NA,NA,"SPoRC","family_sporc",0.909316721554769,0.363182966517826
"ln_fishsel_devs.548",1.33947742251465,1.41957760634052,2.90271279235199e-14,"fixed_effect",NA,NA,NA,"SPoRC","family_sporc",0.943574635533762,0.345387058883373
"ln_fishsel_devs.549",1.41809578292319,1.42104548644986,2.86992651865603e-14,"fixed_effect",NA,NA,NA,"SPoRC","family_sporc",0.997924272266583,0.318316081115387
"ln_fishsel_devs.550",1.35088897757363,1.42599897106157,3.36813910095657e-14,"fixed_effect",NA,NA,NA,"SPoRC","family_sporc",0.947328157304333,0.343471587105204
"ln_fishsel_devs.551",1.24827309538137,1.43016343523576,1.9551027463649e-13,"fixed_effect",NA,NA,NA,"SPoRC","family_sporc",0.87281849376578,0.382762017697136
"ln_fishsel_devs.552",-4.45620890182518,1.68529486265898,-8.18789480661053e-15,"fixed_effect",NA,NA,NA,"SPoRC","family_sporc",-2.64417165242786,0.00818911155919934
"ln_fishsel_devs.553",-2.06314794854598,1.51293634015263,-8.77076189453874e-15,"fixed_effect",NA,NA,NA,"SPoRC","family_sporc",-1.36367135469681,0.172671023473424
"ln_fishsel_devs.554",-1.08774134912354,1.47002292511693,-4.9960036108132e-16,"fixed_effect",NA,NA,NA,"SPoRC","family_sporc",-0.73994856171173,0.459331206574472
"ln_fishsel_devs.555",-0.800056885824943,1.46075419627451,-3.8657965717448e-13,"fixed_effect",NA,NA,NA,"SPoRC","family_sporc",-0.547701240814779,0.583897059999277
"ln_fishsel_devs.556",-0.729238864541633,1.49109888509833,-1.28341781646668e-13,"fixed_effect",NA,NA,NA,"SPoRC","family_sporc",-0.489061370663919,0.624798248843075
"ln_fishsel_devs.557",1.16438761102115,1.4417691019416,-1.93844940099552e-13,"fixed_effect",NA,NA,NA,"SPoRC","family_sporc",0.807610323631638,0.419314941855119
"ln_fishsel_devs.558",1.22941011349887,1.43562014012947,1.75415237890775e-14,"fixed_effect",NA,NA,NA,"SPoRC","family_sporc",0.856361706786864,0.391797738970268
"ln_fishsel_devs.559",1.3340735094499,1.43660878055051,8.01520308457704e-14,"fixed_effect",NA,NA,NA,"SPoRC","family_sporc",0.92862686592983,0.353082493808063
"ln_fishsel_devs.560",1.35158843938983,1.43779758534526,9.31477117660506e-14,"fixed_effect",NA,NA,NA,"SPoRC","family_sporc",0.940040832705439,0.347196616245572
"ln_fishsel_devs.561",1.34606059600022,1.43927509942183,7.96029908656237e-14,"fixed_effect",NA,NA,NA,"SPoRC","family_sporc",0.935235103102206,0.349667151736399
"ln_fishsel_devs.562",1.36603865892759,1.44339942370665,7.39130978644198e-14,"fixed_effect",NA,NA,NA,"SPoRC","family_sporc",0.946403771881527,0.34394268229503
"ln_fishsel_devs.563",1.34483502157363,1.44646337719903,3.80530676413748e-13,"fixed_effect",NA,NA,NA,"SPoRC","family_sporc",0.929740111483365,0.35250566091421
"ln_fishsel_devs.564",-4.44644727897223,1.69774448336064,-4.42701431069281e-15,"fixed_effect",NA,NA,NA,"SPoRC","family_sporc",-2.61903208789735,0.00881796525334131
"ln_fishsel_devs.565",-2.25662861511364,1.52543115273948,1.53210777398272e-14,"fixed_effect",NA,NA,NA,"SPoRC","family_sporc",-1.4793382258262,0.139049941245314
"ln_fishsel_devs.566",-1.06592028003237,1.4860468124457,-1.15463194561016e-14,"fixed_effect",NA,NA,NA,"SPoRC","family_sporc",-0.717285802240716,0.473197765858606
"ln_fishsel_devs.567",-0.903170821699585,1.4760429155616,-1.63896674010289e-13,"fixed_effect",NA,NA,NA,"SPoRC","family_sporc",-0.611886559786067,0.540612814524056
"ln_fishsel_devs.568",-0.206493358714828,1.50248991774653,-7.96251953261162e-13,"fixed_effect",NA,NA,NA,"SPoRC","family_sporc",-0.137434106063441,0.890687674071958
"ln_fishsel_devs.569",0.584076789901162,1.45700675921258,-1.73416836446449e-13,"fixed_effect",NA,NA,NA,"SPoRC","family_sporc",0.40087445456795,0.688512558477594
"ln_fishsel_devs.570",1.06990931214737,1.44959468148685,-1.95843341543878e-13,"fixed_effect",NA,NA,NA,"SPoRC","family_sporc",0.738074805193101,0.460468993060715
"ln_fishsel_devs.571",1.37992826044081,1.44862530050048,9.44799793956008e-14,"fixed_effect",NA,NA,NA,"SPoRC","family_sporc",0.952577771466548,0.340804044171923
"ln_fishsel_devs.572",1.46893350189516,1.45237369881733,1.86017867775945e-13,"fixed_effect",NA,NA,NA,"SPoRC","family_sporc",1.01140188857132,0.311824117641258
"ln_fishsel_devs.573",1.47610840532106,1.45555978420758,1.82409642945913e-13,"fixed_effect",NA,NA,NA,"SPoRC","family_sporc",1.01411733227066,0.310526768570469
"ln_fishsel_devs.574",1.46576967109212,1.45947336756119,1.78190795452338e-13,"fixed_effect",NA,NA,NA,"SPoRC","family_sporc",1.00431409278913,0.315227242946418
"ln_fishsel_devs.575",1.4339344137349,1.46202670287383,6.89504009443453e-13,"fixed_effect",NA,NA,NA,"SPoRC","family_sporc",0.980785378896498,0.326698589918546
"ln_fishsel_devs.576",-4.46482116598277,1.71149639250353,1.15571614778265e-14,"fixed_effect",NA,NA,NA,"SPoRC","family_sporc",-2.60872367919616,0.00908805948263744
"ln_fishsel_devs.577",-2.08477933019711,1.52961731954553,3.5527136788005e-15,"fixed_effect",NA,NA,NA,"SPoRC","family_sporc",-1.36294176560221,0.172900864474335
"ln_fishsel_devs.578",-1.08801903578306,1.50165130787675,-2.04281036531029e-14,"fixed_effect",NA,NA,NA,"SPoRC","family_sporc",-0.724548388880944,0.468729131209149
"ln_fishsel_devs.579",-1.0525854377488,1.49192475779527,-7.34967642301854e-14,"fixed_effect",NA,NA,NA,"SPoRC","family_sporc",-0.705521798099444,0.480485571480428
"ln_fishsel_devs.580",-0.282814998433055,1.51736348253489,-2.46608289344863e-13,"fixed_effect",NA,NA,NA,"SPoRC","family_sporc",-0.186385794628845,0.852142231487069
"ln_fishsel_devs.581",0.863784749140917,1.46966009209726,-7.17093051605389e-13,"fixed_effect",NA,NA,NA,"SPoRC","family_sporc",0.587744576984645,0.556703749872596
"ln_fishsel_devs.582",1.20506849274121,1.46357877576657,-6.7390537594747e-14,"fixed_effect",NA,NA,NA,"SPoRC","family_sporc",0.823371117902444,0.410296982223827
"ln_fishsel_devs.583",1.26550742202286,1.4623880189301,-2.0566881531181e-14,"fixed_effect",NA,NA,NA,"SPoRC","family_sporc",0.86537048009236,0.386835478034759
"ln_fishsel_devs.584",1.363699609833,1.46504380815304,1.28182187086878e-13,"fixed_effect",NA,NA,NA,"SPoRC","family_sporc",0.930825141367068,0.351944022323267
"ln_fishsel_devs.585",1.43619585426625,1.47068893360299,1.74096848049032e-13,"fixed_effect",NA,NA,NA,"SPoRC","family_sporc",0.976546312038783,0.328793809503078
"ln_fishsel_devs.586",1.42552712281206,1.47597549148462,1.73196526565e-13,"fixed_effect",NA,NA,NA,"SPoRC","family_sporc",0.965820320890412,0.33413409829969
"ln_fishsel_devs.587",1.4132367173284,1.47875928581515,6.55704657237521e-13,"fixed_effect",NA,NA,NA,"SPoRC","family_sporc",0.955690849000737,0.33922844714067
"ln_fishsel_devs.588",-4.48138221943039,1.73282115641084,-5.27355936696949e-15,"fixed_effect",NA,NA,NA,"SPoRC","family_sporc",-2.58617699977336,0.00970470807054354
"ln_fishsel_devs.589",-2.5921486434195,1.54513578279496,-1.22124532708767e-15,"fixed_effect",NA,NA,NA,"SPoRC","family_sporc",-1.67761867421815,0.0934215648659592
"ln_fishsel_devs.590",0.0339279503807869,1.5074200490671,-2.40696351738734e-13,"fixed_effect",NA,NA,NA,"SPoRC","family_sporc",0.0225072967563248,0.98204329150565
"ln_fishsel_devs.591",-0.855604661575512,1.50501848896291,-2.95319324550292e-14,"fixed_effect",NA,NA,NA,"SPoRC","family_sporc",-0.568501096730779,0.56969476121007
"ln_fishsel_devs.592",-0.479875419198718,1.53185133188091,-1.16573417585641e-13,"fixed_effect",NA,NA,NA,"SPoRC","family_sporc",-0.313265007648943,0.754079332955387
"ln_fishsel_devs.593",0.794477630787176,1.48444532203298,-3.17718074072104e-13,"fixed_effect",NA,NA,NA,"SPoRC","family_sporc",0.535201680381949,0.592510404460212
"ln_fishsel_devs.594",1.06209618928555,1.47609321426555,-4.04898337080795e-13,"fixed_effect",NA,NA,NA,"SPoRC","family_sporc",0.719531923201753,0.471813240181347
"ln_fishsel_devs.595",1.14781495758653,1.47622256386854,4.42978986825437e-14,"fixed_effect",NA,NA,NA,"SPoRC","family_sporc",0.777535166905051,0.436843094806068
"ln_fishsel_devs.596",1.24587641360657,1.4780918143826,6.22835116814713e-14,"fixed_effect",NA,NA,NA,"SPoRC","family_sporc",0.84289514459356,0.399287089283444
"ln_fishsel_devs.597",1.37614584186952,1.483552122552,1.51851621554844e-13,"fixed_effect",NA,NA,NA,"SPoRC","family_sporc",0.927601950042903,0.353614085814967
"ln_fishsel_devs.598",1.38055902525059,1.49134488154927,1.78601057554406e-13,"fixed_effect",NA,NA,NA,"SPoRC","family_sporc",0.925714127114857,0.354594564219398
"ln_fishsel_devs.599",1.36811293485731,1.49587664689927,6.80039358158524e-13,"fixed_effect",NA,NA,NA,"SPoRC","family_sporc",0.914589406615316,0.360407222047644
"ln_fishsel_devs.600",-4.40127766779215,1.75664729697325,1.27675647831893e-15,"fixed_effect",NA,NA,NA,"SPoRC","family_sporc",-2.50549878474504,0.0122278818515851
"ln_fishsel_devs.601",-2.69090569593578,1.5752549004453,-2.55351295663786e-15,"fixed_effect",NA,NA,NA,"SPoRC","family_sporc",-1.70823508955605,0.0875927300374352
"ln_fishsel_devs.602",-1.40655368949189,1.52622023496017,-7.86037901434611e-14,"fixed_effect",NA,NA,NA,"SPoRC","family_sporc",-0.921592871901998,0.356740977977844
"ln_fishsel_devs.603",0.288860045828747,1.5170504884972,-5.78204151224782e-13,"fixed_effect",NA,NA,NA,"SPoRC","family_sporc",0.190408986397607,0.848988656365685
"ln_fishsel_devs.604",-0.292861433050503,1.54716595328063,-1.86517468137026e-14,"fixed_effect",NA,NA,NA,"SPoRC","family_sporc",-0.189288959228656,0.849866348161966
"ln_fishsel_devs.605",0.827175515202829,1.50066167449815,-3.29736238313671e-14,"fixed_effect",NA,NA,NA,"SPoRC","family_sporc",0.551207196971599,0.581491647029732
"ln_fishsel_devs.606",1.04227359712651,1.492506765185,1.09356967925578e-14,"fixed_effect",NA,NA,NA,"SPoRC","family_sporc",0.698337603178183,0.484966088148217
"ln_fishsel_devs.607",1.37376670233777,1.48880876501576,-1.03139718987677e-13,"fixed_effect",NA,NA,NA,"SPoRC","family_sporc",0.922728784662435,0.356148561354125
"ln_fishsel_devs.608",1.29616125630161,1.49264530707744,8.49598169594401e-14,"fixed_effect",NA,NA,NA,"SPoRC","family_sporc",0.868365210513044,0.385194433678766
"ln_fishsel_devs.609",1.31367066512389,1.49727884142309,1.0483280910023e-13,"fixed_effect",NA,NA,NA,"SPoRC","family_sporc",0.877372089139592,0.380284568024076
"ln_fishsel_devs.610",1.33838996611062,1.50488984416504,1.21871263081275e-13,"fixed_effect",NA,NA,NA,"SPoRC","family_sporc",0.88936075374553,0.373809230057924
"ln_fishsel_devs.611",1.31130073823826,1.51039045670107,4.90095811156444e-13,"fixed_effect",NA,NA,NA,"SPoRC","family_sporc",0.868186588719812,0.38529219488281
"ln_fishsel_devs.612",-4.3385596411784,1.77845681887296,4.56579218877096e-15,"fixed_effect",NA,NA,NA,"SPoRC","family_sporc",-2.4395080021835,0.0147072769345227
"ln_fishsel_devs.613",-2.54402068695079,1.60287696499282,4.82947015711943e-15,"fixed_effect",NA,NA,NA,"SPoRC","family_sporc",-1.58715905369704,0.112476625869157
"ln_fishsel_devs.614",-1.70715159733926,1.54891530723166,-1.29896093881143e-14,"fixed_effect",NA,NA,NA,"SPoRC","family_sporc",-1.10215942044657,0.27039237029994
"ln_fishsel_devs.615",-0.855887935727187,1.53188982251267,-1.72306613421824e-13,"fixed_effect",NA,NA,NA,"SPoRC","family_sporc",-0.558713768541998,0.576357081140799
"ln_fishsel_devs.616",0.460859515600712,1.55806117342002,-4.28768132110235e-13,"fixed_effect",NA,NA,NA,"SPoRC","family_sporc",0.295790385809501,0.767390165658502
"ln_fishsel_devs.617",1.14456763774011,1.51465739760004,-1.98452365651747e-14,"fixed_effect",NA,NA,NA,"SPoRC","family_sporc",0.755661075272643,0.44985242742048
"ln_fishsel_devs.618",1.21870986268585,1.50746558743508,2.6256774532385e-14,"fixed_effect",NA,NA,NA,"SPoRC","family_sporc",0.808449541298953,0.418831842391767
"ln_fishsel_devs.619",1.3265048233028,1.50446916717415,1.85407245112401e-14,"fixed_effect",NA,NA,NA,"SPoRC","family_sporc",0.881709543967845,0.37793389853426
"ln_fishsel_devs.620",1.40304252031426,1.50447925656716,-2.92821322744885e-14,"fixed_effect",NA,NA,NA,"SPoRC","family_sporc",0.932576846234253,0.351038492636196
"ln_fishsel_devs.621",1.34802127269319,1.5109185716151,9.91984272502577e-14,"fixed_effect",NA,NA,NA,"SPoRC","family_sporc",0.892186579752089,0.372292934193335
"ln_fishsel_devs.622",1.2821872346823,1.51866219191576,1.01696429055664e-13,"fixed_effect",NA,NA,NA,"SPoRC","family_sporc",0.84428732176762,0.398508868978245
"ln_fishsel_devs.623",1.26172699417634,1.52563845613641,4.08312272881517e-13,"fixed_effect",NA,NA,NA,"SPoRC","family_sporc",0.827015725187991,0.408228148565587
"ln_fishsel_devs.624",-4.29557926248641,1.79871860419427,-2.24820162486594e-15,"fixed_effect",NA,NA,NA,"SPoRC","family_sporc",-2.38813300338915,0.0169342120421218
"ln_fishsel_devs.625",-2.34288922783786,1.62310586935283,-8.88178419700125e-16,"fixed_effect",NA,NA,NA,"SPoRC","family_sporc",-1.44346051115694,0.148890788756351
"ln_fishsel_devs.626",-1.63691131563238,1.57654812119267,-3.27515792264421e-15,"fixed_effect",NA,NA,NA,"SPoRC","family_sporc",-1.03828820295954,0.299135899259392
"ln_fishsel_devs.627",-1.39717762683997,1.55017833948853,-1.63480340376054e-14,"fixed_effect",NA,NA,NA,"SPoRC","family_sporc",-0.901301218865539,0.367428185911437
"ln_fishsel_devs.628",0.534092542231549,1.57164592772881,-5.84865489372532e-13,"fixed_effect",NA,NA,NA,"SPoRC","family_sporc",0.339830067834279,0.733984503175071
"ln_fishsel_devs.629",1.38402057551228,1.52734089000589,-2.16715534406831e-13,"fixed_effect",NA,NA,NA,"SPoRC","family_sporc",0.9061635058477,0.364849316023278
"ln_fishsel_devs.630",1.30879814874652,1.52266688688822,7.03881397612349e-14,"fixed_effect",NA,NA,NA,"SPoRC","family_sporc",0.85954331838215,0.390040831510254
"ln_fishsel_devs.631",1.43350767300061,1.52038247284497,9.80326930744013e-14,"fixed_effect",NA,NA,NA,"SPoRC","family_sporc",0.942859904401692,0.345752565970321
"ln_fishsel_devs.632",1.40229077430083,1.52021333971146,8.02691246803988e-14,"fixed_effect",NA,NA,NA,"SPoRC","family_sporc",0.922430252169073,0.356304195953072
"ln_fishsel_devs.633",1.24607742398549,1.52446623466315,3.05311331771918e-14,"fixed_effect",NA,NA,NA,"SPoRC","family_sporc",0.817386043490055,0.413707848925011
"ln_fishsel_devs.634",1.18222018580774,1.53419064483612,9.95314941576453e-14,"fixed_effect",NA,NA,NA,"SPoRC","family_sporc",0.770582319600852,0.440954544256636
"ln_fishsel_devs.635",1.18155010921151,1.54266865361851,4.45199432874688e-13,"fixed_effect",NA,NA,NA,"SPoRC","family_sporc",0.765913086027932,0.443728018987964
"ln_fishsel_devs.636",-4.18709658529477,1.82504048916162,1.58206781009085e-15,"fixed_effect",NA,NA,NA,"SPoRC","family_sporc",-2.29424859895477,0.0217762232164589
"ln_fishsel_devs.637",-1.55242325874358,1.61591359436543,4.9960036108132e-15,"fixed_effect",NA,NA,NA,"SPoRC","family_sporc",-0.960709325150038,0.336698341164365
"ln_fishsel_devs.638",-1.48651943088151,1.59032382835768,-3.5527136788005e-15,"fixed_effect",NA,NA,NA,"SPoRC","family_sporc",-0.934727509186998,0.349928746178346
"ln_fishsel_devs.639",-2.0332495684349,1.57626262825752,2.66453525910038e-15,"fixed_effect",NA,NA,NA,"SPoRC","family_sporc",-1.28991801999554,0.197079123430572
"ln_fishsel_devs.640",-0.820959970463869,1.58737849480786,-1.22568621918617e-13,"fixed_effect",NA,NA,NA,"SPoRC","family_sporc",-0.517179723140472,0.60503070531496
"ln_fishsel_devs.641",1.48101715128819,1.5396984901955,-7.38298311375729e-13,"fixed_effect",NA,NA,NA,"SPoRC","family_sporc",0.961887772650959,0.336105981277656
"ln_fishsel_devs.642",1.85435445552979,1.5332205225157,-1.89182003396127e-13,"fixed_effect",NA,NA,NA,"SPoRC","family_sporc",1.20945058346021,0.226489785254222
"ln_fishsel_devs.643",1.68303430479412,1.53369455739444,1.59872115546023e-13,"fixed_effect",NA,NA,NA,"SPoRC","family_sporc",1.09737254832109,0.272478568641578
"ln_fishsel_devs.644",1.55796537040241,1.53478136605556,1.69197988952874e-13,"fixed_effect",NA,NA,NA,"SPoRC","family_sporc",1.01510573744222,0.31005542698223
"ln_fishsel_devs.645",1.56189437707134,1.53710360899025,1.93400850889702e-13,"fixed_effect",NA,NA,NA,"SPoRC","family_sporc",1.01612823490628,0.309568325187561
"ln_fishsel_devs.646",1.01902024067362,1.54543553587722,7.24975635080227e-14,"fixed_effect",NA,NA,NA,"SPoRC","family_sporc",0.659374148592489,0.509655538402518
"ln_fishsel_devs.647",0.922962914059087,1.56105293021111,4.4905745788526e-13,"fixed_effect",NA,NA,NA,"SPoRC","family_sporc",0.591243830492197,0.554357058830928
"ln_fishsel_devs.648",-4.04634888491186,1.88217655014243,1.0991207943789e-14,"fixed_effect",NA,NA,NA,"SPoRC","family_sporc",-2.14982430027919,0.0315691152699598
"ln_fishsel_devs.649",-0.50594416964939,1.59799257372648,-8.81517081552374e-14,"fixed_effect",NA,NA,NA,"SPoRC","family_sporc",-0.316612340988257,0.751537770445569
"ln_fishsel_devs.650",-0.834665305486724,1.58263895993963,-8.23785484271866e-14,"fixed_effect",NA,NA,NA,"SPoRC","family_sporc",-0.527388322045708,0.597923951421579
"ln_fishsel_devs.651",-1.31270634442128,1.57932748154745,-5.04041253179821e-14,"fixed_effect",NA,NA,NA,"SPoRC","family_sporc",-0.831180587787323,0.405871619431488
"ln_fishsel_devs.652",-0.634195661087593,1.60271452593364,-4.45199432874688e-14,"fixed_effect",NA,NA,NA,"SPoRC","family_sporc",-0.3957009503724,0.692325654315648
"ln_fishsel_devs.653",0.934016814216448,1.55365137864963,-3.67636476816813e-13,"fixed_effect",NA,NA,NA,"SPoRC","family_sporc",0.601175287488405,0.547723242372276
"ln_fishsel_devs.654",1.19019382406126,1.54590824731393,-4.11226608321158e-13,"fixed_effect",NA,NA,NA,"SPoRC","family_sporc",0.769899394824544,0.441359572931494
"ln_fishsel_devs.655",1.05010834505191,1.54580797205981,-2.28705943072782e-14,"fixed_effect",NA,NA,NA,"SPoRC","family_sporc",0.679326516638823,0.49693099864913
"ln_fishsel_devs.656",1.19863446076546,1.54836432075008,1.8535173396117e-13,"fixed_effect",NA,NA,NA,"SPoRC","family_sporc",0.774129476313951,0.438854227907215
"ln_fishsel_devs.657",1.20427249621249,1.55134707246139,1.87350135405495e-13,"fixed_effect",NA,NA,NA,"SPoRC","family_sporc",0.776275352943285,0.437586422559633
"ln_fishsel_devs.658",1.03407621921373,1.55777693643517,1.52544643583497e-13,"fixed_effect",NA,NA,NA,"SPoRC","family_sporc",0.663815335191778,0.506808509452575
"ln_fishsel_devs.659",0.722558206035451,1.56626461021089,5.27911048209262e-13,"fixed_effect",NA,NA,NA,"SPoRC","family_sporc",0.461325756404699,0.644564908682832
"ln_fishsel_devs.660",-4.08126603431101,1.90513021103582,1.09634523681734e-14,"fixed_effect",NA,NA,NA,"SPoRC","family_sporc",-2.14225044076753,0.0321733345186501
"ln_fishsel_devs.661",-0.0944551910393621,1.61522423243775,-1.49880108324396e-14,"fixed_effect",NA,NA,NA,"SPoRC","family_sporc",-0.0584780670958652,0.953367832514139
"ln_fishsel_devs.662",0.16637920733694,1.58949955871055,-9.84989867447439e-13,"fixed_effect",NA,NA,NA,"SPoRC","family_sporc",0.104673956293458,0.916634528278873
"ln_fishsel_devs.663",-1.52113430081749,1.58874250761151,-1.10578213252666e-13,"fixed_effect",NA,NA,NA,"SPoRC","family_sporc",-0.957445459871489,0.338342462420444
"ln_fishsel_devs.664",-0.756636731730435,1.61610017654953,-3.60822483003176e-14,"fixed_effect",NA,NA,NA,"SPoRC","family_sporc",-0.468186776234318,0.639651027915305
"ln_fishsel_devs.665",0.414324195470945,1.570612246033,1.75415237890775e-14,"fixed_effect",NA,NA,NA,"SPoRC","family_sporc",0.263797889337379,0.791935661048556
"ln_fishsel_devs.666",0.991988194897268,1.56041370213392,-1.82813833515816e-14,"fixed_effect",NA,NA,NA,"SPoRC","family_sporc",0.635721279261193,0.524958104340428
"ln_fishsel_devs.667",1.20310064206652,1.55743660872346,-6.25055562863963e-14,"fixed_effect",NA,NA,NA,"SPoRC","family_sporc",0.772487711748755,0.439825622154871
"ln_fishsel_devs.668",1.05768838785883,1.56021476413095,1.3042344981784e-13,"fixed_effect",NA,NA,NA,"SPoRC","family_sporc",0.67791204914534,0.497827459789686
"ln_fishsel_devs.669",1.03771262571032,1.56532965710773,2.33618679956749e-13,"fixed_effect",NA,NA,NA,"SPoRC","family_sporc",0.66293551712788,0.507371853361215
"ln_fishsel_devs.670",0.913114208995877,1.5716026727548,1.96453964207421e-13,"fixed_effect",NA,NA,NA,"SPoRC","family_sporc",0.581008307522992,0.561234854552801
"ln_fishsel_devs.671",0.669184795561512,1.57839207523513,6.37184749407993e-13,"fixed_effect",NA,NA,NA,"SPoRC","family_sporc",0.423966140011076,0.671590507328058
"ln_fishsel_devs.672",-4.08119351392485,1.93606064924018,1.37320710358324e-14,"fixed_effect",NA,NA,NA,"SPoRC","family_sporc",-2.10798846385651,0.0350319873085992
"ln_fishsel_devs.673",0.0204530698452607,1.63371988670111,8.43769498715119e-15,"fixed_effect",NA,NA,NA,"SPoRC","family_sporc",0.0125193247702704,0.990011284982505
"ln_fishsel_devs.674",-0.157616474744322,1.60792334193533,-1.82909243306995e-13,"fixed_effect",NA,NA,NA,"SPoRC","family_sporc",-0.0980248688688177,0.921912545961558
"ln_fishsel_devs.675",-0.771862979604578,1.59910922832577,-1.66555658154266e-12,"fixed_effect",NA,NA,NA,"SPoRC","family_sporc",-0.482683087516605,0.629320773556824
"ln_fishsel_devs.676",-0.657310523057503,1.62726415171107,-1.98729921407903e-13,"fixed_effect",NA,NA,NA,"SPoRC","family_sporc",-0.403935969686508,0.686259804916534
"ln_fishsel_devs.677",0.37221569541251,1.58628448853849,2.43138842392909e-14,"fixed_effect",NA,NA,NA,"SPoRC","family_sporc",0.234646242904037,0.814483314742952
"ln_fishsel_devs.678",0.795799289172176,1.57788474831992,1.61815005839117e-13,"fixed_effect",NA,NA,NA,"SPoRC","family_sporc",0.504345637423465,0.614018512441898
"ln_fishsel_devs.679",1.15132112899416,1.57318982727196,1.8268719870207e-13,"fixed_effect",NA,NA,NA,"SPoRC","family_sporc",0.731838656108425,0.464267051739846
"ln_fishsel_devs.680",0.971827281526883,1.57352714130144,1.23040466704083e-13,"fixed_effect",NA,NA,NA,"SPoRC","family_sporc",0.617610752314766,0.536831955119631
"ln_fishsel_devs.681",0.811569963387412,1.57878701525118,2.26263452418607e-13,"fixed_effect",NA,NA,NA,"SPoRC","family_sporc",0.514046515171202,0.607219469953631
"ln_fishsel_devs.682",0.851861984630345,1.58674664619604,2.91780488659299e-13,"fixed_effect",NA,NA,NA,"SPoRC","family_sporc",0.536860743756757,0.591363809040802
"ln_fishsel_devs.683",0.692935078362423,1.59321070397073,1.01965658139136e-12,"fixed_effect",NA,NA,NA,"SPoRC","family_sporc",0.434929966661306,0.663613262320144
"ln_fishsel_devs.684",-4.05066809591402,1.97439803665871,3.28903571045203e-15,"fixed_effect",NA,NA,NA,"SPoRC","family_sporc",-2.0515964971121,0.0402088929065711
"ln_fishsel_devs.685",-0.337505546278917,1.66033963189027,-1.55431223447522e-15,"fixed_effect",NA,NA,NA,"SPoRC","family_sporc",-0.203275004581245,0.838920091124426
"ln_fishsel_devs.686",-0.287074288158737,1.63044184417213,-8.75410854916936e-14,"fixed_effect",NA,NA,NA,"SPoRC","family_sporc",-0.176071467488926,0.860237796358967
"ln_fishsel_devs.687",-0.778511532324803,1.61936073789209,-2.09443573595536e-13,"fixed_effect",NA,NA,NA,"SPoRC","family_sporc",-0.480752382164201,0.630692497009341
"ln_fishsel_devs.688",0.0429894264645973,1.63950035991311,-1.96420657516683e-12,"fixed_effect",NA,NA,NA,"SPoRC","family_sporc",0.0262210533865791,0.979081023480537
"ln_fishsel_devs.689",0.608870153903501,1.59978676646269,-5.295763827462e-14,"fixed_effect",NA,NA,NA,"SPoRC","family_sporc",0.380594568393501,0.703504112301068
"ln_fishsel_devs.690",0.50339066746454,1.59566545159023,1.48214773787458e-13,"fixed_effect",NA,NA,NA,"SPoRC","family_sporc",0.315473814992275,0.75240192938015
"ln_fishsel_devs.691",0.860400309070055,1.59298481190119,2.61013433089374e-13,"fixed_effect",NA,NA,NA,"SPoRC","family_sporc",0.540118338004231,0.589115424890851
"ln_fishsel_devs.692",0.96467489042346,1.59132999365222,2.55739873722405e-13,"fixed_effect",NA,NA,NA,"SPoRC","family_sporc",0.606206691428885,0.544377509949177
"ln_fishsel_devs.693",0.874024027072892,1.59382255151917,2.15188977747971e-13,"fixed_effect",NA,NA,NA,"SPoRC","family_sporc",0.548382268929378,0.583429448724708
"ln_fishsel_devs.694",0.850773919193752,1.60184734520067,2.86520807080137e-13,"fixed_effect",NA,NA,NA,"SPoRC","family_sporc",0.531120472710946,0.59533529813392
"ln_fishsel_devs.695",0.748636069083594,1.61054882881872,1.14469544953977e-12,"fixed_effect",NA,NA,NA,"SPoRC","family_sporc",0.464832891550821,0.642051131385809
"ln_fishsel_devs.696",-4.0506638475358,2.09720286591269,1.32558962179403e-16,"fixed_effect",NA,NA,NA,"SPoRC","family_sporc",-1.93146019079703,0.0534261677965087
"ln_fishsel_devs.697",-0.334131542354123,1.80527133594638,-1.93066049258839e-14,"fixed_effect",NA,NA,NA,"SPoRC","family_sporc",-0.185086604822737,0.853161107891269
"ln_fishsel_devs.698",-0.282903194840464,1.77765098275064,-5.17329235005803e-14,"fixed_effect",NA,NA,NA,"SPoRC","family_sporc",-0.159144397626758,0.873555109680159
"ln_fishsel_devs.699",-0.601476031535745,1.79157288606268,-2.24875673637825e-13,"fixed_effect",NA,NA,NA,"SPoRC","family_sporc",-0.335725125232053,0.737078157227187
"ln_fishsel_devs.700",0.0327032263216733,1.7748168299733,-4.19237561333219e-13,"fixed_effect",NA,NA,NA,"SPoRC","family_sporc",0.0184262543431962,0.985298808059074
"ln_fishsel_devs.701",0.463189438185896,1.65528041800916,-1.19165788348141e-12,"fixed_effect",NA,NA,NA,"SPoRC","family_sporc",0.279825359586494,0.779611494486668
"ln_fishsel_devs.702",0.571625914896541,1.6351154234211,-1.62647673107585e-14,"fixed_effect",NA,NA,NA,"SPoRC","family_sporc",0.349593616883968,0.726643702013744
"ln_fishsel_devs.703",0.728636503168061,1.62794554072102,1.74749104076e-13,"fixed_effect",NA,NA,NA,"SPoRC","family_sporc",0.447580391937034,0.654456056925301
"ln_fishsel_devs.704",0.82321225292619,1.62554324236771,2.28317365014163e-13,"fixed_effect",NA,NA,NA,"SPoRC","family_sporc",0.506422856968805,0.612559832120896
"ln_fishsel_devs.705",0.862669389158524,1.6282042389898,2.15105711021124e-13,"fixed_effect",NA,NA,NA,"SPoRC","family_sporc",0.529828733091716,0.596230681596353
"ln_fishsel_devs.706",0.886415471799143,1.63765579715675,2.10331752015236e-13,"fixed_effect",NA,NA,NA,"SPoRC","family_sporc",0.541270927222992,0.588320856191871
"ln_fishsel_devs.707",0.900722419810025,1.65883598383714,1.09406927961686e-12,"fixed_effect",NA,NA,NA,"SPoRC","family_sporc",0.542984616071879,0.587140394567367
"ln_srvsel_bin_devs",-2.99364779025313,0.169160440176337,-3.05311331771918e-14,"fixed_effect",NA,NA,NA,"SPoRC","family_sporc",-17.6970915134324,4.41528749583401e-70
"ln_srvsel_bin_devs.1",-2.99827828946538,0.173158878813436,-8.70414851306123e-14,"fixed_effect",NA,NA,NA,"SPoRC","family_sporc",-17.3151865501265,3.61349437757119e-67
"ln_srvsel_bin_devs.2",-2.86001327497185,0.209369493095675,-2.1316282072803e-14,"fixed_effect",NA,NA,NA,"SPoRC","family_sporc",-13.6601241789553,1.75683905169638e-42
"ln_srvsel_bin_devs.3",-2.53732320365849,0.187806448781502,-3.46389583683049e-14,"fixed_effect",NA,NA,NA,"SPoRC","family_sporc",-13.5103092578598,1.35949156862641e-41
"ln_srvsel_bin_devs.4",-2.28519710394256,0.189310970376017,-4.70734562441066e-14,"fixed_effect",NA,NA,NA,"SPoRC","family_sporc",-12.0711287856357,1.50061674125311e-33
"ln_srvsel_bin_devs.5",-2.45433108106969,0.237286094690551,1.4210854715202e-14,"fixed_effect",NA,NA,NA,"SPoRC","family_sporc",-10.34334137561,4.48617048721763e-25
"ln_srvsel_bin_devs.6",-2.53183593717054,0.25237358692656,-4.88498130835069e-15,"fixed_effect",NA,NA,NA,"SPoRC","family_sporc",-10.0320955453524,1.10153554091713e-23
"ln_srvsel_bin_devs.7",-2.77976972577912,0.244414208205795,5.6621374255883e-15,"fixed_effect",NA,NA,NA,"SPoRC","family_sporc",-11.3731920340677,5.68690935291711e-30
"ln_srvsel_bin_devs.8",-2.96800171120132,0.211541750943501,4.44089209850063e-15,"fixed_effect",NA,NA,NA,"SPoRC","family_sporc",-14.0303353733421,1.01669640285564e-44
"ln_srvsel_bin_devs.9",-2.80629690195575,0.186459470418261,1.68753899743024e-14,"fixed_effect",NA,NA,NA,"SPoRC","family_sporc",-15.0504390882412,3.42950467092934e-51
"ln_srvsel_bin_devs.10",-2.9700912711333,0.190969649212774,1.75415237890775e-14,"fixed_effect",NA,NA,NA,"SPoRC","family_sporc",-15.5526874735163,1.52567067085275e-54
"ln_srvsel_bin_devs.11",-3.04293736880897,0.185689948814059,1.33226762955019e-15,"fixed_effect",NA,NA,NA,"SPoRC","family_sporc",-16.3871948279549,2.36090977993496e-60
"ln_srvsel_bin_devs.12",-2.90616591681327,0.20461481719404,7.32747196252603e-15,"fixed_effect",NA,NA,NA,"SPoRC","family_sporc",-14.2031058975426,8.76403581553279e-46
"ln_srvsel_bin_devs.13",-2.85452447589751,0.198723865761004,-2.18713935851156e-14,"fixed_effect",NA,NA,NA,"SPoRC","family_sporc",-14.3642761022499,8.6707957316316e-47
"ln_srvsel_bin_devs.14",-2.86196331446126,0.150215919536561,1.99840144432528e-14,"fixed_effect",NA,NA,NA,"SPoRC","family_sporc",-19.0523302942248,6.2841511550874e-81
"ln_srvsel_bin_devs.15",-3.056962188426,0.186630989101081,3.33066907387547e-16,"fixed_effect",NA,NA,NA,"SPoRC","family_sporc",-16.3797138039617,2.66996493565501e-60
"ln_srvsel_bin_devs.16",-3.21565825547065,0.210955109909391,-5.88418203051333e-15,"fixed_effect",NA,NA,NA,"SPoRC","family_sporc",-15.2433295256599,1.82336854023898e-52
"ln_srvsel_bin_devs.17",-3.34935640104465,0.21171395059873,-1.77635683940025e-15,"fixed_effect",NA,NA,NA,"SPoRC","family_sporc",-15.8201969760265,2.25785186866556e-56
"ln_srvsel_bin_devs.18",-3.45035124616497,0.201824472505831,1.33226762955019e-15,"fixed_effect",NA,NA,NA,"SPoRC","family_sporc",-17.0958021261038,1.59486458100375e-65
"ln_srvsel_bin_devs.19",-3.3573434166762,0.163670893384066,-1.55431223447522e-15,"fixed_effect",NA,NA,NA,"SPoRC","family_sporc",-20.5127701527109,1.65589621789212e-93
"ln_srvsel_bin_devs.20",-3.36664943068599,0.173903122777867,6.66133814775094e-15,"fixed_effect",NA,NA,NA,"SPoRC","family_sporc",-19.3593385610811,1.70054885235584e-83
"ln_srvsel_bin_devs.21",-3.4662937185865,0.202361456218205,1.06581410364015e-14,"fixed_effect",NA,NA,NA,"SPoRC","family_sporc",-17.1292190882873,8.98526612100554e-66
"ln_srvsel_bin_devs.22",-3.28322583399941,0.208223850345971,5.44009282066327e-15,"fixed_effect",NA,NA,NA,"SPoRC","family_sporc",-15.767770255637,5.18481386167626e-56
"ln_srvsel_bin_devs.23",-3.14062890983229,0.20501043434067,3.33066907387547e-15,"fixed_effect",NA,NA,NA,"SPoRC","family_sporc",-15.3193612799895,5.67726434063262e-53
"ln_srvsel_bin_devs.24",-3.06432281519481,0.152435175663838,9.32587340685131e-15,"fixed_effect",NA,NA,NA,"SPoRC","family_sporc",-20.1024652075876,7.02174243236396e-90
"ln_srvsel_bin_devs.25",-3.11349900287192,0.147976511195116,-2.8421709430404e-14,"fixed_effect",NA,NA,NA,"SPoRC","family_sporc",-21.0404947226157,2.79447299478158e-98
"ln_srvsel_bin_devs.26",-3.62608486144345,0.162309919791181,3.5527136788005e-15,"fixed_effect",NA,NA,NA,"SPoRC","family_sporc",-22.3405006059307,1.493601528683e-110
"ln_srvsel_bin_devs.27",-4.02471574279978,0.153816591220757,-2.48689957516035e-14,"fixed_effect",NA,NA,NA,"SPoRC","family_sporc",-26.1656802485209,6.53545714186764e-151
"ln_srvsel_bin_devs.28",-3.75787642047746,0.187194665039492,2.66453525910038e-14,"fixed_effect",NA,NA,NA,"SPoRC","family_sporc",-20.0746982809829,1.22826172297031e-89
"ln_srvsel_bin_devs.29",-3.16824829202013,0.17076849151657,3.5527136788005e-15,"fixed_effect",NA,NA,NA,"SPoRC","family_sporc",-18.5528856282759,7.72891508023243e-77
"ln_srvsel_bin_devs.30",-3.17129867076663,0.195126161412007,0,"fixed_effect",NA,NA,NA,"SPoRC","family_sporc",-16.2525550024554,2.14246351024472e-59
"ln_srvsel_bin_devs.31",-3.44087298736679,0.194992124284589,1.68753899743024e-14,"fixed_effect",NA,NA,NA,"SPoRC","family_sporc",-17.6462151996706,1.08808282211008e-69
"ln_srvsel_bin_devs.32",-3.4521583098031,0.182738795346261,-8.88178419700125e-15,"fixed_effect",NA,NA,NA,"SPoRC","family_sporc",-18.891217397279,1.34703216743538e-79
"ln_srvsel_bin_devs.33",-3.27432527639389,0.208119816571443,-4.82947015711943e-15,"fixed_effect",NA,NA,NA,"SPoRC","family_sporc",-15.7328856537306,9.00135575527981e-56
"ln_srvsel_bin_devs.34",-3.11449175506921,0.222473925417118,-1.77635683940025e-15,"fixed_effect",NA,NA,NA,"SPoRC","family_sporc",-13.9993563256001,1.57288831367908e-44
"ln_srvsel_bin_devs.35",-3.05669320660778,0.206890660015205,3.46389583683049e-14,"fixed_effect",NA,NA,NA,"SPoRC","family_sporc",-14.7744378909282,2.14136252820574e-49
"ln_srvsel_bin_devs.36",-3.14281666325359,0.191459814505574,1.50990331349021e-14,"fixed_effect",NA,NA,NA,"SPoRC","family_sporc",-16.4150198900464,1.49331885696843e-60
"ln_srvsel_bin_devs.37",-3.51301641561973,0.187893880498048,1.06581410364015e-14,"fixed_effect",NA,NA,NA,"SPoRC","family_sporc",-18.6968112335954,5.25551123796173e-78
"ln_srvsel_bin_devs.38",-3.32522838236573,0.249288929695542,7.105427357601e-15,"fixed_effect",NA,NA,NA,"SPoRC","family_sporc",-13.338852978457,1.37559785830194e-40
"ln_srvsel_bin_devs.39",-3.13744034911173,0.234152555991983,2.35367281220533e-14,"fixed_effect",NA,NA,NA,"SPoRC","family_sporc",-13.3991291951524,6.11767279794962e-41
"ln_srvsel_bin_devs.40",-3.16224982739751,0.249385290746267,3.5527136788005e-15,"fixed_effect",NA,NA,NA,"SPoRC","family_sporc",-12.6801778001209,7.615891450482e-37
"ln_srvsel_bin_devs.41",-3.14568575468982,0.276735449917737,5.10980147083728e-14,"fixed_effect",NA,NA,NA,"SPoRC","family_sporc",-11.3671224833136,6.09643719213654e-30
"ln_srvsel_bin_devs.42",-3.13520912711409,0.347058213830538,1.49880108324396e-15,"fixed_effect",NA,NA,NA,"SPoRC","family_sporc",-9.03366928709245,1.66009869561638e-19
"srv_fixed_sel_pars",-0.150051961955582,0.246934206128778,-3.7819747333856e-13,"fixed_effect",NA,NA,NA,"SPoRC","family_sporc",-0.607659685176745,0.54341320652071
"srv_fixed_sel_pars.1",-0.172033496706743,0.279027402884975,-1.22124532708767e-12,"fixed_effect",NA,NA,NA,"SPoRC","family_sporc",-0.616546958929552,0.537533589137032
"srv_fixed_sel_pars.2",0.0458441622967976,0.268636634484553,-2.44620990130784e-12,"fixed_effect",NA,NA,NA,"SPoRC","family_sporc",0.170654916016057,0.864495114496455
"srv_fixed_sel_pars.3",0.189156523798854,0.252844875640499,-2.12757589324042e-12,"fixed_effect",NA,NA,NA,"SPoRC","family_sporc",0.748112942054643,0.45439203628605
"srv_fixed_sel_pars.4",0.208406548925882,0.264310453234369,-1.26448851389682e-12,"fixed_effect",NA,NA,NA,"SPoRC","family_sporc",0.788491512067003,0.430409261484466
"srv_fixed_sel_pars.5",0.288971494343035,0.264907054806953,-1.01862962509358e-13,"fixed_effect",NA,NA,NA,"SPoRC","family_sporc",1.09084106708151,0.275342822543167
"srv_fixed_sel_pars.6",0.406597779379477,0.231405179023565,7.49023065793608e-12,"fixed_effect",NA,NA,NA,"SPoRC","family_sporc",1.75708158778102,0.078903903596133
"ln_srv_q",-0.662467747754576,0.0660619525725804,-8.69988361374292e-12,"fixed_effect",NA,NA,NA,"SPoRC","family_sporc",-10.0279771026559,1.14845333236203e-23
"ln_srv_q.1",-8.23602406721155,0.076625702166666,-7.28583057883258e-12,"fixed_effect",NA,NA,NA,"SPoRC","family_sporc",-107.483831590837,0
"ln_srvsel_devs",1.68938821208277,0.0807677059764911,-6.41002041666115e-13,"fixed_effect",NA,NA,NA,"SPoRC","family_sporc",20.916629878958,3.7789364986858e-97
"ln_srvsel_devs.1",-0.707572658695173,0.18058054624559,-7.6164845221004e-14,"fixed_effect",NA,NA,NA,"SPoRC","family_sporc",-3.91832162105033,8.91676798075791e-05
"ln_srvsel_devs.2",1.52208507970695,0.0546284264373761,-1.01277889105227e-12,"fixed_effect",NA,NA,NA,"SPoRC","family_sporc",27.8625100331567,7.59857560422478e-171
"ln_srvsel_devs.3",0.106851180099234,0.149919713539955,2.61909329433139e-14,"fixed_effect",NA,NA,NA,"SPoRC","family_sporc",0.712722680534982,0.476017378923769
"ln_srvsel_devs.4",1.66213959800809,0.0536485550404396,-6.81116287533694e-13,"fixed_effect",NA,NA,NA,"SPoRC","family_sporc",30.9820012254794,9.42172109549064e-211
"ln_srvsel_devs.5",0.0572016637605814,0.141153232519759,8.84036990251452e-14,"fixed_effect",NA,NA,NA,"SPoRC","family_sporc",0.405245156199836,0.685297315503234
"ln_srvsel_devs.6",1.78717136331806,0.0637998913797394,-6.70544223751209e-13,"fixed_effect",NA,NA,NA,"SPoRC","family_sporc",28.0121380251379,1.15603724134198e-172
"ln_srvsel_devs.7",-0.380896792560992,0.162758860721072,7.07355435496105e-14,"fixed_effect",NA,NA,NA,"SPoRC","family_sporc",-2.34025226567391,0.0192707184628995
"ln_srvsel_devs.8",1.82132061521119,0.0618393620935028,-1.20757020965349e-13,"fixed_effect",NA,NA,NA,"SPoRC","family_sporc",29.4524483039993,1.17127654783491e-190
"ln_srvsel_devs.9",-0.298810503327683,0.128505961029917,2.45059421496751e-13,"fixed_effect",NA,NA,NA,"SPoRC","family_sporc",-2.32526569921624,0.0200577572151885
"ln_srvsel_devs.10",1.76084704169856,0.0820296630163851,-9.68785527964005e-15,"fixed_effect",NA,NA,NA,"SPoRC","family_sporc",21.4659792195761,3.23855855755739e-102
"ln_srvsel_devs.11",-0.365884006036144,0.206623821460666,5.94464774591417e-14,"fixed_effect",NA,NA,NA,"SPoRC","family_sporc",-1.77077358965503,0.0765983594317076
"ln_srvsel_devs.12",1.63343202956841,0.101722157739195,2.75624973188207e-13,"fixed_effect",NA,NA,NA,"SPoRC","family_sporc",16.0577799947614,5.04279305155129e-58
"ln_srvsel_devs.13",-0.461578637305329,0.252038918204321,1.13990920049104e-13,"fixed_effect",NA,NA,NA,"SPoRC","family_sporc",-1.83137842597443,0.0670440791400016
"ln_srvsel_devs.14",1.56986252487706,0.094393805034682,1.42330275438701e-13,"fixed_effect",NA,NA,NA,"SPoRC","family_sporc",16.6309910306112,4.15661835228732e-62
"ln_srvsel_devs.15",-0.291970506722296,0.32492338293415,4.07919205066977e-14,"fixed_effect",NA,NA,NA,"SPoRC","family_sporc",-0.898582626112409,0.368875016311981
"ln_srvsel_devs.16",1.4825855996047,0.0707490525749865,-5.97163907833729e-14,"fixed_effect",NA,NA,NA,"SPoRC","family_sporc",20.9555541119553,1.66974428560561e-97
"ln_srvsel_devs.17",0.406871977653062,0.22440094007888,-6.21835842263337e-14,"fixed_effect",NA,NA,NA,"SPoRC","family_sporc",1.8131473848106,0.0698090924151795
"ln_srvsel_devs.18",1.59857122900828,0.0688829017905726,3.59119213968123e-13,"fixed_effect",NA,NA,NA,"SPoRC","family_sporc",23.2070831433392,3.86196040129143e-119
"ln_srvsel_devs.19",0.219693505863731,0.151579185319096,8.9341743840543e-14,"fixed_effect",NA,NA,NA,"SPoRC","family_sporc",1.44936460373002,0.147235788179639
"ln_srvsel_devs.20",1.58415264941933,0.0652025716796135,2.16500535690585e-14,"fixed_effect",NA,NA,NA,"SPoRC","family_sporc",24.2958614761914,2.16806552107766e-130
"ln_srvsel_devs.21",0.167020970558442,0.154410585023811,-1.04963064694549e-15,"fixed_effect",NA,NA,NA,"SPoRC","family_sporc",1.0816678826305,0.279400129249089
"ln_srvsel_devs.22",1.53079815540021,0.0514267625647177,1.46498620162955e-13,"fixed_effect",NA,NA,NA,"SPoRC","family_sporc",29.7665666485186,1.05861387691825e-194
"ln_srvsel_devs.23",0.339304299967017,0.160121025914852,1.68341801506115e-14,"fixed_effect",NA,NA,NA,"SPoRC","family_sporc",2.11904900076927,0.0340863260543013
"ln_srvsel_devs.24",1.62783919473548,0.0452358167875565,5.41673162287885e-13,"fixed_effect",NA,NA,NA,"SPoRC","family_sporc",35.9856262213721,1.40389760091122e-283
"ln_srvsel_devs.25",0.299686252585703,0.121710352468305,1.28842981727581e-13,"fixed_effect",NA,NA,NA,"SPoRC","family_sporc",2.46229056533005,0.0138052773817584
"ln_srvsel_devs.26",1.7339252799367,0.0495903529088713,-1.52774434386725e-13,"fixed_effect",NA,NA,NA,"SPoRC","family_sporc",34.9649715766898,7.66934983976416e-268
"ln_srvsel_devs.27",0.248146429075763,0.116083584516035,-9.77542373262115e-14,"fixed_effect",NA,NA,NA,"SPoRC","family_sporc",2.13765305499751,0.0325449122831744
"ln_srvsel_devs.28",1.93619269763398,0.0360504936507238,1.00976861786951e-12,"fixed_effect",NA,NA,NA,"SPoRC","family_sporc",53.7077998540834,0
"ln_srvsel_devs.29",-0.137827965915194,0.0818090087353534,2.84767295340378e-13,"fixed_effect",NA,NA,NA,"SPoRC","family_sporc",-1.68475291469498,0.0920362527374642
"ln_srvsel_devs.30",1.96414402926863,0.0559183732828635,1.50512798887833e-13,"fixed_effect",NA,NA,NA,"SPoRC","family_sporc",35.1251997144658,2.78049388959775e-270
"ln_srvsel_devs.31",-0.285418065973938,0.125205556462638,4.96351329426131e-14,"fixed_effect",NA,NA,NA,"SPoRC","family_sporc",-2.27959584253042,0.0226316697678309
"ln_srvsel_devs.32",2.0606172466208,0.0501638388338606,-6.86397181908504e-14,"fixed_effect",NA,NA,NA,"SPoRC","family_sporc",41.0777423443495,0
"ln_srvsel_devs.33",-0.516798252592361,0.113036465875509,-1.19190078430724e-14,"fixed_effect",NA,NA,NA,"SPoRC","family_sporc",-4.57196046063161,4.83182127624632e-06
"ln_srvsel_devs.34",2.00942278209281,0.0645105648372643,-5.9624390464727e-14,"fixed_effect",NA,NA,NA,"SPoRC","family_sporc",31.1487395461786,5.27534452768509e-213
"ln_srvsel_devs.35",-0.606846866437502,0.121656654520879,-1.54917310863596e-14,"fixed_effect",NA,NA,NA,"SPoRC","family_sporc",-4.98819295029482,6.09466821881502e-07
"ln_srvsel_devs.36",1.84948485868515,0.0703234673171578,3.9520217430715e-14,"fixed_effect",NA,NA,NA,"SPoRC","family_sporc",26.2996824423346,1.93381948186358e-152
"ln_srvsel_devs.37",-0.296519097499939,0.146708308771487,-2.64109242927111e-15,"fixed_effect",NA,NA,NA,"SPoRC","family_sporc",-2.02114726822867,0.043264522480878
"ln_srvsel_devs.38",1.90564841169504,0.0532691561307943,1.37353788439442e-13,"fixed_effect",NA,NA,NA,"SPoRC","family_sporc",35.7739553263433,2.80693979794474e-280
"ln_srvsel_devs.39",-0.475251137230691,0.0994385570210843,-1.76705980716067e-14,"fixed_effect",NA,NA,NA,"SPoRC","family_sporc",-4.7793446673801,1.7586748330505e-06
"ln_srvsel_devs.40",1.77418307471738,0.0526143702360859,2.25157590064293e-13,"fixed_effect",NA,NA,NA,"SPoRC","family_sporc",33.72050386152,2.89424089355503e-249
"ln_srvsel_devs.41",-0.0374529020696607,0.101788072304509,-1.71105757696337e-14,"fixed_effect",NA,NA,NA,"SPoRC","family_sporc",-0.367949812013499,0.712910657043063
"ln_srvsel_devs.42",1.71619764029942,0.0541905692155354,1.23530838837306e-14,"fixed_effect",NA,NA,NA,"SPoRC","family_sporc",31.6696736192877,4.0651937614192e-220
"ln_srvsel_devs.43",0.217475308840339,0.126035110979539,8.83158250267076e-15,"fixed_effect",NA,NA,NA,"SPoRC","family_sporc",1.72551368543362,0.0844349396245361
"ln_srvsel_devs.44",1.76418851067791,0.0399661567622213,4.48428967724142e-13,"fixed_effect",NA,NA,NA,"SPoRC","family_sporc",44.1420605232059,0
"ln_srvsel_devs.45",0.104870810841229,0.101924538277602,8.68015945798232e-14,"fixed_effect",NA,NA,NA,"SPoRC","family_sporc",1.02890641069772,0.303523655629553
"ln_srvsel_devs.46",1.70307044306407,0.0396929040417223,-6.5836704069753e-14,"fixed_effect",NA,NA,NA,"SPoRC","family_sporc",42.9061688525971,0
"ln_srvsel_devs.47",0.240071420609233,0.11716579147514,-8.01715460540026e-14,"fixed_effect",NA,NA,NA,"SPoRC","family_sporc",2.04898902304749,0.0404631883093389
"ln_srvsel_devs.48",1.81977340129556,0.0370182416217973,4.13432916143572e-13,"fixed_effect",NA,NA,NA,"SPoRC","family_sporc",49.1588287711654,0
"ln_srvsel_devs.49",-0.058816082325551,0.097615288801759,5.76790805353083e-14,"fixed_effect",NA,NA,NA,"SPoRC","family_sporc",-0.602529409557933,0.546821792822925
"ln_srvsel_devs.50",1.63837115417255,0.0460195688727896,2.26277289223848e-13,"fixed_effect",NA,NA,NA,"SPoRC","family_sporc",35.6016189265364,1.32242315789822e-277
"ln_srvsel_devs.51",0.346039766460226,0.136538211274892,8.03458319156876e-14,"fixed_effect",NA,NA,NA,"SPoRC","family_sporc",2.53438039966369,0.0112646373106005
"ln_srvsel_devs.52",1.59498544229269,0.0357223310781658,-4.10359856717545e-13,"fixed_effect",NA,NA,NA,"SPoRC","family_sporc",44.6495341752088,0
"ln_srvsel_devs.53",0.565022012280559,0.0973790895994355,-1.45139287129501e-13,"fixed_effect",NA,NA,NA,"SPoRC","family_sporc",5.80229302414668,6.5414115440136e-09
"ln_srvsel_devs.54",1.67693469078704,0.0425007547217572,-1.14023650573494e-13,"fixed_effect",NA,NA,NA,"SPoRC","family_sporc",39.4565861657176,0
"ln_srvsel_devs.55",0.265734106441301,0.109355520635697,-3.47558830824e-14,"fixed_effect",NA,NA,NA,"SPoRC","family_sporc",2.43000174930864,0.01509874995858
"ln_srvsel_devs.56",1.47807517884105,0.0396444057746318,3.35876187229632e-13,"fixed_effect",NA,NA,NA,"SPoRC","family_sporc",37.2833228285353,3.05791135854544e-304
"ln_srvsel_devs.57",0.834188348244035,0.148373771745067,4.44879992351127e-14,"fixed_effect",NA,NA,NA,"SPoRC","family_sporc",5.62220895534908,1.88531025522453e-08
"ln_srvsel_devs.58",1.64770092926648,0.0287021403746068,3.8066380709901e-13,"fixed_effect",NA,NA,NA,"SPoRC","family_sporc",57.4069009405384,0
"ln_srvsel_devs.59",0.541912735350967,0.0799204140275665,4.4284110455666e-14,"fixed_effect",NA,NA,NA,"SPoRC","family_sporc",6.78065475441666,1.19632452656636e-11
"ln_srvsel_devs.60",1.69136493436723,0.0457695764186163,2.87470219540781e-13,"fixed_effect",NA,NA,NA,"SPoRC","family_sporc",36.9539127672436,6.3022994896434e-299
"ln_srvsel_devs.61",0.188213505815196,0.128513486783083,7.04913878208314e-14,"fixed_effect",NA,NA,NA,"SPoRC","family_sporc",1.46454283146858,0.143045689135056
"ln_srvsel_devs.62",1.64111577523175,0.0323824097343141,7.91568757035638e-13,"fixed_effect",NA,NA,NA,"SPoRC","family_sporc",50.6792356929736,0
"ln_srvsel_devs.63",0.323675021256271,0.135820675220199,5.4629912315329e-14,"fixed_effect",NA,NA,NA,"SPoRC","family_sporc",2.38310567026348,0.0171672656971692
"ln_srvsel_devs.64",1.56153601124405,0.0345056080718727,1.67210592357518e-13,"fixed_effect",NA,NA,NA,"SPoRC","family_sporc",45.2545571140634,0
"ln_srvsel_devs.65",0.528501749269975,0.100148343029529,2.44838085841095e-14,"fixed_effect",NA,NA,NA,"SPoRC","family_sporc",5.27718915044002,1.3118046404274e-07
"ln_srvsel_devs.66",1.50954641784628,0.0433939600160014,1.13277708604079e-13,"fixed_effect",NA,NA,NA,"SPoRC","family_sporc",34.7870168403538,3.82255510462454e-265
"ln_srvsel_devs.67",0.418499678351193,0.113392793678877,-7.4236075927211e-15,"fixed_effect",NA,NA,NA,"SPoRC","family_sporc",3.69070789045345,0.000223630833312031
"ln_srvsel_devs.68",1.57543018908762,0.0443969648131946,3.00468462399636e-13,"fixed_effect",NA,NA,NA,"SPoRC","family_sporc",35.4850876792237,8.34836223356812e-276
"ln_srvsel_devs.69",0.418644375355576,0.138536794700484,5.12978018327934e-14,"fixed_effect",NA,NA,NA,"SPoRC","family_sporc",3.02190025589002,0.00251193304125888
"ln_srvsel_devs.70",1.65960000607999,0.0296491072675896,8.38146227364974e-13,"fixed_effect",NA,NA,NA,"SPoRC","family_sporc",55.9747040982294,0
"ln_srvsel_devs.71",0.238461342959042,0.100535791400156,1.10481290352287e-13,"fixed_effect",NA,NA,NA,"SPoRC","family_sporc",2.37190496675865,0.0176966417561407
"ln_srvsel_devs.72",1.90834477928579,0.0480671241010049,-1.79640840652826e-14,"fixed_effect",NA,NA,NA,"SPoRC","family_sporc",39.7016633505207,0
"ln_srvsel_devs.73",-0.384404185890127,0.122646690271666,-3.14455317900497e-14,"fixed_effect",NA,NA,NA,"SPoRC","family_sporc",-3.1342401905723,0.00172299757646731
"ln_srvsel_devs.74",1.68624475141457,0.0419951417023812,5.73053161386229e-13,"fixed_effect",NA,NA,NA,"SPoRC","family_sporc",40.1533292437719,0
"ln_srvsel_devs.75",0.0104711489423265,0.120735910982216,4.75689591304899e-14,"fixed_effect",NA,NA,NA,"SPoRC","family_sporc",0.0867277089073263,0.9308879508737
"ln_srvsel_devs.76",1.79129841536485,0.0864936835038269,1.68038029058679e-13,"fixed_effect",NA,NA,NA,"SPoRC","family_sporc",20.7101645206913,2.80496924531377e-95
"ln_srvsel_devs.77",-0.150530374090659,0.235654844184404,8.79620514016796e-14,"fixed_effect",NA,NA,NA,"SPoRC","family_sporc",-0.638774792055054,0.522969449300876
"ln_srvsel_devs.78",1.88459505296072,0.0454400435269382,4.9118911605426e-13,"fixed_effect",NA,NA,NA,"SPoRC","family_sporc",41.4743232330637,0
"ln_srvsel_devs.79",-0.261512453606153,0.100336079554411,2.18814843578921e-14,"fixed_effect",NA,NA,NA,"SPoRC","family_sporc",-2.60636507592803,0.0091508868672028
"ln_srvsel_devs.80",1.77096681818593,0.0553049748307013,-2.40092815922012e-13,"fixed_effect",NA,NA,NA,"SPoRC","family_sporc",32.0218357138247,5.41667646207018e-225
"ln_srvsel_devs.81",-0.0561890613394462,0.139969164862269,-1.45259224298234e-13,"fixed_effect",NA,NA,NA,"SPoRC","family_sporc",-0.401438855441746,0.688097047068157
"ln_srvsel_devs.82",1.93155295700865,0.052798219067623,4.81097017191665e-13,"fixed_effect",NA,NA,NA,"SPoRC","family_sporc",36.5836763269374,5.1997272333532e-293
"ln_srvsel_devs.83",-0.35656844172161,0.130289881785759,3.10895556197934e-13,"fixed_effect",NA,NA,NA,"SPoRC","family_sporc",-2.73673163897662,0.00620528909181056
"ln_srvsel_devs.84",1.72698704682779,0.0813858565366845,-8.49121979905504e-14,"fixed_effect",NA,NA,NA,"SPoRC","family_sporc",21.2197440724772,6.27647155683079e-100
"ln_srvsel_devs.85",-0.159299487159238,0.190126918268867,-3.10528299663099e-14,"fixed_effect",NA,NA,NA,"SPoRC","family_sporc",-0.837858671511026,0.402110082411452
"ln_srvsel_devs.86",-0.261545649501421,0.18081901399862,-1.22803166061543e-14,"fixed_effect",NA,NA,NA,"SPoRC","family_sporc",-1.44644992646303,0.148051047045291
"ln_srvsel_devs.87",-0.240336412197457,0.185801918313332,-4.72043586899509e-15,"fixed_effect",NA,NA,NA,"SPoRC","family_sporc",-1.29350877740755,0.195835150277641
"ln_srvsel_devs.88",-0.269946172791559,0.185423780679204,-1.68869523363922e-15,"fixed_effect",NA,NA,NA,"SPoRC","family_sporc",-1.45583361423627,0.145438620960036
"ln_srvsel_devs.89",-0.279414432259891,0.183035334002761,1.05212900244803e-14,"fixed_effect",NA,NA,NA,"SPoRC","family_sporc",-1.52656006984791,0.12687044256578
"ln_srvsel_devs.90",-0.260815481958838,0.184665840886304,-2.97953108199605e-15,"fixed_effect",NA,NA,NA,"SPoRC","family_sporc",-1.41236452127287,0.157842657368232
"ln_srvsel_devs.91",-0.256416745248414,0.184818413363347,1.90395493917741e-14,"fixed_effect",NA,NA,NA,"SPoRC","family_sporc",-1.38739826071501,0.165320355073901
"ln_srvsel_devs.92",-0.261241135768652,0.138729095379302,-2.17142896998216e-14,"fixed_effect",NA,NA,NA,"SPoRC","family_sporc",-1.88310271219161,0.0596864497481483
"ln_srvsel_devs.93",-0.258999459808674,0.238247498758962,3.93086983967465e-14,"fixed_effect",NA,NA,NA,"SPoRC","family_sporc",-1.0871025347918,0.276991497753311
"ln_srvsel_devs.94",-0.229466903966485,0.249141272871973,-1.09234080196572e-14,"fixed_effect",NA,NA,NA,"SPoRC","family_sporc",-0.921031274029022,0.357034099344154
"ln_srvsel_devs.95",-0.268167747994054,0.246677066116792,-9.2179655291091e-14,"fixed_effect",NA,NA,NA,"SPoRC","family_sporc",-1.08712071298548,0.276983465014579
"ln_srvsel_devs.96",-0.289241860059394,0.241681842043241,-5.61507457299402e-14,"fixed_effect",NA,NA,NA,"SPoRC","family_sporc",-1.19678771733147,0.231389306893157
"ln_srvsel_devs.97",-0.265628434577197,0.245742420809645,-4.65523973071936e-14,"fixed_effect",NA,NA,NA,"SPoRC","family_sporc",-1.08092218552269,0.279731728999961
"ln_srvsel_devs.98",-0.25456402261831,0.245922030732356,-5.0962042897095e-14,"fixed_effect",NA,NA,NA,"SPoRC","family_sporc",-1.03514118625411,0.300602980572295
"ln_srvsel_devs.99",-0.257366962010042,0.187280039167,2.26202536806727e-13,"fixed_effect",NA,NA,NA,"SPoRC","family_sporc",-1.3742359471665,0.169368444271753
"ln_srvsel_devs.100",-0.222516996562456,0.271855590679346,-3.06534328642042e-14,"fixed_effect",NA,NA,NA,"SPoRC","family_sporc",-0.818511754738622,0.413065032770565
"ln_srvsel_devs.101",-0.194349423120306,0.289286165052206,-2.43786006416842e-14,"fixed_effect",NA,NA,NA,"SPoRC","family_sporc",-0.671824119501989,0.501695671866646
"ln_srvsel_devs.102",-0.267383704086216,0.285787701813317,-2.8889896704473e-14,"fixed_effect",NA,NA,NA,"SPoRC","family_sporc",-0.935602555287271,0.349477858438078
"ln_srvsel_devs.103",-0.277071191984926,0.276632076119943,-1.60118307768742e-13,"fixed_effect",NA,NA,NA,"SPoRC","family_sporc",-1.00158736423896,0.316542926212441
"ln_srvsel_devs.104",-0.264859631068845,0.28322743195946,-4.77161807995663e-14,"fixed_effect",NA,NA,NA,"SPoRC","family_sporc",-0.935148227826871,0.349711915116421
"ln_srvsel_devs.105",-0.249592229238747,0.282961169776775,-4.74340273273304e-14,"fixed_effect",NA,NA,NA,"SPoRC","family_sporc",-0.882072368571446,0.377737673458014
"ln_srvsel_devs.106",-0.261279940896252,0.219520841632573,3.41445159124237e-13,"fixed_effect",NA,NA,NA,"SPoRC","family_sporc",-1.19022840361361,0.233956632261743
"ln_srvsel_devs.107",-0.25621989961488,0.294357500641529,-1.09615444300299e-14,"fixed_effect",NA,NA,NA,"SPoRC","family_sporc",-0.870437814754061,0.384061188889744
"ln_srvsel_devs.108",-0.134072711785384,0.317034661634423,2.01531051254053e-14,"fixed_effect",NA,NA,NA,"SPoRC","family_sporc",-0.422896067875333,0.672371091829653
"ln_srvsel_devs.109",-0.220504060217952,0.312209802786151,-9.37837076791066e-15,"fixed_effect",NA,NA,NA,"SPoRC","family_sporc",-0.706268855910929,0.480020957410876
"ln_srvsel_devs.110",-0.270791305207199,0.303744782729216,-1.71704233078569e-15,"fixed_effect",NA,NA,NA,"SPoRC","family_sporc",-0.891509321655098,0.37265599295406
"ln_srvsel_devs.111",-0.250807941710098,0.309373369163111,-6.1653152809776e-15,"fixed_effect",NA,NA,NA,"SPoRC","family_sporc",-0.810696610340318,0.417539920418845
"ln_srvsel_devs.112",-0.230776133652822,0.307645978785946,3.21179163818683e-14,"fixed_effect",NA,NA,NA,"SPoRC","family_sporc",-0.750135381465172,0.453173172039746
"ln_srvsel_devs.113",-0.268722065681666,0.243228782793318,-1.94736684783032e-14,"fixed_effect",NA,NA,NA,"SPoRC","family_sporc",-1.10481194945588,0.269241081614786
"ln_srvsel_devs.114",-0.293118269315351,0.307814584453964,3.31433800398177e-15,"fixed_effect",NA,NA,NA,"SPoRC","family_sporc",-0.952255949260225,0.340967192365004
"ln_srvsel_devs.115",-0.0760674699615352,0.333527454565694,-5.67850542538602e-14,"fixed_effect",NA,NA,NA,"SPoRC","family_sporc",-0.228069590434728,0.819592140432492
"ln_srvsel_devs.116",-0.172040883401245,0.327199793614512,-1.77615277857048e-14,"fixed_effect",NA,NA,NA,"SPoRC","family_sporc",-0.52579765256189,0.599028805721104
"ln_srvsel_devs.117",-0.261567483054413,0.319887530327143,-1.08430596978785e-14,"fixed_effect",NA,NA,NA,"SPoRC","family_sporc",-0.817685774706229,0.413536635257904
"ln_srvsel_devs.118",-0.247167898052311,0.326385452444038,-3.79144484707975e-15,"fixed_effect",NA,NA,NA,"SPoRC","family_sporc",-0.757288341748903,0.448877133887192
"ln_srvsel_devs.119",-0.210880931286297,0.323159366522601,-4.60351856299667e-14,"fixed_effect",NA,NA,NA,"SPoRC","family_sporc",-0.652560170406041,0.514039870092438
"ln_srvsel_devs.120",-0.276169146995679,0.26117006922954,1.26995513348383e-13,"fixed_effect",NA,NA,NA,"SPoRC","family_sporc",-1.05743030895687,0.290315245015564
"ln_srvsel_devs.121",-0.325168451205923,0.317783576693315,5.487717612944e-15,"fixed_effect",NA,NA,NA,"SPoRC","family_sporc",-1.02323869153167,0.306195003195153
"ln_srvsel_devs.122",-0.0800433494941025,0.349268365563924,-2.6964021711907e-14,"fixed_effect",NA,NA,NA,"SPoRC","family_sporc",-0.229174346679996,0.818733410397794
"ln_srvsel_devs.123",-0.117318458244643,0.339592432509362,-1.01761865051282e-13,"fixed_effect",NA,NA,NA,"SPoRC","family_sporc",-0.345468411583077,0.729742254025765
"ln_srvsel_devs.124",-0.247168621510551,0.331455095533065,-8.29214361267504e-14,"fixed_effect",NA,NA,NA,"SPoRC","family_sporc",-0.745707713779569,0.455843998420314
"ln_srvsel_devs.125",-0.226885749214775,0.339927981149657,-1.97816013043744e-14,"fixed_effect",NA,NA,NA,"SPoRC","family_sporc",-0.667452406969953,0.504483200259245
"ln_srvsel_devs.126",-0.219469925764894,0.336947342253847,-2.26719751839261e-14,"fixed_effect",NA,NA,NA,"SPoRC","family_sporc",-0.65134784651173,0.514821968808562
"ln_srvsel_devs.127",-0.279250170497171,0.275512413626724,2.5465983370047e-13,"fixed_effect",NA,NA,NA,"SPoRC","family_sporc",-1.01356656428378,0.310789618837637
"ln_srvsel_devs.128",-0.313931918756213,0.326163313056485,-2.15095600398006e-15,"fixed_effect",NA,NA,NA,"SPoRC","family_sporc",-0.962499172007877,0.335798918914357
"ln_srvsel_devs.129",-0.0689785492991746,0.362959642797044,1.27868300368273e-15,"fixed_effect",NA,NA,NA,"SPoRC","family_sporc",-0.190044680360635,0.849274118614851
"ln_srvsel_devs.130",-0.120044521543892,0.354418951258922,1.10250077066591e-14,"fixed_effect",NA,NA,NA,"SPoRC","family_sporc",-0.338707964451352,0.734829740200726
"ln_srvsel_devs.131",-0.222198332878133,0.343979153445307,6.14440889723292e-15,"fixed_effect",NA,NA,NA,"SPoRC","family_sporc",-0.645964532014764,0.518302325492641
"ln_srvsel_devs.132",-0.199064795662672,0.35110470691603,-5.06565678269897e-15,"fixed_effect",NA,NA,NA,"SPoRC","family_sporc",-0.566967037870785,0.570736576505336
"ln_srvsel_devs.133",-0.211439330311264,0.34807852815214,-7.38581233717731e-16,"fixed_effect",NA,NA,NA,"SPoRC","family_sporc",-0.60744720863347,0.543554167012132
"ln_srvsel_devs.134",-0.285418200480738,0.287587724250125,4.69968900373525e-15,"fixed_effect",NA,NA,NA,"SPoRC","family_sporc",-0.99245613221133,0.320975068580814
"ln_srvsel_devs.135",-0.314330339811718,0.330209674682264,-8.15729314848166e-14,"fixed_effect",NA,NA,NA,"SPoRC","family_sporc",-0.951911357879427,0.341141938858797
"ln_srvsel_devs.136",-0.0539335744549995,0.369144938162096,-1.09912164170709e-13,"fixed_effect",NA,NA,NA,"SPoRC","family_sporc",-0.146104060707224,0.883839240837733
"ln_srvsel_devs.137",-0.115510583518274,0.361691311248177,-7.59029162476585e-14,"fixed_effect",NA,NA,NA,"SPoRC","family_sporc",-0.319362340001072,0.749451765051418
"ln_srvsel_devs.138",-0.202967210766124,0.350950933683524,-5.02602923236357e-14,"fixed_effect",NA,NA,NA,"SPoRC","family_sporc",-0.578335007221133,0.56303796393955
"ln_srvsel_devs.139",-0.175319266761851,0.357907904761885,-6.34607185467285e-14,"fixed_effect",NA,NA,NA,"SPoRC","family_sporc",-0.489844634413678,0.624243843552064
"ln_srvsel_devs.140",-0.201539189817609,0.355603837737152,-2.07194254189614e-14,"fixed_effect",NA,NA,NA,"SPoRC","family_sporc",-0.566752010046017,0.57088267941343
"ln_srvsel_devs.141",-0.291554183332747,0.297354366644218,4.02323639255652e-13,"fixed_effect",NA,NA,NA,"SPoRC","family_sporc",-0.980494036872808,0.326842311712582
"ln_srvsel_devs.142",-0.376136402754326,0.335250305582327,-9.76997801095876e-15,"fixed_effect",NA,NA,NA,"SPoRC","family_sporc",-1.12195692737992,0.261880754132813
"ln_srvsel_devs.143",-0.113065301158214,0.378787718759017,2.23679867061518e-14,"fixed_effect",NA,NA,NA,"SPoRC","family_sporc",-0.298492521163669,0.765327283356397
"ln_srvsel_devs.144",-0.096791596608578,0.369613557364917,-3.29381763278843e-15,"fixed_effect",NA,NA,NA,"SPoRC","family_sporc",-0.261872419666188,0.793419803701349
"ln_srvsel_devs.145",-0.168377196549332,0.357851617172593,-9.31269082166939e-15,"fixed_effect",NA,NA,NA,"SPoRC","family_sporc",-0.470522385450401,0.637981844770043
"ln_srvsel_devs.146",-0.158278148180591,0.365516557859869,1.4963265963856e-14,"fixed_effect",NA,NA,NA,"SPoRC","family_sporc",-0.433025932141962,0.664995930589153
"ln_srvsel_devs.147",-0.197057262670667,0.362508219890913,-4.86081339455748e-15,"fixed_effect",NA,NA,NA,"SPoRC","family_sporc",-0.543593915553048,0.586720947671403
"ln_srvsel_devs.148",-0.289179654386733,0.305742394010516,-7.15572474686673e-15,"fixed_effect",NA,NA,NA,"SPoRC","family_sporc",-0.945827795071121,0.3442364262564
"ln_srvsel_devs.149",-0.450276306224583,0.337384283158149,8.83199832138364e-15,"fixed_effect",NA,NA,NA,"SPoRC","family_sporc",-1.33460960898856,0.18200415143578
"ln_srvsel_devs.150",-0.172441074528729,0.382331364270516,-6.22276367476548e-14,"fixed_effect",NA,NA,NA,"SPoRC","family_sporc",-0.451025185594554,0.651971397094455
"ln_srvsel_devs.151",-0.0681415010661477,0.37105801742861,-1.08465620944136e-13,"fixed_effect",NA,NA,NA,"SPoRC","family_sporc",-0.183641096177791,0.854295021264134
"ln_srvsel_devs.152",-0.137994904198699,0.360049502298533,-5.59712430706412e-14,"fixed_effect",NA,NA,NA,"SPoRC","family_sporc",-0.383266476742081,0.70152219267004
"ln_srvsel_devs.153",-0.145515659509705,0.369456896165245,-3.72420818139048e-14,"fixed_effect",NA,NA,NA,"SPoRC","family_sporc",-0.393863698363939,0.693681672999979
"ln_srvsel_devs.154",-0.191862523967324,0.366949839976655,2.23890264556048e-14,"fixed_effect",NA,NA,NA,"SPoRC","family_sporc",-0.522857630840036,0.601073330985503
"ln_srvsel_devs.155",-0.287306511274775,0.312418618255264,2.08397625542661e-13,"fixed_effect",NA,NA,NA,"SPoRC","family_sporc",-0.919620325060233,0.35777120160139
"ln_srvsel_devs.156",-0.423562887263226,0.340909006590095,-6.81701791175956e-15,"fixed_effect",NA,NA,NA,"SPoRC","family_sporc",-1.24245144327475,0.214070045281525
"ln_srvsel_devs.157",-0.179532809266545,0.389997420099891,-1.221990388652e-14,"fixed_effect",NA,NA,NA,"SPoRC","family_sporc",-0.460343581812826,0.645269623639488
"ln_srvsel_devs.158",-0.136126668042217,0.379863154587347,-1.83983324113986e-14,"fixed_effect",NA,NA,NA,"SPoRC","family_sporc",-0.358357125186553,0.720076073026411
"ln_srvsel_devs.159",-0.171483003369804,0.366054603957392,-1.8154461350087e-14,"fixed_effect",NA,NA,NA,"SPoRC","family_sporc",-0.468462905577236,0.639453592018943
"ln_srvsel_devs.160",-0.148805193884846,0.373855681320701,-5.44276051071597e-15,"fixed_effect",NA,NA,NA,"SPoRC","family_sporc",-0.398028440705166,0.690609221418042
"ln_srvsel_devs.161",-0.186222272244868,0.371425229793605,4.75612621685924e-15,"fixed_effect",NA,NA,NA,"SPoRC","family_sporc",-0.501372166743625,0.616109224454905
"ln_srvsel_devs.162",-0.27748955398589,0.318727854035871,8.18491805131737e-14,"fixed_effect",NA,NA,NA,"SPoRC","family_sporc",-0.87061595173499,0.383963883641169
"ln_srvsel_devs.163",-0.407784589491658,0.342709567920418,2.08775853404163e-14,"fixed_effect",NA,NA,NA,"SPoRC","family_sporc",-1.18988387737792,0.23409203615097
"ln_srvsel_devs.164",-0.189733680517915,0.392952034881038,1.78224609052482e-14,"fixed_effect",NA,NA,NA,"SPoRC","family_sporc",-0.482841832274403,0.629208045711453
"ln_srvsel_devs.165",-0.193911578311198,0.38223117935814,-4.57171073968629e-14,"fixed_effect",NA,NA,NA,"SPoRC","family_sporc",-0.507314915117136,0.611933874977289
"ln_srvsel_devs.166",-0.207843258919332,0.36674855837996,-1.05643430964751e-13,"fixed_effect",NA,NA,NA,"SPoRC","family_sporc",-0.566718680060909,0.570905327415001
"ln_srvsel_devs.167",-0.155921864560676,0.374368024880627,-9.83426159243892e-14,"fixed_effect",NA,NA,NA,"SPoRC","family_sporc",-0.416493541643666,0.677048892287482
"ln_srvsel_devs.168",-0.180178063910059,0.373424233201126,-4.08481654195377e-14,"fixed_effect",NA,NA,NA,"SPoRC","family_sporc",-0.482502333513571,0.629449141127147
"ln_srvsel_devs.169",-0.268073325841426,0.323619572265941,2.06961305592331e-13,"fixed_effect",NA,NA,NA,"SPoRC","family_sporc",-0.828359434395182,0.407466972727712
"ln_srvsel_devs.170",-0.375614358403839,0.343952041269799,-1.28638900347281e-14,"fixed_effect",NA,NA,NA,"SPoRC","family_sporc",-1.09205445333934,0.274809167393849
"ln_srvsel_devs.171",-0.177141124729261,0.395463887898147,-3.2886292021839e-15,"fixed_effect",NA,NA,NA,"SPoRC","family_sporc",-0.447932491815495,0.654201918116629
"ln_srvsel_devs.172",-0.216407271508264,0.386869474661424,-3.37942501581905e-14,"fixed_effect",NA,NA,NA,"SPoRC","family_sporc",-0.559380581002563,0.575902011437801
"ln_srvsel_devs.173",-0.214479250413094,0.371360255317899,-6.19168335366042e-14,"fixed_effect",NA,NA,NA,"SPoRC","family_sporc",-0.577550363405182,0.563567726884964
"ln_srvsel_devs.174",-0.153311350475725,0.378148850503057,-6.14708272126341e-14,"fixed_effect",NA,NA,NA,"SPoRC","family_sporc",-0.405425932861551,0.685164451968003
"ln_srvsel_devs.175",-0.187235069541158,0.376080687779705,-5.49416022925302e-14,"fixed_effect",NA,NA,NA,"SPoRC","family_sporc",-0.497858772399486,0.618583587661103
"ln_srvsel_devs.176",-0.267915182044632,0.327210162327376,2.46403253901413e-13,"fixed_effect",NA,NA,NA,"SPoRC","family_sporc",-0.818786250827323,0.412908376732206
"ln_srvsel_devs.177",-0.32293509949822,0.34529679332535,-3.60093508958568e-14,"fixed_effect",NA,NA,NA,"SPoRC","family_sporc",-0.935239207952734,0.349665036759883
"ln_srvsel_devs.178",-0.156723576271461,0.396149331410519,-2.47739091688364e-14,"fixed_effect",NA,NA,NA,"SPoRC","family_sporc",-0.395617419606477,0.692387284426888
"ln_srvsel_devs.179",-0.248826676578759,0.390058091295225,4.5766470608232e-15,"fixed_effect",NA,NA,NA,"SPoRC","family_sporc",-0.637922099635228,0.523524391052574
"ln_srvsel_devs.180",-0.251808680171715,0.376296482536037,-4.84901689070056e-15,"fixed_effect",NA,NA,NA,"SPoRC","family_sporc",-0.669176279498175,0.503383035688797
"ln_srvsel_devs.181",-0.180092629452303,0.382439400576934,-2.35845103892563e-14,"fixed_effect",NA,NA,NA,"SPoRC","family_sporc",-0.470905009213543,0.637708570726313
"ln_srvsel_devs.182",-0.198843916095005,0.379101280536004,-2.27799838460936e-14,"fixed_effect",NA,NA,NA,"SPoRC","family_sporc",-0.524513965803186,0.599921108740525
"ln_srvsel_devs.183",-0.26206443693478,0.330414239404865,1.24309419941733e-13,"fixed_effect",NA,NA,NA,"SPoRC","family_sporc",-0.79313905298635,0.427696811852484
"ln_srvsel_devs.184",-0.305486480487186,0.346473026289538,-6.96959580854624e-15,"fixed_effect",NA,NA,NA,"SPoRC","family_sporc",-0.88170350159351,0.377937166940533
"ln_srvsel_devs.185",-0.144952670795157,0.396982666065272,-6.75198333807531e-14,"fixed_effect",NA,NA,NA,"SPoRC","family_sporc",-0.365136020249618,0.715009874137434
"ln_srvsel_devs.186",-0.269575458332465,0.391012083650809,-2.58308056311921e-14,"fixed_effect",NA,NA,NA,"SPoRC","family_sporc",-0.689429993609119,0.490552713937631
"ln_srvsel_devs.187",-0.272233360869697,0.379804607664481,-9.1954487309647e-15,"fixed_effect",NA,NA,NA,"SPoRC","family_sporc",-0.716772138557591,0.473514705740266
"ln_srvsel_devs.188",-0.189903554106402,0.38656935065112,-1.19881410361817e-14,"fixed_effect",NA,NA,NA,"SPoRC","family_sporc",-0.49125351967645,0.623247149890068
"ln_srvsel_devs.189",-0.198494202658552,0.38222996957649,1.03305381065747e-14,"fixed_effect",NA,NA,NA,"SPoRC","family_sporc",-0.519305701953415,0.603547577762457
"ln_srvsel_devs.190",-0.259516349563561,0.333100097741098,1.22440143960586e-13,"fixed_effect",NA,NA,NA,"SPoRC","family_sporc",-0.779094186172441,0.435924234625864
"ln_srvsel_devs.191",-0.261428204163355,0.348369422110816,-5.48333865816852e-14,"fixed_effect",NA,NA,NA,"SPoRC","family_sporc",-0.750433842842253,0.452993454628349
"ln_srvsel_devs.192",-0.144605915846942,0.401990287702145,-1.88575092464442e-15,"fixed_effect",NA,NA,NA,"SPoRC","family_sporc",-0.359724899508237,0.719052869731743
"ln_srvsel_devs.193",-0.250961878155619,0.393468525608017,-6.54115903333128e-14,"fixed_effect",NA,NA,NA,"SPoRC","family_sporc",-0.637819448881746,0.523591217676875
"ln_srvsel_devs.194",-0.282316170557699,0.384043695499526,-2.00396803022181e-15,"fixed_effect",NA,NA,NA,"SPoRC","family_sporc",-0.735114711857176,0.462269635229034
"ln_srvsel_devs.195",-0.194716508140985,0.39173904318599,1.28521061438609e-14,"fixed_effect",NA,NA,NA,"SPoRC","family_sporc",-0.497056679766632,0.619149082198691
"ln_srvsel_devs.196",-0.19486614847373,0.387319402342804,-1.36691015241096e-14,"fixed_effect",NA,NA,NA,"SPoRC","family_sporc",-0.503114864101901,0.614883516747949
"ln_srvsel_devs.197",-0.264123023417146,0.338334358214468,1.26406194506105e-13,"fixed_effect",NA,NA,NA,"SPoRC","family_sporc",-0.780656817743945,0.435004364684429
"ln_srvsel_devs.198",-0.226945570997675,0.350666796698992,-2.90330146945853e-14,"fixed_effect",NA,NA,NA,"SPoRC","family_sporc",-0.647182947270832,0.517513546529206
"ln_srvsel_devs.199",-0.133492227587158,0.40587755477176,-6.53535032875437e-14,"fixed_effect",NA,NA,NA,"SPoRC","family_sporc",-0.328897782145715,0.74223295073519
"ln_srvsel_devs.200",-0.269244029962694,0.396863774312164,-6.53753772245398e-15,"fixed_effect",NA,NA,NA,"SPoRC","family_sporc",-0.678429343744821,0.497499509043937
"ln_srvsel_devs.201",-0.290408712582829,0.387972046515783,-4.56758793797972e-14,"fixed_effect",NA,NA,NA,"SPoRC","family_sporc",-0.748529991247746,0.454140541987537
"ln_srvsel_devs.202",-0.193541082258427,0.395817645997562,1.60576166013162e-15,"fixed_effect",NA,NA,NA,"SPoRC","family_sporc",-0.488965270284132,0.624866284701858
"ln_srvsel_devs.203",-0.186278588006555,0.391980326724192,2.04075151807176e-14,"fixed_effect",NA,NA,NA,"SPoRC","family_sporc",-0.475224329657812,0.6346270875293
"ln_srvsel_devs.204",-0.26699164065278,0.343481275174394,1.1832092981545e-13,"fixed_effect",NA,NA,NA,"SPoRC","family_sporc",-0.777310613270611,0.436975534851583
"ln_srvsel_devs.205",-0.180117175008486,0.352067460082844,-1.10926266452295e-14,"fixed_effect",NA,NA,NA,"SPoRC","family_sporc",-0.511598473105419,0.608932054322288
"ln_srvsel_devs.206",-0.123289127667538,0.406778079339262,-9.31273317115058e-14,"fixed_effect",NA,NA,NA,"SPoRC","family_sporc",-0.303086950672955,0.761823598579102
"ln_srvsel_devs.207",-0.289300066084914,0.394629820325537,-3.56395802393984e-13,"fixed_effect",NA,NA,NA,"SPoRC","family_sporc",-0.733092258071794,0.463502161725559
"ln_srvsel_devs.208",-0.299500415224481,0.389962428369052,-6.27361474799116e-14,"fixed_effect",NA,NA,NA,"SPoRC","family_sporc",-0.768023772128735,0.442473061941326
"ln_srvsel_devs.209",-0.190977111660956,0.398090515678512,-8.21323310697309e-14,"fixed_effect",NA,NA,NA,"SPoRC","family_sporc",-0.479732885209414,0.631417341200835
"ln_srvsel_devs.210",-0.175137973625504,0.39597142751426,3.24704275404692e-14,"fixed_effect",NA,NA,NA,"SPoRC","family_sporc",-0.442299523288704,0.658272475868023
"ln_srvsel_devs.211",-0.270784718466916,0.348247554955087,5.93386726307193e-13,"fixed_effect",NA,NA,NA,"SPoRC","family_sporc",-0.777563875507577,0.436826164355052
"ln_srvsel_devs.212",-0.164889585042651,0.354269693628396,1.95073892348725e-14,"fixed_effect",NA,NA,NA,"SPoRC","family_sporc",-0.465435198122277,0.64161983291148
"ln_srvsel_devs.213",-0.0987483663251172,0.411841757624288,1.32110020286158e-14,"fixed_effect",NA,NA,NA,"SPoRC","family_sporc",-0.239772593470725,0.81050655451207
"ln_srvsel_devs.214",-0.233869742453419,0.403287517193109,-2.70457536760113e-14,"fixed_effect",NA,NA,NA,"SPoRC","family_sporc",-0.579908210601603,0.561976518533148
"ln_srvsel_devs.215",-0.260886112088293,0.394010514198438,-1.20181654956938e-13,"fixed_effect",NA,NA,NA,"SPoRC","family_sporc",-0.66212982315721,0.50788802422606
"ln_srvsel_devs.216",-0.157876300840429,0.402003459545995,-1.50203698140343e-14,"fixed_effect",NA,NA,NA,"SPoRC","family_sporc",-0.392723736802483,0.694523536974076
"ln_srvsel_devs.217",-0.157968458723808,0.399915074035797,-3.14823552121155e-15,"fixed_effect",NA,NA,NA,"SPoRC","family_sporc",-0.395005012263347,0.692839188897776
"ln_srvsel_devs.218",-0.288467981177617,0.352472330648962,1.31565409101736e-13,"fixed_effect",NA,NA,NA,"SPoRC","family_sporc",-0.818413123794703,0.413121330449649
"ln_srvsel_devs.219",-0.130961081731478,0.355765355238201,-1.21376993950398e-13,"fixed_effect",NA,NA,NA,"SPoRC","family_sporc",-0.368110834299179,0.712790592643384
"ln_srvsel_devs.220",-0.085089544771846,0.413112383767935,-1.23624800516656e-14,"fixed_effect",NA,NA,NA,"SPoRC","family_sporc",-0.205971905261608,0.836812857106898
"ln_srvsel_devs.221",-0.178717538029686,0.406165292958127,-2.76072021918497e-14,"fixed_effect",NA,NA,NA,"SPoRC","family_sporc",-0.44001184032263,0.659928531755839
"ln_srvsel_devs.222",-0.225262001851488,0.396619865022957,-7.64588975504964e-14,"fixed_effect",NA,NA,NA,"SPoRC","family_sporc",-0.567954411054144,0.570065924186106
"ln_srvsel_devs.223",-0.123758915145088,0.403787512836253,-1.25179146317528e-13,"fixed_effect",NA,NA,NA,"SPoRC","family_sporc",-0.306495152056066,0.75922767044708
"ln_srvsel_devs.224",-0.131947080659099,0.403983801832236,-8.83311691728225e-15,"fixed_effect",NA,NA,NA,"SPoRC","family_sporc",-0.32661478024778,0.743959263117332
"ln_srvsel_devs.225",-0.308173172325267,0.357523618512538,3.85157208934618e-13,"fixed_effect",NA,NA,NA,"SPoRC","family_sporc",-0.861965913209898,0.388706275662365
"ln_srvsel_devs.226",-0.232946288060558,0.356632909969474,-1.37767758118963e-14,"fixed_effect",NA,NA,NA,"SPoRC","family_sporc",-0.653182254213437,0.513638789233421
"ln_srvsel_devs.227",-0.0440165764127332,0.415770064831932,-3.86424471878678e-14,"fixed_effect",NA,NA,NA,"SPoRC","family_sporc",-0.105867593980164,0.915687405795115
"ln_srvsel_devs.228",-0.109144558199784,0.409551176680394,-1.4798154646249e-14,"fixed_effect",NA,NA,NA,"SPoRC","family_sporc",-0.266497972449871,0.789855720715533
"ln_srvsel_devs.229",-0.184356167056341,0.402363498897527,3.56980897078499e-15,"fixed_effect",NA,NA,NA,"SPoRC","family_sporc",-0.458183129338213,0.646820879379459
"ln_srvsel_devs.230",-0.109413332654872,0.410711738022505,-2.13280762964234e-14,"fixed_effect",NA,NA,NA,"SPoRC","family_sporc",-0.266399332002722,0.78993167963014
"ln_srvsel_devs.231",-0.122748071408864,0.409608546572713,-2.46466554809601e-14,"fixed_effect",NA,NA,NA,"SPoRC","family_sporc",-0.299671655867352,0.76442762085615
"ln_srvsel_devs.232",-0.316271341009277,0.363265467915243,9.91582063507357e-14,"fixed_effect",NA,NA,NA,"SPoRC","family_sporc",-0.870634202651681,0.383953915142944
"ln_srvsel_devs.233",-0.354239928854637,0.356780646476559,-4.74714286574396e-14,"fixed_effect",NA,NA,NA,"SPoRC","family_sporc",-0.992878768377677,0.320769037714118
"ln_srvsel_devs.234",-0.0614813484368216,0.412628973397356,-5.08070359914511e-13,"fixed_effect",NA,NA,NA,"SPoRC","family_sporc",-0.148999106705035,0.8815543378429
"ln_srvsel_devs.235",-0.0458214205173075,0.407319901953085,-6.32841515814896e-13,"fixed_effect",NA,NA,NA,"SPoRC","family_sporc",-0.112494921798801,0.910430996003518
"ln_srvsel_devs.236",-0.172821551358969,0.405200989739034,-3.72407447972116e-14,"fixed_effect",NA,NA,NA,"SPoRC","family_sporc",-0.426508216256513,0.669737562329398
"ln_srvsel_devs.237",-0.120279600966195,0.41518060890165,-1.57625555212628e-15,"fixed_effect",NA,NA,NA,"SPoRC","family_sporc",-0.289704283840211,0.772042478779569
"ln_srvsel_devs.238",-0.145303687510522,0.413817500207678,3.46073328283462e-14,"fixed_effect",NA,NA,NA,"SPoRC","family_sporc",-0.35112987594193,0.725490915389901
"ln_srvsel_devs.239",-0.307658128281836,0.369903084574629,1.14307462879728e-12,"fixed_effect",NA,NA,NA,"SPoRC","family_sporc",-0.831726311867955,0.405563445380154
"ln_srvsel_devs.240",-0.37657489073073,0.359457633413408,2.84241964119154e-14,"fixed_effect",NA,NA,NA,"SPoRC","family_sporc",-1.0476196795566,0.294813866794395
"ln_srvsel_devs.241",-0.121244423429773,0.423806675042577,-2.80285041425194e-14,"fixed_effect",NA,NA,NA,"SPoRC","family_sporc",-0.286084270422575,0.774813578691624
"ln_srvsel_devs.242",-0.150266583815505,0.418076519920781,-2.61286184770884e-13,"fixed_effect",NA,NA,NA,"SPoRC","family_sporc",-0.359423638151163,0.71927819387464
"ln_srvsel_devs.243",-0.183999554392905,0.410333513844042,-1.58299379782048e-13,"fixed_effect",NA,NA,NA,"SPoRC","family_sporc",-0.448414638787801,0.653853978880165
"ln_srvsel_devs.244",-0.114694496253851,0.422183075492699,9.14471385376057e-16,"fixed_effect",NA,NA,NA,"SPoRC","family_sporc",-0.271670047691987,0.785875733846711
"ln_srvsel_devs.245",-0.1475177699232,0.421569618995227,-2.5770203748112e-14,"fixed_effect",NA,NA,NA,"SPoRC","family_sporc",-0.349925049805048,0.7263949470608
"ln_srvsel_devs.246",-0.287483274021968,0.37891641398541,4.32354896437426e-13,"fixed_effect",NA,NA,NA,"SPoRC","family_sporc",-0.75869839207609,0.448032998987363
"ln_srvsel_devs.247",-0.407048488840425,0.362015962266067,8.26814207087343e-15,"fixed_effect",NA,NA,NA,"SPoRC","family_sporc",-1.12439375958031,0.260846018255403
"ln_srvsel_devs.248",-0.17491214808874,0.432112275590299,-1.53811823920394e-14,"fixed_effect",NA,NA,NA,"SPoRC","family_sporc",-0.404784029451134,0.685636269087322
"ln_srvsel_devs.249",-0.221766883315976,0.427928757042677,-1.69092290479114e-13,"fixed_effect",NA,NA,NA,"SPoRC","family_sporc",-0.518233186403642,0.604295582935317
"ln_srvsel_devs.250",-0.183104117245082,0.414051073934617,-5.15813477129764e-13,"fixed_effect",NA,NA,NA,"SPoRC","family_sporc",-0.442225920355894,0.658325731063236
"ln_srvsel_devs.251",-0.108630420411359,0.427416346854426,-1.83516046820176e-13,"fixed_effect",NA,NA,NA,"SPoRC","family_sporc",-0.254155979786045,0.799375057195342
"ln_srvsel_devs.252",-0.144618757257234,0.429039277585567,8.41406119609519e-14,"fixed_effect",NA,NA,NA,"SPoRC","family_sporc",-0.337075798913052,0.736059760621321
"ln_srvsel_devs.253",-0.274089385658693,0.387680362354208,7.88910030699711e-13,"fixed_effect",NA,NA,NA,"SPoRC","family_sporc",-0.706998373593835,0.479567488501145
"ln_srvsel_devs.254",-0.439208106408553,0.365357539856775,3.24724025478692e-14,"fixed_effect",NA,NA,NA,"SPoRC","family_sporc",-1.20213231833324,0.229312266702336
"ln_srvsel_devs.255",-0.183316720071694,0.44175644663245,2.1653034333731e-14,"fixed_effect",NA,NA,NA,"SPoRC","family_sporc",-0.414972371018315,0.678162129088421
"ln_srvsel_devs.256",-0.179233491429449,0.442310797336241,2.39495249738667e-14,"fixed_effect",NA,NA,NA,"SPoRC","family_sporc",-0.405220701165016,0.685315289712322
"ln_srvsel_devs.257",-0.156593674423612,0.430667866552784,1.26166710722295e-15,"fixed_effect",NA,NA,NA,"SPoRC","family_sporc",-0.363606590101654,0.716151804981487
"ln_srvsel_devs.258",-0.0933279883827693,0.439887492365037,-2.3106391505913e-14,"fixed_effect",NA,NA,NA,"SPoRC","family_sporc",-0.212163314489792,0.831979626000956
"ln_srvsel_devs.259",-0.146226232918997,0.438021493806797,-3.54718205111056e-14,"fixed_effect",NA,NA,NA,"SPoRC","family_sporc",-0.333833464764846,0.738505229414861
"ln_srvsel_devs.260",-0.278634482534783,0.397014141428957,-4.87678356541444e-14,"fixed_effect",NA,NA,NA,"SPoRC","family_sporc",-0.701825082431334,0.482788254498833
"ln_srvsel_devs.261",-0.47790764210856,0.36912647338063,-5.70525216597689e-14,"fixed_effect",NA,NA,NA,"SPoRC","family_sporc",-1.29469890829466,0.195424116712423
"ln_srvsel_devs.262",-0.190701825075836,0.450087250166269,5.86587192568014e-16,"fixed_effect",NA,NA,NA,"SPoRC","family_sporc",-0.423699682684609,0.671784846624375
"ln_srvsel_devs.263",-0.136967250214204,0.452887742689043,-2.09198621852711e-14,"fixed_effect",NA,NA,NA,"SPoRC","family_sporc",-0.302430905727222,0.76232359775399
"ln_srvsel_devs.264",-0.138367181254988,0.442499242198254,4.53721032116935e-15,"fixed_effect",NA,NA,NA,"SPoRC","family_sporc",-0.312694730430735,0.754512599461511
"ln_srvsel_devs.265",-0.0902871872397729,0.449337965636351,1.12291716407372e-14,"fixed_effect",NA,NA,NA,"SPoRC","family_sporc",-0.200933805163578,0.840750334047271
"ln_srvsel_devs.266",-0.148367770780772,0.446223376319481,1.74943143492276e-14,"fixed_effect",NA,NA,NA,"SPoRC","family_sporc",-0.332496634319187,0.739514280711441
"ln_srvsel_devs.267",-0.280538526122654,0.406580586914233,8.21194992803994e-14,"fixed_effect",NA,NA,NA,"SPoRC","family_sporc",-0.689994886996002,0.49019740273493
"ln_srvsel_devs.268",-0.517635262874975,0.37477221301319,-3.45926342211089e-15,"fixed_effect",NA,NA,NA,"SPoRC","family_sporc",-1.38119968583892,0.167217571356617
"ln_srvsel_devs.269",-0.204699005762376,0.458678783835068,-6.92692353389116e-14,"fixed_effect",NA,NA,NA,"SPoRC","family_sporc",-0.446279647056843,0.655395256253605
"ln_srvsel_devs.270",-0.0930842262836802,0.461280126874532,-6.34073579036448e-15,"fixed_effect",NA,NA,NA,"SPoRC","family_sporc",-0.201795440255329,0.840076646370701
"ln_srvsel_devs.271",-0.124894406264423,0.452825251863796,-1.68855250829126e-14,"fixed_effect",NA,NA,NA,"SPoRC","family_sporc",-0.275811487434428,0.782692860128767
"ln_srvsel_devs.272",-0.0869874239022007,0.458568044310379,-2.66536206580606e-14,"fixed_effect",NA,NA,NA,"SPoRC","family_sporc",-0.189693601596286,0.84954923496378
"ln_srvsel_devs.273",-0.148385814809459,0.455118138381767,-9.29605773493207e-15,"fixed_effect",NA,NA,NA,"SPoRC","family_sporc",-0.326038015837084,0.744395592777399
"ln_srvsel_devs.274",-0.282347345658401,0.417165234104869,1.17445022129982e-13,"fixed_effect",NA,NA,NA,"SPoRC","family_sporc",-0.676823768078965,0.498517775956874
"ln_srvsel_devs.275",-0.567968033610852,0.383506814381091,2.53951598330833e-14,"fixed_effect",NA,NA,NA,"SPoRC","family_sporc",-1.48098550615704,0.138610435789878
"ln_srvsel_devs.276",-0.238183987086573,0.469003907039692,-1.39961517048002e-15,"fixed_effect",NA,NA,NA,"SPoRC","family_sporc",-0.50785075243822,0.61155801409483
"ln_srvsel_devs.277",-0.0372668911716378,0.467181095702917,-1.9831421834523e-13,"fixed_effect",NA,NA,NA,"SPoRC","family_sporc",-0.0797696899862062,0.936420431367369
"ln_srvsel_devs.278",-0.120084704409796,0.462382590894164,-1.66546601679569e-14,"fixed_effect",NA,NA,NA,"SPoRC","family_sporc",-0.259708533095016,0.79508860998824
"ln_srvsel_devs.279",-0.0832008033657523,0.468095762225863,2.88781311279401e-14,"fixed_effect",NA,NA,NA,"SPoRC","family_sporc",-0.177743124548106,0.858924715962789
"ln_srvsel_devs.280",-0.147540360048877,0.465235944181512,1.85438964385566e-14,"fixed_effect",NA,NA,NA,"SPoRC","family_sporc",-0.317130182854732,0.751144823400442
"ln_srvsel_devs.281",-0.283247576056854,0.429187423822758,1.44311377150692e-13,"fixed_effect",NA,NA,NA,"SPoRC","family_sporc",-0.659962432109444,0.509277937994077
"ln_srvsel_devs.282",-0.568860225247463,0.396754768637583,6.8638326964383e-16,"fixed_effect",NA,NA,NA,"SPoRC","family_sporc",-1.43378295666331,0.15163421010573
"ln_srvsel_devs.283",-0.249084988266674,0.48626678809002,-3.08311327775534e-15,"fixed_effect",NA,NA,NA,"SPoRC","family_sporc",-0.512239359889334,0.608483499475522
"ln_srvsel_devs.284",-0.124715265983855,0.487364127480587,-3.3589416236072e-14,"fixed_effect",NA,NA,NA,"SPoRC","family_sporc",-0.255897508560111,0.798029978471143
"ln_srvsel_devs.285",-0.124332027888913,0.476881913363374,-2.64071739340676e-13,"fixed_effect",NA,NA,NA,"SPoRC","family_sporc",-0.260718690318991,0.794309451628704
"ln_srvsel_devs.286",-0.0625890285839703,0.480978685885779,-3.51073031137754e-14,"fixed_effect",NA,NA,NA,"SPoRC","family_sporc",-0.130128486813725,0.89646477251958
"ln_srvsel_devs.287",-0.132671255262197,0.479642976730436,8.1695860032665e-15,"fixed_effect",NA,NA,NA,"SPoRC","family_sporc",-0.276604186235711,0.782084049925372
"ln_srvsel_devs.288",-0.276548490650682,0.444191174496356,2.97896365348628e-13,"fixed_effect",NA,NA,NA,"SPoRC","family_sporc",-0.622588890840177,0.533554713337476
"ln_srvsel_devs.289",-0.581164072292684,0.419146604742023,9.27142779000942e-15,"fixed_effect",NA,NA,NA,"SPoRC","family_sporc",-1.38654128583573,0.165581682651097
"ln_srvsel_devs.290",-0.264919324565044,0.50712706020446,-4.40723205278957e-14,"fixed_effect",NA,NA,NA,"SPoRC","family_sporc",-0.522392404890078,0.601397143078481
"ln_srvsel_devs.291",-0.198204669577979,0.508158270952734,-5.82004805457517e-14,"fixed_effect",NA,NA,NA,"SPoRC","family_sporc",-0.390045151102962,0.696503159996535
"ln_srvsel_devs.292",-0.137156085930805,0.497504567485904,-1.10340675290144e-13,"fixed_effect",NA,NA,NA,"SPoRC","family_sporc",-0.275688093928286,0.782787641052149
"ln_srvsel_devs.293",-0.0383987528459315,0.495298545796305,-3.86169341307815e-13,"fixed_effect",NA,NA,NA,"SPoRC","family_sporc",-0.0775264800832328,0.938204726602229
"ln_srvsel_devs.294",-0.116087632785921,0.499188381946932,1.85425330230338e-14,"fixed_effect",NA,NA,NA,"SPoRC","family_sporc",-0.232552753598063,0.816108718596518
"ln_srvsel_devs.295",-0.271089288457407,0.462062484960693,5.78331378577377e-13,"fixed_effect",NA,NA,NA,"SPoRC","family_sporc",-0.58669400196051,0.557409236845131
"spawning_biomass",606.667897930512,NA,NA,"derived_quantity","population",1964,NA,"SPoRC","family_sporc",NA,NA
"spawning_biomass",654.947674972995,NA,NA,"derived_quantity","population",1965,NA,"SPoRC","family_sporc",NA,NA
"spawning_biomass",714.053096136464,NA,NA,"derived_quantity","population",1966,NA,"SPoRC","family_sporc",NA,NA
"spawning_biomass",873.714057069316,NA,NA,"derived_quantity","population",1967,NA,"SPoRC","family_sporc",NA,NA
"spawning_biomass",1074.47520652425,NA,NA,"derived_quantity","population",1968,NA,"SPoRC","family_sporc",NA,NA
"spawning_biomass",1315.62199471115,NA,NA,"derived_quantity","population",1969,NA,"SPoRC","family_sporc",NA,NA
"spawning_biomass",1480.83094374083,NA,NA,"derived_quantity","population",1970,NA,"SPoRC","family_sporc",NA,NA
"spawning_biomass",1638.23014973104,NA,NA,"derived_quantity","population",1971,NA,"SPoRC","family_sporc",NA,NA
"spawning_biomass",1579.92806688932,NA,NA,"derived_quantity","population",1972,NA,"SPoRC","family_sporc",NA,NA
"spawning_biomass",1375.5221536148,NA,NA,"derived_quantity","population",1973,NA,"SPoRC","family_sporc",NA,NA
"spawning_biomass",1051.32441542839,NA,NA,"derived_quantity","population",1974,NA,"SPoRC","family_sporc",NA,NA
"spawning_biomass",1003.92231997079,NA,NA,"derived_quantity","population",1975,NA,"SPoRC","family_sporc",NA,NA
"spawning_biomass",968.812609107294,NA,NA,"derived_quantity","population",1976,NA,"SPoRC","family_sporc",NA,NA
"spawning_biomass",1149.81630510343,NA,NA,"derived_quantity","population",1977,NA,"SPoRC","family_sporc",NA,NA
"spawning_biomass",1021.10636284418,NA,NA,"derived_quantity","population",1978,NA,"SPoRC","family_sporc",NA,NA
"spawning_biomass",932.234669861058,NA,NA,"derived_quantity","population",1979,NA,"SPoRC","family_sporc",NA,NA
"spawning_biomass",1096.72350217582,NA,NA,"derived_quantity","population",1980,NA,"SPoRC","family_sporc",NA,NA
"spawning_biomass",1680.80061702152,NA,NA,"derived_quantity","population",1981,NA,"SPoRC","family_sporc",NA,NA
"spawning_biomass",2341.29932608341,NA,NA,"derived_quantity","population",1982,NA,"SPoRC","family_sporc",NA,NA
"spawning_biomass",3161.28909000693,NA,NA,"derived_quantity","population",1983,NA,"SPoRC","family_sporc",NA,NA
"spawning_biomass",3298.31594143872,NA,NA,"derived_quantity","population",1984,NA,"SPoRC","family_sporc",NA,NA
"spawning_biomass",3832.18002902195,NA,NA,"derived_quantity","population",1985,NA,"SPoRC","family_sporc",NA,NA
"spawning_biomass",3781.45507075247,NA,NA,"derived_quantity","population",1986,NA,"SPoRC","family_sporc",NA,NA
"spawning_biomass",3860.78102021173,NA,NA,"derived_quantity","population",1987,NA,"SPoRC","family_sporc",NA,NA
"spawning_biomass",3688.52278023486,NA,NA,"derived_quantity","population",1988,NA,"SPoRC","family_sporc",NA,NA
"spawning_biomass",3221.06513304051,NA,NA,"derived_quantity","population",1989,NA,"SPoRC","family_sporc",NA,NA
"spawning_biomass",2743.68549370201,NA,NA,"derived_quantity","population",1990,NA,"SPoRC","family_sporc",NA,NA
"spawning_biomass",2210.64626089954,NA,NA,"derived_quantity","population",1991,NA,"SPoRC","family_sporc",NA,NA
"spawning_biomass",2098.50263267507,NA,NA,"derived_quantity","population",1992,NA,"SPoRC","family_sporc",NA,NA
"spawning_biomass",2763.74382915736,NA,NA,"derived_quantity","population",1993,NA,"SPoRC","family_sporc",NA,NA
"spawning_biomass",3218.39622273537,NA,NA,"derived_quantity","population",1994,NA,"SPoRC","family_sporc",NA,NA
"spawning_biomass",3441.06157517029,NA,NA,"derived_quantity","population",1995,NA,"SPoRC","family_sporc",NA,NA
"spawning_biomass",3372.99659878916,NA,NA,"derived_quantity","population",1996,NA,"SPoRC","family_sporc",NA,NA
"spawning_biomass",3272.39455094433,NA,NA,"derived_quantity","population",1997,NA,"SPoRC","family_sporc",NA,NA
"spawning_biomass",2777.75582657675,NA,NA,"derived_quantity","population",1998,NA,"SPoRC","family_sporc",NA,NA
"spawning_biomass",2900.38747465493,NA,NA,"derived_quantity","population",1999,NA,"SPoRC","family_sporc",NA,NA
"spawning_biomass",2795.15091831345,NA,NA,"derived_quantity","population",2000,NA,"SPoRC","family_sporc",NA,NA
"spawning_biomass",2834.38628482356,NA,NA,"derived_quantity","population",2001,NA,"SPoRC","family_sporc",NA,NA
"spawning_biomass",2633.82507306614,NA,NA,"derived_quantity","population",2002,NA,"SPoRC","family_sporc",NA,NA
"spawning_biomass",2668.64555308807,NA,NA,"derived_quantity","population",2003,NA,"SPoRC","family_sporc",NA,NA
"spawning_biomass",2968.51678571164,NA,NA,"derived_quantity","population",2004,NA,"SPoRC","family_sporc",NA,NA
"spawning_biomass",2617.80134173194,NA,NA,"derived_quantity","population",2005,NA,"SPoRC","family_sporc",NA,NA
"spawning_biomass",2394.89242745954,NA,NA,"derived_quantity","population",2006,NA,"SPoRC","family_sporc",NA,NA
"spawning_biomass",1962.79523359724,NA,NA,"derived_quantity","population",2007,NA,"SPoRC","family_sporc",NA,NA
"spawning_biomass",1499.82594733023,NA,NA,"derived_quantity","population",2008,NA,"SPoRC","family_sporc",NA,NA
"spawning_biomass",1589.70707845644,NA,NA,"derived_quantity","population",2009,NA,"SPoRC","family_sporc",NA,NA
"spawning_biomass",1629.52896760248,NA,NA,"derived_quantity","population",2010,NA,"SPoRC","family_sporc",NA,NA
"spawning_biomass",2003.86810564961,NA,NA,"derived_quantity","population",2011,NA,"SPoRC","family_sporc",NA,NA
"spawning_biomass",2448.78457175054,NA,NA,"derived_quantity","population",2012,NA,"SPoRC","family_sporc",NA,NA
"spawning_biomass",2797.85485420819,NA,NA,"derived_quantity","population",2013,NA,"SPoRC","family_sporc",NA,NA
"spawning_biomass",2759.92996185038,NA,NA,"derived_quantity","population",2014,NA,"SPoRC","family_sporc",NA,NA
"spawning_biomass",2583.95736376479,NA,NA,"derived_quantity","population",2015,NA,"SPoRC","family_sporc",NA,NA
"spawning_biomass",2851.97794178307,NA,NA,"derived_quantity","population",2016,NA,"SPoRC","family_sporc",NA,NA
"spawning_biomass",3309.40897730717,NA,NA,"derived_quantity","population",2017,NA,"SPoRC","family_sporc",NA,NA
"spawning_biomass",3166.34213834029,NA,NA,"derived_quantity","population",2018,NA,"SPoRC","family_sporc",NA,NA
"spawning_biomass",3087.86155433417,NA,NA,"derived_quantity","population",2019,NA,"SPoRC","family_sporc",NA,NA
"spawning_biomass",2390.39201819427,NA,NA,"derived_quantity","population",2020,NA,"SPoRC","family_sporc",NA,NA
"spawning_biomass",2517.61600651341,NA,NA,"derived_quantity","population",2021,NA,"SPoRC","family_sporc",NA,NA
"spawning_biomass",3354.11205474208,NA,NA,"derived_quantity","population",2022,NA,"SPoRC","family_sporc",NA,NA
"spawning_biomass",3240.23014592367,NA,NA,"derived_quantity","population",2023,NA,"SPoRC","family_sporc",NA,NA
"spawning_biomass",3275.07579240563,NA,NA,"derived_quantity","population",2024,NA,"SPoRC","family_sporc",NA,NA
"recruitment",6093.58827689416,NA,NA,"derived_quantity","population",1964,NA,"SPoRC","family_sporc",NA,NA
"recruitment",20364.4122384438,NA,NA,"derived_quantity","population",1965,NA,"SPoRC","family_sporc",NA,NA
"recruitment",14906.9826465206,NA,NA,"derived_quantity","population",1966,NA,"SPoRC","family_sporc",NA,NA
"recruitment",25347.1237995077,NA,NA,"derived_quantity","population",1967,NA,"SPoRC","family_sporc",NA,NA
"recruitment",22501.0804686604,NA,NA,"derived_quantity","population",1968,NA,"SPoRC","family_sporc",NA,NA
"recruitment",26846.6093878886,NA,NA,"derived_quantity","population",1969,NA,"SPoRC","family_sporc",NA,NA
"recruitment",24316.6515227417,NA,NA,"derived_quantity","population",1970,NA,"SPoRC","family_sporc",NA,NA
"recruitment",14845.7686097575,NA,NA,"derived_quantity","population",1971,NA,"SPoRC","family_sporc",NA,NA
"recruitment",12066.525302621,NA,NA,"derived_quantity","population",1972,NA,"SPoRC","family_sporc",NA,NA
"recruitment",27370.4151070147,NA,NA,"derived_quantity","population",1973,NA,"SPoRC","family_sporc",NA,NA
"recruitment",19611.3063235161,NA,NA,"derived_quantity","population",1974,NA,"SPoRC","family_sporc",NA,NA
"recruitment",16399.2694363681,NA,NA,"derived_quantity","population",1975,NA,"SPoRC","family_sporc",NA,NA
"recruitment",12660.2341747526,NA,NA,"derived_quantity","population",1976,NA,"SPoRC","family_sporc",NA,NA
"recruitment",13310.4832798581,NA,NA,"derived_quantity","population",1977,NA,"SPoRC","family_sporc",NA,NA
"recruitment",24698.8416427623,NA,NA,"derived_quantity","population",1978,NA,"SPoRC","family_sporc",NA,NA
"recruitment",57100.8510375002,NA,NA,"derived_quantity","population",1979,NA,"SPoRC","family_sporc",NA,NA
"recruitment",27678.630547616,NA,NA,"derived_quantity","population",1980,NA,"SPoRC","family_sporc",NA,NA
"recruitment",32222.5973434503,NA,NA,"derived_quantity","population",1981,NA,"SPoRC","family_sporc",NA,NA
"recruitment",18522.832011385,NA,NA,"derived_quantity","population",1982,NA,"SPoRC","family_sporc",NA,NA
"recruitment",51420.2088398797,NA,NA,"derived_quantity","population",1983,NA,"SPoRC","family_sporc",NA,NA
"recruitment",14227.5973998567,NA,NA,"derived_quantity","population",1984,NA,"SPoRC","family_sporc",NA,NA
"recruitment",33594.9549128987,NA,NA,"derived_quantity","population",1985,NA,"SPoRC","family_sporc",NA,NA
"recruitment",13221.1540501101,NA,NA,"derived_quantity","population",1986,NA,"SPoRC","family_sporc",NA,NA
"recruitment",7320.84681291711,NA,NA,"derived_quantity","population",1987,NA,"SPoRC","family_sporc",NA,NA
"recruitment",5543.22641913305,NA,NA,"derived_quantity","population",1988,NA,"SPoRC","family_sporc",NA,NA
"recruitment",11568.4313317464,NA,NA,"derived_quantity","population",1989,NA,"SPoRC","family_sporc",NA,NA
"recruitment",49502.1567447537,NA,NA,"derived_quantity","population",1990,NA,"SPoRC","family_sporc",NA,NA
"recruitment",27150.3687719085,NA,NA,"derived_quantity","population",1991,NA,"SPoRC","family_sporc",NA,NA
"recruitment",23248.1883276603,NA,NA,"derived_quantity","population",1992,NA,"SPoRC","family_sporc",NA,NA
"recruitment",45058.537059948,NA,NA,"derived_quantity","population",1993,NA,"SPoRC","family_sporc",NA,NA
"recruitment",15339.0997017025,NA,NA,"derived_quantity","population",1994,NA,"SPoRC","family_sporc",NA,NA
"recruitment",10903.9620742932,NA,NA,"derived_quantity","population",1995,NA,"SPoRC","family_sporc",NA,NA
"recruitment",22410.0702604515,NA,NA,"derived_quantity","population",1996,NA,"SPoRC","family_sporc",NA,NA
"recruitment",29974.8901274768,NA,NA,"derived_quantity","population",1997,NA,"SPoRC","family_sporc",NA,NA
"recruitment",14679.5708685285,NA,NA,"derived_quantity","population",1998,NA,"SPoRC","family_sporc",NA,NA
"recruitment",15988.799594877,NA,NA,"derived_quantity","population",1999,NA,"SPoRC","family_sporc",NA,NA
"recruitment",24480.0828658584,NA,NA,"derived_quantity","population",2000,NA,"SPoRC","family_sporc",NA,NA
"recruitment",34575.5562198494,NA,NA,"derived_quantity","population",2001,NA,"SPoRC","family_sporc",NA,NA
"recruitment",23077.0286009821,NA,NA,"derived_quantity","population",2002,NA,"SPoRC","family_sporc",NA,NA
"recruitment",14351.2652123959,NA,NA,"derived_quantity","population",2003,NA,"SPoRC","family_sporc",NA,NA
"recruitment",6471.35631885162,NA,NA,"derived_quantity","population",2004,NA,"SPoRC","family_sporc",NA,NA
"recruitment",4566.92119233955,NA,NA,"derived_quantity","population",2005,NA,"SPoRC","family_sporc",NA,NA
"recruitment",11448.9269867946,NA,NA,"derived_quantity","population",2006,NA,"SPoRC","family_sporc",NA,NA
"recruitment",25132.8542163652,NA,NA,"derived_quantity","population",2007,NA,"SPoRC","family_sporc",NA,NA
"recruitment",13468.0634660479,NA,NA,"derived_quantity","population",2008,NA,"SPoRC","family_sporc",NA,NA
"recruitment",49861.086254519,NA,NA,"derived_quantity","population",2009,NA,"SPoRC","family_sporc",NA,NA
"recruitment",22829.0028489009,NA,NA,"derived_quantity","population",2010,NA,"SPoRC","family_sporc",NA,NA
"recruitment",14363.8692651092,NA,NA,"derived_quantity","population",2011,NA,"SPoRC","family_sporc",NA,NA
"recruitment",12446.1120134816,NA,NA,"derived_quantity","population",2012,NA,"SPoRC","family_sporc",NA,NA
"recruitment",43428.9679489608,NA,NA,"derived_quantity","population",2013,NA,"SPoRC","family_sporc",NA,NA
"recruitment",49864.5338443304,NA,NA,"derived_quantity","population",2014,NA,"SPoRC","family_sporc",NA,NA
"recruitment",21636.3895673263,NA,NA,"derived_quantity","population",2015,NA,"SPoRC","family_sporc",NA,NA
"recruitment",8227.82933315822,NA,NA,"derived_quantity","population",2016,NA,"SPoRC","family_sporc",NA,NA
"recruitment",8272.24686411988,NA,NA,"derived_quantity","population",2017,NA,"SPoRC","family_sporc",NA,NA
"recruitment",16857.3678412873,NA,NA,"derived_quantity","population",2018,NA,"SPoRC","family_sporc",NA,NA
"recruitment",75424.1149046972,NA,NA,"derived_quantity","population",2019,NA,"SPoRC","family_sporc",NA,NA
"recruitment",19664.3845865401,NA,NA,"derived_quantity","population",2020,NA,"SPoRC","family_sporc",NA,NA
"recruitment",11811.2058952547,NA,NA,"derived_quantity","population",2021,NA,"SPoRC","family_sporc",NA,NA
"recruitment",11721.9272548539,NA,NA,"derived_quantity","population",2022,NA,"SPoRC","family_sporc",NA,NA
"recruitment",18743.3338154757,NA,NA,"derived_quantity","population",2023,NA,"SPoRC","family_sporc",NA,NA
"recruitment",20124.3254718504,NA,NA,"derived_quantity","population",2024,NA,"SPoRC","family_sporc",NA,NA
