"data_type","fleet","year","age",".truth",".pred","uncertainty","uncertainty_scale","sample_size","distribution","engine","model"
"catch","fishery",1964,NA,174.792,175.38464772413,NA,NA,NA,"lognormal","custom RTMB","base coefficients"
"catch","fishery",1965,NA,230.551,231.393842451906,NA,NA,NA,"lognormal","custom RTMB","base coefficients"
"catch","fishery",1966,NA,261.678,262.947695655971,NA,NA,NA,"lognormal","custom RTMB","base coefficients"
"catch","fishery",1967,NA,550.362,551.598528861299,NA,NA,NA,"lognormal","custom RTMB","base coefficients"
"catch","fishery",1968,NA,702.181,704.103348612259,NA,NA,NA,"lognormal","custom RTMB","base coefficients"
"catch","fishery",1969,NA,862.789,865.385737422259,NA,NA,NA,"lognormal","custom RTMB","base coefficients"
"catch","fishery",1970,NA,1256.565,1255.621307505,NA,NA,NA,"lognormal","custom RTMB","base coefficients"
"catch","fishery",1971,NA,1743.763,1732.42573366486,NA,NA,NA,"lognormal","custom RTMB","base coefficients"
"catch","fishery",1972,NA,1874.534,1861.59839040418,NA,NA,NA,"lognormal","custom RTMB","base coefficients"
"catch","fishery",1973,NA,1758.919,1750.04409129275,NA,NA,NA,"lognormal","custom RTMB","base coefficients"
"catch","fishery",1974,NA,1588.39,1586.05014934145,NA,NA,NA,"lognormal","custom RTMB","base coefficients"
"catch","fishery",1975,NA,1356.736,1355.30400252791,NA,NA,NA,"lognormal","custom RTMB","base coefficients"
"catch","fishery",1976,NA,1177.822,1178.07118900823,NA,NA,NA,"lognormal","custom RTMB","base coefficients"
"catch","fishery",1977,NA,978.37,978.341517766651,NA,NA,NA,"lognormal","custom RTMB","base coefficients"
"catch","fishery",1978,NA,979.431,978.912715294671,NA,NA,NA,"lognormal","custom RTMB","base coefficients"
"catch","fishery",1979,NA,935.714,935.697028766903,NA,NA,NA,"lognormal","custom RTMB","base coefficients"
"catch","fishery",1980,NA,958.28,959.691391581659,NA,NA,NA,"lognormal","custom RTMB","base coefficients"
"catch","fishery",1981,NA,973.502,975.67456273731,NA,NA,NA,"lognormal","custom RTMB","base coefficients"
"catch","fishery",1982,NA,955.964,953.188232577123,NA,NA,NA,"lognormal","custom RTMB","base coefficients"
"catch","fishery",1983,NA,981.45,975.796982343639,NA,NA,NA,"lognormal","custom RTMB","base coefficients"
"catch","fishery",1984,NA,1092.055,1086.18631881548,NA,NA,NA,"lognormal","custom RTMB","base coefficients"
"catch","fishery",1985,NA,1139.676,1130.60070674153,NA,NA,NA,"lognormal","custom RTMB","base coefficients"
"catch","fishery",1986,NA,1141.993,1130.96591182254,NA,NA,NA,"lognormal","custom RTMB","base coefficients"
"catch","fishery",1987,NA,859.416,852.965013919292,NA,NA,NA,"lognormal","custom RTMB","base coefficients"
"catch","fishery",1988,NA,1228.721,1214.97371051629,NA,NA,NA,"lognormal","custom RTMB","base coefficients"
"catch","fishery",1989,NA,1229.6,1214.52091561062,NA,NA,NA,"lognormal","custom RTMB","base coefficients"
"catch","fishery",1990,NA,1455.193,1436.85974372654,NA,NA,NA,"lognormal","custom RTMB","base coefficients"
"catch","fishery",1991,NA,1195.66393,1183.93049133276,NA,NA,NA,"lognormal","custom RTMB","base coefficients"
"catch","fishery",1992,NA,1390.30916,1388.96456621159,NA,NA,NA,"lognormal","custom RTMB","base coefficients"
"catch","fishery",1993,NA,1326.60896,1338.5521171167,NA,NA,NA,"lognormal","custom RTMB","base coefficients"
"catch","fishery",1994,NA,1329.37306,1339.21747001518,NA,NA,NA,"lognormal","custom RTMB","base coefficients"
"catch","fishery",1995,NA,1264.24689,1277.88618440892,NA,NA,NA,"lognormal","custom RTMB","base coefficients"
"catch","fishery",1996,NA,1192.78109,1208.89586821773,NA,NA,NA,"lognormal","custom RTMB","base coefficients"
"catch","fishery",1997,NA,1124.43305,1128.54941477373,NA,NA,NA,"lognormal","custom RTMB","base coefficients"
"catch","fishery",1998,NA,1102.15914,1088.44081804988,NA,NA,NA,"lognormal","custom RTMB","base coefficients"
"catch","fishery",1999,NA,989.68031,975.532221926924,NA,NA,NA,"lognormal","custom RTMB","base coefficients"
"catch","fishery",2000,NA,1132.70985,1121.29574377242,NA,NA,NA,"lognormal","custom RTMB","base coefficients"
"catch","fishery",2001,NA,1387.19702,1388.4078718408,NA,NA,NA,"lognormal","custom RTMB","base coefficients"
"catch","fishery",2002,NA,1480.77611,1486.69990086838,NA,NA,NA,"lognormal","custom RTMB","base coefficients"
"catch","fishery",2003,NA,1490.779227,1496.27478083447,NA,NA,NA,"lognormal","custom RTMB","base coefficients"
"catch","fishery",2004,NA,1480.551669,1490.49484331584,NA,NA,NA,"lognormal","custom RTMB","base coefficients"
"catch","fishery",2005,NA,1483.021809,1499.81609103474,NA,NA,NA,"lognormal","custom RTMB","base coefficients"
"catch","fishery",2006,NA,1488.031045,1479.72249262063,NA,NA,NA,"lognormal","custom RTMB","base coefficients"
"catch","fishery",2007,NA,1354.501789,1317.95505984731,NA,NA,NA,"lognormal","custom RTMB","base coefficients"
"catch","fishery",2008,NA,990.578068,965.720242183373,NA,NA,NA,"lognormal","custom RTMB","base coefficients"
"catch","fishery",2009,NA,810.784346,792.316348093176,NA,NA,NA,"lognormal","custom RTMB","base coefficients"
"catch","fishery",2010,NA,810.1859078,794.782052334423,NA,NA,NA,"lognormal","custom RTMB","base coefficients"
"catch","fishery",2011,NA,1199.040625,1189.23819366954,NA,NA,NA,"lognormal","custom RTMB","base coefficients"
"catch","fishery",2012,NA,1205.221865,1191.84508176733,NA,NA,NA,"lognormal","custom RTMB","base coefficients"
"catch","fishery",2013,NA,1270.770468,1238.59359531577,NA,NA,NA,"lognormal","custom RTMB","base coefficients"
"catch","fishery",2014,NA,1297.422339,1284.97047165835,NA,NA,NA,"lognormal","custom RTMB","base coefficients"
"catch","fishery",2015,NA,1321.583785,1365.47793512239,NA,NA,NA,"lognormal","custom RTMB","base coefficients"
"catch","fishery",2016,NA,1352.680796,1428.55589302299,NA,NA,NA,"lognormal","custom RTMB","base coefficients"
"catch","fishery",2017,NA,1359.182092,1436.39000451929,NA,NA,NA,"lognormal","custom RTMB","base coefficients"
"catch","fishery",2018,NA,1379.287269,1416.53841205485,NA,NA,NA,"lognormal","custom RTMB","base coefficients"
"catch","fishery",2019,NA,1409.337138,1452.01031803583,NA,NA,NA,"lognormal","custom RTMB","base coefficients"
"catch","fishery",2020,NA,1367.22904,1376.79164864518,NA,NA,NA,"lognormal","custom RTMB","base coefficients"
"catch","fishery",2021,NA,1376.257582,1378.96898958306,NA,NA,NA,"lognormal","custom RTMB","base coefficients"
"catch","fishery",2022,NA,1105.418688,1105.14044330952,NA,NA,NA,"lognormal","custom RTMB","base coefficients"
"catch","fishery",2023,NA,1310.7156,1311.61846803477,NA,NA,NA,"lognormal","custom RTMB","base coefficients"
"catch","fishery",2024,NA,1300,1297.81050098509,NA,NA,NA,"lognormal","custom RTMB","base coefficients"
"age_composition","fishery",1964,1,0.025321,0.0248384339388645,NA,NA,10,"composition","custom RTMB","base coefficients"
"age_composition","fishery",1964,2,0.105571,0.107915714310444,NA,NA,10,"composition","custom RTMB","base coefficients"
"age_composition","fishery",1964,3,0.165563,0.26046465466615,NA,NA,10,"composition","custom RTMB","base coefficients"
"age_composition","fishery",1964,4,0.193611,0.209262982622868,NA,NA,10,"composition","custom RTMB","base coefficients"
"age_composition","fishery",1964,5,0.095442,0.0987949558915757,NA,NA,10,"composition","custom RTMB","base coefficients"
"age_composition","fishery",1964,6,0.268407,0.145587178444453,NA,NA,10,"composition","custom RTMB","base coefficients"
"age_composition","fishery",1964,7,0.120764,0.0621681751009967,NA,NA,10,"composition","custom RTMB","base coefficients"
"age_composition","fishery",1964,8,0.025321,0.0182998174353821,NA,NA,10,"composition","custom RTMB","base coefficients"
"age_composition","fishery",1964,9,0,0.0108615715081941,NA,NA,10,"composition","custom RTMB","base coefficients"
"age_composition","fishery",1964,10,0,0.0105502603289652,NA,NA,10,"composition","custom RTMB","base coefficients"
"age_composition","fishery",1964,11,0,0.0102931395493837,NA,NA,10,"composition","custom RTMB","base coefficients"
"age_composition","fishery",1964,12,0,0.010268312978396,NA,NA,10,"composition","custom RTMB","base coefficients"
"age_composition","fishery",1964,13,0,0.0102483008675761,NA,NA,10,"composition","custom RTMB","base coefficients"
"age_composition","fishery",1964,14,0,0.0102316766080036,NA,NA,10,"composition","custom RTMB","base coefficients"
"age_composition","fishery",1964,15,0,0.0102148257487462,NA,NA,10,"composition","custom RTMB","base coefficients"
"age_composition","fishery",1965,1,0.01417,0.0561134186434459,NA,NA,10,"composition","custom RTMB","base coefficients"
"age_composition","fishery",1965,2,0.015327,0.0595532885117225,NA,NA,10,"composition","custom RTMB","base coefficients"
"age_composition","fishery",1965,3,0.204164,0.182831758698045,NA,NA,10,"composition","custom RTMB","base coefficients"
"age_composition","fishery",1965,4,0.550318,0.470077861877215,NA,NA,10,"composition","custom RTMB","base coefficients"
"age_composition","fishery",1965,5,0.13476,0.0839533382166224,NA,NA,10,"composition","custom RTMB","base coefficients"
"age_composition","fishery",1965,6,0.033545,0.0204173430772293,NA,NA,10,"composition","custom RTMB","base coefficients"
"age_composition","fishery",1965,7,0.032389,0.060562421132589,NA,NA,10,"composition","custom RTMB","base coefficients"
"age_composition","fishery",1965,8,0.015327,0.0259630147886444,NA,NA,10,"composition","custom RTMB","base coefficients"
"age_composition","fishery",1965,9,0,0.00778774708833487,NA,NA,10,"composition","custom RTMB","base coefficients"
"age_composition","fishery",1965,10,0,0.00472706030730316,NA,NA,10,"composition","custom RTMB","base coefficients"
"age_composition","fishery",1965,11,0,0.00465022293369748,NA,NA,10,"composition","custom RTMB","base coefficients"
"age_composition","fishery",1965,12,0,0.00469159761463896,NA,NA,10,"composition","custom RTMB","base coefficients"
"age_composition","fishery",1965,13,0,0.00468028170070748,NA,NA,10,"composition","custom RTMB","base coefficients"
"age_composition","fishery",1965,14,0,0.00467116021052109,NA,NA,10,"composition","custom RTMB","base coefficients"
"age_composition","fishery",1965,15,0,0.00931948519928315,NA,NA,10,"composition","custom RTMB","base coefficients"
"age_composition","fishery",1966,1,0.028428,0.033835718597368,NA,NA,10,"composition","custom RTMB","base coefficients"
"age_composition","fishery",1966,2,0.168302,0.169325435128843,NA,NA,10,"composition","custom RTMB","base coefficients"
"age_composition","fishery",1966,3,0.057358,0.131822207920608,NA,NA,10,"composition","custom RTMB","base coefficients"
"age_composition","fishery",1966,4,0.420126,0.360883425892949,NA,NA,10,"composition","custom RTMB","base coefficients"
"age_composition","fishery",1966,5,0.264906,0.21297346473501,NA,NA,10,"composition","custom RTMB","base coefficients"
"age_composition","fishery",1966,6,0.024151,0.018824388463961,NA,NA,10,"composition","custom RTMB","base coefficients"
"age_composition","fishery",1966,7,0.026415,0.00948866156855303,NA,NA,10,"composition","custom RTMB","base coefficients"
"age_composition","fishery",1966,8,0.010314,0.0286922682986097,NA,NA,10,"composition","custom RTMB","base coefficients"
"age_composition","fishery",1966,9,0,0.0127333281785475,NA,NA,10,"composition","custom RTMB","base coefficients"
"age_composition","fishery",1966,10,0,0.00395383759895484,NA,NA,10,"composition","custom RTMB","base coefficients"
"age_composition","fishery",1966,11,0,0.00245054161806588,NA,NA,10,"composition","custom RTMB","base coefficients"
"age_composition","fishery",1966,12,0,0.00249283311572875,NA,NA,10,"composition","custom RTMB","base coefficients"
"age_composition","fishery",1966,13,0,0.0025150127351307,NA,NA,10,"composition","custom RTMB","base coefficients"
"age_composition","fishery",1966,14,0,0.00250894664208843,NA,NA,10,"composition","custom RTMB","base coefficients"
"age_composition","fishery",1966,15,0,0.00749992950558342,NA,NA,10,"composition","custom RTMB","base coefficients"
"age_composition","fishery",1967,1,0.00946700946700947,0.047792829199019,NA,NA,10,"composition","custom RTMB","base coefficients"
"age_composition","fishery",1967,2,0.11017811017811,0.105902368549095,NA,NA,10,"composition","custom RTMB","base coefficients"
"age_composition","fishery",1967,3,0.577515577515577,0.418279923941875,NA,NA,10,"composition","custom RTMB","base coefficients"
"age_composition","fishery",1967,4,0.0876920876920877,0.185444851808866,NA,NA,10,"composition","custom RTMB","base coefficients"
"age_composition","fishery",1967,5,0.16000016000016,0.150814801671501,NA,NA,10,"composition","custom RTMB","base coefficients"
"age_composition","fishery",1967,6,0.037988037988038,0.0464241698732585,NA,NA,10,"composition","custom RTMB","base coefficients"
"age_composition","fishery",1967,7,0.0114790114790115,0.00894058162705695,NA,NA,10,"composition","custom RTMB","base coefficients"
"age_composition","fishery",1967,8,0.00568000568000568,0.00455044139362365,NA,NA,10,"composition","custom RTMB","base coefficients"
"age_composition","fishery",1967,9,0,0.0141450821596103,NA,NA,10,"composition","custom RTMB","base coefficients"
"age_composition","fishery",1967,10,0,0.00644718815191235,NA,NA,10,"composition","custom RTMB","base coefficients"
"age_composition","fishery",1967,11,0,0.00203702776980262,NA,NA,10,"composition","custom RTMB","base coefficients"
"age_composition","fishery",1967,12,0,0.00129360800611001,NA,NA,10,"composition","custom RTMB","base coefficients"
"age_composition","fishery",1967,13,0,0.0013159331196946,NA,NA,10,"composition","custom RTMB","base coefficients"
"age_composition","fishery",1967,14,0,0.00132764144287479,NA,NA,10,"composition","custom RTMB","base coefficients"
"age_composition","fishery",1967,15,0,0.00528355128569939,NA,NA,10,"composition","custom RTMB","base coefficients"
"age_composition","fishery",1968,1,0.032939,0.0367328213673205,NA,NA,10,"composition","custom RTMB","base coefficients"
"age_composition","fishery",1968,2,0.178617,0.151177218998696,NA,NA,10,"composition","custom RTMB","base coefficients"
"age_composition","fishery",1968,3,0.140218,0.229274621021026,NA,NA,10,"composition","custom RTMB","base coefficients"
"age_composition","fishery",1968,4,0.468517,0.431924050172841,NA,NA,10,"composition","custom RTMB","base coefficients"
"age_composition","fishery",1968,5,0.10737,0.0755915027325461,NA,NA,10,"composition","custom RTMB","base coefficients"
"age_composition","fishery",1968,6,0.030573,0.0323077255084485,NA,NA,10,"composition","custom RTMB","base coefficients"
"age_composition","fishery",1968,7,0.036579,0.0213199470115694,NA,NA,10,"composition","custom RTMB","base coefficients"
"age_composition","fishery",1968,8,0.005187,0.00411136634032113,NA,NA,10,"composition","custom RTMB","base coefficients"
"age_composition","fishery",1968,9,0,0.00212709630029131,NA,NA,10,"composition","custom RTMB","base coefficients"
"age_composition","fishery",1968,10,0,0.0067697505882377,NA,NA,10,"composition","custom RTMB","base coefficients"
"age_composition","fishery",1968,11,0,0.00312646435746505,NA,NA,10,"composition","custom RTMB","base coefficients"
"age_composition","fishery",1968,12,0,0.00100196739545313,NA,NA,10,"composition","custom RTMB","base coefficients"
"age_composition","fishery",1968,13,0,0.000636296207559776,NA,NA,10,"composition","custom RTMB","base coefficients"
"age_composition","fishery",1968,14,0,0.000647277420601221,NA,NA,10,"composition","custom RTMB","base coefficients"
"age_composition","fishery",1968,15,0,0.00325189457762275,NA,NA,10,"composition","custom RTMB","base coefficients"
"age_composition","fishery",1969,1,0.0146780146780147,0.0419279344039667,NA,NA,10,"composition","custom RTMB","base coefficients"
"age_composition","fishery",1969,2,0.0797660797660798,0.119733794301371,NA,NA,10,"composition","custom RTMB","base coefficients"
"age_composition","fishery",1969,3,0.459233459233459,0.37363544000782,NA,NA,10,"composition","custom RTMB","base coefficients"
"age_composition","fishery",1969,4,0.315684315684316,0.233826851624684,NA,NA,10,"composition","custom RTMB","base coefficients"
"age_composition","fishery",1969,5,0.108430108430108,0.171509498754932,NA,NA,10,"composition","custom RTMB","base coefficients"
"age_composition","fishery",1969,6,0.0023050023050023,0.020105780039642,NA,NA,10,"composition","custom RTMB","base coefficients"
"age_composition","fishery",1969,7,0.0121420121420121,0.0165723708019092,NA,NA,10,"composition","custom RTMB","base coefficients"
"age_composition","fishery",1969,8,0.00776100776100776,0.0110129507015724,NA,NA,10,"composition","custom RTMB","base coefficients"
"age_composition","fishery",1969,9,0,0.00215962623131319,NA,NA,10,"composition","custom RTMB","base coefficients"
"age_composition","fishery",1969,10,0,0.00113700972973653,NA,NA,10,"composition","custom RTMB","base coefficients"
"age_composition","fishery",1969,11,0,0.00365879857514394,NA,NA,10,"composition","custom RTMB","base coefficients"
"age_composition","fishery",1969,12,0,0.00170324442156557,NA,NA,10,"composition","custom RTMB","base coefficients"
"age_composition","fishery",1969,13,0,0.000545854736140293,NA,NA,10,"composition","custom RTMB","base coefficients"
"age_composition","fishery",1969,14,0,0.000346643314004781,NA,NA,10,"composition","custom RTMB","base coefficients"
"age_composition","fishery",1969,15,0,0.00212420235619906,NA,NA,10,"composition","custom RTMB","base coefficients"
"age_composition","fishery",1970,1,0.156762,0.0452961394894215,NA,NA,10,"composition","custom RTMB","base coefficients"
"age_composition","fishery",1970,2,0.238147,0.160523540747144,NA,NA,10,"composition","custom RTMB","base coefficients"
"age_composition","fishery",1970,3,0.374263,0.308368109374991,NA,NA,10,"composition","custom RTMB","base coefficients"
"age_composition","fishery",1970,4,0.176699,0.279301451408425,NA,NA,10,"composition","custom RTMB","base coefficients"
"age_composition","fishery",1970,5,0.034247,0.107039436835376,NA,NA,10,"composition","custom RTMB","base coefficients"
"age_composition","fishery",1970,6,0.011143,0.0625686385050897,NA,NA,10,"composition","custom RTMB","base coefficients"
"age_composition","fishery",1970,7,0.005571,0.0123224529701745,NA,NA,10,"composition","custom RTMB","base coefficients"
"age_composition","fishery",1970,8,0.003168,0.0102497941811318,NA,NA,10,"composition","custom RTMB","base coefficients"
"age_composition","fishery",1970,9,0,0.00686960891870078,NA,NA,10,"composition","custom RTMB","base coefficients"
"age_composition","fishery",1970,10,0,0.001365113620583,NA,NA,10,"composition","custom RTMB","base coefficients"
"age_composition","fishery",1970,11,0,0.00072717541842218,NA,NA,10,"composition","custom RTMB","base coefficients"
"age_composition","fishery",1970,12,0,0.00234431348249584,NA,NA,10,"composition","custom RTMB","base coefficients"
"age_composition","fishery",1970,13,0,0.00109132513841785,NA,NA,10,"composition","custom RTMB","base coefficients"
"age_composition","fishery",1970,14,0,0.000349747216507418,NA,NA,10,"composition","custom RTMB","base coefficients"
"age_composition","fishery",1970,15,0,0.00158315269312071,NA,NA,10,"composition","custom RTMB","base coefficients"
"age_composition","fishery",1971,1,0.165462,0.0289968175702286,NA,NA,10,"composition","custom RTMB","base coefficients"
"age_composition","fishery",1971,2,0.049415,0.153092621967612,NA,NA,10,"composition","custom RTMB","base coefficients"
"age_composition","fishery",1971,3,0.27603,0.334076278897415,NA,NA,10,"composition","custom RTMB","base coefficients"
"age_composition","fishery",1971,4,0.185287,0.213132927942386,NA,NA,10,"composition","custom RTMB","base coefficients"
"age_composition","fishery",1971,5,0.274689,0.167805173000757,NA,NA,10,"composition","custom RTMB","base coefficients"
"age_composition","fishery",1971,6,0.026683,0.0439120407971172,NA,NA,10,"composition","custom RTMB","base coefficients"
"age_composition","fishery",1971,7,0.017515,0.037260753109962,NA,NA,10,"composition","custom RTMB","base coefficients"
"age_composition","fishery",1971,8,0.004919,0.00731219151909067,NA,NA,10,"composition","custom RTMB","base coefficients"
"age_composition","fishery",1971,9,0,0.00603379529686185,NA,NA,10,"composition","custom RTMB","base coefficients"
"age_composition","fishery",1971,10,0,0.0040380358344284,NA,NA,10,"composition","custom RTMB","base coefficients"
"age_composition","fishery",1971,11,0,0.000804496094711027,NA,NA,10,"composition","custom RTMB","base coefficients"
"age_composition","fishery",1971,12,0,0.000421684665038142,NA,NA,10,"composition","custom RTMB","base coefficients"
"age_composition","fishery",1971,13,0,0.0013594533321212,NA,NA,10,"composition","custom RTMB","base coefficients"
"age_composition","fishery",1971,14,0,0.000632852904241405,NA,NA,10,"composition","custom RTMB","base coefficients"
"age_composition","fishery",1971,15,0,0.00112087706802897,NA,NA,10,"composition","custom RTMB","base coefficients"
"age_composition","fishery",1972,1,0.0314280314280314,0.0202012952408207,NA,NA,10,"composition","custom RTMB","base coefficients"
"age_composition","fishery",1972,2,0.151596151596152,0.121068857106787,NA,NA,10,"composition","custom RTMB","base coefficients"
"age_composition","fishery",1972,3,0.34971534971535,0.345997964405369,NA,NA,10,"composition","custom RTMB","base coefficients"
"age_composition","fishery",1972,4,0.28007928007928,0.259719495469574,NA,NA,10,"composition","custom RTMB","base coefficients"
"age_composition","fishery",1972,5,0.117347117347117,0.128273957757199,NA,NA,10,"composition","custom RTMB","base coefficients"
"age_composition","fishery",1972,6,0.046028046028046,0.0678751921024672,NA,NA,10,"composition","custom RTMB","base coefficients"
"age_composition","fishery",1972,7,0.0174710174710175,0.0246855877339875,NA,NA,10,"composition","custom RTMB","base coefficients"
"age_composition","fishery",1972,8,0.00633500633500634,0.0207317024854703,NA,NA,10,"composition","custom RTMB","base coefficients"
"age_composition","fishery",1972,9,0,0.00394487714573108,NA,NA,10,"composition","custom RTMB","base coefficients"
"age_composition","fishery",1972,10,0,0.00319697253388074,NA,NA,10,"composition","custom RTMB","base coefficients"
"age_composition","fishery",1972,11,0,0.00210645226151335,NA,NA,10,"composition","custom RTMB","base coefficients"
"age_composition","fishery",1972,12,0,0.000407432380204396,NA,NA,10,"composition","custom RTMB","base coefficients"
"age_composition","fishery",1972,13,0,0.000213559752373809,NA,NA,10,"composition","custom RTMB","base coefficients"
"age_composition","fishery",1972,14,0,0.000688487253728548,NA,NA,10,"composition","custom RTMB","base coefficients"
"age_composition","fishery",1972,15,0,0.000888166370894024,NA,NA,10,"composition","custom RTMB","base coefficients"
"age_composition","fishery",1973,1,0.011128983306525,0.0441595280181933,NA,NA,10,"composition","custom RTMB","base coefficients"
"age_composition","fishery",1973,2,0.100337849493226,0.134241734934683,NA,NA,10,"composition","custom RTMB","base coefficients"
"age_composition","fishery",1973,3,0.121465817801273,0.263414860811218,NA,NA,10,"composition","custom RTMB","base coefficients"
"age_composition","fishery",1973,4,0.264053603919594,0.262538141243053,NA,NA,10,"composition","custom RTMB","base coefficients"
"age_composition","fishery",1973,5,0.202122696815955,0.156882347064245,NA,NA,10,"composition","custom RTMB","base coefficients"
"age_composition","fishery",1973,6,0.138069792895311,0.0636822607789365,NA,NA,10,"composition","custom RTMB","base coefficients"
"age_composition","fishery",1973,7,0.0768218847671728,0.0414433725883934,NA,NA,10,"composition","custom RTMB","base coefficients"
"age_composition","fishery",1973,8,0.0556429165356252,0.014968727498215,NA,NA,10,"composition","custom RTMB","base coefficients"
"age_composition","fishery",1973,9,0.0249719625420562,0.0122148073414522,NA,NA,10,"composition","custom RTMB","base coefficients"
"age_composition","fishery",1973,10,0.00449799325301012,0.00226431473365399,NA,NA,10,"composition","custom RTMB","base coefficients"
"age_composition","fishery",1973,11,0.000565999151001274,0.00180156837208716,NA,NA,10,"composition","custom RTMB","base coefficients"
"age_composition","fishery",1973,12,0.000149999775000337,0.00116886675068244,NA,NA,10,"composition","custom RTMB","base coefficients"
"age_composition","fishery",1973,13,3.24999512500731e-05,0.000226083529673814,NA,NA,10,"composition","custom RTMB","base coefficients"
"age_composition","fishery",1973,14,0.00013799979300031,0.000118503940675297,NA,NA,10,"composition","custom RTMB","base coefficients"
"age_composition","fishery",1973,15,0,0.000874882394837793,NA,NA,10,"composition","custom RTMB","base coefficients"
"age_composition","fishery",1974,1,0.0242470242470242,0.0259938579770208,NA,NA,10,"composition","custom RTMB","base coefficients"
"age_composition","fishery",1974,2,0.527279527279527,0.352982254105544,NA,NA,10,"composition","custom RTMB","base coefficients"
"age_composition","fishery",1974,3,0.194871194871195,0.241683436255296,NA,NA,10,"composition","custom RTMB","base coefficients"
"age_composition","fishery",1974,4,0.0554270554270554,0.145213524873197,NA,NA,10,"composition","custom RTMB","base coefficients"
"age_composition","fishery",1974,5,0.0744530744530744,0.113932446499529,NA,NA,10,"composition","custom RTMB","base coefficients"
"age_composition","fishery",1974,6,0.0401920401920402,0.0588332850383912,NA,NA,10,"composition","custom RTMB","base coefficients"
"age_composition","fishery",1974,7,0.0257450257450257,0.0280509759271449,NA,NA,10,"composition","custom RTMB","base coefficients"
"age_composition","fishery",1974,8,0.0216900216900217,0.0185059969223048,NA,NA,10,"composition","custom RTMB","base coefficients"
"age_composition","fishery",1974,9,0.0212890212890213,0.00662788175903318,NA,NA,10,"composition","custom RTMB","base coefficients"
"age_composition","fishery",1974,10,0.00895400895400895,0.00536852031224423,NA,NA,10,"composition","custom RTMB","base coefficients"
"age_composition","fishery",1974,11,0.00363800363800364,0.000984945547168006,NA,NA,10,"composition","custom RTMB","base coefficients"
"age_composition","fishery",1974,12,0.00095000095000095,0.000783796664840518,NA,NA,10,"composition","custom RTMB","base coefficients"
"age_composition","fishery",1974,13,0.000948000948000948,0.000508531274761715,NA,NA,10,"composition","custom RTMB","base coefficients"
"age_composition","fishery",1974,14,0.000169000169000169,9.83606946476382e-05,NA,NA,10,"composition","custom RTMB","base coefficients"
"age_composition","fishery",1974,15,0.000147000147000147,0.000432186148878303,NA,NA,10,"composition","custom RTMB","base coefficients"
"age_composition","fishery",1975,1,0.00854299658280137,0.0156626540775562,NA,NA,10,"composition","custom RTMB","base coefficients"
"age_composition","fishery",1975,2,0.150287939884824,0.191612616875291,NA,NA,10,"composition","custom RTMB","base coefficients"
"age_composition","fishery",1975,3,0.691842723262911,0.552916625737963,NA,NA,10,"composition","custom RTMB","base coefficients"
"age_composition","fishery",1975,4,0.0531849787260085,0.0979670693195367,NA,NA,10,"composition","custom RTMB","base coefficients"
"age_composition","fishery",1975,5,0.0141489943404023,0.0531665736096298,NA,NA,10,"composition","custom RTMB","base coefficients"
"age_composition","fishery",1975,6,0.0265729893708043,0.0394354710281498,NA,NA,10,"composition","custom RTMB","base coefficients"
"age_composition","fishery",1975,7,0.0254519898192041,0.0240924030099611,NA,NA,10,"composition","custom RTMB","base coefficients"
"age_composition","fishery",1975,8,0.0138689944524022,0.0115475622288524,NA,NA,10,"composition","custom RTMB","base coefficients"
"age_composition","fishery",1975,9,0.00816199673520131,0.00756099729932989,NA,NA,10,"composition","custom RTMB","base coefficients"
"age_composition","fishery",1975,10,0.00574699770120092,0.00269420827565654,NA,NA,10,"composition","custom RTMB","base coefficients"
"age_composition","fishery",1975,11,0.00142099943160023,0.00218302176761493,NA,NA,10,"composition","custom RTMB","base coefficients"
"age_composition","fishery",1975,12,0.00056199977520009,0.000407191869755137,NA,NA,10,"composition","custom RTMB","base coefficients"
"age_composition","fishery",1975,13,9.03999638400145e-05,0.000324033780732258,NA,NA,10,"composition","custom RTMB","base coefficients"
"age_composition","fishery",1975,14,0.000115999953600019,0.000210234770028221,NA,NA,10,"composition","custom RTMB","base coefficients"
"age_composition","fishery",1975,15,0,0.000219336349942566,NA,NA,10,"composition","custom RTMB","base coefficients"
"age_composition","fishery",1976,1,0.0001999998000002,0.0107362382594108,NA,NA,10,"composition","custom RTMB","base coefficients"
"age_composition","fishery",1976,2,0.12016187983812,0.162254632465462,NA,NA,10,"composition","custom RTMB","base coefficients"
"age_composition","fishery",1976,3,0.454615545384455,0.425161563014569,NA,NA,10,"composition","custom RTMB","base coefficients"
"age_composition","fishery",1976,4,0.305985694014306,0.279829165066068,NA,NA,10,"composition","custom RTMB","base coefficients"
"age_composition","fishery",1976,5,0.0301519698480302,0.0466194873793965,NA,NA,10,"composition","custom RTMB","base coefficients"
"age_composition","fishery",1976,6,0.0139159860840139,0.0258587031431574,NA,NA,10,"composition","custom RTMB","base coefficients"
"age_composition","fishery",1976,7,0.0192789807210193,0.0221564713498395,NA,NA,10,"composition","custom RTMB","base coefficients"
"age_composition","fishery",1976,8,0.0223629776370224,0.013510225177044,NA,NA,10,"composition","custom RTMB","base coefficients"
"age_composition","fishery",1976,9,0.0173959826040174,0.00641469395887169,NA,NA,10,"composition","custom RTMB","base coefficients"
"age_composition","fishery",1976,10,0.00857199142800857,0.00415305469187128,NA,NA,10,"composition","custom RTMB","base coefficients"
"age_composition","fishery",1976,11,0.00395599604400396,0.00146868720018691,NA,NA,10,"composition","custom RTMB","base coefficients"
"age_composition","fishery",1976,12,0.00270599729400271,0.00119934196763979,NA,NA,10,"composition","custom RTMB","base coefficients"
"age_composition","fishery",1976,13,0.000696999303000697,0.000223709312258766,NA,NA,10,"composition","custom RTMB","base coefficients"
"age_composition","fishery",1976,14,0,0.000178022646375067,NA,NA,10,"composition","custom RTMB","base coefficients"
"age_composition","fishery",1976,15,0,0.000236004367849194,NA,NA,10,"composition","custom RTMB","base coefficients"
"age_composition","fishery",1977,1,0.0376720075344015,0.0107828929553872,NA,NA,10,"composition","custom RTMB","base coefficients"
"age_composition","fishery",1977,2,0.24767304953461,0.145622356987963,NA,NA,10,"composition","custom RTMB","base coefficients"
"age_composition","fishery",1977,3,0.331098066219613,0.373550764429074,NA,NA,10,"composition","custom RTMB","base coefficients"
"age_composition","fishery",1977,4,0.23990504798101,0.260270590135502,NA,NA,10,"composition","custom RTMB","base coefficients"
"age_composition","fishery",1977,5,0.0861290172258034,0.137606775007189,NA,NA,10,"composition","custom RTMB","base coefficients"
"age_composition","fishery",1977,6,0.0191580038316008,0.0248353950908163,NA,NA,10,"composition","custom RTMB","base coefficients"
"age_composition","fishery",1977,7,0.00703000140600028,0.0163530329721994,NA,NA,10,"composition","custom RTMB","base coefficients"
"age_composition","fishery",1977,8,0.0101410020282004,0.0139584782270317,NA,NA,10,"composition","custom RTMB","base coefficients"
"age_composition","fishery",1977,9,0.00811100162220032,0.00843301941706186,NA,NA,10,"composition","custom RTMB","base coefficients"
"age_composition","fishery",1977,10,0.00651400130280026,0.00397213645210614,NA,NA,10,"composition","custom RTMB","base coefficients"
"age_composition","fishery",1977,11,0.00336000067200013,0.00255949221266456,NA,NA,10,"composition","custom RTMB","base coefficients"
"age_composition","fishery",1977,12,0.00166700033340007,0.000913025833472745,NA,NA,10,"composition","custom RTMB","base coefficients"
"age_composition","fishery",1977,13,0.00122900024580005,0.000745584355527715,NA,NA,10,"composition","custom RTMB","base coefficients"
"age_composition","fishery",1977,14,0.00024500004900001,0.000139071397404893,NA,NA,10,"composition","custom RTMB","base coefficients"
"age_composition","fishery",1977,15,6.78000135600027e-05,0.000257384526599149,NA,NA,10,"composition","custom RTMB","base coefficients"
"age_composition","fishery",1978,1,0.0120419975916005,0.0180644368472054,NA,NA,39,"composition","custom RTMB","base coefficients"
"age_composition","fishery",1978,2,0.186305962738807,0.14909211782504,NA,NA,39,"composition","custom RTMB","base coefficients"
"age_composition","fishery",1978,3,0.308117938376412,0.307007027628075,NA,NA,39,"composition","custom RTMB","base coefficients"
"age_composition","fishery",1978,4,0.26135894772821,0.260367652470106,NA,NA,39,"composition","custom RTMB","base coefficients"
"age_composition","fishery",1978,5,0.150679969864006,0.151825302978762,NA,NA,39,"composition","custom RTMB","base coefficients"
"age_composition","fishery",1978,6,0.0407949918410016,0.0691345975514016,NA,NA,39,"composition","custom RTMB","base coefficients"
"age_composition","fishery",1978,7,0.0117719976456005,0.0153722428050432,NA,NA,39,"composition","custom RTMB","base coefficients"
"age_composition","fishery",1978,8,0.00709799858040028,0.0101292348812331,NA,NA,39,"composition","custom RTMB","base coefficients"
"age_composition","fishery",1978,9,0.00804699839060032,0.00862358236944588,NA,NA,39,"composition","custom RTMB","base coefficients"
"age_composition","fishery",1978,10,0.00647099870580026,0.0051658508233923,NA,NA,39,"composition","custom RTMB","base coefficients"
"age_composition","fishery",1978,11,0.00455899908820018,0.00240855531700614,NA,NA,39,"composition","custom RTMB","base coefficients"
"age_composition","fishery",1978,12,0.00174099965180007,0.00155824958402695,NA,NA,39,"composition","custom RTMB","base coefficients"
"age_composition","fishery",1978,13,0.000721999855600029,0.000555861087670057,NA,NA,39,"composition","custom RTMB","base coefficients"
"age_composition","fishery",1978,14,0.000220999955800009,0.000453920705876484,NA,NA,39,"composition","custom RTMB","base coefficients"
"age_composition","fishery",1978,15,6.91999861600028e-05,0.000241367125716386,NA,NA,39,"composition","custom RTMB","base coefficients"
"age_composition","fishery",1979,1,0.0394999605000395,0.0356520138836719,NA,NA,39,"composition","custom RTMB","base coefficients"
"age_composition","fishery",1979,2,0.211524788475211,0.193606695211656,NA,NA,39,"composition","custom RTMB","base coefficients"
"age_composition","fishery",1979,3,0.28037271962728,0.283171802278023,NA,NA,39,"composition","custom RTMB","base coefficients"
"age_composition","fishery",1979,4,0.163647836352164,0.196802983463763,NA,NA,39,"composition","custom RTMB","base coefficients"
"age_composition","fishery",1979,5,0.152891847108153,0.154501157707489,NA,NA,39,"composition","custom RTMB","base coefficients"
"age_composition","fishery",1979,6,0.0839389160610839,0.0744017169943494,NA,NA,39,"composition","custom RTMB","base coefficients"
"age_composition","fishery",1979,7,0.0219209780790219,0.0378309237773832,NA,NA,39,"composition","custom RTMB","base coefficients"
"age_composition","fishery",1979,8,0.01001198998801,0.00837240533095743,NA,NA,39,"composition","custom RTMB","base coefficients"
"age_composition","fishery",1979,9,0.013972986027014,0.00553223983354878,NA,NA,39,"composition","custom RTMB","base coefficients"
"age_composition","fishery",1979,10,0.0107059892940107,0.00463152301108408,NA,NA,39,"composition","custom RTMB","base coefficients"
"age_composition","fishery",1979,11,0.00686199313800686,0.00272435839341429,NA,NA,39,"composition","custom RTMB","base coefficients"
"age_composition","fishery",1979,12,0.00306899693100307,0.00127961062608324,NA,NA,39,"composition","custom RTMB","base coefficients"
"age_composition","fishery",1979,13,0.00115299884700115,0.000827862541388159,NA,NA,39,"composition","custom RTMB","base coefficients"
"age_composition","fishery",1979,14,0.000205999794000206,0.000295316345606264,NA,NA,39,"composition","custom RTMB","base coefficients"
"age_composition","fishery",1979,15,0.000221999778000222,0.000369390601582077,NA,NA,39,"composition","custom RTMB","base coefficients"
"age_composition","fishery",1980,1,0.00403399596600403,0.0114587619220174,NA,NA,39,"composition","custom RTMB","base coefficients"
"age_composition","fishery",1980,2,0.190931809068191,0.224174939895151,NA,NA,39,"composition","custom RTMB","base coefficients"
"age_composition","fishery",1980,3,0.33992566007434,0.341848876755739,NA,NA,39,"composition","custom RTMB","base coefficients"
"age_composition","fishery",1980,4,0.183115816884183,0.190942215134006,NA,NA,39,"composition","custom RTMB","base coefficients"
"age_composition","fishery",1980,5,0.104123895876104,0.111239071839857,NA,NA,39,"composition","custom RTMB","base coefficients"
"age_composition","fishery",1980,6,0.0871169128830871,0.064867938831599,NA,NA,39,"composition","custom RTMB","base coefficients"
"age_composition","fishery",1980,7,0.0345719654280346,0.0298721551579603,NA,NA,39,"composition","custom RTMB","base coefficients"
"age_composition","fishery",1980,8,0.0155249844750155,0.0156897157147699,NA,NA,39,"composition","custom RTMB","base coefficients"
"age_composition","fishery",1980,9,0.00898099101900898,0.00346524796663994,NA,NA,39,"composition","custom RTMB","base coefficients"
"age_composition","fishery",1980,10,0.00987699012300988,0.00226312535605323,NA,NA,39,"composition","custom RTMB","base coefficients"
"age_composition","fishery",1980,11,0.0105079894920105,0.00188561082703531,NA,NA,39,"composition","custom RTMB","base coefficients"
"age_composition","fishery",1980,12,0.00656099343900656,0.00113619823507863,NA,NA,39,"composition","custom RTMB","base coefficients"
"age_composition","fishery",1980,13,0.00319199680800319,0.00053366375674294,NA,NA,39,"composition","custom RTMB","base coefficients"
"age_composition","fishery",1980,14,0.00103599896400104,0.000345261460711897,NA,NA,39,"composition","custom RTMB","base coefficients"
"age_composition","fishery",1980,15,0.0004999995000005,0.000277217146637376,NA,NA,39,"composition","custom RTMB","base coefficients"
"age_composition","fishery",1981,1,0.000261999738000262,0.00800008177641107,NA,NA,39,"composition","custom RTMB","base coefficients"
"age_composition","fishery",1981,2,0.0332019667980332,0.058615842039532,NA,NA,39,"composition","custom RTMB","base coefficients"
"age_composition","fishery",1981,3,0.465712534287466,0.451879972683814,NA,NA,39,"composition","custom RTMB","base coefficients"
"age_composition","fishery",1981,4,0.293349706650293,0.288868229094098,NA,NA,39,"composition","custom RTMB","base coefficients"
"age_composition","fishery",1981,5,0.104386895613104,0.106861958692064,NA,NA,39,"composition","custom RTMB","base coefficients"
"age_composition","fishery",1981,6,0.0473079526920473,0.0430702572396795,NA,NA,39,"composition","custom RTMB","base coefficients"
"age_composition","fishery",1981,7,0.0237579762420238,0.0223649518129037,NA,NA,39,"composition","custom RTMB","base coefficients"
"age_composition","fishery",1981,8,0.0136099863900136,0.0107954272635741,NA,NA,39,"composition","custom RTMB","base coefficients"
"age_composition","fishery",1981,9,0.0074029925970074,0.0058013937563882,NA,NA,39,"composition","custom RTMB","base coefficients"
"age_composition","fishery",1981,10,0.0042989957010043,0.0012874145077179,NA,NA,39,"composition","custom RTMB","base coefficients"
"age_composition","fishery",1981,11,0.00345299654700345,0.000844248335970345,NA,NA,39,"composition","custom RTMB","base coefficients"
"age_composition","fishery",1981,12,0.00211499788500211,0.000726732609315125,NA,NA,39,"composition","custom RTMB","base coefficients"
"age_composition","fishery",1981,13,0.000698999301000699,0.000437901764372119,NA,NA,39,"composition","custom RTMB","base coefficients"
"age_composition","fishery",1981,14,0.00028999971000029,0.00020567916182603,NA,NA,39,"composition","custom RTMB","base coefficients"
"age_composition","fishery",1981,15,0.000151999848000152,0.000239909262333331,NA,NA,39,"composition","custom RTMB","base coefficients"
"age_composition","fishery",1982,1,0.00237,0.00290839202932113,NA,NA,39,"composition","custom RTMB","base coefficients"
"age_composition","fishery",1982,2,0.012649,0.0446138876405058,NA,NA,39,"composition","custom RTMB","base coefficients"
"age_composition","fishery",1982,3,0.08055,0.12083593456694,NA,NA,39,"composition","custom RTMB","base coefficients"
"age_composition","fishery",1982,4,0.584991,0.552705144020494,NA,NA,39,"composition","custom RTMB","base coefficients"
"age_composition","fishery",1982,5,0.210743,0.198085652612175,NA,NA,39,"composition","custom RTMB","base coefficients"
"age_composition","fishery",1982,6,0.051754,0.0460202376457659,NA,NA,39,"composition","custom RTMB","base coefficients"
"age_composition","fishery",1982,7,0.017953,0.0171242149176058,NA,NA,39,"composition","custom RTMB","base coefficients"
"age_composition","fishery",1982,8,0.017973,0.00917055511230659,NA,NA,39,"composition","custom RTMB","base coefficients"
"age_composition","fishery",1982,9,0.010743,0.0044816726361612,NA,NA,39,"composition","custom RTMB","base coefficients"
"age_composition","fishery",1982,10,0.004531,0.00242949983106701,NA,NA,39,"composition","custom RTMB","base coefficients"
"age_composition","fishery",1982,11,0.002704,0.000547202328353656,NA,NA,39,"composition","custom RTMB","base coefficients"
"age_composition","fishery",1982,12,0.001587,0.000370657294116461,NA,NA,39,"composition","custom RTMB","base coefficients"
"age_composition","fishery",1982,13,0.000928,0.000319063397626171,NA,NA,39,"composition","custom RTMB","base coefficients"
"age_composition","fishery",1982,14,0.000344,0.000192255615031138,NA,NA,39,"composition","custom RTMB","base coefficients"
"age_composition","fishery",1982,15,0.00018,0.000195630352529742,NA,NA,39,"composition","custom RTMB","base coefficients"
"age_composition","fishery",1983,1,0.00290600581201162,0.00612388560016933,NA,NA,39,"composition","custom RTMB","base coefficients"
"age_composition","fishery",1983,2,0.0679651359302718,0.0250108750326034,NA,NA,39,"composition","custom RTMB","base coefficients"
"age_composition","fishery",1983,3,0.0904311808623617,0.11514583587846,NA,NA,39,"composition","custom RTMB","base coefficients"
"age_composition","fishery",1983,4,0.179378358756717,0.217170098100303,NA,NA,39,"composition","custom RTMB","base coefficients"
"age_composition","fishery",1983,5,0.468209936419873,0.474828620965325,NA,NA,39,"composition","custom RTMB","base coefficients"
"age_composition","fishery",1983,6,0.1250932501865,0.118980865751701,NA,NA,39,"composition","custom RTMB","base coefficients"
"age_composition","fishery",1983,7,0.0237380474760949,0.0239165809061219,NA,NA,39,"composition","custom RTMB","base coefficients"
"age_composition","fishery",1983,8,0.0141670283340567,0.00917027094245323,NA,NA,39,"composition","custom RTMB","base coefficients"
"age_composition","fishery",1983,9,0.0113530227060454,0.00493511301771793,NA,NA,39,"composition","custom RTMB","base coefficients"
"age_composition","fishery",1983,10,0.00636201272402545,0.00244055672992364,NA,NA,39,"composition","custom RTMB","base coefficients"
"age_composition","fishery",1983,11,0.00435600871201742,0.00134930225822994,NA,NA,39,"composition","custom RTMB","base coefficients"
"age_composition","fishery",1983,12,0.00280800561601123,0.000312529613274878,NA,NA,39,"composition","custom RTMB","base coefficients"
"age_composition","fishery",1983,13,0.00201700403400807,0.000211697529022322,NA,NA,39,"composition","custom RTMB","base coefficients"
"age_composition","fishery",1983,14,0.000997001994003988,0.000182230146151405,NA,NA,39,"composition","custom RTMB","base coefficients"
"age_composition","fishery",1983,15,0.000218000436000872,0.0002215375285432,NA,NA,39,"composition","custom RTMB","base coefficients"
"age_composition","fishery",1984,1,0.00108200108200108,0.00132965304653318,NA,NA,39,"composition","custom RTMB","base coefficients"
"age_composition","fishery",1984,2,0.0236230236230236,0.0536867386696187,NA,NA,39,"composition","custom RTMB","base coefficients"
"age_composition","fishery",1984,3,0.0456940456940457,0.0634998162531227,NA,NA,39,"composition","custom RTMB","base coefficients"
"age_composition","fishery",1984,4,0.222070222070222,0.21742967798923,NA,NA,39,"composition","custom RTMB","base coefficients"
"age_composition","fishery",1984,5,0.253549253549254,0.2444945521013,NA,NA,39,"composition","custom RTMB","base coefficients"
"age_composition","fishery",1984,6,0.337247337247337,0.330591390670995,NA,NA,39,"composition","custom RTMB","base coefficients"
"age_composition","fishery",1984,7,0.069013069013069,0.0650466410391622,NA,NA,39,"composition","custom RTMB","base coefficients"
"age_composition","fishery",1984,8,0.0183400183400183,0.0132907359476861,NA,NA,39,"composition","custom RTMB","base coefficients"
"age_composition","fishery",1984,9,0.0129380129380129,0.00514174567032818,NA,NA,39,"composition","custom RTMB","base coefficients"
"age_composition","fishery",1984,10,0.00806700806700807,0.00277725619720414,NA,NA,39,"composition","custom RTMB","base coefficients"
"age_composition","fishery",1984,11,0.00366000366000366,0.00139109471493111,NA,NA,39,"composition","custom RTMB","base coefficients"
"age_composition","fishery",1984,12,0.0012990012990013,0.000782515556836666,NA,NA,39,"composition","custom RTMB","base coefficients"
"age_composition","fishery",1984,13,0.00151000151000151,0.000181248703074551,NA,NA,39,"composition","custom RTMB","base coefficients"
"age_composition","fishery",1984,14,0.000861000861000861,0.000122772054069755,NA,NA,39,"composition","custom RTMB","base coefficients"
"age_composition","fishery",1984,15,0.00104600104600105,0.000234161385908281,NA,NA,39,"composition","custom RTMB","base coefficients"
"age_composition","fishery",1985,1,0.001377,0.00260515998232348,NA,NA,39,"composition","custom RTMB","base coefficients"
"age_composition","fishery",1985,2,0.028742,0.0150177383399758,NA,NA,39,"composition","custom RTMB","base coefficients"
"age_composition","fishery",1985,3,0.198541,0.195651826689998,NA,NA,39,"composition","custom RTMB","base coefficients"
"age_composition","fishery",1985,4,0.06341,0.112592686955258,NA,NA,39,"composition","custom RTMB","base coefficients"
"age_composition","fishery",1985,5,0.190469,0.230568714216618,NA,NA,39,"composition","custom RTMB","base coefficients"
"age_composition","fishery",1985,6,0.167426,0.188479827960635,NA,NA,39,"composition","custom RTMB","base coefficients"
"age_composition","fishery",1985,7,0.23081,0.202224466135472,NA,NA,39,"composition","custom RTMB","base coefficients"
"age_composition","fishery",1985,8,0.058574,0.0384063892003859,NA,NA,39,"composition","custom RTMB","base coefficients"
"age_composition","fishery",1985,9,0.019048,0.00798005975159176,NA,NA,39,"composition","custom RTMB","base coefficients"
"age_composition","fishery",1985,10,0.013449,0.00310873618555693,NA,NA,39,"composition","custom RTMB","base coefficients"
"age_composition","fishery",1985,11,0.012929,0.00169715509334798,NA,NA,39,"composition","custom RTMB","base coefficients"
"age_composition","fishery",1985,12,0.005553,0.000855260169904641,NA,NA,39,"composition","custom RTMB","base coefficients"
"age_composition","fishery",1985,13,0.004909,0.000481099080393167,NA,NA,39,"composition","custom RTMB","base coefficients"
"age_composition","fishery",1985,14,0.002088,0.000111433675164392,NA,NA,39,"composition","custom RTMB","base coefficients"
"age_composition","fishery",1985,15,0.002675,0.000219446563374645,NA,NA,39,"composition","custom RTMB","base coefficients"
"age_composition","fishery",1986,1,0.00151400151400151,0.000808880121731995,NA,NA,39,"composition","custom RTMB","base coefficients"
"age_composition","fishery",1986,2,0.0421540421540421,0.0318778901549339,NA,NA,39,"composition","custom RTMB","base coefficients"
"age_composition","fishery",1986,3,0.0452220452220452,0.0541550245821996,NA,NA,39,"composition","custom RTMB","base coefficients"
"age_composition","fishery",1986,4,0.366847366847367,0.339965717206497,NA,NA,39,"composition","custom RTMB","base coefficients"
"age_composition","fishery",1986,5,0.104926104926105,0.12293342636533,NA,NA,39,"composition","custom RTMB","base coefficients"
"age_composition","fishery",1986,6,0.185293185293185,0.209581766511593,NA,NA,39,"composition","custom RTMB","base coefficients"
"age_composition","fishery",1986,7,0.108734108734109,0.106736086096502,NA,NA,39,"composition","custom RTMB","base coefficients"
"age_composition","fishery",1986,8,0.105004105004105,0.104009135203613,NA,NA,39,"composition","custom RTMB","base coefficients"
"age_composition","fishery",1986,9,0.0292490292490293,0.0216268302739866,NA,NA,39,"composition","custom RTMB","base coefficients"
"age_composition","fishery",1986,10,0.00744000744000744,0.00456476620592051,NA,NA,39,"composition","custom RTMB","base coefficients"
"age_composition","fishery",1986,11,0.00163700163700164,0.00179795595873547,NA,NA,39,"composition","custom RTMB","base coefficients"
"age_composition","fishery",1986,12,0.00126400126400126,0.000979896938326179,NA,NA,39,"composition","custom RTMB","base coefficients"
"age_composition","fishery",1986,13,0.000132000132000132,0.000493806856690172,NA,NA,39,"composition","custom RTMB","base coefficients"
"age_composition","fishery",1986,14,0.000583000583000583,0.000277775153111562,NA,NA,39,"composition","custom RTMB","base coefficients"
"age_composition","fishery",1986,15,0,0.000191042370828603,NA,NA,39,"composition","custom RTMB","base coefficients"
"age_composition","fishery",1987,1,0,0.000378389340585653,NA,NA,39,"composition","custom RTMB","base coefficients"
"age_composition","fishery",1987,2,0.0143529856470144,0.011558167122289,NA,NA,39,"composition","custom RTMB","base coefficients"
"age_composition","fishery",1987,3,0.0809019190980809,0.144766543740668,NA,NA,39,"composition","custom RTMB","base coefficients"
"age_composition","fishery",1987,4,0.0562789437210563,0.0870839364135266,NA,NA,39,"composition","custom RTMB","base coefficients"
"age_composition","fishery",1987,5,0.2998577001423,0.346854697598951,NA,NA,39,"composition","custom RTMB","base coefficients"
"age_composition","fishery",1987,6,0.100714899285101,0.121122976182428,NA,NA,39,"composition","custom RTMB","base coefficients"
"age_composition","fishery",1987,7,0.0888209111790888,0.128105590145602,NA,NA,39,"composition","custom RTMB","base coefficients"
"age_composition","fishery",1987,8,0.0657419342580657,0.0646381035583703,NA,NA,39,"composition","custom RTMB","base coefficients"
"age_composition","fishery",1987,9,0.179308820691179,0.0761291583101917,NA,NA,39,"composition","custom RTMB","base coefficients"
"age_composition","fishery",1987,10,0.0392069607930392,0.0140155241894335,NA,NA,39,"composition","custom RTMB","base coefficients"
"age_composition","fishery",1987,11,0.0280639719360281,0.00295198590375899,NA,NA,39,"composition","custom RTMB","base coefficients"
"age_composition","fishery",1987,12,0.0155569844430156,0.00115118308153051,NA,NA,39,"composition","custom RTMB","base coefficients"
"age_composition","fishery",1987,13,0.020973979026021,0.000627401784545387,NA,NA,39,"composition","custom RTMB","base coefficients"
"age_composition","fishery",1987,14,0.00442099557900442,0.000316171314543932,NA,NA,39,"composition","custom RTMB","base coefficients"
"age_composition","fishery",1987,15,0.0057989942010058,0.000300171313575734,NA,NA,39,"composition","custom RTMB","base coefficients"
"age_composition","fishery",1988,1,0,0.000235174282729924,NA,NA,39,"composition","custom RTMB","base coefficients"
"age_composition","fishery",1988,2,0.00486699513300487,0.00570516418028698,NA,NA,39,"composition","custom RTMB","base coefficients"
"age_composition","fishery",1988,3,0.207077792922207,0.0901483622158698,NA,NA,39,"composition","custom RTMB","base coefficients"
"age_composition","fishery",1988,4,0.192307807692192,0.215361254548029,NA,NA,39,"composition","custom RTMB","base coefficients"
"age_composition","fishery",1988,5,0.115003884996115,0.108283650321971,NA,NA,39,"composition","custom RTMB","base coefficients"
"age_composition","fishery",1988,6,0.248301751698248,0.326474779752762,NA,NA,39,"composition","custom RTMB","base coefficients"
"age_composition","fishery",1988,7,0.102526897473103,0.0849363139170265,NA,NA,39,"composition","custom RTMB","base coefficients"
"age_composition","fishery",1988,8,0.0478659521340479,0.0792790581722143,NA,NA,39,"composition","custom RTMB","base coefficients"
"age_composition","fishery",1988,9,0.0178719821280179,0.0383615146591741,NA,NA,39,"composition","custom RTMB","base coefficients"
"age_composition","fishery",1988,10,0.0441489558510441,0.0396987890024625,NA,NA,39,"composition","custom RTMB","base coefficients"
"age_composition","fishery",1988,11,0.00832399167600832,0.0082738879124183,NA,NA,39,"composition","custom RTMB","base coefficients"
"age_composition","fishery",1988,12,0.00465799534200466,0.00178990910127987,NA,NA,39,"composition","custom RTMB","base coefficients"
"age_composition","fishery",1988,13,0.00171499828500171,0.00069800911726816,NA,NA,39,"composition","custom RTMB","base coefficients"
"age_composition","fishery",1988,14,0.00250599749400251,0.000380419216394978,NA,NA,39,"composition","custom RTMB","base coefficients"
"age_composition","fishery",1988,15,0.00282499717500282,0.000373713600113522,NA,NA,39,"composition","custom RTMB","base coefficients"
"age_composition","fishery",1989,1,0,0.000459454850790076,NA,NA,39,"composition","custom RTMB","base coefficients"
"age_composition","fishery",1989,2,0.00267099732900267,0.00442742289992568,NA,NA,39,"composition","custom RTMB","base coefficients"
"age_composition","fishery",1989,3,0.0309039690960309,0.0375519387056359,NA,NA,39,"composition","custom RTMB","base coefficients"
"age_composition","fishery",1989,4,0.0835269164730835,0.107689947337053,NA,NA,39,"composition","custom RTMB","base coefficients"
"age_composition","fishery",1989,5,0.252882747117253,0.288181747489972,NA,NA,39,"composition","custom RTMB","base coefficients"
"age_composition","fishery",1989,6,0.0934729065270935,0.106499919017672,NA,NA,39,"composition","custom RTMB","base coefficients"
"age_composition","fishery",1989,7,0.320775679224321,0.282697853929834,NA,NA,39,"composition","custom RTMB","base coefficients"
"age_composition","fishery",1989,8,0.053996946003054,0.0568350731167815,NA,NA,39,"composition","custom RTMB","base coefficients"
"age_composition","fishery",1989,9,0.0581659418340582,0.0540952384761782,NA,NA,39,"composition","custom RTMB","base coefficients"
"age_composition","fishery",1989,10,0.0181759818240182,0.0250100213663733,NA,NA,39,"composition","custom RTMB","base coefficients"
"age_composition","fishery",1989,11,0.0723299276700723,0.0285999479022754,NA,NA,39,"composition","custom RTMB","base coefficients"
"age_composition","fishery",1989,12,0.0061019938980061,0.00571288901996491,NA,NA,39,"composition","custom RTMB","base coefficients"
"age_composition","fishery",1989,13,0.00223499776500223,0.00123588235176469,NA,NA,39,"composition","custom RTMB","base coefficients"
"age_composition","fishery",1989,14,0.00143599856400144,0.000481955842777565,NA,NA,39,"composition","custom RTMB","base coefficients"
"age_composition","fishery",1989,15,0.00332499667500332,0.000520707693001294,NA,NA,39,"composition","custom RTMB","base coefficients"
"age_composition","fishery",1990,1,0.000752,0.00213977587836536,NA,NA,39,"composition","custom RTMB","base coefficients"
"age_composition","fishery",1990,2,0.018901,0.0112639579692931,NA,NA,39,"composition","custom RTMB","base coefficients"
"age_composition","fishery",1990,3,0.032625,0.0255094607063141,NA,NA,39,"composition","custom RTMB","base coefficients"
"age_composition","fishery",1990,4,0.125708,0.0772500371009254,NA,NA,39,"composition","custom RTMB","base coefficients"
"age_composition","fishery",1990,5,0.114964,0.16340805241729,NA,NA,39,"composition","custom RTMB","base coefficients"
"age_composition","fishery",1990,6,0.273633,0.30507110511434,NA,NA,39,"composition","custom RTMB","base coefficients"
"age_composition","fishery",1990,7,0.074005,0.0863896148163261,NA,NA,39,"composition","custom RTMB","base coefficients"
"age_composition","fishery",1990,8,0.211015,0.196367660412955,NA,NA,39,"composition","custom RTMB","base coefficients"
"age_composition","fishery",1990,9,0.037632,0.0417068438785553,NA,NA,39,"composition","custom RTMB","base coefficients"
"age_composition","fishery",1990,10,0.058368,0.0401957934104344,NA,NA,39,"composition","custom RTMB","base coefficients"
"age_composition","fishery",1990,11,0.005178,0.0203246854496769,NA,NA,39,"composition","custom RTMB","base coefficients"
"age_composition","fishery",1990,12,0.034402,0.0237656284999602,NA,NA,39,"composition","custom RTMB","base coefficients"
"age_composition","fishery",1990,13,0.004865,0.00474722536467228,NA,NA,39,"composition","custom RTMB","base coefficients"
"age_composition","fishery",1990,14,0.002677,0.00102697812394826,NA,NA,39,"composition","custom RTMB","base coefficients"
"age_composition","fishery",1990,15,0.005275,0.000833180856944186,NA,NA,39,"composition","custom RTMB","base coefficients"
"age_composition","fishery",1991,1,0.000377996130784693,0.00140486192867264,NA,NA,260.3021832,"composition","custom RTMB","base coefficients"
"age_composition","fishery",1991,2,0.0624190010851636,0.0630496939235898,NA,NA,260.3021832,"composition","custom RTMB","base coefficients"
"age_composition","fishery",1991,3,0.0242077563917163,0.0478009522419178,NA,NA,260.3021832,"composition","custom RTMB","base coefficients"
"age_composition","fishery",1991,4,0.0499182180413692,0.0557748161267213,NA,NA,260.3021832,"composition","custom RTMB","base coefficients"
"age_composition","fishery",1991,5,0.0850862150862846,0.0891644354402533,NA,NA,260.3021832,"composition","custom RTMB","base coefficients"
"age_composition","fishery",1991,6,0.101979247086258,0.127272691568221,NA,NA,260.3021832,"composition","custom RTMB","base coefficients"
"age_composition","fishery",1991,7,0.275094874536963,0.274052012335978,NA,NA,260.3021832,"composition","custom RTMB","base coefficients"
"age_composition","fishery",1991,8,0.0432038670997263,0.0586162422571604,NA,NA,260.3021832,"composition","custom RTMB","base coefficients"
"age_composition","fishery",1991,9,0.159262691461944,0.155742615218715,NA,NA,260.3021832,"composition","custom RTMB","base coefficients"
"age_composition","fishery",1991,10,0.0159606789762584,0.0301983162406322,NA,NA,260.3021832,"composition","custom RTMB","base coefficients"
"age_composition","fishery",1991,11,0.0796714903299587,0.0454417712328268,NA,NA,260.3021832,"composition","custom RTMB","base coefficients"
"age_composition","fishery",1991,12,0.0103336140780538,0.0206389478925667,NA,NA,260.3021832,"composition","custom RTMB","base coefficients"
"age_composition","fishery",1991,13,0.0504088560585809,0.0241330951693805,NA,NA,260.3021832,"composition","custom RTMB","base coefficients"
"age_composition","fishery",1991,14,0.0125891304854228,0.00482062746694561,NA,NA,260.3021832,"composition","custom RTMB","base coefficients"
"age_composition","fishery",1991,15,0.029486363151515,0.0018889209564195,NA,NA,260.3021832,"composition","custom RTMB","base coefficients"
"age_composition","fishery",1992,1,0.000576504993068275,0.00105796256330796,NA,NA,228.0450879,"composition","custom RTMB","base coefficients"
"age_composition","fishery",1992,2,0.0442738718080198,0.0329530605156117,NA,NA,228.0450879,"composition","custom RTMB","base coefficients"
"age_composition","fishery",1992,3,0.353321255549602,0.343749725536408,NA,NA,228.0450879,"composition","custom RTMB","base coefficients"
"age_composition","fishery",1992,4,0.0680053659213036,0.0931599647533502,NA,NA,228.0450879,"composition","custom RTMB","base coefficients"
"age_composition","fishery",1992,5,0.0416149748553043,0.0498987584758962,NA,NA,228.0450879,"composition","custom RTMB","base coefficients"
"age_composition","fishery",1992,6,0.056819857789606,0.0697512020343856,NA,NA,228.0450879,"composition","custom RTMB","base coefficients"
"age_composition","fishery",1992,7,0.069936174233296,0.0840660892447024,NA,NA,228.0450879,"composition","custom RTMB","base coefficients"
"age_composition","fishery",1992,8,0.132610231757199,0.139080634904695,NA,NA,228.0450879,"composition","custom RTMB","base coefficients"
"age_composition","fishery",1992,9,0.0534813718627117,0.0403239809203655,NA,NA,228.0450879,"composition","custom RTMB","base coefficients"
"age_composition","fishery",1992,10,0.0768646777835989,0.0806997495347208,NA,NA,228.0450879,"composition","custom RTMB","base coefficients"
"age_composition","fishery",1992,11,0.0303000415086784,0.0205310317036937,NA,NA,228.0450879,"composition","custom RTMB","base coefficients"
"age_composition","fishery",1992,12,0.0242299950385434,0.020970302799185,NA,NA,228.0450879,"composition","custom RTMB","base coefficients"
"age_composition","fishery",1992,13,0.00702433408620427,0.00952438637451418,NA,NA,228.0450879,"composition","custom RTMB","base coefficients"
"age_composition","fishery",1992,14,0.0229132188754035,0.0111368527118035,NA,NA,228.0450879,"composition","custom RTMB","base coefficients"
"age_composition","fishery",1992,15,0.0180281239374606,0.00309629792735982,NA,NA,228.0450879,"composition","custom RTMB","base coefficients"
"age_composition","fishery",1993,1,3.49144435660558e-05,0.00118567810292042,NA,NA,344.4454631,"composition","custom RTMB","base coefficients"
"age_composition","fishery",1993,2,0.00391812877957373,0.0116948507306908,NA,NA,344.4454631,"composition","custom RTMB","base coefficients"
"age_composition","fishery",1993,3,0.137446132227176,0.124254518449906,NA,NA,344.4454631,"composition","custom RTMB","base coefficients"
"age_composition","fishery",1993,4,0.604986496837142,0.588388578658947,NA,NA,344.4454631,"composition","custom RTMB","base coefficients"
"age_composition","fishery",1993,5,0.0543302529718329,0.0670087807502178,NA,NA,344.4454631,"composition","custom RTMB","base coefficients"
"age_composition","fishery",1993,6,0.0349062316496094,0.040307944537745,NA,NA,344.4454631,"composition","custom RTMB","base coefficients"
"age_composition","fishery",1993,7,0.035013660850892,0.0333345082126314,NA,NA,344.4454631,"composition","custom RTMB","base coefficients"
"age_composition","fishery",1993,8,0.0297904268523031,0.0320989347850269,NA,NA,344.4454631,"composition","custom RTMB","base coefficients"
"age_composition","fishery",1993,9,0.0454696276895187,0.0466133335920607,NA,NA,344.4454631,"composition","custom RTMB","base coefficients"
"age_composition","fishery",1993,10,0.011164114350769,0.0116359725785153,NA,NA,344.4454631,"composition","custom RTMB","base coefficients"
"age_composition","fishery",1993,11,0.017243545307968,0.024099966830118,NA,NA,344.4454631,"composition","custom RTMB","base coefficients"
"age_composition","fishery",1993,12,0.00651986283050128,0.00609615845020171,NA,NA,344.4454631,"composition","custom RTMB","base coefficients"
"age_composition","fishery",1993,13,0.00710656461126466,0.00622658863215048,NA,NA,344.4454631,"composition","custom RTMB","base coefficients"
"age_composition","fishery",1993,14,0.00356758210104775,0.0028280200098047,NA,NA,344.4454631,"composition","custom RTMB","base coefficients"
"age_composition","fishery",1993,15,0.00850245849683575,0.00422616567906419,NA,NA,344.4454631,"composition","custom RTMB","base coefficients"
"age_composition","fishery",1994,1,0.000410145595595659,0.000304786156258716,NA,NA,286.3559154,"composition","custom RTMB","base coefficients"
"age_composition","fishery",1994,2,0.0165196586624282,0.0183498604717935,NA,NA,286.3559154,"composition","custom RTMB","base coefficients"
"age_composition","fishery",1994,3,0.0301761903471597,0.039539496180042,NA,NA,286.3559154,"composition","custom RTMB","base coefficients"
"age_composition","fishery",1994,4,0.197626390523246,0.192519272943499,NA,NA,286.3559154,"composition","custom RTMB","base coefficients"
"age_composition","fishery",1994,5,0.579858867240046,0.56561505118275,NA,NA,286.3559154,"composition","custom RTMB","base coefficients"
"age_composition","fishery",1994,6,0.0961421080196901,0.0870037527905372,NA,NA,286.3559154,"composition","custom RTMB","base coefficients"
"age_composition","fishery",1994,7,0.0292930442023565,0.0258106322030865,NA,NA,286.3559154,"composition","custom RTMB","base coefficients"
"age_composition","fishery",1994,8,0.0104550237712716,0.0155990790931827,NA,NA,286.3559154,"composition","custom RTMB","base coefficients"
"age_composition","fishery",1994,9,0.00719075997477272,0.0132529933904207,NA,NA,286.3559154,"composition","custom RTMB","base coefficients"
"age_composition","fishery",1994,10,0.0110338935295473,0.0177618135886557,NA,NA,286.3559154,"composition","custom RTMB","base coefficients"
"age_composition","fishery",1994,11,0.00531629764923975,0.00494821745727415,NA,NA,286.3559154,"composition","custom RTMB","base coefficients"
"age_composition","fishery",1994,12,0.00513387917608611,0.0106955633387799,NA,NA,286.3559154,"composition","custom RTMB","base coefficients"
"age_composition","fishery",1994,13,0.00413417289006585,0.00270547462936285,NA,NA,286.3559154,"composition","custom RTMB","base coefficients"
"age_composition","fishery",1994,14,0.00216960961370981,0.00276335953361003,NA,NA,286.3559154,"composition","custom RTMB","base coefficients"
"age_composition","fishery",1994,15,0.00453995880478475,0.00313064704074708,NA,NA,286.3559154,"composition","custom RTMB","base coefficients"
"age_composition","fishery",1995,1,6.2317946939752e-09,0.000211090336238614,NA,NA,256.9467042,"composition","custom RTMB","base coefficients"
"age_composition","fishery",1995,2,0.000320211358098723,0.00754376390014905,NA,NA,256.9467042,"composition","custom RTMB","base coefficients"
"age_composition","fishery",1995,3,0.0453886011855439,0.058123420596779,NA,NA,256.9467042,"composition","custom RTMB","base coefficients"
"age_composition","fishery",1995,4,0.0913830424351633,0.0873066179889485,NA,NA,256.9467042,"composition","custom RTMB","base coefficients"
"age_composition","fishery",1995,5,0.246204149778763,0.242296966875381,NA,NA,256.9467042,"composition","custom RTMB","base coefficients"
"age_composition","fishery",1995,6,0.473832064775409,0.47356037731913,NA,NA,256.9467042,"composition","custom RTMB","base coefficients"
"age_composition","fishery",1995,7,0.0848365872445186,0.069502033388465,NA,NA,256.9467042,"composition","custom RTMB","base coefficients"
"age_composition","fishery",1995,8,0.0215252123315927,0.0179384924785943,NA,NA,256.9467042,"composition","custom RTMB","base coefficients"
"age_composition","fishery",1995,9,0.00763965727230028,0.0097655809481774,NA,NA,256.9467042,"composition","custom RTMB","base coefficients"
"age_composition","fishery",1995,10,0.00467037720309141,0.00781308218523592,NA,NA,256.9467042,"composition","custom RTMB","base coefficients"
"age_composition","fishery",1995,11,0.0108808255834738,0.0107230912307339,NA,NA,256.9467042,"composition","custom RTMB","base coefficients"
"age_composition","fishery",1995,12,0.00311505742930958,0.00310558527048991,NA,NA,256.9467042,"composition","custom RTMB","base coefficients"
"age_composition","fishery",1995,13,0.00361927972431842,0.00671271710496016,NA,NA,256.9467042,"composition","custom RTMB","base coefficients"
"age_composition","fishery",1995,14,0.00103164095162941,0.00169800180189775,NA,NA,256.9467042,"composition","custom RTMB","base coefficients"
"age_composition","fishery",1995,15,0.00555328649499346,0.00369917857481904,NA,NA,256.9467042,"composition","custom RTMB","base coefficients"
"age_composition","fishery",1996,1,7.09878750574638e-09,0.000507090725231141,NA,NA,189.0802194,"composition","custom RTMB","base coefficients"
"age_composition","fishery",1996,2,0.0153618535044697,0.0109295018039049,NA,NA,189.0802194,"composition","custom RTMB","base coefficients"
"age_composition","fishery",1996,3,0.0341002601857005,0.0319342455341866,NA,NA,189.0802194,"composition","custom RTMB","base coefficients"
"age_composition","fishery",1996,4,0.0509085164086678,0.0959504069059935,NA,NA,189.0802194,"composition","custom RTMB","base coefficients"
"age_composition","fishery",1996,5,0.114158496284635,0.135080014935473,NA,NA,189.0802194,"composition","custom RTMB","base coefficients"
"age_composition","fishery",1996,6,0.256652826371997,0.280716882578774,NA,NA,189.0802194,"composition","custom RTMB","base coefficients"
"age_composition","fishery",1996,7,0.34162605886218,0.333455997629965,NA,NA,189.0802194,"composition","custom RTMB","base coefficients"
"age_composition","fishery",1996,8,0.130939953783407,0.0659827107115326,NA,NA,189.0802194,"composition","custom RTMB","base coefficients"
"age_composition","fishery",1996,9,0.0238534595205181,0.0132671713007782,NA,NA,189.0802194,"composition","custom RTMB","base coefficients"
"age_composition","fishery",1996,10,0.0095372263611089,0.00689495094413552,NA,NA,189.0802194,"composition","custom RTMB","base coefficients"
"age_composition","fishery",1996,11,0.00563683434786604,0.00541718443894558,NA,NA,189.0802194,"composition","custom RTMB","base coefficients"
"age_composition","fishery",1996,12,0.00625046444547258,0.00821177738472415,NA,NA,189.0802194,"composition","custom RTMB","base coefficients"
"age_composition","fishery",1996,13,0.00307456984994799,0.00237826708192579,NA,NA,189.0802194,"composition","custom RTMB","base coefficients"
"age_composition","fishery",1996,14,0.00413768164359029,0.00514062011843857,NA,NA,189.0802194,"composition","custom RTMB","base coefficients"
"age_composition","fishery",1996,15,0.00376179133165109,0.00413317790599145,NA,NA,189.0802194,"composition","custom RTMB","base coefficients"
"age_composition","fishery",1997,1,0.000668474600464001,0.000633037922270942,NA,NA,318.6780707,"composition","custom RTMB","base coefficients"
"age_composition","fishery",1997,2,0.0503902016020321,0.0341924525890715,NA,NA,318.6780707,"composition","custom RTMB","base coefficients"
"age_composition","fishery",1997,3,0.0261551453455806,0.0283266754830989,NA,NA,318.6780707,"composition","custom RTMB","base coefficients"
"age_composition","fishery",1997,4,0.0771655012020737,0.0674399743723249,NA,NA,318.6780707,"composition","custom RTMB","base coefficients"
"age_composition","fishery",1997,5,0.295196998453943,0.287888966142105,NA,NA,318.6780707,"composition","custom RTMB","base coefficients"
"age_composition","fishery",1997,6,0.187413916154697,0.204988613811877,NA,NA,318.6780707,"composition","custom RTMB","base coefficients"
"age_composition","fishery",1997,7,0.166279720234649,0.177443279133331,NA,NA,318.6780707,"composition","custom RTMB","base coefficients"
"age_composition","fishery",1997,8,0.128780517545452,0.144026393859445,NA,NA,318.6780707,"composition","custom RTMB","base coefficients"
"age_composition","fishery",1997,9,0.0415214077533941,0.0285005974393293,NA,NA,318.6780707,"composition","custom RTMB","base coefficients"
"age_composition","fishery",1997,10,0.00864901965572241,0.00652220835155487,NA,NA,318.6780707,"composition","custom RTMB","base coefficients"
"age_composition","fishery",1997,11,0.00387224306211804,0.00366472991317156,NA,NA,318.6780707,"composition","custom RTMB","base coefficients"
"age_composition","fishery",1997,12,0.00301366100444763,0.0035083996227372,NA,NA,318.6780707,"composition","custom RTMB","base coefficients"
"age_composition","fishery",1997,13,0.0018775060912667,0.00531829717139478,NA,NA,318.6780707,"composition","custom RTMB","base coefficients"
"age_composition","fishery",1997,14,0.0031011039324218,0.00154026716775787,NA,NA,318.6780707,"composition","custom RTMB","base coefficients"
"age_composition","fishery",1997,15,0.00591458336173797,0.00600610702052896,NA,NA,318.6780707,"composition","custom RTMB","base coefficients"
"age_composition","fishery",1998,1,0.000186710307353596,0.000238558134804555,NA,NA,354.5667004,"composition","custom RTMB","base coefficients"
"age_composition","fishery",1998,2,0.0272082738325555,0.0266957132846515,NA,NA,354.5667004,"composition","custom RTMB","base coefficients"
"age_composition","fishery",1998,3,0.0547285184267323,0.0656158234088792,NA,NA,354.5667004,"composition","custom RTMB","base coefficients"
"age_composition","fishery",1998,4,0.0456407403080462,0.0511595191814818,NA,NA,354.5667004,"composition","custom RTMB","base coefficients"
"age_composition","fishery",1998,5,0.0992860955586655,0.0988640855822935,NA,NA,354.5667004,"composition","custom RTMB","base coefficients"
"age_composition","fishery",1998,6,0.455007184523746,0.438268469304015,NA,NA,354.5667004,"composition","custom RTMB","base coefficients"
"age_composition","fishery",1998,7,0.129207272754367,0.136624306373496,NA,NA,354.5667004,"composition","custom RTMB","base coefficients"
"age_composition","fishery",1998,8,0.0852814052878491,0.0903422312347102,NA,NA,354.5667004,"composition","custom RTMB","base coefficients"
"age_composition","fishery",1998,9,0.0716988581602041,0.0695853480157991,NA,NA,354.5667004,"composition","custom RTMB","base coefficients"
"age_composition","fishery",1998,10,0.017995464846538,0.0104458109440295,NA,NA,354.5667004,"composition","custom RTMB","base coefficients"
"age_composition","fishery",1998,11,0.00397864974669623,0.00248072062957548,NA,NA,354.5667004,"composition","custom RTMB","base coefficients"
"age_composition","fishery",1998,12,0.00360283904894253,0.00177027598333229,NA,NA,354.5667004,"composition","custom RTMB","base coefficients"
"age_composition","fishery",1998,13,0.00165404142888839,0.00169475943363278,NA,NA,354.5667004,"composition","custom RTMB","base coefficients"
"age_composition","fishery",1998,14,0.00162002124411812,0.00256904437102061,NA,NA,354.5667004,"composition","custom RTMB","base coefficients"
"age_composition","fishery",1998,15,0.00290392452529706,0.00364533411827927,NA,NA,354.5667004,"composition","custom RTMB","base coefficients"
"age_composition","fishery",1999,1,0.000155636513885107,0.000208662214860701,NA,NA,476.1364988,"composition","custom RTMB","base coefficients"
"age_composition","fishery",1999,2,0.00692438176481414,0.00825862106154155,NA,NA,476.1364988,"composition","custom RTMB","base coefficients"
"age_composition","fishery",1999,3,0.199896977241383,0.184385727803009,NA,NA,476.1364988,"composition","custom RTMB","base coefficients"
"age_composition","fishery",1999,4,0.150590292965045,0.151107493853272,NA,NA,476.1364988,"composition","custom RTMB","base coefficients"
"age_composition","fishery",1999,5,0.0689517527073339,0.0737908102482631,NA,NA,476.1364988,"composition","custom RTMB","base coefficients"
"age_composition","fishery",1999,6,0.105075026850739,0.112674280560528,NA,NA,476.1364988,"composition","custom RTMB","base coefficients"
"age_composition","fishery",1999,7,0.314343879779453,0.303095158586765,NA,NA,476.1364988,"composition","custom RTMB","base coefficients"
"age_composition","fishery",1999,8,0.0876629876219072,0.0881839901003477,NA,NA,476.1364988,"composition","custom RTMB","base coefficients"
"age_composition","fishery",1999,9,0.0378113230859595,0.042403052043322,NA,NA,476.1364988,"composition","custom RTMB","base coefficients"
"age_composition","fishery",1999,10,0.0222041079643304,0.0255422012310062,NA,NA,476.1364988,"composition","custom RTMB","base coefficients"
"age_composition","fishery",1999,11,0.00265004984662566,0.00415195119202134,NA,NA,476.1364988,"composition","custom RTMB","base coefficients"
"age_composition","fishery",1999,12,0.00146140791885687,0.00126442953358596,NA,NA,476.1364988,"composition","custom RTMB","base coefficients"
"age_composition","fishery",1999,13,0.000573314231455149,0.000902314113583329,NA,NA,476.1364988,"composition","custom RTMB","base coefficients"
"age_composition","fishery",1999,14,0.000319471020616014,0.000863823138591551,NA,NA,476.1364988,"composition","custom RTMB","base coefficients"
"age_composition","fishery",1999,15,0.00137939048759575,0.00316748431930311,NA,NA,476.1364988,"composition","custom RTMB","base coefficients"
"age_composition","fishery",2000,1,6.06217395576521e-09,0.000288263268843185,NA,NA,482.4344192,"composition","custom RTMB","base coefficients"
"age_composition","fishery",2000,2,0.00973629941666881,0.00745521725742794,NA,NA,482.4344192,"composition","custom RTMB","base coefficients"
"age_composition","fishery",2000,3,0.0499276344791272,0.0507096207210073,NA,NA,482.4344192,"composition","custom RTMB","base coefficients"
"age_composition","fishery",2000,4,0.259505385173501,0.257987262169666,NA,NA,482.4344192,"composition","custom RTMB","base coefficients"
"age_composition","fishery",2000,5,0.209851971473887,0.212560853649363,NA,NA,482.4344192,"composition","custom RTMB","base coefficients"
"age_composition","fishery",2000,6,0.0646076221433101,0.0771439582519989,NA,NA,482.4344192,"composition","custom RTMB","base coefficients"
"age_composition","fishery",2000,7,0.101976170346416,0.0993232535495948,NA,NA,482.4344192,"composition","custom RTMB","base coefficients"
"age_composition","fishery",2000,8,0.216636992753775,0.205563535132341,NA,NA,482.4344192,"composition","custom RTMB","base coefficients"
"age_composition","fishery",2000,9,0.0514245128917696,0.0484942981935058,NA,NA,482.4344192,"composition","custom RTMB","base coefficients"
"age_composition","fishery",2000,10,0.0180003651684565,0.0210226583349391,NA,NA,482.4344192,"composition","custom RTMB","base coefficients"
"age_composition","fishery",2000,11,0.0133510085416531,0.0134931890374206,NA,NA,482.4344192,"composition","custom RTMB","base coefficients"
"age_composition","fishery",2000,12,0.00317697870156165,0.00239003524626227,NA,NA,482.4344192,"composition","custom RTMB","base coefficients"
"age_composition","fishery",2000,13,0.000858914417980763,0.000727858062853134,NA,NA,482.4344192,"composition","custom RTMB","base coefficients"
"age_composition","fishery",2000,14,0.000368722450464444,0.000519409413773517,NA,NA,482.4344192,"composition","custom RTMB","base coefficients"
"age_composition","fishery",2000,15,0.000577415979254538,0.00232058771100281,NA,NA,482.4344192,"composition","custom RTMB","base coefficients"
"age_composition","fishery",2001,1,5.75869117229811e-09,0.000396394412208973,NA,NA,328.1698823,"composition","custom RTMB","base coefficients"
"age_composition","fishery",2001,2,0.0018488919576335,0.00927627674707029,NA,NA,328.1698823,"composition","custom RTMB","base coefficients"
"age_composition","fishery",2001,3,0.024620021918265,0.0349048367298069,NA,NA,328.1698823,"composition","custom RTMB","base coefficients"
"age_composition","fishery",2001,4,0.088883532566552,0.0948811263704485,NA,NA,328.1698823,"composition","custom RTMB","base coefficients"
"age_composition","fishery",2001,5,0.334268625927401,0.339055795393241,NA,NA,328.1698823,"composition","custom RTMB","base coefficients"
"age_composition","fishery",2001,6,0.238772552821733,0.239491232269895,NA,NA,328.1698823,"composition","custom RTMB","base coefficients"
"age_composition","fishery",2001,7,0.07892156465348,0.0770805051388834,NA,NA,328.1698823,"composition","custom RTMB","base coefficients"
"age_composition","fishery",2001,8,0.0742145837102138,0.0644912648609892,NA,NA,328.1698823,"composition","custom RTMB","base coefficients"
"age_composition","fishery",2001,9,0.0904532119837214,0.0891225169261114,NA,NA,328.1698823,"composition","custom RTMB","base coefficients"
"age_composition","fishery",2001,10,0.0332835182473376,0.0264392232822541,NA,NA,328.1698823,"composition","custom RTMB","base coefficients"
"age_composition","fishery",2001,11,0.0193550366869847,0.0127831385514933,NA,NA,328.1698823,"composition","custom RTMB","base coefficients"
"age_composition","fishery",2001,12,0.00932308550567109,0.00837827768571531,NA,NA,328.1698823,"composition","custom RTMB","base coefficients"
"age_composition","fishery",2001,13,0.00315608333454717,0.00148403605080302,NA,NA,328.1698823,"composition","custom RTMB","base coefficients"
"age_composition","fishery",2001,14,0.00177826377005827,0.000451946307834144,NA,NA,328.1698823,"composition","custom RTMB","base coefficients"
"age_composition","fishery",2001,15,0.00112102115771023,0.00176342927324449,NA,NA,328.1698823,"composition","custom RTMB","base coefficients"
"age_composition","fishery",2002,1,0.000411649905254637,0.000278497809187113,NA,NA,486.5633942,"composition","custom RTMB","base coefficients"
"age_composition","fishery",2002,2,0.0250433744058684,0.0175613855479698,NA,NA,486.5633942,"composition","custom RTMB","base coefficients"
"age_composition","fishery",2002,3,0.0575163317693922,0.0650537882213994,NA,NA,486.5633942,"composition","custom RTMB","base coefficients"
"age_composition","fishery",2002,4,0.115945461255595,0.115080434762676,NA,NA,486.5633942,"composition","custom RTMB","base coefficients"
"age_composition","fishery",2002,5,0.153064078349501,0.156176170066841,NA,NA,486.5633942,"composition","custom RTMB","base coefficients"
"age_composition","fishery",2002,6,0.322752382006455,0.331004640289746,NA,NA,486.5633942,"composition","custom RTMB","base coefficients"
"age_composition","fishery",2002,7,0.142633922641575,0.148648842742621,NA,NA,486.5633942,"composition","custom RTMB","base coefficients"
"age_composition","fishery",2002,8,0.0524129113446231,0.0493710156683401,NA,NA,486.5633942,"composition","custom RTMB","base coefficients"
"age_composition","fishery",2002,9,0.0457172460162013,0.0366453108518198,NA,NA,486.5633942,"composition","custom RTMB","base coefficients"
"age_composition","fishery",2002,10,0.0499964905900409,0.0492807921087974,NA,NA,486.5633942,"composition","custom RTMB","base coefficients"
"age_composition","fishery",2002,11,0.0184220530002663,0.0153814975912864,NA,NA,486.5633942,"composition","custom RTMB","base coefficients"
"age_composition","fishery",2002,12,0.00766621085691392,0.00797897571891173,NA,NA,486.5633942,"composition","custom RTMB","base coefficients"
"age_composition","fishery",2002,13,0.00587864635839189,0.0052295509394141,NA,NA,486.5633942,"composition","custom RTMB","base coefficients"
"age_composition","fishery",2002,14,0.00157314794355061,0.000926305192394531,NA,NA,486.5633942,"composition","custom RTMB","base coefficients"
"age_composition","fishery",2002,15,0.00096609355637093,0.00138279248859674,NA,NA,486.5633942,"composition","custom RTMB","base coefficients"
"age_composition","fishery",2003,1,4.83748872093149e-09,0.00016106065713004,NA,NA,440.9136437,"composition","custom RTMB","base coefficients"
"age_composition","fishery",2003,2,0.00702557327801886,0.00845964568614645,NA,NA,440.9136437,"composition","custom RTMB","base coefficients"
"age_composition","fishery",2003,3,0.198995489846623,0.181201536322313,NA,NA,440.9136437,"composition","custom RTMB","base coefficients"
"age_composition","fishery",2003,4,0.156635233588645,0.167279593203001,NA,NA,440.9136437,"composition","custom RTMB","base coefficients"
"age_composition","fishery",2003,5,0.174173102408961,0.174845755367152,NA,NA,440.9136437,"composition","custom RTMB","base coefficients"
"age_composition","fishery",2003,6,0.145693024991812,0.14805571161081,NA,NA,440.9136437,"composition","custom RTMB","base coefficients"
"age_composition","fishery",2003,7,0.16314751841337,0.16653885863171,NA,NA,440.9136437,"composition","custom RTMB","base coefficients"
"age_composition","fishery",2003,8,0.0766226371024737,0.0761110151795175,NA,NA,440.9136437,"composition","custom RTMB","base coefficients"
"age_composition","fishery",2003,9,0.0238842580875001,0.0220590577464816,NA,NA,440.9136437,"composition","custom RTMB","base coefficients"
"age_composition","fishery",2003,10,0.0189823790571603,0.0156212832427347,NA,NA,440.9136437,"composition","custom RTMB","base coefficients"
"age_composition","fishery",2003,11,0.0172568545626538,0.022590526209166,NA,NA,440.9136437,"composition","custom RTMB","base coefficients"
"age_composition","fishery",2003,12,0.0110843307969045,0.00850036382539393,NA,NA,440.9136437,"composition","custom RTMB","base coefficients"
"age_composition","fishery",2003,13,0.00319882078548647,0.00440946638402466,NA,NA,440.9136437,"composition","custom RTMB","base coefficients"
"age_composition","fishery",2003,14,0.0017613831857375,0.00289003625067256,NA,NA,440.9136437,"composition","custom RTMB","base coefficients"
"age_composition","fishery",2003,15,0.0015393890571655,0.00127608968374565,NA,NA,440.9136437,"composition","custom RTMB","base coefficients"
"age_composition","fishery",2004,1,4.74421714849014e-09,5.80307598944423e-05,NA,NA,390.5174487,"composition","custom RTMB","base coefficients"
"age_composition","fishery",2004,2,0.000255547444291947,0.00377700675488007,NA,NA,390.5174487,"composition","custom RTMB","base coefficients"
"age_composition","fishery",2004,3,0.0424662278177078,0.0523287946369226,NA,NA,390.5174487,"composition","custom RTMB","base coefficients"
"age_composition","fishery",2004,4,0.393908082413441,0.386028234671197,NA,NA,390.5174487,"composition","custom RTMB","base coefficients"
"age_composition","fishery",2004,5,0.227802070049785,0.231980676488172,NA,NA,390.5174487,"composition","custom RTMB","base coefficients"
"age_composition","fishery",2004,6,0.112239331024256,0.121058308592813,NA,NA,390.5174487,"composition","custom RTMB","base coefficients"
"age_composition","fishery",2004,7,0.0802293054827268,0.073028796839627,NA,NA,390.5174487,"composition","custom RTMB","base coefficients"
"age_composition","fishery",2004,8,0.0740689532598976,0.069730754512199,NA,NA,390.5174487,"composition","custom RTMB","base coefficients"
"age_composition","fishery",2004,9,0.0307871485509099,0.0276201938673412,NA,NA,390.5174487,"composition","custom RTMB","base coefficients"
"age_composition","fishery",2004,10,0.00763914044307944,0.00781732785464098,NA,NA,390.5174487,"composition","custom RTMB","base coefficients"
"age_composition","fishery",2004,11,0.0080861783611867,0.0061036906879795,NA,NA,390.5174487,"composition","custom RTMB","base coefficients"
"age_composition","fishery",2004,12,0.0119776699288862,0.0116568706683865,NA,NA,390.5174487,"composition","custom RTMB","base coefficients"
"age_composition","fishery",2004,13,0.00447804544971708,0.00438624761678387,NA,NA,390.5174487,"composition","custom RTMB","base coefficients"
"age_composition","fishery",2004,14,0.00280514056377414,0.00227531571771522,NA,NA,390.5174487,"composition","custom RTMB","base coefficients"
"age_composition","fishery",2004,15,0.00325715446612326,0.00214975033144731,NA,NA,390.5174487,"composition","custom RTMB","base coefficients"
"age_composition","fishery",2005,1,4.65424673615028e-09,3.57532795794421e-05,NA,NA,494.3821404,"composition","custom RTMB","base coefficients"
"age_composition","fishery",2005,2,0.00222944589839401,0.00171807579834834,NA,NA,494.3821404,"composition","custom RTMB","base coefficients"
"age_composition","fishery",2005,3,0.0242486972432764,0.0303398044417624,NA,NA,494.3821404,"composition","custom RTMB","base coefficients"
"age_composition","fishery",2005,4,0.18265997318844,0.181836707700556,NA,NA,494.3821404,"composition","custom RTMB","base coefficients"
"age_composition","fishery",2005,5,0.401629130738803,0.409487976437815,NA,NA,494.3821404,"composition","custom RTMB","base coefficients"
"age_composition","fishery",2005,6,0.225336420023501,0.216885172923598,NA,NA,494.3821404,"composition","custom RTMB","base coefficients"
"age_composition","fishery",2005,7,0.0741433444304274,0.0725416680863567,NA,NA,494.3821404,"composition","custom RTMB","base coefficients"
"age_composition","fishery",2005,8,0.0316554861433973,0.0307879087787163,NA,NA,494.3821404,"composition","custom RTMB","base coefficients"
"age_composition","fishery",2005,9,0.0309766542602959,0.0273200883909903,NA,NA,494.3821404,"composition","custom RTMB","base coefficients"
"age_composition","fishery",2005,10,0.0139970065816157,0.0110333225734909,NA,NA,494.3821404,"composition","custom RTMB","base coefficients"
"age_composition","fishery",2005,11,0.00464918688180771,0.00328068612538769,NA,NA,494.3821404,"composition","custom RTMB","base coefficients"
"age_composition","fishery",2005,12,0.00425122357017166,0.00338420493660964,NA,NA,494.3821404,"composition","custom RTMB","base coefficients"
"age_composition","fishery",2005,13,0.00148500972751882,0.00646317798165365,NA,NA,494.3821404,"composition","custom RTMB","base coefficients"
"age_composition","fishery",2005,14,0.00115404474168617,0.00243196478929472,NA,NA,494.3821404,"composition","custom RTMB","base coefficients"
"age_composition","fishery",2005,15,0.00158437191641866,0.00245348775584118,NA,NA,494.3821404,"composition","custom RTMB","base coefficients"
"age_composition","fishery",2006,1,4.70795912914708e-09,0.000108172057107005,NA,NA,506.2105711,"composition","custom RTMB","base coefficients"
"age_composition","fishery",2006,2,0.00465428863964411,0.00176747682562169,NA,NA,506.2105711,"composition","custom RTMB","base coefficients"
"age_composition","fishery",2006,3,0.0395905461269642,0.0314702188598556,NA,NA,506.2105711,"composition","custom RTMB","base coefficients"
"age_composition","fishery",2006,4,0.139103344263107,0.137251152057145,NA,NA,506.2105711,"composition","custom RTMB","base coefficients"
"age_composition","fishery",2006,5,0.291429035480703,0.290840400743634,NA,NA,506.2105711,"composition","custom RTMB","base coefficients"
"age_composition","fishery",2006,6,0.281073206810555,0.306023981059691,NA,NA,506.2105711,"composition","custom RTMB","base coefficients"
"age_composition","fishery",2006,7,0.131027522349157,0.128643222228877,NA,NA,506.2105711,"composition","custom RTMB","base coefficients"
"age_composition","fishery",2006,8,0.050486121800371,0.0465897308714078,NA,NA,506.2105711,"composition","custom RTMB","base coefficients"
"age_composition","fishery",2006,9,0.0225843492556531,0.0193781052190602,NA,NA,506.2105711,"composition","custom RTMB","base coefficients"
"age_composition","fishery",2006,10,0.0180443731653503,0.0158523373577264,NA,NA,506.2105711,"composition","custom RTMB","base coefficients"
"age_composition","fishery",2006,11,0.00832432570454494,0.00659510644806764,NA,NA,506.2105711,"composition","custom RTMB","base coefficients"
"age_composition","fishery",2006,12,0.00387659981017106,0.00281928976565015,NA,NA,506.2105711,"composition","custom RTMB","base coefficients"
"age_composition","fishery",2006,13,0.00390948811889321,0.00290824967033955,NA,NA,506.2105711,"composition","custom RTMB","base coefficients"
"age_composition","fishery",2006,14,0.00250234509035924,0.005554195324034,NA,NA,506.2105711,"composition","custom RTMB","base coefficients"
"age_composition","fishery",2006,15,0.00339444867656764,0.0041983615117839,NA,NA,506.2105711,"composition","custom RTMB","base coefficients"
"age_composition","fishery",2007,1,0.000986922027432978,0.000306718175663378,NA,NA,500.2156307,"composition","custom RTMB","base coefficients"
"age_composition","fishery",2007,2,0.00936008245395354,0.0062557378797175,NA,NA,500.2156307,"composition","custom RTMB","base coefficients"
"age_composition","fishery",2007,3,0.0351956241438236,0.0288503817651337,NA,NA,500.2156307,"composition","custom RTMB","base coefficients"
"age_composition","fishery",2007,4,0.0827522989201546,0.0836858203356459,NA,NA,500.2156307,"composition","custom RTMB","base coefficients"
"age_composition","fishery",2007,5,0.231567767581859,0.230529717125445,NA,NA,500.2156307,"composition","custom RTMB","base coefficients"
"age_composition","fishery",2007,6,0.304454150716149,0.305583800078522,NA,NA,500.2156307,"composition","custom RTMB","base coefficients"
"age_composition","fishery",2007,7,0.17886050282461,0.194044461001346,NA,NA,500.2156307,"composition","custom RTMB","base coefficients"
"age_composition","fishery",2007,8,0.0815177385806813,0.0800677515433421,NA,NA,500.2156307,"composition","custom RTMB","base coefficients"
"age_composition","fishery",2007,9,0.0283104217110381,0.0282662415228756,NA,NA,500.2156307,"composition","custom RTMB","base coefficients"
"age_composition","fishery",2007,10,0.0163599414193444,0.0126138087600706,NA,NA,500.2156307,"composition","custom RTMB","base coefficients"
"age_composition","fishery",2007,11,0.0130052663793031,0.0106283433924133,NA,NA,500.2156307,"composition","custom RTMB","base coefficients"
"age_composition","fishery",2007,12,0.00530329095780117,0.00572632774412927,NA,NA,500.2156307,"composition","custom RTMB","base coefficients"
"age_composition","fishery",2007,13,0.00388315479493744,0.00244790244568568,NA,NA,500.2156307,"composition","custom RTMB","base coefficients"
"age_composition","fishery",2007,14,0.00202481264015298,0.00252514359021448,NA,NA,500.2156307,"composition","custom RTMB","base coefficients"
"age_composition","fishery",2007,15,0.00641802484875867,0.0084678446397942,NA,NA,500.2156307,"composition","custom RTMB","base coefficients"
"age_composition","fishery",2008,1,8.53042441249223e-09,0.000225527808663322,NA,NA,523.649975,"composition","custom RTMB","base coefficients"
"age_composition","fishery",2008,2,0.0214678894440646,0.0177766756645185,NA,NA,523.649975,"composition","custom RTMB","base coefficients"
"age_composition","fishery",2008,3,0.05012554713376,0.059222136722642,NA,NA,523.649975,"composition","custom RTMB","base coefficients"
"age_composition","fishery",2008,4,0.0675108615166993,0.0723066838298548,NA,NA,523.649975,"composition","custom RTMB","base coefficients"
"age_composition","fishery",2008,5,0.125278370254285,0.131182563741133,NA,NA,523.649975,"composition","custom RTMB","base coefficients"
"age_composition","fishery",2008,6,0.26389924721175,0.266517610307114,NA,NA,523.649975,"composition","custom RTMB","base coefficients"
"age_composition","fishery",2008,7,0.206476384229617,0.202496270562969,NA,NA,523.649975,"composition","custom RTMB","base coefficients"
"age_composition","fishery",2008,8,0.126749680983585,0.129412469263217,NA,NA,523.649975,"composition","custom RTMB","base coefficients"
"age_composition","fishery",2008,9,0.0718184066145398,0.0632411727536033,NA,NA,523.649975,"composition","custom RTMB","base coefficients"
"age_composition","fishery",2008,10,0.0188997332498267,0.0202809066305507,NA,NA,523.649975,"composition","custom RTMB","base coefficients"
"age_composition","fishery",2008,11,0.0149710154118006,0.0101788491263397,NA,NA,523.649975,"composition","custom RTMB","base coefficients"
"age_composition","fishery",2008,12,0.0123016458938245,0.00968790586489196,NA,NA,523.649975,"composition","custom RTMB","base coefficients"
"age_composition","fishery",2008,13,0.0073569425776071,0.00521963979600467,NA,NA,523.649975,"composition","custom RTMB","base coefficients"
"age_composition","fishery",2008,14,0.0023601004262158,0.00223130243205823,NA,NA,523.649975,"composition","custom RTMB","base coefficients"
"age_composition","fishery",2008,15,0.0107841665220011,0.0100202854964406,NA,NA,523.649975,"composition","custom RTMB","base coefficients"
"age_composition","fishery",2009,1,1.04274398039765e-08,0.000901330565887929,NA,NA,420.0301079,"composition","custom RTMB","base coefficients"
"age_composition","fishery",2009,2,0.00137115555637699,0.00755325931165326,NA,NA,420.0301079,"composition","custom RTMB","base coefficients"
"age_composition","fishery",2009,3,0.182843835042538,0.175362462038543,NA,NA,420.0301079,"composition","custom RTMB","base coefficients"
"age_composition","fishery",2009,4,0.208944217930687,0.217010719225807,NA,NA,420.0301079,"composition","custom RTMB","base coefficients"
"age_composition","fishery",2009,5,0.0859964953924817,0.0937900802483703,NA,NA,420.0301079,"composition","custom RTMB","base coefficients"
"age_composition","fishery",2009,6,0.119216114147173,0.125774384843936,NA,NA,420.0301079,"composition","custom RTMB","base coefficients"
"age_composition","fishery",2009,7,0.129500014981651,0.132642314137025,NA,NA,420.0301079,"composition","custom RTMB","base coefficients"
"age_composition","fishery",2009,8,0.108671047405356,0.103180631535378,NA,NA,420.0301079,"composition","custom RTMB","base coefficients"
"age_composition","fishery",2009,9,0.069418438657918,0.0697170845490359,NA,NA,420.0301079,"composition","custom RTMB","base coefficients"
"age_composition","fishery",2009,10,0.0418953209865719,0.035334187026568,NA,NA,420.0301079,"composition","custom RTMB","base coefficients"
"age_composition","fishery",2009,11,0.0245158382920998,0.0141694368156907,NA,NA,420.0301079,"composition","custom RTMB","base coefficients"
"age_composition","fishery",2009,12,0.00793355345153652,0.00669651514073931,NA,NA,420.0301079,"composition","custom RTMB","base coefficients"
"age_composition","fishery",2009,13,0.00777752104556483,0.00637353078929418,NA,NA,420.0301079,"composition","custom RTMB","base coefficients"
"age_composition","fishery",2009,14,0.00282272770352824,0.00343392425698719,NA,NA,420.0301079,"composition","custom RTMB","base coefficients"
"age_composition","fishery",2009,15,0.00909370897907823,0.00806013951508428,NA,NA,420.0301079,"composition","custom RTMB","base coefficients"
"age_composition","fishery",2010,1,0.000966514940487887,0.000287831724857555,NA,NA,549.4055572,"composition","custom RTMB","base coefficients"
"age_composition","fishery",2010,2,0.0236607879371185,0.0210775832516896,NA,NA,549.4055572,"composition","custom RTMB","base coefficients"
"age_composition","fishery",2010,3,0.0284792138380294,0.0356369866033163,NA,NA,549.4055572,"composition","custom RTMB","base coefficients"
"age_composition","fishery",2010,4,0.500192647523688,0.501649676813354,NA,NA,549.4055572,"composition","custom RTMB","base coefficients"
"age_composition","fishery",2010,5,0.197158517635216,0.198702229989788,NA,NA,549.4055572,"composition","custom RTMB","base coefficients"
"age_composition","fishery",2010,6,0.0489471540202797,0.0561709136904167,NA,NA,549.4055572,"composition","custom RTMB","base coefficients"
"age_composition","fishery",2010,7,0.0384586607891502,0.042604729649064,NA,NA,549.4055572,"composition","custom RTMB","base coefficients"
"age_composition","fishery",2010,8,0.0515772227798888,0.0501275985702626,NA,NA,549.4055572,"composition","custom RTMB","base coefficients"
"age_composition","fishery",2010,9,0.0463010057693417,0.0398893476837287,NA,NA,549.4055572,"composition","custom RTMB","base coefficients"
"age_composition","fishery",2010,10,0.0284567961912376,0.0265969775370923,NA,NA,549.4055572,"composition","custom RTMB","base coefficients"
"age_composition","fishery",2010,11,0.0142751801120848,0.0129660689146287,NA,NA,549.4055572,"composition","custom RTMB","base coefficients"
"age_composition","fishery",2010,12,0.00771949800265981,0.00522756260969598,NA,NA,549.4055572,"composition","custom RTMB","base coefficients"
"age_composition","fishery",2010,13,0.00532975863166748,0.00247056058898734,NA,NA,549.4055572,"composition","custom RTMB","base coefficients"
"age_composition","fishery",2010,14,0.00391255484884177,0.0023514012362838,NA,NA,549.4055572,"composition","custom RTMB","base coefficients"
"age_composition","fishery",2010,15,0.00456448698030858,0.00424053113683424,NA,NA,549.4055572,"composition","custom RTMB","base coefficients"
"age_composition","fishery",2011,1,0.000232636571620693,0.000159723555775369,NA,NA,728.0740901,"composition","custom RTMB","base coefficients"
"age_composition","fishery",2011,2,0.00630293822638126,0.00798855535573287,NA,NA,728.0740901,"composition","custom RTMB","base coefficients"
"age_composition","fishery",2011,3,0.117693428901772,0.119651343657205,NA,NA,728.0740901,"composition","custom RTMB","base coefficients"
"age_composition","fishery",2011,4,0.0702356690474396,0.0836977993434748,NA,NA,728.0740901,"composition","custom RTMB","base coefficients"
"age_composition","fishery",2011,5,0.492609089111862,0.505923345271068,NA,NA,728.0740901,"composition","custom RTMB","base coefficients"
"age_composition","fishery",2011,6,0.173321139280896,0.161478802270027,NA,NA,728.0740901,"composition","custom RTMB","base coefficients"
"age_composition","fishery",2011,7,0.0386973113282443,0.0343720009986488,NA,NA,728.0740901,"composition","custom RTMB","base coefficients"
"age_composition","fishery",2011,8,0.0228380590067739,0.0221651057557484,NA,NA,728.0740901,"composition","custom RTMB","base coefficients"
"age_composition","fishery",2011,9,0.0234349826140518,0.0224062679335763,NA,NA,728.0740901,"composition","custom RTMB","base coefficients"
"age_composition","fishery",2011,10,0.0252098854647944,0.0183321178395545,NA,NA,728.0740901,"composition","custom RTMB","base coefficients"
"age_composition","fishery",2011,11,0.0157091742988977,0.0115827261399215,NA,NA,728.0740901,"composition","custom RTMB","base coefficients"
"age_composition","fishery",2011,12,0.00758893128175071,0.00582376863493905,NA,NA,728.0740901,"composition","custom RTMB","base coefficients"
"age_composition","fishery",2011,13,0.00107035244385627,0.00234798344540493,NA,NA,728.0740901,"composition","custom RTMB","base coefficients"
"age_composition","fishery",2011,14,0.00242065269026974,0.00110966348887966,NA,NA,728.0740901,"composition","custom RTMB","base coefficients"
"age_composition","fishery",2011,15,0.00263574973138998,0.00296079631004364,NA,NA,728.0740901,"composition","custom RTMB","base coefficients"
"age_composition","fishery",2012,1,5.13959339609377e-09,0.000117512177040416,NA,NA,607.4592535,"composition","custom RTMB","base coefficients"
"age_composition","fishery",2012,2,0.0114352976873964,0.00533719207089926,NA,NA,607.4592535,"composition","custom RTMB","base coefficients"
"age_composition","fishery",2012,3,0.0599438924118966,0.0578051114000525,NA,NA,607.4592535,"composition","custom RTMB","base coefficients"
"age_composition","fishery",2012,4,0.486078296189766,0.483976962418542,NA,NA,607.4592535,"composition","custom RTMB","base coefficients"
"age_composition","fishery",2012,5,0.0887163196974944,0.0989828495603925,NA,NA,607.4592535,"composition","custom RTMB","base coefficients"
"age_composition","fishery",2012,6,0.222096822238417,0.238877247776493,NA,NA,607.4592535,"composition","custom RTMB","base coefficients"
"age_composition","fishery",2012,7,0.0726786457946565,0.063794510006975,NA,NA,607.4592535,"composition","custom RTMB","base coefficients"
"age_composition","fishery",2012,8,0.018833814191616,0.0149384111655118,NA,NA,607.4592535,"composition","custom RTMB","base coefficients"
"age_composition","fishery",2012,9,0.00895026703501988,0.00914409750485684,NA,NA,607.4592535,"composition","custom RTMB","base coefficients"
"age_composition","fishery",2012,10,0.00749752468666159,0.0090267455947835,NA,NA,607.4592535,"composition","custom RTMB","base coefficients"
"age_composition","fishery",2012,11,0.00817341326240615,0.00706485406305389,NA,NA,607.4592535,"composition","custom RTMB","base coefficients"
"age_composition","fishery",2012,12,0.00692731981393595,0.00531591693539891,NA,NA,607.4592535,"composition","custom RTMB","base coefficients"
"age_composition","fishery",2012,13,0.00380362346663592,0.00267283107105624,NA,NA,607.4592535,"composition","custom RTMB","base coefficients"
"age_composition","fishery",2012,14,0.00315433462648909,0.00107761202420598,NA,NA,607.4592535,"composition","custom RTMB","base coefficients"
"age_composition","fishery",2012,15,0.00171042375801552,0.00186814623073731,NA,NA,607.4592535,"composition","custom RTMB","base coefficients"
"age_composition","fishery",2013,1,0.00099174479823253,0.000383929508876014,NA,NA,753.2713006,"composition","custom RTMB","base coefficients"
"age_composition","fishery",2013,2,0.000522290102537124,0.00352989168892868,NA,NA,753.2713006,"composition","custom RTMB","base coefficients"
"age_composition","fishery",2013,3,0.0343572300078929,0.034423676113053,NA,NA,753.2713006,"composition","custom RTMB","base coefficients"
"age_composition","fishery",2013,4,0.183948720560335,0.186231941969141,NA,NA,753.2713006,"composition","custom RTMB","base coefficients"
"age_composition","fishery",2013,5,0.513534443992637,0.521111177497472,NA,NA,753.2713006,"composition","custom RTMB","base coefficients"
"age_composition","fishery",2013,6,0.104458067903211,0.105488891926737,NA,NA,753.2713006,"composition","custom RTMB","base coefficients"
"age_composition","fishery",2013,7,0.0840994924141492,0.0935121487806474,NA,NA,753.2713006,"composition","custom RTMB","base coefficients"
"age_composition","fishery",2013,8,0.0375916539597233,0.0305357947725222,NA,NA,753.2713006,"composition","custom RTMB","base coefficients"
"age_composition","fishery",2013,9,0.0111096723003903,0.00701891029627544,NA,NA,753.2713006,"composition","custom RTMB","base coefficients"
"age_composition","fishery",2013,10,0.00684996034408314,0.00440117864411745,NA,NA,753.2713006,"composition","custom RTMB","base coefficients"
"age_composition","fishery",2013,11,0.0068524872185722,0.00444545941352994,NA,NA,753.2713006,"composition","custom RTMB","base coefficients"
"age_composition","fishery",2013,12,0.00582948254988694,0.00349997434497272,NA,NA,753.2713006,"composition","custom RTMB","base coefficients"
"age_composition","fishery",2013,13,0.00420777899962068,0.00263353959301173,NA,NA,753.2713006,"composition","custom RTMB","base coefficients"
"age_composition","fishery",2013,14,0.00258206424596452,0.00132413778029252,NA,NA,753.2713006,"composition","custom RTMB","base coefficients"
"age_composition","fishery",2013,15,0.00306491060276488,0.00145934767042257,NA,NA,753.2713006,"composition","custom RTMB","base coefficients"
"age_composition","fishery",2014,1,5.73079794725016e-09,0.00043374568388574,NA,NA,606.3439178,"composition","custom RTMB","base coefficients"
"age_composition","fishery",2014,2,0.0224554906111136,0.01464341063016,NA,NA,606.3439178,"composition","custom RTMB","base coefficients"
"age_composition","fishery",2014,3,0.0177653507764116,0.0292151225795385,NA,NA,606.3439178,"composition","custom RTMB","base coefficients"
"age_composition","fishery",2014,4,0.0960548427333041,0.101974550211924,NA,NA,606.3439178,"composition","custom RTMB","base coefficients"
"age_composition","fishery",2014,5,0.228597786490656,0.228125974748556,NA,NA,606.3439178,"composition","custom RTMB","base coefficients"
"age_composition","fishery",2014,6,0.430385453458161,0.442439620496945,NA,NA,606.3439178,"composition","custom RTMB","base coefficients"
"age_composition","fishery",2014,7,0.120356530736665,0.102126878234802,NA,NA,606.3439178,"composition","custom RTMB","base coefficients"
"age_composition","fishery",2014,8,0.0493684899800714,0.055390678882998,NA,NA,606.3439178,"composition","custom RTMB","base coefficients"
"age_composition","fishery",2014,9,0.0170782657563406,0.0139957109031396,NA,NA,606.3439178,"composition","custom RTMB","base coefficients"
"age_composition","fishery",2014,10,0.00513311246200714,0.00318584219355615,NA,NA,606.3439178,"composition","custom RTMB","base coefficients"
"age_composition","fishery",2014,11,0.0025708269541693,0.0020221223955577,NA,NA,606.3439178,"composition","custom RTMB","base coefficients"
"age_composition","fishery",2014,12,0.00259079967125675,0.00214458706810065,NA,NA,606.3439178,"composition","custom RTMB","base coefficients"
"age_composition","fishery",2014,13,0.00261323683126656,0.00168846434545499,NA,NA,606.3439178,"composition","custom RTMB","base coefficients"
"age_composition","fishery",2014,14,0.00158251874424736,0.00127047722836352,NA,NA,606.3439178,"composition","custom RTMB","base coefficients"
"age_composition","fishery",2014,15,0.00344728906353123,0.00134281439701861,NA,NA,606.3439178,"composition","custom RTMB","base coefficients"
"age_composition","fishery",2015,1,4.70421127808696e-09,0.000169156232123717,NA,NA,821.2348389,"composition","custom RTMB","base coefficients"
"age_composition","fishery",2015,2,0.00727158777217709,0.0092274089849262,NA,NA,821.2348389,"composition","custom RTMB","base coefficients"
"age_composition","fishery",2015,3,0.297216031177855,0.27876951434585,NA,NA,821.2348389,"composition","custom RTMB","base coefficients"
"age_composition","fishery",2015,4,0.0923002579986615,0.0967621185140613,NA,NA,821.2348389,"composition","custom RTMB","base coefficients"
"age_composition","fishery",2015,5,0.10741891302708,0.110138537298267,NA,NA,821.2348389,"composition","custom RTMB","base coefficients"
"age_composition","fishery",2015,6,0.180596139563185,0.178818507013291,NA,NA,821.2348389,"composition","custom RTMB","base coefficients"
"age_composition","fishery",2015,7,0.239740955750588,0.24880502370233,NA,NA,821.2348389,"composition","custom RTMB","base coefficients"
"age_composition","fishery",2015,8,0.0417380812969827,0.0421673991770771,NA,NA,821.2348389,"composition","custom RTMB","base coefficients"
"age_composition","fishery",2015,9,0.0197990823641267,0.0239196841828047,NA,NA,821.2348389,"composition","custom RTMB","base coefficients"
"age_composition","fishery",2015,10,0.00829586867962805,0.00621116114590507,NA,NA,821.2348389,"composition","custom RTMB","base coefficients"
"age_composition","fishery",2015,11,0.00137956840277708,0.00133419487060584,NA,NA,821.2348389,"composition","custom RTMB","base coefficients"
"age_composition","fishery",2015,12,0.000965482455149712,0.000878074036821555,NA,NA,821.2348389,"composition","custom RTMB","base coefficients"
"age_composition","fishery",2015,13,0.00145424373450459,0.00093125234572316,NA,NA,821.2348389,"composition","custom RTMB","base coefficients"
"age_composition","fishery",2015,14,0.00124888488477675,0.000733188409910286,NA,NA,821.2348389,"composition","custom RTMB","base coefficients"
"age_composition","fishery",2015,15,0.000574898188295714,0.0011347797403027,NA,NA,821.2348389,"composition","custom RTMB","base coefficients"
"age_composition","fishery",2016,1,4.40113509441796e-09,4.33806075295827e-05,NA,NA,704.1101836,"composition","custom RTMB","base coefficients"
"age_composition","fishery",2016,2,0.000218674662002362,0.0022543626199197,NA,NA,704.1101836,"composition","custom RTMB","base coefficients"
"age_composition","fishery",2016,3,0.0398179314039876,0.0483989859872949,NA,NA,704.1101836,"composition","custom RTMB","base coefficients"
"age_composition","fishery",2016,4,0.611276361654537,0.593833008335437,NA,NA,704.1101836,"composition","custom RTMB","base coefficients"
"age_composition","fishery",2016,5,0.0702958064376718,0.0705340650354788,NA,NA,704.1101836,"composition","custom RTMB","base coefficients"
"age_composition","fishery",2016,6,0.0767208349419371,0.0777826755333455,NA,NA,704.1101836,"composition","custom RTMB","base coefficients"
"age_composition","fishery",2016,7,0.0768494306574404,0.0755893622206446,NA,NA,704.1101836,"composition","custom RTMB","base coefficients"
"age_composition","fishery",2016,8,0.0987823199726757,0.104466674434648,NA,NA,704.1101836,"composition","custom RTMB","base coefficients"
"age_composition","fishery",2016,9,0.0149831831927426,0.0154793877756729,NA,NA,704.1101836,"composition","custom RTMB","base coefficients"
"age_composition","fishery",2016,10,0.00607666555486508,0.00818950348642901,NA,NA,704.1101836,"composition","custom RTMB","base coefficients"
"age_composition","fishery",2016,11,0.00351577475379988,0.00188556341349071,NA,NA,704.1101836,"composition","custom RTMB","base coefficients"
"age_composition","fishery",2016,12,0.000213331213546734,0.000410796727169008,NA,NA,704.1101836,"composition","custom RTMB","base coefficients"
"age_composition","fishery",2016,13,0.000517518057862771,0.000270357762936518,NA,NA,704.1101836,"composition","custom RTMB","base coefficients"
"age_composition","fishery",2016,14,0.000294291574693835,0.00028673128957378,NA,NA,704.1101836,"composition","custom RTMB","base coefficients"
"age_composition","fishery",2016,15,0.000437871521101882,0.00057514477042997,NA,NA,704.1101836,"composition","custom RTMB","base coefficients"
"age_composition","fishery",2017,1,4.77503484713381e-09,4.87855682412135e-05,NA,NA,606.7200798,"composition","custom RTMB","base coefficients"
"age_composition","fishery",2017,2,0.00103807246623952,0.00104098879793899,NA,NA,606.7200798,"composition","custom RTMB","base coefficients"
"age_composition","fishery",2017,3,0.013437908242541,0.0163399227213221,NA,NA,606.7200798,"composition","custom RTMB","base coefficients"
"age_composition","fishery",2017,4,0.261922685294196,0.259554788486838,NA,NA,606.7200798,"composition","custom RTMB","base coefficients"
"age_composition","fishery",2017,5,0.428857758056925,0.432124975779234,NA,NA,606.7200798,"composition","custom RTMB","base coefficients"
"age_composition","fishery",2017,6,0.102795624532569,0.0942439857869261,NA,NA,606.7200798,"composition","custom RTMB","base coefficients"
"age_composition","fishery",2017,7,0.0703914690455658,0.0659421415123149,NA,NA,606.7200798,"composition","custom RTMB","base coefficients"
"age_composition","fishery",2017,8,0.0582588350155614,0.0561482802134101,NA,NA,606.7200798,"composition","custom RTMB","base coefficients"
"age_composition","fishery",2017,9,0.0463909880735332,0.0585633103556171,NA,NA,606.7200798,"composition","custom RTMB","base coefficients"
"age_composition","fishery",2017,10,0.0103782377231172,0.00936558498642405,NA,NA,606.7200798,"composition","custom RTMB","base coefficients"
"age_composition","fishery",2017,11,0.00344184360516315,0.0046711223277406,NA,NA,606.7200798,"composition","custom RTMB","base coefficients"
"age_composition","fishery",2017,12,0.0026739899544964,0.0010757692568726,NA,NA,606.7200798,"composition","custom RTMB","base coefficients"
"age_composition","fishery",2017,13,0.000235413110976623,0.000234371587160879,NA,NA,606.7200798,"composition","custom RTMB","base coefficients"
"age_composition","fishery",2017,14,0.000116859705872628,0.000154247037062268,NA,NA,606.7200798,"composition","custom RTMB","base coefficients"
"age_composition","fishery",2017,15,6.03103982079391e-05,0.000491725582896229,NA,NA,606.7200798,"composition","custom RTMB","base coefficients"
"age_composition","fishery",2018,1,4.69301904233991e-09,8.44737046613604e-05,NA,NA,667.8408369,"composition","custom RTMB","base coefficients"
"age_composition","fishery",2018,2,0.000608211193259031,0.00103972616245101,NA,NA,667.8408369,"composition","custom RTMB","base coefficients"
"age_composition","fishery",2018,3,0.00647069404056931,0.0054197981330531,NA,NA,667.8408369,"composition","custom RTMB","base coefficients"
"age_composition","fishery",2018,4,0.0539241126404286,0.054539702971152,NA,NA,667.8408369,"composition","custom RTMB","base coefficients"
"age_composition","fishery",2018,5,0.570149609081825,0.55128970154801,NA,NA,667.8408369,"composition","custom RTMB","base coefficients"
"age_composition","fishery",2018,6,0.237494497831557,0.247710074146249,NA,NA,667.8408369,"composition","custom RTMB","base coefficients"
"age_composition","fishery",2018,7,0.0491353329430379,0.0484022383649085,NA,NA,667.8408369,"composition","custom RTMB","base coefficients"
"age_composition","fishery",2018,8,0.0384362219847474,0.0352745640504092,NA,NA,667.8408369,"composition","custom RTMB","base coefficients"
"age_composition","fishery",2018,9,0.0284229255236125,0.0266495015801621,NA,NA,667.8408369,"composition","custom RTMB","base coefficients"
"age_composition","fishery",2018,10,0.0121399612520966,0.0228521039830201,NA,NA,667.8408369,"composition","custom RTMB","base coefficients"
"age_composition","fishery",2018,11,0.00200244659391458,0.003788246410602,NA,NA,667.8408369,"composition","custom RTMB","base coefficients"
"age_composition","fishery",2018,12,0.000515012103803273,0.00207917737159604,NA,NA,667.8408369,"composition","custom RTMB","base coefficients"
"age_composition","fishery",2018,13,0.000170168923734682,0.000478838904017763,NA,NA,667.8408369,"composition","custom RTMB","base coefficients"
"age_composition","fishery",2018,14,0.000298256044930156,0.000104321845239633,NA,NA,667.8408369,"composition","custom RTMB","base coefficients"
"age_composition","fishery",2018,15,0.000232545149464723,0.000287530824468467,NA,NA,667.8408369,"composition","custom RTMB","base coefficients"
"age_composition","fishery",2019,1,0.000396880917255185,0.000553874651015784,NA,NA,700.7958749,"composition","custom RTMB","base coefficients"
"age_composition","fishery",2019,2,0.00622471175657267,0.00609300139270936,NA,NA,700.7958749,"composition","custom RTMB","base coefficients"
"age_composition","fishery",2019,3,0.00703050935372219,0.00825449636387626,NA,NA,700.7958749,"composition","custom RTMB","base coefficients"
"age_composition","fishery",2019,4,0.0104856394911142,0.0144054326668993,NA,NA,700.7958749,"composition","custom RTMB","base coefficients"
"age_composition","fishery",2019,5,0.0899940473936792,0.0905790726243415,NA,NA,700.7958749,"composition","custom RTMB","base coefficients"
"age_composition","fishery",2019,6,0.523500972231365,0.5144872433486,NA,NA,700.7958749,"composition","custom RTMB","base coefficients"
"age_composition","fishery",2019,7,0.241236440447894,0.250373007579903,NA,NA,700.7958749,"composition","custom RTMB","base coefficients"
"age_composition","fishery",2019,8,0.0532095460879209,0.0471772684651057,NA,NA,700.7958749,"composition","custom RTMB","base coefficients"
"age_composition","fishery",2019,9,0.0297751256084266,0.0276172481523794,NA,NA,700.7958749,"composition","custom RTMB","base coefficients"
"age_composition","fishery",2019,10,0.0302599913619413,0.0222263348091599,NA,NA,700.7958749,"composition","custom RTMB","base coefficients"
"age_composition","fishery",2019,11,0.00574417424210811,0.0138415394342541,NA,NA,700.7958749,"composition","custom RTMB","base coefficients"
"age_composition","fishery",2019,12,0.00166062089628248,0.00246894115151395,NA,NA,700.7958749,"composition","custom RTMB","base coefficients"
"age_composition","fishery",2019,13,0.000481328779659676,0.00135507726204493,NA,NA,700.7958749,"composition","custom RTMB","base coefficients"
"age_composition","fishery",2019,14,5.71602929048514e-09,0.000312077131985568,NA,NA,700.7958749,"composition","custom RTMB","base coefficients"
"age_composition","fishery",2019,15,5.71602929048514e-09,0.000255384966211633,NA,NA,700.7958749,"composition","custom RTMB","base coefficients"
"age_composition","fishery",2020,1,0.00176076696700431,0.000271868197006425,NA,NA,565.2432815,"composition","custom RTMB","base coefficients"
"age_composition","fishery",2020,2,0.125481192775049,0.125838857478801,NA,NA,565.2432815,"composition","custom RTMB","base coefficients"
"age_composition","fishery",2020,3,0.0433173579845959,0.0519611533007843,NA,NA,565.2432815,"composition","custom RTMB","base coefficients"
"age_composition","fishery",2020,4,0.0511866108363787,0.0471933566295576,NA,NA,565.2432815,"composition","custom RTMB","base coefficients"
"age_composition","fishery",2020,5,0.0684631440104649,0.0662468306200898,NA,NA,565.2432815,"composition","custom RTMB","base coefficients"
"age_composition","fishery",2020,6,0.279164243435816,0.259069312354924,NA,NA,565.2432815,"composition","custom RTMB","base coefficients"
"age_composition","fishery",2020,7,0.302812621259844,0.299830804854824,NA,NA,565.2432815,"composition","custom RTMB","base coefficients"
"age_composition","fishery",2020,8,0.0627886514702062,0.0842875533598052,NA,NA,565.2432815,"composition","custom RTMB","base coefficients"
"age_composition","fishery",2020,9,0.0267269467154924,0.022940683893105,NA,NA,565.2432815,"composition","custom RTMB","base coefficients"
"age_composition","fishery",2020,10,0.0195719081428713,0.015856756487345,NA,NA,565.2432815,"composition","custom RTMB","base coefficients"
"age_composition","fishery",2020,11,0.0138083160334,0.0104215695008244,NA,NA,565.2432815,"composition","custom RTMB","base coefficients"
"age_composition","fishery",2020,12,0.0034381172354656,0.0122080326068151,NA,NA,565.2432815,"composition","custom RTMB","base coefficients"
"age_composition","fishery",2020,13,0.000905348388919134,0.00217756949833191,NA,NA,565.2432815,"composition","custom RTMB","base coefficients"
"age_composition","fishery",2020,14,0.000574769674113694,0.0011951580587098,NA,NA,565.2432815,"composition","custom RTMB","base coefficients"
"age_composition","fishery",2020,15,5.07037856332597e-09,0.000500493159075878,NA,NA,565.2432815,"composition","custom RTMB","base coefficients"
"age_composition","fishery",2021,1,4.00181428756453e-09,0.000131619459356281,NA,NA,817.5780899,"composition","custom RTMB","base coefficients"
"age_composition","fishery",2021,2,0.0445574141747368,0.0412440370645358,NA,NA,817.5780899,"composition","custom RTMB","base coefficients"
"age_composition","fishery",2021,3,0.518497402893118,0.511418496227541,NA,NA,817.5780899,"composition","custom RTMB","base coefficients"
"age_composition","fishery",2021,4,0.0576379383691036,0.0641472114295407,NA,NA,817.5780899,"composition","custom RTMB","base coefficients"
"age_composition","fishery",2021,5,0.0440029352202611,0.0468493141272971,NA,NA,817.5780899,"composition","custom RTMB","base coefficients"
"age_composition","fishery",2021,6,0.0428663967352791,0.0487892019155186,NA,NA,817.5780899,"composition","custom RTMB","base coefficients"
"age_composition","fishery",2021,7,0.123783682581606,0.111914931420173,NA,NA,817.5780899,"composition","custom RTMB","base coefficients"
"age_composition","fishery",2021,8,0.11835402135602,0.115667745624684,NA,NA,817.5780899,"composition","custom RTMB","base coefficients"
"age_composition","fishery",2021,9,0.0288389495756542,0.0352615950221585,NA,NA,817.5780899,"composition","custom RTMB","base coefficients"
"age_composition","fishery",2021,10,0.0106126698519814,0.00808835119052718,NA,NA,817.5780899,"composition","custom RTMB","base coefficients"
"age_composition","fishery",2021,11,0.00645755714100752,0.00501147903789697,NA,NA,817.5780899,"composition","custom RTMB","base coefficients"
"age_composition","fishery",2021,12,0.00340242173601419,0.00451265567309008,NA,NA,817.5780899,"composition","custom RTMB","base coefficients"
"age_composition","fishery",2021,13,0.000820470848922582,0.00528621409626016,NA,NA,817.5780899,"composition","custom RTMB","base coefficients"
"age_composition","fishery",2021,14,4.00181428756453e-09,0.000942911847339122,NA,NA,817.5780899,"composition","custom RTMB","base coefficients"
"age_composition","fishery",2021,15,0.00016813151266706,0.000734235864081444,NA,NA,817.5780899,"composition","custom RTMB","base coefficients"
"age_composition","fishery",2022,1,5.36012656383306e-09,0.000127846224569149,NA,NA,641.2352943,"composition","custom RTMB","base coefficients"
"age_composition","fishery",2022,2,0.0333408181323354,0.027299656450903,NA,NA,641.2352943,"composition","custom RTMB","base coefficients"
"age_composition","fishery",2022,3,0.0934239527167345,0.0956895214301547,NA,NA,641.2352943,"composition","custom RTMB","base coefficients"
"age_composition","fishery",2022,4,0.554434012716809,0.551858892205156,NA,NA,641.2352943,"composition","custom RTMB","base coefficients"
"age_composition","fishery",2022,5,0.0983517451801446,0.103535172689291,NA,NA,641.2352943,"composition","custom RTMB","base coefficients"
"age_composition","fishery",2022,6,0.0377186899905867,0.0454584713710825,NA,NA,641.2352943,"composition","custom RTMB","base coefficients"
"age_composition","fishery",2022,7,0.0425893333843076,0.0391183381487106,NA,NA,641.2352943,"composition","custom RTMB","base coefficients"
"age_composition","fishery",2022,8,0.0759937951641383,0.0640360552940412,NA,NA,641.2352943,"composition","custom RTMB","base coefficients"
"age_composition","fishery",2022,9,0.0434425945289959,0.0451726503673875,NA,NA,641.2352943,"composition","custom RTMB","base coefficients"
"age_composition","fishery",2022,10,0.00874588451603387,0.0146453002743536,NA,NA,641.2352943,"composition","custom RTMB","base coefficients"
"age_composition","fishery",2022,11,0.00603427242340951,0.00367393294402139,NA,NA,641.2352943,"composition","custom RTMB","base coefficients"
"age_composition","fishery",2022,12,0.00218367078282648,0.00285237568399316,NA,NA,641.2352943,"composition","custom RTMB","base coefficients"
"age_composition","fishery",2022,13,0.00319378551784638,0.00256846116981016,NA,NA,641.2352943,"composition","custom RTMB","base coefficients"
"age_composition","fishery",2022,14,0.000547434225579008,0.00300874620736353,NA,NA,641.2352943,"composition","custom RTMB","base coefficients"
"age_composition","fishery",2022,15,5.36012656383306e-09,0.000954579539163015,NA,NA,641.2352943,"composition","custom RTMB","base coefficients"
"age_composition","fishery",2023,1,0,0.000165319875694437,NA,NA,443.0433446,"composition","custom RTMB","base coefficients"
"age_composition","fishery",2023,2,0.0110094405044258,0.0149447382985922,NA,NA,443.0433446,"composition","custom RTMB","base coefficients"
"age_composition","fishery",2023,3,0.0377920529183332,0.0400421541386989,NA,NA,443.0433446,"composition","custom RTMB","base coefficients"
"age_composition","fishery",2023,4,0.114763437118328,0.116479251109935,NA,NA,443.0433446,"composition","custom RTMB","base coefficients"
"age_composition","fishery",2023,5,0.642745018682275,0.638178379629995,NA,NA,443.0433446,"composition","custom RTMB","base coefficients"
"age_composition","fishery",2023,6,0.0991532367879832,0.0924388401518913,NA,NA,443.0433446,"composition","custom RTMB","base coefficients"
"age_composition","fishery",2023,7,0.0128127600169765,0.024278300677674,NA,NA,443.0433446,"composition","custom RTMB","base coefficients"
"age_composition","fishery",2023,8,0.0197875271413894,0.0183641916693549,NA,NA,443.0433446,"composition","custom RTMB","base coefficients"
"age_composition","fishery",2023,9,0.0277298675493432,0.0226656300444463,NA,NA,443.0433446,"composition","custom RTMB","base coefficients"
"age_composition","fishery",2023,10,0.0185993627933219,0.0186571335351227,NA,NA,443.0433446,"composition","custom RTMB","base coefficients"
"age_composition","fishery",2023,11,0.00821158733156481,0.00728986584835935,NA,NA,443.0433446,"composition","custom RTMB","base coefficients"
"age_composition","fishery",2023,12,0.00236801909010778,0.00182772325524565,NA,NA,443.0433446,"composition","custom RTMB","base coefficients"
"age_composition","fishery",2023,13,0.00373588724890063,0.00141901157418108,NA,NA,443.0433446,"composition","custom RTMB","base coefficients"
"age_composition","fishery",2023,14,0.00113468653950703,0.00127776861521024,NA,NA,443.0433446,"composition","custom RTMB","base coefficients"
"age_composition","fishery",2023,15,0.000157116277544021,0.0019716915755984,NA,NA,443.0433446,"composition","custom RTMB","base coefficients"
"age_composition","BTS",1982,1,0.081799774485464,0.080237458699353,NA,NA,162,"composition","custom RTMB","base coefficients"
"age_composition","BTS",1982,2,0.206616306711783,0.220920344839914,NA,NA,162,"composition","custom RTMB","base coefficients"
"age_composition","BTS",1982,3,0.24069576337699,0.187992839456759,NA,NA,162,"composition","custom RTMB","base coefficients"
"age_composition","BTS",1982,4,0.325157454317615,0.350625527280097,NA,NA,162,"composition","custom RTMB","base coefficients"
"age_composition","BTS",1982,5,0.110200812832219,0.102663806885114,NA,NA,162,"composition","custom RTMB","base coefficients"
"age_composition","BTS",1982,6,0.0147126270384301,0.0277911994652345,NA,NA,162,"composition","custom RTMB","base coefficients"
"age_composition","BTS",1982,7,0.00949482448163972,0.0129199537170173,NA,NA,162,"composition","custom RTMB","base coefficients"
"age_composition","BTS",1982,8,0.00454948357617693,0.00799131029718843,NA,NA,162,"composition","custom RTMB","base coefficients"
"age_composition","BTS",1982,9,0.00281622139026084,0.00437327173489642,NA,NA,162,"composition","custom RTMB","base coefficients"
"age_composition","BTS",1982,10,0.00177219880508342,0.00259182058273259,NA,NA,162,"composition","custom RTMB","base coefficients"
"age_composition","BTS",1982,11,0.00109125239496959,0.000621550789048088,NA,NA,162,"composition","custom RTMB","base coefficients"
"age_composition","BTS",1982,12,0.000645744224536045,0.000431085922099416,NA,NA,162,"composition","custom RTMB","base coefficients"
"age_composition","BTS",1982,13,0.000240573409870627,0.00037656947269924,NA,NA,162,"composition","custom RTMB","base coefficients"
"age_composition","BTS",1982,14,0.00010471516090144,0.000228971118587936,NA,NA,162,"composition","custom RTMB","base coefficients"
"age_composition","BTS",1982,15,0.00010224779405975,0.000234289739258909,NA,NA,162,"composition","custom RTMB","base coefficients"
"age_composition","BTS",1983,1,0.173609874063025,0.189650152986484,NA,NA,130,"composition","custom RTMB","base coefficients"
"age_composition","BTS",1983,2,0.0410208902920911,0.0372531662577066,NA,NA,130,"composition","custom RTMB","base coefficients"
"age_composition","BTS",1983,3,0.111770400948897,0.11957444681648,NA,NA,130,"composition","custom RTMB","base coefficients"
"age_composition","BTS",1983,4,0.174452556849239,0.163947885665646,NA,NA,130,"composition","custom RTMB","base coefficients"
"age_composition","BTS",1983,5,0.359141638726877,0.350887158672077,NA,NA,130,"composition","custom RTMB","base coefficients"
"age_composition","BTS",1983,6,0.103655748500818,0.0961307078645146,NA,NA,130,"composition","custom RTMB","base coefficients"
"age_composition","BTS",1983,7,0.0175881666349479,0.0229655836464236,NA,NA,130,"composition","custom RTMB","base coefficients"
"age_composition","BTS",1983,8,0.00795658708006737,0.00934745087088537,NA,NA,130,"composition","custom RTMB","base coefficients"
"age_composition","BTS",1983,9,0.00364142929542628,0.00516047006802136,NA,NA,130,"composition","custom RTMB","base coefficients"
"age_composition","BTS",1983,10,0.00327044463566341,0.00260690535468174,NA,NA,130,"composition","custom RTMB","base coefficients"
"age_composition","BTS",1983,11,0.00232823807541063,0.00146665490683815,NA,NA,130,"composition","custom RTMB","base coefficients"
"age_composition","BTS",1983,12,0.000844044953209173,0.000339899227635486,NA,NA,130,"composition","custom RTMB","base coefficients"
"age_composition","BTS",1983,13,0.000310354056409419,0.000230278858018466,NA,NA,130,"composition","custom RTMB","base coefficients"
"age_composition","BTS",1983,14,0.000278799370038381,0.000198236968126368,NA,NA,130,"composition","custom RTMB","base coefficients"
"age_composition","BTS",1983,15,0.000130826517881082,0.000241001836461364,NA,NA,130,"composition","custom RTMB","base coefficients"
"age_composition","BTS",1984,1,0.037021503999245,0.0819182105509072,NA,NA,63,"composition","custom RTMB","base coefficients"
"age_composition","BTS",1984,2,0.0304234977821799,0.0799404007251264,NA,NA,63,"composition","custom RTMB","base coefficients"
"age_composition","BTS",1984,3,0.0614453913800211,0.0528713633103823,NA,NA,63,"composition","custom RTMB","base coefficients"
"age_composition","BTS",1984,4,0.172746111074577,0.160349196657638,NA,NA,63,"composition","custom RTMB","base coefficients"
"age_composition","BTS",1984,5,0.191264918728453,0.180844882087522,NA,NA,63,"composition","custom RTMB","base coefficients"
"age_composition","BTS",1984,6,0.407021112089425,0.326688386754565,NA,NA,63,"composition","custom RTMB","base coefficients"
"age_composition","BTS",1984,7,0.0720242108884209,0.0819051631566002,NA,NA,63,"composition","custom RTMB","base coefficients"
"age_composition","BTS",1984,8,0.0154240551193725,0.0192018870829039,NA,NA,63,"composition","custom RTMB","base coefficients"
"age_composition","BTS",1984,9,0.00702787400073008,0.00776557045486848,NA,NA,63,"composition","custom RTMB","base coefficients"
"age_composition","BTS",1984,10,0.00235202791452412,0.00428488592327566,NA,NA,63,"composition","custom RTMB","base coefficients"
"age_composition","BTS",1984,11,0.00160626077154682,0.00216796201812925,NA,NA,63,"composition","custom RTMB","base coefficients"
"age_composition","BTS",1984,12,0.00060360011453298,0.00122144130964202,NA,NA,63,"composition","custom RTMB","base coefficients"
"age_composition","BTS",1984,13,0.000363258258513773,0.000283069532304309,NA,NA,63,"composition","custom RTMB","base coefficients"
"age_composition","BTS",1984,14,0.00045303566830724,0.000191778904148704,NA,NA,63,"composition","custom RTMB","base coefficients"
"age_composition","BTS",1984,15,0.000223142210151347,0.000365801531986887,NA,NA,63,"composition","custom RTMB","base coefficients"
"age_composition","BTS",1985,1,0.237872085813383,0.226979710054056,NA,NA,73,"composition","custom RTMB","base coefficients"
"age_composition","BTS",1985,2,0.0380847441655287,0.0383637284017759,NA,NA,73,"composition","custom RTMB","base coefficients"
"age_composition","BTS",1985,3,0.188033416256941,0.17443509648933,NA,NA,73,"composition","custom RTMB","base coefficients"
"age_composition","BTS",1985,4,0.0665387097515296,0.078715090928528,NA,NA,73,"composition","custom RTMB","base coefficients"
"age_composition","BTS",1985,5,0.21891772196423,0.149596956665389,NA,NA,73,"composition","custom RTMB","base coefficients"
"age_composition","BTS",1985,6,0.134798631241619,0.110971368209707,NA,NA,73,"composition","custom RTMB","base coefficients"
"age_composition","BTS",1985,7,0.0890929121089755,0.16413328734357,NA,NA,73,"composition","custom RTMB","base coefficients"
"age_composition","BTS",1985,8,0.0169478892046537,0.0392265350239379,NA,NA,73,"composition","custom RTMB","base coefficients"
"age_composition","BTS",1985,9,0.0041376665216305,0.00934849053310973,NA,NA,73,"composition","custom RTMB","base coefficients"
"age_composition","BTS",1985,10,0.00349973594047015,0.00387038273362643,NA,NA,73,"composition","custom RTMB","base coefficients"
"age_composition","BTS",1985,11,0.00121945747425723,0.00217599817248194,NA,NA,73,"composition","custom RTMB","base coefficients"
"age_composition","BTS",1985,12,0.000382656950188515,0.00111429137661045,NA,NA,73,"composition","custom RTMB","base coefficients"
"age_composition","BTS",1985,13,0.000407898176785954,0.000631978259886461,NA,NA,73,"composition","custom RTMB","base coefficients"
"age_composition","BTS",1985,14,3.43050844554807e-05,0.000146994306167201,NA,NA,73,"composition","custom RTMB","base coefficients"
"age_composition","BTS",1985,15,3.21693453510475e-05,0.000290091501824621,NA,NA,73,"composition","custom RTMB","base coefficients"
"age_composition","BTS",1986,1,0.173909690439288,0.137107428348826,NA,NA,151,"composition","custom RTMB","base coefficients"
"age_composition","BTS",1986,2,0.0576216694113817,0.0751382188400498,NA,NA,151,"composition","custom RTMB","base coefficients"
"age_composition","BTS",1986,3,0.046663695468965,0.0429033225036128,NA,NA,151,"composition","custom RTMB","base coefficients"
"age_composition","BTS",1986,4,0.197615267073308,0.208046478697126,NA,NA,151,"composition","custom RTMB","base coefficients"
"age_composition","BTS",1986,5,0.100708053793332,0.0901465973462416,NA,NA,151,"composition","custom RTMB","base coefficients"
"age_composition","BTS",1986,6,0.152068525174634,0.15525926199385,NA,NA,151,"composition","custom RTMB","base coefficients"
"age_composition","BTS",1986,7,0.126216664067659,0.102651292630831,NA,NA,151,"composition","custom RTMB","base coefficients"
"age_composition","BTS",1986,8,0.10535685580034,0.143108570517237,NA,NA,151,"composition","custom RTMB","base coefficients"
"age_composition","BTS",1986,9,0.0313989996558548,0.0320873149980019,NA,NA,151,"composition","custom RTMB","base coefficients"
"age_composition","BTS",1986,10,0.00485245133682522,0.00734222246399071,NA,NA,151,"composition","custom RTMB","base coefficients"
"age_composition","BTS",1986,11,0.00217697111719585,0.00295439103140966,NA,NA,151,"composition","custom RTMB","base coefficients"
"age_composition","BTS",1986,12,0.00095887710611213,0.00163439846331175,NA,NA,151,"composition","custom RTMB","base coefficients"
"age_composition","BTS",1986,13,8.76020585169876e-05,0.000829604806504711,NA,NA,151,"composition","custom RTMB","base coefficients"
"age_composition","BTS",1986,14,0.000268011574319258,0.00046829022595942,NA,NA,151,"composition","custom RTMB","base coefficients"
"age_composition","BTS",1986,15,9.66659222676363e-05,0.00032260713304769,NA,NA,151,"composition","custom RTMB","base coefficients"
"age_composition","BTS",1987,1,0.0346878582282931,0.0576444705494294,NA,NA,61,"composition","custom RTMB","base coefficients"
"age_composition","BTS",1987,2,0.0486902067608123,0.0410146216211431,NA,NA,61,"composition","custom RTMB","base coefficients"
"age_composition","BTS",1987,3,0.0831393017138785,0.131570323219315,NA,NA,61,"composition","custom RTMB","base coefficients"
"age_composition","BTS",1987,4,0.065395329031343,0.0699248539473732,NA,NA,61,"composition","custom RTMB","base coefficients"
"age_composition","BTS",1987,5,0.39405027905864,0.278423441449958,NA,NA,61,"composition","custom RTMB","base coefficients"
"age_composition","BTS",1987,6,0.103067016266529,0.0960246549634633,NA,NA,61,"composition","custom RTMB","base coefficients"
"age_composition","BTS",1987,7,0.0940352174748949,0.131822271064301,NA,NA,61,"composition","custom RTMB","base coefficients"
"age_composition","BTS",1987,8,0.0365370517954561,0.0733643999246628,NA,NA,61,"composition","custom RTMB","base coefficients"
"age_composition","BTS",1987,9,0.114010430113458,0.0927324925859628,NA,NA,61,"composition","custom RTMB","base coefficients"
"age_composition","BTS",1987,10,0.0179803395608961,0.019547307027267,NA,NA,61,"composition","custom RTMB","base coefficients"
"age_composition","BTS",1987,11,0.00551029346204977,0.00434092820296358,NA,NA,61,"composition","custom RTMB","base coefficients"
"age_composition","BTS",1987,12,0.00209528272772026,0.00171718687147939,NA,NA,61,"composition","custom RTMB","base coefficients"
"age_composition","BTS",1987,13,0.000414786580426406,0.000942705334916511,NA,NA,61,"composition","custom RTMB","base coefficients"
"age_composition","BTS",1987,14,0.000203736508810573,0.000476815649509862,NA,NA,61,"composition","custom RTMB","base coefficients"
"age_composition","BTS",1987,15,0.000182870716791893,0.000453527588254984,NA,NA,61,"composition","custom RTMB","base coefficients"
"age_composition","BTS",1988,1,0.0671207858895604,0.0347957404026341,NA,NA,82,"composition","custom RTMB","base coefficients"
"age_composition","BTS",1988,2,0.0331901509344754,0.0363254594769161,NA,NA,82,"composition","custom RTMB","base coefficients"
"age_composition","BTS",1988,3,0.103810319765852,0.073660563106256,NA,NA,82,"composition","custom RTMB","base coefficients"
"age_composition","BTS",1988,4,0.203396515595176,0.211445273188552,NA,NA,82,"composition","custom RTMB","base coefficients"
"age_composition","BTS",1988,5,0.0876814137872344,0.0884607445203739,NA,NA,82,"composition","custom RTMB","base coefficients"
"age_composition","BTS",1988,6,0.270639433171896,0.274979037205099,NA,NA,82,"composition","custom RTMB","base coefficients"
"age_composition","BTS",1988,7,0.0725087696234278,0.0754903564982219,NA,NA,82,"composition","custom RTMB","base coefficients"
"age_composition","BTS",1988,8,0.0513497853100824,0.0901085757183537,NA,NA,82,"composition","custom RTMB","base coefficients"
"age_composition","BTS",1988,9,0.0285186438059512,0.0450594825938545,NA,NA,82,"composition","custom RTMB","base coefficients"
"age_composition","BTS",1988,10,0.068743594193563,0.054159237790866,NA,NA,82,"composition","custom RTMB","base coefficients"
"age_composition","BTS",1988,11,0.00662077137327892,0.0110965559550752,NA,NA,82,"composition","custom RTMB","base coefficients"
"age_composition","BTS",1988,12,0.00389516376077891,0.00242990217507226,NA,NA,82,"composition","custom RTMB","base coefficients"
"age_composition","BTS",1988,13,0.000864361928081226,0.00095385655717582,NA,NA,82,"composition","custom RTMB","base coefficients"
"age_composition","BTS",1988,14,0.00104454275300576,0.000521712996070191,NA,NA,82,"composition","custom RTMB","base coefficients"
"age_composition","BTS",1988,15,0.000615748107636185,0.000513501815479251,NA,NA,82,"composition","custom RTMB","base coefficients"
"age_composition","BTS",1989,1,0.0434077837035517,0.0608496332140534,NA,NA,53,"composition","custom RTMB","base coefficients"
"age_composition","BTS",1989,2,0.0261617655127649,0.0267176981806653,NA,NA,53,"composition","custom RTMB","base coefficients"
"age_composition","BTS",1989,3,0.0460448136670747,0.0439389621503272,NA,NA,53,"composition","custom RTMB","base coefficients"
"age_composition","BTS",1989,4,0.146516578387064,0.091904080227958,NA,NA,53,"composition","custom RTMB","base coefficients"
"age_composition","BTS",1989,5,0.324763683750938,0.243581283238726,NA,NA,53,"composition","custom RTMB","base coefficients"
"age_composition","BTS",1989,6,0.0612176729062426,0.0881424785656608,NA,NA,53,"composition","custom RTMB","base coefficients"
"age_composition","BTS",1989,7,0.216087826859922,0.237508473114962,NA,NA,53,"composition","custom RTMB","base coefficients"
"age_composition","BTS",1989,8,0.030327554476185,0.05924594829771,NA,NA,53,"composition","custom RTMB","base coefficients"
"age_composition","BTS",1989,9,0.0335974281524755,0.0674422576136887,NA,NA,53,"composition","custom RTMB","base coefficients"
"age_composition","BTS",1989,10,0.0125590349244567,0.0321125947453366,NA,NA,53,"composition","custom RTMB","base coefficients"
"age_composition","BTS",1989,11,0.0393407943328014,0.0379367820622444,NA,NA,53,"composition","custom RTMB","base coefficients"
"age_composition","BTS",1989,12,0.0067245531316313,0.00762230937009318,NA,NA,53,"composition","custom RTMB","base coefficients"
"age_composition","BTS",1989,13,0.00600792035594906,0.00165362481377779,NA,NA,53,"composition","custom RTMB","base coefficients"
"age_composition","BTS",1989,14,0.00281176238774307,0.00064574572751676,NA,NA,53,"composition","custom RTMB","base coefficients"
"age_composition","BTS",1989,15,0.00443082745120015,0.000698128677279797,NA,NA,53,"composition","custom RTMB","base coefficients"
"age_composition","BTS",1990,1,0.101726987504077,0.209171827030258,NA,NA,48,"composition","custom RTMB","base coefficients"
"age_composition","BTS",1990,2,0.0126367293050732,0.0128226408370263,NA,NA,48,"composition","custom RTMB","base coefficients"
"age_composition","BTS",1990,3,0.00503259851773175,0.0168110480976503,NA,NA,48,"composition","custom RTMB","base coefficients"
"age_composition","BTS",1990,4,0.0521210908990039,0.0489279084084051,NA,NA,48,"composition","custom RTMB","base coefficients"
"age_composition","BTS",1990,5,0.117640991267397,0.11202895465185,NA,NA,48,"composition","custom RTMB","base coefficients"
"age_composition","BTS",1990,6,0.380658655109264,0.246522364181957,NA,NA,48,"composition","custom RTMB","base coefficients"
"age_composition","BTS",1990,7,0.0700384794320046,0.0697602407404762,NA,NA,48,"composition","custom RTMB","base coefficients"
"age_composition","BTS",1990,8,0.166228756576963,0.158188978582057,NA,NA,48,"composition","custom RTMB","base coefficients"
"age_composition","BTS",1990,9,0.0157235696587458,0.0369822740988465,NA,NA,48,"composition","custom RTMB","base coefficients"
"age_composition","BTS",1990,10,0.0270537903103652,0.0413637337621487,NA,NA,48,"composition","custom RTMB","base coefficients"
"age_composition","BTS",1990,11,0.00409617561936289,0.0190101597639203,NA,NA,48,"composition","custom RTMB","base coefficients"
"age_composition","BTS",1990,12,0.0380940246198492,0.0222295006210483,NA,NA,48,"composition","custom RTMB","base coefficients"
"age_composition","BTS",1990,13,0.00327628839134682,0.00444042368450858,NA,NA,48,"composition","custom RTMB","base coefficients"
"age_composition","BTS",1990,14,0.00238747178841321,0.00096060908562774,NA,NA,48,"composition","custom RTMB","base coefficients"
"age_composition","BTS",1990,15,0.0032843910004027,0.00077933645421947,NA,NA,48,"composition","custom RTMB","base coefficients"
"age_composition","BTS",1991,1,0.246031341110552,0.197882624688902,NA,NA,79,"composition","custom RTMB","base coefficients"
"age_composition","BTS",1991,2,0.070702779892148,0.0755347300470095,NA,NA,79,"composition","custom RTMB","base coefficients"
"age_composition","BTS",1991,3,0.027211322889211,0.038852583034088,NA,NA,79,"composition","custom RTMB","base coefficients"
"age_composition","BTS",1991,4,0.0106266341447617,0.0369346548313412,NA,NA,79,"composition","custom RTMB","base coefficients"
"age_composition","BTS",1991,5,0.0749701434066655,0.0663679985399392,NA,NA,79,"composition","custom RTMB","base coefficients"
"age_composition","BTS",1991,6,0.0641124796181975,0.104821469458493,NA,NA,79,"composition","custom RTMB","base coefficients"
"age_composition","BTS",1991,7,0.191479622265693,0.198015548511029,NA,NA,79,"composition","custom RTMB","base coefficients"
"age_composition","BTS",1991,8,0.0666285124932548,0.056728311757782,NA,NA,79,"composition","custom RTMB","base coefficients"
"age_composition","BTS",1991,9,0.128789521865211,0.12411055525672,NA,NA,79,"composition","custom RTMB","base coefficients"
"age_composition","BTS",1991,10,0.0325263168400175,0.0304973383302992,NA,NA,79,"composition","custom RTMB","base coefficients"
"age_composition","BTS",1991,11,0.0434471815547748,0.0329299687018703,NA,NA,79,"composition","custom RTMB","base coefficients"
"age_composition","BTS",1991,12,0.00890907642637543,0.0149621727359505,NA,NA,79,"composition","custom RTMB","base coefficients"
"age_composition","BTS",1991,13,0.0260959223185725,0.0174972408354162,NA,NA,79,"composition","custom RTMB","base coefficients"
"age_composition","BTS",1991,14,0.00396358867111061,0.00349521905829102,NA,NA,79,"composition","custom RTMB","base coefficients"
"age_composition","BTS",1991,15,0.00450555650345472,0.0013695842128696,NA,NA,79,"composition","custom RTMB","base coefficients"
"age_composition","BTS",1992,1,0.143545485962506,0.160604097465195,NA,NA,85,"composition","custom RTMB","base coefficients"
"age_composition","BTS",1992,2,0.0403117601313998,0.0600631226506621,NA,NA,85,"composition","custom RTMB","base coefficients"
"age_composition","BTS",1992,3,0.269713219470797,0.220570107863893,NA,NA,85,"composition","custom RTMB","base coefficients"
"age_composition","BTS",1992,4,0.040141443387573,0.0968359119202005,NA,NA,85,"composition","custom RTMB","base coefficients"
"age_composition","BTS",1992,5,0.0483856492645017,0.0606646990829793,NA,NA,85,"composition","custom RTMB","base coefficients"
"age_composition","BTS",1992,6,0.0783345740210419,0.0640177796918746,NA,NA,85,"composition","custom RTMB","base coefficients"
"age_composition","BTS",1992,7,0.0697216467496953,0.0711666475138777,NA,NA,85,"composition","custom RTMB","base coefficients"
"age_composition","BTS",1992,8,0.0971470576230119,0.112076596881367,NA,NA,85,"composition","custom RTMB","base coefficients"
"age_composition","BTS",1992,9,0.0417595043065811,0.0318586071055879,NA,NA,85,"composition","custom RTMB","base coefficients"
"age_composition","BTS",1992,10,0.077210314191511,0.0676087678394554,NA,NA,85,"composition","custom RTMB","base coefficients"
"age_composition","BTS",1992,11,0.0265926565725926,0.0171495503214012,NA,NA,85,"composition","custom RTMB","base coefficients"
"age_composition","BTS",1992,12,0.0330520201488636,0.0175254887735611,NA,NA,85,"composition","custom RTMB","base coefficients"
"age_composition","BTS",1992,13,0.014099699505554,0.00796106555663149,NA,NA,85,"composition","custom RTMB","base coefficients"
"age_composition","BTS",1992,14,0.0111000976185002,0.00930931704714905,NA,NA,85,"composition","custom RTMB","base coefficients"
"age_composition","BTS",1992,15,0.00888487104587051,0.00258824028616532,NA,NA,85,"composition","custom RTMB","base coefficients"
"age_composition","BTS",1993,1,0.18678891405549,0.221033251655045,NA,NA,91,"composition","custom RTMB","base coefficients"
"age_composition","BTS",1993,2,0.0308357509753968,0.0300279400695334,NA,NA,91,"composition","custom RTMB","base coefficients"
"age_composition","BTS",1993,3,0.0801292764863754,0.088393814770407,NA,NA,91,"composition","custom RTMB","base coefficients"
"age_composition","BTS",1993,4,0.356825077664762,0.333959745282343,NA,NA,91,"composition","custom RTMB","base coefficients"
"age_composition","BTS",1993,5,0.0742405029198721,0.118424147269056,NA,NA,91,"composition","custom RTMB","base coefficients"
"age_composition","BTS",1993,6,0.0564417625455735,0.0454646821059539,NA,NA,91,"composition","custom RTMB","base coefficients"
"age_composition","BTS",1993,7,0.028196390993236,0.031776835121679,NA,NA,91,"composition","custom RTMB","base coefficients"
"age_composition","BTS",1993,8,0.0369648953420306,0.0291672849372226,NA,NA,91,"composition","custom RTMB","base coefficients"
"age_composition","BTS",1993,9,0.0468218975795865,0.0427703697944185,NA,NA,91,"composition","custom RTMB","base coefficients"
"age_composition","BTS",1993,10,0.0285871944537997,0.0120854081815448,NA,NA,91,"composition","custom RTMB","base coefficients"
"age_composition","BTS",1993,11,0.0247256275885929,0.0259940770297505,NA,NA,91,"composition","custom RTMB","base coefficients"
"age_composition","BTS",1993,12,0.0179267796040424,0.00657596434231696,NA,NA,91,"composition","custom RTMB","base coefficients"
"age_composition","BTS",1993,13,0.0142876647066628,0.0067168333000794,NA,NA,91,"composition","custom RTMB","base coefficients"
"age_composition","BTS",1993,14,0.00779389365942226,0.00305070098414145,NA,NA,91,"composition","custom RTMB","base coefficients"
"age_composition","BTS",1993,15,0.00943437142515681,0.0045589451565079,NA,NA,91,"composition","custom RTMB","base coefficients"
"age_composition","BTS",1994,1,0.117588754673082,0.10425250992908,NA,NA,86,"composition","custom RTMB","base coefficients"
"age_composition","BTS",1994,2,0.0523014391786628,0.0434156534892962,NA,NA,86,"composition","custom RTMB","base coefficients"
"age_composition","BTS",1994,3,0.038360544148561,0.0561044356097499,NA,NA,86,"composition","custom RTMB","base coefficients"
"age_composition","BTS",1994,4,0.148918631788364,0.148434881515061,NA,NA,86,"composition","custom RTMB","base coefficients"
"age_composition","BTS",1994,5,0.433633512836379,0.390859815907141,NA,NA,86,"composition","custom RTMB","base coefficients"
"age_composition","BTS",1994,6,0.0705076308849083,0.111099388694683,NA,NA,86,"composition","custom RTMB","base coefficients"
"age_composition","BTS",1994,7,0.0169434690518277,0.0339809870478714,NA,NA,86,"composition","custom RTMB","base coefficients"
"age_composition","BTS",1994,8,0.0130669746338173,0.0218572568630819,NA,NA,86,"composition","custom RTMB","base coefficients"
"age_composition","BTS",1994,9,0.0141295936438308,0.0196873756655731,NA,NA,86,"composition","custom RTMB","base coefficients"
"age_composition","BTS",1994,10,0.0261033252715564,0.0291067949273631,NA,NA,86,"composition","custom RTMB","base coefficients"
"age_composition","BTS",1994,11,0.0159279063345396,0.00840732177771343,NA,NA,86,"composition","custom RTMB","base coefficients"
"age_composition","BTS",1994,12,0.022029922179955,0.0181773351878075,NA,NA,86,"composition","custom RTMB","base coefficients"
"age_composition","BTS",1994,13,0.00839752341233177,0.00459833625691111,NA,NA,86,"composition","custom RTMB","base coefficients"
"age_composition","BTS",1994,14,0.00823586629760391,0.00469680649584722,NA,NA,86,"composition","custom RTMB","base coefficients"
"age_composition","BTS",1994,15,0.0138549056645805,0.00532110063282027,NA,NA,86,"composition","custom RTMB","base coefficients"
"age_composition","BTS",1995,1,0.102348000780867,0.0945201709848096,NA,NA,104,"composition","custom RTMB","base coefficients"
"age_composition","BTS",1995,2,0.0136902064002178,0.010711934343518,NA,NA,104,"composition","custom RTMB","base coefficients"
"age_composition","BTS",1995,3,0.0301668349071389,0.0753169297231566,NA,NA,104,"composition","custom RTMB","base coefficients"
"age_composition","BTS",1995,4,0.126825456988885,0.0926799509092367,NA,NA,104,"composition","custom RTMB","base coefficients"
"age_composition","BTS",1995,5,0.185281022495701,0.190985261288948,NA,NA,104,"composition","custom RTMB","base coefficients"
"age_composition","BTS",1995,6,0.323015696471479,0.344393655000854,NA,NA,104,"composition","custom RTMB","base coefficients"
"age_composition","BTS",1995,7,0.118472078572195,0.0863099390906897,NA,NA,104,"composition","custom RTMB","base coefficients"
"age_composition","BTS",1995,8,0.0256080999065317,0.0240675625158551,NA,NA,104,"composition","custom RTMB","base coefficients"
"age_composition","BTS",1995,9,0.0148853331439492,0.0154453228613195,NA,NA,104,"composition","custom RTMB","base coefficients"
"age_composition","BTS",1995,10,0.0093673842883046,0.0141129227618836,NA,NA,104,"composition","custom RTMB","base coefficients"
"age_composition","BTS",1995,11,0.0172046545051421,0.0212595175656459,NA,NA,104,"composition","custom RTMB","base coefficients"
"age_composition","BTS",1995,12,0.00696893367222136,0.00616210691332501,NA,NA,104,"composition","custom RTMB","base coefficients"
"age_composition","BTS",1995,13,0.0127551113803892,0.0133224003742555,NA,NA,104,"composition","custom RTMB","base coefficients"
"age_composition","BTS",1995,14,0.00519769389827079,0.00337015388731814,NA,NA,104,"composition","custom RTMB","base coefficients"
"age_composition","BTS",1995,15,0.00821349258870646,0.00734217177918483,NA,NA,104,"composition","custom RTMB","base coefficients"
"age_composition","BTS",1996,1,0.242778292238213,0.235758491783239,NA,NA,226,"composition","custom RTMB","base coefficients"
"age_composition","BTS",1996,2,0.053284192303103,0.0137154938857177,NA,NA,226,"composition","custom RTMB","base coefficients"
"age_composition","BTS",1996,3,0.0248642400939483,0.0308539419940584,NA,NA,226,"composition","custom RTMB","base coefficients"
"age_composition","BTS",1996,4,0.0508897820260716,0.151715287758635,NA,NA,226,"composition","custom RTMB","base coefficients"
"age_composition","BTS",1996,5,0.141501155726411,0.117130654944609,NA,NA,226,"composition","custom RTMB","base coefficients"
"age_composition","BTS",1996,6,0.187814677488958,0.145986103371974,NA,NA,226,"composition","custom RTMB","base coefficients"
"age_composition","BTS",1996,7,0.160482236136371,0.185866874870524,NA,NA,226,"composition","custom RTMB","base coefficients"
"age_composition","BTS",1996,8,0.0528945143487325,0.0467572503474257,NA,NA,226,"composition","custom RTMB","base coefficients"
"age_composition","BTS",1996,9,0.0127990523588307,0.0144519420665175,NA,NA,226,"composition","custom RTMB","base coefficients"
"age_composition","BTS",1996,10,0.0138510336928527,0.0102617758948424,NA,NA,226,"composition","custom RTMB","base coefficients"
"age_composition","BTS",1996,11,0.00925012273956223,0.00999801218798422,NA,NA,226,"composition","custom RTMB","base coefficients"
"age_composition","BTS",1996,12,0.0176731235680442,0.0154134558503386,NA,NA,226,"composition","custom RTMB","base coefficients"
"age_composition","BTS",1996,13,0.00593503398674708,0.00449604015814905,NA,NA,226,"composition","custom RTMB","base coefficients"
"age_composition","BTS",1996,14,0.0106288646750828,0.00974751653963736,NA,NA,226,"composition","custom RTMB","base coefficients"
"age_composition","BTS",1996,15,0.0153536786170723,0.00784715834635,NA,NA,226,"composition","custom RTMB","base coefficients"
"age_composition","BTS",1997,1,0.225606079311111,0.234611518889342,NA,NA,73,"composition","custom RTMB","base coefficients"
"age_composition","BTS",1997,2,0.0392405384758013,0.0393471729065192,NA,NA,73,"composition","custom RTMB","base coefficients"
"age_composition","BTS",1997,3,0.0213085611537577,0.0269420380652624,NA,NA,73,"composition","custom RTMB","base coefficients"
"age_composition","BTS",1997,4,0.0259866636770772,0.0553981747037693,NA,NA,73,"composition","custom RTMB","base coefficients"
"age_composition","BTS",1997,5,0.297759230338805,0.224428091730752,NA,NA,73,"composition","custom RTMB","base coefficients"
"age_composition","BTS",1997,6,0.136560788363773,0.131762881387877,NA,NA,73,"composition","custom RTMB","base coefficients"
"age_composition","BTS",1997,7,0.0802058685767429,0.115748330244855,NA,NA,73,"composition","custom RTMB","base coefficients"
"age_composition","BTS",1997,8,0.10315581835818,0.110771308051362,NA,NA,73,"composition","custom RTMB","base coefficients"
"age_composition","BTS",1997,9,0.0178206231688737,0.0233682558731408,NA,NA,73,"composition","custom RTMB","base coefficients"
"age_composition","BTS",1997,10,0.00896919328154347,0.00729392702236027,NA,NA,73,"composition","custom RTMB","base coefficients"
"age_composition","BTS",1997,11,0.0065073580320768,0.00535283552170996,NA,NA,73,"composition","custom RTMB","base coefficients"
"age_composition","BTS",1997,12,0.00697622967363157,0.00527217044667409,NA,NA,73,"composition","custom RTMB","base coefficients"
"age_composition","BTS",1997,13,0.0118845354016708,0.00810231845648134,NA,NA,73,"composition","custom RTMB","base coefficients"
"age_composition","BTS",1997,14,0.0038066265377694,0.00236198334455451,NA,NA,73,"composition","custom RTMB","base coefficients"
"age_composition","BTS",1997,15,0.0142118856491857,0.0092389933553403,NA,NA,73,"composition","custom RTMB","base coefficients"
"age_composition","BTS",1998,1,0.11274094050237,0.118099970639531,NA,NA,65,"composition","custom RTMB","base coefficients"
"age_composition","BTS",1998,2,0.089084118080244,0.0905858001546677,NA,NA,65,"composition","custom RTMB","base coefficients"
"age_composition","BTS",1998,3,0.048015710808929,0.0811492294692394,NA,NA,65,"composition","custom RTMB","base coefficients"
"age_composition","BTS",1998,4,0.0345174664292805,0.0494878365234485,NA,NA,65,"composition","custom RTMB","base coefficients"
"age_composition","BTS",1998,5,0.0720454964877122,0.0822611945384794,NA,NA,65,"composition","custom RTMB","base coefficients"
"age_composition","BTS",1998,6,0.395756799513482,0.257341336762532,NA,NA,65,"composition","custom RTMB","base coefficients"
"age_composition","BTS",1998,7,0.101431738465262,0.121763208322021,NA,NA,65,"composition","custom RTMB","base coefficients"
"age_composition","BTS",1998,8,0.0614011238336615,0.0863125703775424,NA,NA,65,"composition","custom RTMB","base coefficients"
"age_composition","BTS",1998,9,0.0466222593041693,0.0725043164881867,NA,NA,65,"composition","custom RTMB","base coefficients"
"age_composition","BTS",1998,10,0.0119843428357347,0.0146586755570609,NA,NA,65,"composition","custom RTMB","base coefficients"
"age_composition","BTS",1998,11,0.00528732316015077,0.00482452786859913,NA,NA,65,"composition","custom RTMB","base coefficients"
"age_composition","BTS",1998,12,0.00181050104286363,0.00366483705501514,NA,NA,65,"composition","custom RTMB","base coefficients"
"age_composition","BTS",1998,13,0.00412599498645964,0.00363785228488903,NA,NA,65,"composition","custom RTMB","base coefficients"
"age_composition","BTS",1998,14,0.00444494707360741,0.00562897280462984,NA,NA,65,"composition","custom RTMB","base coefficients"
"age_composition","BTS",1998,15,0.010731237476073,0.00807967115415772,NA,NA,65,"composition","custom RTMB","base coefficients"
"age_composition","BTS",1999,1,0.0875418059097998,0.0930208345001804,NA,NA,95,"composition","custom RTMB","base coefficients"
"age_composition","BTS",1999,2,0.0982555045211001,0.0601361315576512,NA,NA,95,"composition","custom RTMB","base coefficients"
"age_composition","BTS",1999,3,0.11456334248983,0.137181495445466,NA,NA,95,"composition","custom RTMB","base coefficients"
"age_composition","BTS",1999,4,0.108944111055179,0.11944215796889,NA,NA,95,"composition","custom RTMB","base coefficients"
"age_composition","BTS",1999,5,0.0604683073416591,0.0641950616989109,NA,NA,95,"composition","custom RTMB","base coefficients"
"age_composition","BTS",1999,6,0.111285506196455,0.0901055335235273,NA,NA,95,"composition","custom RTMB","base coefficients"
"age_composition","BTS",1999,7,0.260459174554706,0.22382578895604,NA,NA,95,"composition","custom RTMB","base coefficients"
"age_composition","BTS",1999,8,0.0668293555620934,0.0928035452905486,NA,NA,95,"composition","custom RTMB","base coefficients"
"age_composition","BTS",1999,9,0.031807083048697,0.0561644875494313,NA,NA,95,"composition","custom RTMB","base coefficients"
"age_composition","BTS",1999,10,0.0293828811966534,0.041791638275226,NA,NA,95,"composition","custom RTMB","base coefficients"
"age_composition","BTS",1999,11,0.010984316346044,0.00803854971734475,NA,NA,95,"composition","custom RTMB","base coefficients"
"age_composition","BTS",1999,12,0.00465524590439274,0.00258866711657451,NA,NA,95,"composition","custom RTMB","base coefficients"
"age_composition","BTS",1999,13,0.00190012384889281,0.00191106045981647,NA,NA,95,"composition","custom RTMB","base coefficients"
"age_composition","BTS",1999,14,0.00280923869132981,0.00186695732260387,NA,NA,95,"composition","custom RTMB","base coefficients"
"age_composition","BTS",1999,15,0.0101140033331682,0.00692809061778905,NA,NA,95,"composition","custom RTMB","base coefficients"
"age_composition","BTS",2000,1,0.0762193630181208,0.109177421741001,NA,NA,90,"composition","custom RTMB","base coefficients"
"age_composition","BTS",2000,2,0.0273935874199962,0.043378375790427,NA,NA,90,"composition","custom RTMB","base coefficients"
"age_composition","BTS",2000,3,0.0504064971336195,0.0542559715603557,NA,NA,90,"composition","custom RTMB","base coefficients"
"age_composition","BTS",2000,4,0.156837250193607,0.147032138336754,NA,NA,90,"composition","custom RTMB","base coefficients"
"age_composition","BTS",2000,5,0.157531992600602,0.136575487227305,NA,NA,90,"composition","custom RTMB","base coefficients"
"age_composition","BTS",2000,6,0.0874592109126505,0.0743154685359644,NA,NA,90,"composition","custom RTMB","base coefficients"
"age_composition","BTS",2000,7,0.0695623452597993,0.0928166669298304,NA,NA,90,"composition","custom RTMB","base coefficients"
"age_composition","BTS",2000,8,0.211158920926867,0.191802346326395,NA,NA,90,"composition","custom RTMB","base coefficients"
"age_composition","BTS",2000,9,0.0799597153336962,0.0727079360446472,NA,NA,90,"composition","custom RTMB","base coefficients"
"age_composition","BTS",2000,10,0.0417318590428102,0.0392898347770106,NA,NA,90,"composition","custom RTMB","base coefficients"
"age_composition","BTS",2000,11,0.0178684231086577,0.0266088769650059,NA,NA,90,"composition","custom RTMB","base coefficients"
"age_composition","BTS",2000,12,0.0114389996843015,0.00479352083891007,NA,NA,90,"composition","custom RTMB","base coefficients"
"age_composition","BTS",2000,13,0.00358534472730371,0.00147178950229826,NA,NA,90,"composition","custom RTMB","base coefficients"
"age_composition","BTS",2000,14,0.00162501126017442,0.00105442037445004,NA,NA,90,"composition","custom RTMB","base coefficients"
"age_composition","BTS",2000,15,0.00722147937779251,0.00471974504964546,NA,NA,90,"composition","custom RTMB","base coefficients"
"age_composition","BTS",2001,1,0.174549729968858,0.168938544295288,NA,NA,183,"composition","custom RTMB","base coefficients"
"age_composition","BTS",2001,2,0.107393529870776,0.0881146525567993,NA,NA,183,"composition","custom RTMB","base coefficients"
"age_composition","BTS",2001,3,0.0637655172831697,0.0697575806077721,NA,NA,183,"composition","custom RTMB","base coefficients"
"age_composition","BTS",2001,4,0.0617443419491515,0.0775255834315757,NA,NA,183,"composition","custom RTMB","base coefficients"
"age_composition","BTS",2001,5,0.148415038987817,0.161104505856766,NA,NA,183,"composition","custom RTMB","base coefficients"
"age_composition","BTS",2001,6,0.145487242990412,0.117092131709683,NA,NA,183,"composition","custom RTMB","base coefficients"
"age_composition","BTS",2001,7,0.0606119555338525,0.0547314731837688,NA,NA,183,"composition","custom RTMB","base coefficients"
"age_composition","BTS",2001,8,0.0294562838347446,0.058790838590124,NA,NA,183,"composition","custom RTMB","base coefficients"
"age_composition","BTS",2001,9,0.0874696658781232,0.112501220720643,NA,NA,183,"composition","custom RTMB","base coefficients"
"age_composition","BTS",2001,10,0.0625139182882656,0.0439416303206477,NA,NA,183,"composition","custom RTMB","base coefficients"
"age_composition","BTS",2001,11,0.0238144472483972,0.0239559738230482,NA,NA,183,"composition","custom RTMB","base coefficients"
"age_composition","BTS",2001,12,0.0185690514044422,0.0162050340608581,NA,NA,183,"composition","custom RTMB","base coefficients"
"age_composition","BTS",2001,13,0.00643834269804227,0.00292083696585315,NA,NA,183,"composition","custom RTMB","base coefficients"
"age_composition","BTS",2001,14,0.00266993720567213,0.000898004061813299,NA,NA,183,"composition","custom RTMB","base coefficients"
"age_composition","BTS",2001,15,0.00710099685827463,0.00352198981535975,NA,NA,183,"composition","custom RTMB","base coefficients"
"age_composition","BTS",2002,1,0.12500550213738,0.119146856602131,NA,NA,186,"composition","custom RTMB","base coefficients"
"age_composition","BTS",2002,2,0.0361924499357498,0.0606071541390002,NA,NA,186,"composition","custom RTMB","base coefficients"
"age_composition","BTS",2002,3,0.0729188583554269,0.0732771626891158,NA,NA,186,"composition","custom RTMB","base coefficients"
"age_composition","BTS",2002,4,0.113649134536146,0.0805047612138849,NA,NA,186,"composition","custom RTMB","base coefficients"
"age_composition","BTS",2002,5,0.125369429970766,0.101757860010133,NA,NA,186,"composition","custom RTMB","base coefficients"
"age_composition","BTS",2002,6,0.162427013773993,0.193972454559775,NA,NA,186,"composition","custom RTMB","base coefficients"
"age_composition","BTS",2002,7,0.0810771804378465,0.124993254854374,NA,NA,186,"composition","custom RTMB","base coefficients"
"age_composition","BTS",2002,8,0.0391974888491339,0.0503450166920442,NA,NA,186,"composition","custom RTMB","base coefficients"
"age_composition","BTS",2002,9,0.0524716005035743,0.0472777998659914,NA,NA,186,"composition","custom RTMB","base coefficients"
"age_composition","BTS",2002,10,0.0978715846228339,0.0845168922779675,NA,NA,186,"composition","custom RTMB","base coefficients"
"age_composition","BTS",2002,11,0.0487832339232478,0.0315694604537432,NA,NA,186,"composition","custom RTMB","base coefficients"
"age_composition","BTS",2002,12,0.0224420503275246,0.0164535451556764,NA,NA,186,"composition","custom RTMB","base coefficients"
"age_composition","BTS",2002,13,0.0133753824606442,0.0108034588145768,NA,NA,186,"composition","custom RTMB","base coefficients"
"age_composition","BTS",2002,14,0.00422301179417655,0.00191493595425574,NA,NA,186,"composition","custom RTMB","base coefficients"
"age_composition","BTS",2002,15,0.00499607837155726,0.0028593867173303,NA,NA,186,"composition","custom RTMB","base coefficients"
"age_composition","BTS",2003,1,0.0399392138377982,0.0753661641540772,NA,NA,125,"composition","custom RTMB","base coefficients"
"age_composition","BTS",2003,2,0.0115511716294291,0.023403894778054,NA,NA,125,"composition","custom RTMB","base coefficients"
"age_composition","BTS",2003,3,0.0742116225757,0.078719855484308,NA,NA,125,"composition","custom RTMB","base coefficients"
"age_composition","BTS",2003,4,0.127244436367116,0.124345786326664,NA,NA,125,"composition","custom RTMB","base coefficients"
"age_composition","BTS",2003,5,0.150343542320284,0.136761904685064,NA,NA,125,"composition","custom RTMB","base coefficients"
"age_composition","BTS",2003,6,0.125291803452229,0.136240987423763,NA,NA,125,"composition","custom RTMB","base coefficients"
"age_composition","BTS",2003,7,0.157187854020219,0.174764648605112,NA,NA,125,"composition","custom RTMB","base coefficients"
"age_composition","BTS",2003,8,0.0811907650950614,0.0884639269696844,NA,NA,125,"composition","custom RTMB","base coefficients"
"age_composition","BTS",2003,9,0.0338350014001626,0.0322328186098783,NA,NA,125,"composition","custom RTMB","base coefficients"
"age_composition","BTS",2003,10,0.0442317986543637,0.0304173070732352,NA,NA,125,"composition","custom RTMB","base coefficients"
"age_composition","BTS",2003,11,0.0861203667948459,0.056518056984805,NA,NA,125,"composition","custom RTMB","base coefficients"
"age_composition","BTS",2003,12,0.0389631448156926,0.0212850282504979,NA,NA,125,"composition","custom RTMB","base coefficients"
"age_composition","BTS",2003,13,0.0161505555563173,0.0110441371195584,NA,NA,125,"composition","custom RTMB","base coefficients"
"age_composition","BTS",2003,14,0.00664531479185038,0.00723903481374566,NA,NA,125,"composition","custom RTMB","base coefficients"
"age_composition","BTS",2003,15,0.00709340868893194,0.00319644872155341,NA,NA,125,"composition","custom RTMB","base coefficients"
"age_composition","BTS",2004,1,0.0495194332119352,0.0458479468163746,NA,NA,188,"composition","custom RTMB","base coefficients"
"age_composition","BTS",2004,2,0.033183447229055,0.0192930706211496,NA,NA,188,"composition","custom RTMB","base coefficients"
"age_composition","BTS",2004,3,0.0235358961285154,0.0619316329468738,NA,NA,188,"composition","custom RTMB","base coefficients"
"age_composition","BTS",2004,4,0.201310909791122,0.169892227043794,NA,NA,188,"composition","custom RTMB","base coefficients"
"age_composition","BTS",2004,5,0.198120721217757,0.201139844295376,NA,NA,188,"composition","custom RTMB","base coefficients"
"age_composition","BTS",2004,6,0.146843510349763,0.144575392259846,NA,NA,188,"composition","custom RTMB","base coefficients"
"age_composition","BTS",2004,7,0.0819768567463573,0.0971455556126241,NA,NA,188,"composition","custom RTMB","base coefficients"
"age_composition","BTS",2004,8,0.0865801976221318,0.102602504440191,NA,NA,188,"composition","custom RTMB","base coefficients"
"age_composition","BTS",2004,9,0.0428388465041726,0.0506999206929188,NA,NA,188,"composition","custom RTMB","base coefficients"
"age_composition","BTS",2004,10,0.0270349219679673,0.0197658799593577,NA,NA,188,"composition","custom RTMB","base coefficients"
"age_composition","BTS",2004,11,0.0270516185291912,0.019967967793113,NA,NA,188,"composition","custom RTMB","base coefficients"
"age_composition","BTS",2004,12,0.0495817118563902,0.0382212096430847,NA,NA,188,"composition","custom RTMB","base coefficients"
"age_composition","BTS",2004,13,0.0219770023388738,0.0143926476917471,NA,NA,188,"composition","custom RTMB","base coefficients"
"age_composition","BTS",2004,14,0.00568131734843459,0.007467871459415,NA,NA,188,"composition","custom RTMB","base coefficients"
"age_composition","BTS",2004,15,0.00476360915833347,0.00705632872413401,NA,NA,188,"composition","custom RTMB","base coefficients"
"age_composition","BTS",2005,1,0.0390408266252992,0.0331683272367832,NA,NA,194,"composition","custom RTMB","base coefficients"
"age_composition","BTS",2005,2,0.0143668411539084,0.00653858130919717,NA,NA,194,"composition","custom RTMB","base coefficients"
"age_composition","BTS",2005,3,0.0214214696596527,0.0338635990093835,NA,NA,194,"composition","custom RTMB","base coefficients"
"age_composition","BTS",2005,4,0.10757983489329,0.120939222505948,NA,NA,194,"composition","custom RTMB","base coefficients"
"age_composition","BTS",2005,5,0.315455705059936,0.267744372864586,NA,NA,194,"composition","custom RTMB","base coefficients"
"age_composition","BTS",2005,6,0.212212443344676,0.233542783293151,NA,NA,194,"composition","custom RTMB","base coefficients"
"age_composition","BTS",2005,7,0.11108847920089,0.112850233339335,NA,NA,194,"composition","custom RTMB","base coefficients"
"age_composition","BTS",2005,8,0.0443050819612213,0.0560565792660983,NA,NA,194,"composition","custom RTMB","base coefficients"
"age_composition","BTS",2005,9,0.0376898645740851,0.0514857441321628,NA,NA,194,"composition","custom RTMB","base coefficients"
"age_composition","BTS",2005,10,0.0263223462141349,0.0255930822768635,NA,NA,194,"composition","custom RTMB","base coefficients"
"age_composition","BTS",2005,11,0.0076329946335949,0.0105952277566892,NA,NA,194,"composition","custom RTMB","base coefficients"
"age_composition","BTS",2005,12,0.0155849702042483,0.0109371727280663,NA,NA,194,"composition","custom RTMB","base coefficients"
"age_composition","BTS",2005,13,0.0258794770644183,0.0208920069110593,NA,NA,194,"composition","custom RTMB","base coefficients"
"age_composition","BTS",2005,14,0.0102825101437061,0.00786168312838059,NA,NA,194,"composition","custom RTMB","base coefficients"
"age_composition","BTS",2005,15,0.0111371552669382,0.00793138424229454,NA,NA,194,"composition","custom RTMB","base coefficients"
"age_composition","BTS",2006,1,0.118073324234574,0.11329227901226,NA,NA,329,"composition","custom RTMB","base coefficients"
"age_composition","BTS",2006,2,0.0109245744588349,0.00954085123728403,NA,NA,329,"composition","custom RTMB","base coefficients"
"age_composition","BTS",2006,3,0.0164303209613941,0.0225169809434273,NA,NA,329,"composition","custom RTMB","base coefficients"
"age_composition","BTS",2006,4,0.0750707667850294,0.0825605669412637,NA,NA,329,"composition","custom RTMB","base coefficients"
"age_composition","BTS",2006,5,0.202671347950805,0.176672845996089,NA,NA,329,"composition","custom RTMB","base coefficients"
"age_composition","BTS",2006,6,0.238147647503241,0.230293019068439,NA,NA,329,"composition","custom RTMB","base coefficients"
"age_composition","BTS",2006,7,0.139930255393263,0.158516617654869,NA,NA,329,"composition","custom RTMB","base coefficients"
"age_composition","BTS",2006,8,0.063718677259446,0.0723280455768197,NA,NA,329,"composition","custom RTMB","base coefficients"
"age_composition","BTS",2006,9,0.0353763448873096,0.0369183156161109,NA,NA,329,"composition","custom RTMB","base coefficients"
"age_composition","BTS",2006,10,0.029513087014215,0.0348984278747092,NA,NA,329,"composition","custom RTMB","base coefficients"
"age_composition","BTS",2006,11,0.0141879686191124,0.0185359712524178,NA,NA,329,"composition","custom RTMB","base coefficients"
"age_composition","BTS",2006,12,0.00880276263621015,0.00797678763834106,NA,NA,329,"composition","custom RTMB","base coefficients"
"age_composition","BTS",2006,13,0.0126265554315807,0.00825008801516434,NA,NA,329,"composition","custom RTMB","base coefficients"
"age_composition","BTS",2006,14,0.0170211590705307,0.0157722847598589,NA,NA,329,"composition","custom RTMB","base coefficients"
"age_composition","BTS",2006,15,0.0175052077944544,0.0119269184129462,NA,NA,329,"composition","custom RTMB","base coefficients"
"age_composition","BTS",2007,1,0.216566179979603,0.188225764158529,NA,NA,192,"composition","custom RTMB","base coefficients"
"age_composition","BTS",2007,2,0.00537035487403152,0.0115245071430866,NA,NA,192,"composition","custom RTMB","base coefficients"
"age_composition","BTS",2007,3,0.0175121262888866,0.0120958177463877,NA,NA,192,"composition","custom RTMB","base coefficients"
"age_composition","BTS",2007,4,0.0560077503613748,0.0412301877385422,NA,NA,192,"composition","custom RTMB","base coefficients"
"age_composition","BTS",2007,5,0.175697452974819,0.153751595009364,NA,NA,192,"composition","custom RTMB","base coefficients"
"age_composition","BTS",2007,6,0.198660810700894,0.223968680586321,NA,NA,192,"composition","custom RTMB","base coefficients"
"age_composition","BTS",2007,7,0.13248639037262,0.181453754613715,NA,NA,192,"composition","custom RTMB","base coefficients"
"age_composition","BTS",2007,8,0.0923504385546392,0.0924602476010262,NA,NA,192,"composition","custom RTMB","base coefficients"
"age_composition","BTS",2007,9,0.0366257389931336,0.0348703216961104,NA,NA,192,"composition","custom RTMB","base coefficients"
"age_composition","BTS",2007,10,0.0157086772496902,0.0166517928002465,NA,NA,192,"composition","custom RTMB","base coefficients"
"age_composition","BTS",2007,11,0.0137704413126919,0.0156096274552195,NA,NA,192,"composition","custom RTMB","base coefficients"
"age_composition","BTS",2007,12,0.0124574233673407,0.0084119126658483,NA,NA,192,"composition","custom RTMB","base coefficients"
"age_composition","BTS",2007,13,0.0056792354109094,0.00359612844544355,NA,NA,192,"composition","custom RTMB","base coefficients"
"age_composition","BTS",2007,14,0.00687636356608841,0.00370964808153596,NA,NA,192,"composition","custom RTMB","base coefficients"
"age_composition","BTS",2007,15,0.0142306159932775,0.0124400142586248,NA,NA,192,"composition","custom RTMB","base coefficients"
"age_composition","BTS",2008,1,0.0805841216798948,0.0879882431941425,NA,NA,235,"composition","custom RTMB","base coefficients"
"age_composition","BTS",2008,2,0.0197058171316965,0.0181986853397244,NA,NA,235,"composition","custom RTMB","base coefficients"
"age_composition","BTS",2008,3,0.0218776085037382,0.0315177417923838,NA,NA,235,"composition","custom RTMB","base coefficients"
"age_composition","BTS",2008,4,0.0423309243218512,0.0423188508434798,NA,NA,235,"composition","custom RTMB","base coefficients"
"age_composition","BTS",2008,5,0.125630894703292,0.117172732733886,NA,NA,235,"composition","custom RTMB","base coefficients"
"age_composition","BTS",2008,6,0.248969656572013,0.224101350426612,NA,NA,235,"composition","custom RTMB","base coefficients"
"age_composition","BTS",2008,7,0.181456213577076,0.197986716915669,NA,NA,235,"composition","custom RTMB","base coefficients"
"age_composition","BTS",2008,8,0.113435468069115,0.137832764350941,NA,NA,235,"composition","custom RTMB","base coefficients"
"age_composition","BTS",2008,9,0.0690215533589195,0.06905446075658,NA,NA,235,"composition","custom RTMB","base coefficients"
"age_composition","BTS",2008,10,0.0250722087449685,0.0268559385122263,NA,NA,235,"composition","custom RTMB","base coefficients"
"age_composition","BTS",2008,11,0.0204676088983132,0.012805144647003,NA,NA,235,"composition","custom RTMB","base coefficients"
"age_composition","BTS",2008,12,0.0153522559255475,0.0121877755672899,NA,NA,235,"composition","custom RTMB","base coefficients"
"age_composition","BTS",2008,13,0.00696115851079132,0.00656653984208234,NA,NA,235,"composition","custom RTMB","base coefficients"
"age_composition","BTS",2008,14,0.00386054012712964,0.00280707974690428,NA,NA,235,"composition","custom RTMB","base coefficients"
"age_composition","BTS",2008,15,0.0252739698756528,0.0126059753310751,NA,NA,235,"composition","custom RTMB","base coefficients"
"age_composition","BTS",2009,1,0.172066598345673,0.235643161199484,NA,NA,144,"composition","custom RTMB","base coefficients"
"age_composition","BTS",2009,2,0.0430410393644741,0.0227236583549479,NA,NA,144,"composition","custom RTMB","base coefficients"
"age_composition","BTS",2009,3,0.0884756634835224,0.102090425293618,NA,NA,144,"composition","custom RTMB","base coefficients"
"age_composition","BTS",2009,4,0.100086046073031,0.105163501695539,NA,NA,144,"composition","custom RTMB","base coefficients"
"age_composition","BTS",2009,5,0.0678980504948196,0.067922100665937,NA,NA,144,"composition","custom RTMB","base coefficients"
"age_composition","BTS",2009,6,0.10244806718888,0.0891556502576267,NA,NA,144,"composition","custom RTMB","base coefficients"
"age_composition","BTS",2009,7,0.144668223709113,0.121062203607338,NA,NA,144,"composition","custom RTMB","base coefficients"
"age_composition","BTS",2009,8,0.109967033811978,0.104129765999249,NA,NA,144,"composition","custom RTMB","base coefficients"
"age_composition","BTS",2009,9,0.0787480754316122,0.0738991875656659,NA,NA,144,"composition","custom RTMB","base coefficients"
"age_composition","BTS",2009,10,0.0358645248455641,0.037180711485296,NA,NA,144,"composition","custom RTMB","base coefficients"
"age_composition","BTS",2009,11,0.0225618163594978,0.0150037890032648,NA,NA,144,"composition","custom RTMB","base coefficients"
"age_composition","BTS",2009,12,0.00714777053825254,0.00709419806054934,NA,NA,144,"composition","custom RTMB","base coefficients"
"age_composition","BTS",2009,13,0.0071855296626541,0.00675290562037507,NA,NA,144,"composition","custom RTMB","base coefficients"
"age_composition","BTS",2009,14,0.00370488848427455,0.00363845150907534,NA,NA,144,"composition","custom RTMB","base coefficients"
"age_composition","BTS",2009,15,0.0161366722066541,0.00854028968203446,NA,NA,144,"composition","custom RTMB","base coefficients"
"age_composition","BTS",2010,1,0.053575362427353,0.100263293598912,NA,NA,107,"composition","custom RTMB","base coefficients"
"age_composition","BTS",2010,2,0.0150266690870845,0.0199606827086924,NA,NA,107,"composition","custom RTMB","base coefficients"
"age_composition","BTS",2010,3,0.0340086888843855,0.0349258936889505,NA,NA,107,"composition","custom RTMB","base coefficients"
"age_composition","BTS",2010,4,0.452057268537469,0.319612447083056,NA,NA,107,"composition","custom RTMB","base coefficients"
"age_composition","BTS",2010,5,0.186210191069064,0.259032524827506,NA,NA,107,"composition","custom RTMB","base coefficients"
"age_composition","BTS",2010,6,0.0522927082712967,0.071920079776875,NA,NA,107,"composition","custom RTMB","base coefficients"
"age_composition","BTS",2010,7,0.0417726705314405,0.0477668931402002,NA,NA,107,"composition","custom RTMB","base coefficients"
"age_composition","BTS",2010,8,0.0427306554308479,0.0497168205800006,NA,NA,107,"composition","custom RTMB","base coefficients"
"age_composition","BTS",2010,9,0.0428271124932215,0.0396325311726601,NA,NA,107,"composition","custom RTMB","base coefficients"
"age_composition","BTS",2010,10,0.0293375092679994,0.0278518983983452,NA,NA,107,"composition","custom RTMB","base coefficients"
"age_composition","BTS",2010,11,0.0249688016547154,0.0139464195383183,NA,NA,107,"composition","custom RTMB","base coefficients"
"age_composition","BTS",2010,12,0.00908623255238896,0.00562281442934652,NA,NA,107,"composition","custom RTMB","base coefficients"
"age_composition","BTS",2010,13,0.00542769716887885,0.00265735776214991,NA,NA,107,"composition","custom RTMB","base coefficients"
"age_composition","BTS",2010,14,0.00321258092171091,0.00252918886952064,NA,NA,107,"composition","custom RTMB","base coefficients"
"age_composition","BTS",2010,15,0.00746585170214391,0.00456115442546598,NA,NA,107,"composition","custom RTMB","base coefficients"
"age_composition","BTS",2011,1,0.187591929923022,0.142547032179601,NA,NA,165,"composition","custom RTMB","base coefficients"
"age_composition","BTS",2011,2,0.0197721307966658,0.0112863541250767,NA,NA,165,"composition","custom RTMB","base coefficients"
"age_composition","BTS",2011,3,0.0497246688378703,0.091436240333434,NA,NA,165,"composition","custom RTMB","base coefficients"
"age_composition","BTS",2011,4,0.0618895166466784,0.0889317952613445,NA,NA,165,"composition","custom RTMB","base coefficients"
"age_composition","BTS",2011,5,0.312575747720349,0.323741423043965,NA,NA,165,"composition","custom RTMB","base coefficients"
"age_composition","BTS",2011,6,0.151403621057485,0.171910130078713,NA,NA,165,"composition","custom RTMB","base coefficients"
"age_composition","BTS",2011,7,0.0428071045559249,0.0463512183728562,NA,NA,165,"composition","custom RTMB","base coefficients"
"age_composition","BTS",2011,8,0.0232908793047838,0.0304533515306696,NA,NA,165,"composition","custom RTMB","base coefficients"
"age_composition","BTS",2011,9,0.0353540732960209,0.0312931789510396,NA,NA,165,"composition","custom RTMB","base coefficients"
"age_composition","BTS",2011,10,0.0348739974059712,0.0247961020128593,NA,NA,165,"composition","custom RTMB","base coefficients"
"age_composition","BTS",2011,11,0.0296358066356851,0.0181105894070085,NA,NA,165,"composition","custom RTMB","base coefficients"
"age_composition","BTS",2011,12,0.0227295265150774,0.00910632155287195,NA,NA,165,"composition","custom RTMB","base coefficients"
"age_composition","BTS",2011,13,0.00992892070550299,0.00367144451522152,NA,NA,165,"composition","custom RTMB","base coefficients"
"age_composition","BTS",2011,14,0.00469815615031732,0.00173513706736834,NA,NA,165,"composition","custom RTMB","base coefficients"
"age_composition","BTS",2011,15,0.0137239204486457,0.00462968156796988,NA,NA,165,"composition","custom RTMB","base coefficients"
"age_composition","BTS",2012,1,0.12987516501579,0.0956916391693273,NA,NA,107,"composition","custom RTMB","base coefficients"
"age_composition","BTS",2012,2,0.020900940137541,0.0211288475646245,NA,NA,107,"composition","custom RTMB","base coefficients"
"age_composition","BTS",2012,3,0.049400305918506,0.0733476931648774,NA,NA,107,"composition","custom RTMB","base coefficients"
"age_composition","BTS",2012,4,0.425415301898748,0.33028995555991,NA,NA,107,"composition","custom RTMB","base coefficients"
"age_composition","BTS",2012,5,0.0965613128281085,0.152581911809458,NA,NA,107,"composition","custom RTMB","base coefficients"
"age_composition","BTS",2012,6,0.144581911594775,0.195422319499607,NA,NA,107,"composition","custom RTMB","base coefficients"
"age_composition","BTS",2012,7,0.0459115178890012,0.0683836503265916,NA,NA,107,"composition","custom RTMB","base coefficients"
"age_composition","BTS",2012,8,0.0171958012867076,0.0169900426632105,NA,NA,107,"composition","custom RTMB","base coefficients"
"age_composition","BTS",2012,9,0.0114760137457353,0.0111536452832137,NA,NA,107,"composition","custom RTMB","base coefficients"
"age_composition","BTS",2012,10,0.0157601467224382,0.0116283340247959,NA,NA,107,"composition","custom RTMB","base coefficients"
"age_composition","BTS",2012,11,0.0126754977026057,0.00917190922235635,NA,NA,107,"composition","custom RTMB","base coefficients"
"age_composition","BTS",2012,12,0.010964986003996,0.00690727374852806,NA,NA,107,"composition","custom RTMB","base coefficients"
"age_composition","BTS",2012,13,0.00944883770168442,0.00347385332042507,NA,NA,107,"composition","custom RTMB","base coefficients"
"age_composition","BTS",2012,14,0.00339485348284662,0.00140066990632564,NA,NA,107,"composition","custom RTMB","base coefficients"
"age_composition","BTS",2012,15,0.00643740807151675,0.00242825473674926,NA,NA,107,"composition","custom RTMB","base coefficients"
"age_composition","BTS",2013,1,0.113534649563574,0.171389795717399,NA,NA,66,"composition","custom RTMB","base coefficients"
"age_composition","BTS",2013,2,0.0120771380766929,0.00975976386970555,NA,NA,66,"composition","custom RTMB","base coefficients"
"age_composition","BTS",2013,3,0.0246650196788055,0.029358829316221,NA,NA,66,"composition","custom RTMB","base coefficients"
"age_composition","BTS",2013,4,0.10261125345957,0.113200737118772,NA,NA,66,"composition","custom RTMB","base coefficients"
"age_composition","BTS",2013,5,0.49516605977719,0.410071498586673,NA,NA,66,"composition","custom RTMB","base coefficients"
"age_composition","BTS",2013,6,0.111709494121151,0.129669092533325,NA,NA,66,"composition","custom RTMB","base coefficients"
"age_composition","BTS",2013,7,0.0681141498618779,0.0913082444725866,NA,NA,66,"composition","custom RTMB","base coefficients"
"age_composition","BTS",2013,8,0.0238290665888776,0.0246735218198226,NA,NA,66,"composition","custom RTMB","base coefficients"
"age_composition","BTS",2013,9,0.00807035381415423,0.00555705532107743,NA,NA,66,"composition","custom RTMB","base coefficients"
"age_composition","BTS",2013,10,0.00721178250621797,0.00360454449680467,NA,NA,66,"composition","custom RTMB","base coefficients"
"age_composition","BTS",2013,11,0.00947100116918204,0.00379418054898091,NA,NA,66,"composition","custom RTMB","base coefficients"
"age_composition","BTS",2013,12,0.00718066056473095,0.00298791985826448,NA,NA,66,"composition","custom RTMB","base coefficients"
"age_composition","BTS",2013,13,0.00690848881576391,0.00224838010230497,NA,NA,66,"composition","custom RTMB","base coefficients"
"age_composition","BTS",2013,14,0.00395608116223932,0.00113049731489922,NA,NA,66,"composition","custom RTMB","base coefficients"
"age_composition","BTS",2013,15,0.00549480083997303,0.0012459389231631,NA,NA,66,"composition","custom RTMB","base coefficients"
"age_composition","BTS",2014,1,0.130239846169132,0.156591934418711,NA,NA,117,"composition","custom RTMB","base coefficients"
"age_composition","BTS",2014,2,0.0250255747725719,0.0198729636397443,NA,NA,117,"composition","custom RTMB","base coefficients"
"age_composition","BTS",2014,3,0.0142927021657309,0.0202943907566321,NA,NA,117,"composition","custom RTMB","base coefficients"
"age_composition","BTS",2014,4,0.0253571726778169,0.0741558915782103,NA,NA,117,"composition","custom RTMB","base coefficients"
"age_composition","BTS",2014,5,0.118027317475454,0.210455754796205,NA,NA,117,"composition","custom RTMB","base coefficients"
"age_composition","BTS",2014,6,0.397629232939566,0.385639564154513,NA,NA,117,"composition","custom RTMB","base coefficients"
"age_composition","BTS",2014,7,0.196086103365636,0.0739220636009648,NA,NA,117,"composition","custom RTMB","base coefficients"
"age_composition","BTS",2014,8,0.0411694623739715,0.0409966065537308,NA,NA,117,"composition","custom RTMB","base coefficients"
"age_composition","BTS",2014,9,0.0223912300957572,0.00994068577699985,NA,NA,117,"composition","custom RTMB","base coefficients"
"age_composition","BTS",2014,10,0.00808934692599215,0.00217357649990201,NA,NA,117,"composition","custom RTMB","base coefficients"
"age_composition","BTS",2014,11,0.00316657183623864,0.00142229885125129,NA,NA,117,"composition","custom RTMB","base coefficients"
"age_composition","BTS",2014,12,0.00452803522558416,0.00150846876315745,NA,NA,117,"composition","custom RTMB","base coefficients"
"age_composition","BTS",2014,13,0.00470824290927837,0.00118764384937257,NA,NA,117,"composition","custom RTMB","base coefficients"
"age_composition","BTS",2014,14,0.00233171899006182,0.000893637788668459,NA,NA,117,"composition","custom RTMB","base coefficients"
"age_composition","BTS",2014,15,0.00695744207720925,0.000944518971937144,NA,NA,117,"composition","custom RTMB","base coefficients"
"age_composition","BTS",2015,1,0.0828124842948467,0.0817169968878331,NA,NA,103,"composition","custom RTMB","base coefficients"
"age_composition","BTS",2015,2,0.0527841534553105,0.0534332778748282,NA,NA,103,"composition","custom RTMB","base coefficients"
"age_composition","BTS",2015,3,0.157242641753013,0.131355919381918,NA,NA,103,"composition","custom RTMB","base coefficients"
"age_composition","BTS",2015,4,0.0421311650429241,0.092700493503076,NA,NA,103,"composition","custom RTMB","base coefficients"
"age_composition","BTS",2015,5,0.0861699042352975,0.154508278723461,NA,NA,103,"composition","custom RTMB","base coefficients"
"age_composition","BTS",2015,6,0.15548622934964,0.188196223694025,NA,NA,103,"composition","custom RTMB","base coefficients"
"age_composition","BTS",2015,7,0.292755550292708,0.229309557611709,NA,NA,103,"composition","custom RTMB","base coefficients"
"age_composition","BTS",2015,8,0.0864759692418885,0.0387812084342516,NA,NA,103,"composition","custom RTMB","base coefficients"
"age_composition","BTS",2015,9,0.0218801880758133,0.0210197111002233,NA,NA,103,"composition","custom RTMB","base coefficients"
"age_composition","BTS",2015,10,0.0108299559730669,0.00494253890247681,NA,NA,103,"composition","custom RTMB","base coefficients"
"age_composition","BTS",2015,11,0.00155298962376844,0.0010743977894147,NA,NA,103,"composition","custom RTMB","base coefficients"
"age_composition","BTS",2015,12,0.00147578658948595,0.000707124031231908,NA,NA,103,"composition","custom RTMB","base coefficients"
"age_composition","BTS",2015,13,0.00280087424004702,0.000749956239802915,NA,NA,103,"composition","custom RTMB","base coefficients"
"age_composition","BTS",2015,14,0.00171406459677378,0.000590452586382657,NA,NA,103,"composition","custom RTMB","base coefficients"
"age_composition","BTS",2015,15,0.00388804323541575,0.000913863239366152,NA,NA,103,"composition","custom RTMB","base coefficients"
"age_composition","BTS",2016,1,0.0555384702719029,0.0423122843155001,NA,NA,122,"composition","custom RTMB","base coefficients"
"age_composition","BTS",2016,2,0.0345039756409971,0.0170845482179574,NA,NA,122,"composition","custom RTMB","base coefficients"
"age_composition","BTS",2016,3,0.0509194367896164,0.116853064409356,NA,NA,122,"composition","custom RTMB","base coefficients"
"age_composition","BTS",2016,4,0.281381738156142,0.238042398167997,NA,NA,122,"composition","custom RTMB","base coefficients"
"age_composition","BTS",2016,5,0.118823849060777,0.128029812571144,NA,NA,122,"composition","custom RTMB","base coefficients"
"age_composition","BTS",2016,6,0.0839419579955837,0.14043673310168,NA,NA,122,"composition","custom RTMB","base coefficients"
"age_composition","BTS",2016,7,0.123669420837259,0.13217424645526,NA,NA,122,"composition","custom RTMB","base coefficients"
"age_composition","BTS",2016,8,0.188242725904581,0.142471746293039,NA,NA,122,"composition","custom RTMB","base coefficients"
"age_composition","BTS",2016,9,0.0379141953644304,0.0241832760994565,NA,NA,122,"composition","custom RTMB","base coefficients"
"age_composition","BTS",2016,10,0.0155238688301964,0.0129761421547931,NA,NA,122,"composition","custom RTMB","base coefficients"
"age_composition","BTS",2016,11,0.00559823951453874,0.00298929024264651,NA,NA,122,"composition","custom RTMB","base coefficients"
"age_composition","BTS",2016,12,0.00122600989104844,0.000651304912053029,NA,NA,122,"composition","custom RTMB","base coefficients"
"age_composition","BTS",2016,13,0.00128108069949425,0.000428650088680352,NA,NA,122,"composition","custom RTMB","base coefficients"
"age_composition","BTS",2016,14,0.000464465555096578,0.000454611726784197,NA,NA,122,"composition","custom RTMB","base coefficients"
"age_composition","BTS",2016,15,0.000970565488335782,0.000911891243654358,NA,NA,122,"composition","custom RTMB","base coefficients"
"age_composition","BTS",2017,1,0.0562799757194152,0.0467822023637845,NA,NA,234,"composition","custom RTMB","base coefficients"
"age_composition","BTS",2017,2,0.0230887220807839,0.00794580375325439,NA,NA,234,"composition","custom RTMB","base coefficients"
"age_composition","BTS",2017,3,0.0391402348305848,0.0488630958078423,NA,NA,234,"composition","custom RTMB","base coefficients"
"age_composition","BTS",2017,4,0.190209033935954,0.249762926126761,NA,NA,234,"composition","custom RTMB","base coefficients"
"age_composition","BTS",2017,5,0.251060973003771,0.270490023502985,NA,NA,234,"composition","custom RTMB","base coefficients"
"age_composition","BTS",2017,6,0.114721987838812,0.102994223774781,NA,NA,234,"composition","custom RTMB","base coefficients"
"age_composition","BTS",2017,7,0.088409370199406,0.0895400651017339,NA,NA,234,"composition","custom RTMB","base coefficients"
"age_composition","BTS",2017,8,0.0829332937381349,0.078413692225383,NA,NA,234,"composition","custom RTMB","base coefficients"
"age_composition","BTS",2017,9,0.106009462733557,0.0803026582260611,NA,NA,234,"composition","custom RTMB","base coefficients"
"age_composition","BTS",2017,10,0.0304272064587905,0.0140584062218328,NA,NA,234,"composition","custom RTMB","base coefficients"
"age_composition","BTS",2017,11,0.011680399607516,0.007643980785935,NA,NA,234,"composition","custom RTMB","base coefficients"
"age_composition","BTS",2017,12,0.00392261261776043,0.00176131363485572,NA,NA,234,"composition","custom RTMB","base coefficients"
"age_composition","BTS",2017,13,0.000595302890258161,0.000383781716427109,NA,NA,234,"composition","custom RTMB","base coefficients"
"age_composition","BTS",2017,14,0.000350202217486901,0.000252588480698009,NA,NA,234,"composition","custom RTMB","base coefficients"
"age_composition","BTS",2017,15,0.00117122212777094,0.000805238277664824,NA,NA,234,"composition","custom RTMB","base coefficients"
"age_composition","BTS",2018,1,0.14078975608259,0.115969571982522,NA,NA,158,"composition","custom RTMB","base coefficients"
"age_composition","BTS",2018,2,0.0590392976941731,0.0254383579241651,NA,NA,158,"composition","custom RTMB","base coefficients"
"age_composition","BTS",2018,3,0.031373159081227,0.0330673087190234,NA,NA,158,"composition","custom RTMB","base coefficients"
"age_composition","BTS",2018,4,0.0454607608528873,0.116652428448375,NA,NA,158,"composition","custom RTMB","base coefficients"
"age_composition","BTS",2018,5,0.312076603987815,0.291828012283579,NA,NA,158,"composition","custom RTMB","base coefficients"
"age_composition","BTS",2018,6,0.191813841866515,0.18099123183986,NA,NA,158,"composition","custom RTMB","base coefficients"
"age_composition","BTS",2018,7,0.066483839264945,0.0590594237918131,NA,NA,158,"composition","custom RTMB","base coefficients"
"age_composition","BTS",2018,8,0.0483753099305128,0.0523894115562431,NA,NA,158,"composition","custom RTMB","base coefficients"
"age_composition","BTS",2018,9,0.0496924835280517,0.0501234105159545,NA,NA,158,"composition","custom RTMB","base coefficients"
"age_composition","BTS",2018,10,0.0407357406704552,0.0557458718480245,NA,NA,158,"composition","custom RTMB","base coefficients"
"age_composition","BTS",2018,11,0.0114115132507089,0.010386892259703,NA,NA,158,"composition","custom RTMB","base coefficients"
"age_composition","BTS",2018,12,0.00177735257047335,0.00585288939081392,NA,NA,158,"composition","custom RTMB","base coefficients"
"age_composition","BTS",2018,13,0.000227876016553558,0.00136635427057488,NA,NA,158,"composition","custom RTMB","base coefficients"
"age_composition","BTS",2018,14,3.74775637956519e-05,0.000299750461959326,NA,NA,158,"composition","custom RTMB","base coefficients"
"age_composition","BTS",2018,15,0.000704987639297267,0.000829084707390422,NA,NA,158,"composition","custom RTMB","base coefficients"
"age_composition","BTS",2019,1,0.160915256209317,0.22578677367919,NA,NA,120,"composition","custom RTMB","base coefficients"
"age_composition","BTS",2019,2,0.0428398490307598,0.0268975486784381,NA,NA,120,"composition","custom RTMB","base coefficients"
"age_composition","BTS",2019,3,0.0356122768331654,0.0234942847360746,NA,NA,120,"composition","custom RTMB","base coefficients"
"age_composition","BTS",2019,4,0.0369446656238982,0.0411139036608241,NA,NA,120,"composition","custom RTMB","base coefficients"
"age_composition","BTS",2019,5,0.1056732956893,0.15496548169284,NA,NA,120,"composition","custom RTMB","base coefficients"
"age_composition","BTS",2019,6,0.376941193310486,0.283629931128646,NA,NA,120,"composition","custom RTMB","base coefficients"
"age_composition","BTS",2019,7,0.150537899451832,0.130219949040375,NA,NA,120,"composition","custom RTMB","base coefficients"
"age_composition","BTS",2019,8,0.0357797750713773,0.0351033876190007,NA,NA,120,"composition","custom RTMB","base coefficients"
"age_composition","BTS",2019,9,0.0257983749906613,0.0257159678905856,NA,NA,120,"composition","custom RTMB","base coefficients"
"age_composition","BTS",2019,10,0.0152652501185578,0.0215835229530247,NA,NA,120,"composition","custom RTMB","base coefficients"
"age_composition","BTS",2019,11,0.00802637985807595,0.0238894105180146,NA,NA,120,"composition","custom RTMB","base coefficients"
"age_composition","BTS",2019,12,0.00364470181058885,0.00427095642129849,NA,NA,120,"composition","custom RTMB","base coefficients"
"age_composition","BTS",2019,13,0.00144025295716658,0.00234607357138161,NA,NA,120,"composition","custom RTMB","base coefficients"
"age_composition","BTS",2019,14,0.000415118459021123,0.000540470700987272,NA,NA,120,"composition","custom RTMB","base coefficients"
"age_composition","BTS",2019,15,0.00016571058579313,0.000442337709318748,NA,NA,120,"composition","custom RTMB","base coefficients"
"age_composition","BTS",2021,1,0.111175347895409,0.0905423785609178,NA,NA,149,"composition","custom RTMB","base coefficients"
"age_composition","BTS",2021,2,0.085953647678695,0.0500172793799784,NA,NA,149,"composition","custom RTMB","base coefficients"
"age_composition","BTS",2021,3,0.211570855957637,0.264394114031825,NA,NA,149,"composition","custom RTMB","base coefficients"
"age_composition","BTS",2021,4,0.0811478367434366,0.0875127582373967,NA,NA,149,"composition","custom RTMB","base coefficients"
"age_composition","BTS",2021,5,0.0741976311621967,0.0553243516385024,NA,NA,149,"composition","custom RTMB","base coefficients"
"age_composition","BTS",2021,6,0.0540667708506789,0.061170876082685,NA,NA,149,"composition","custom RTMB","base coefficients"
"age_composition","BTS",2021,7,0.137778714805422,0.124454699052562,NA,NA,149,"composition","custom RTMB","base coefficients"
"age_composition","BTS",2021,8,0.159087031736944,0.143738123135711,NA,NA,149,"composition","custom RTMB","base coefficients"
"age_composition","BTS",2021,9,0.0422165639460786,0.0624568804638209,NA,NA,149,"composition","custom RTMB","base coefficients"
"age_composition","BTS",2021,10,0.016390562369878,0.0166825932716582,NA,NA,149,"composition","custom RTMB","base coefficients"
"age_composition","BTS",2021,11,0.0137319250062416,0.0130704754398194,NA,NA,149,"composition","custom RTMB","base coefficients"
"age_composition","BTS",2021,12,0.00889503004401418,0.0119783017460502,NA,NA,149,"composition","custom RTMB","base coefficients"
"age_composition","BTS",2021,13,0.00193956807806183,0.0141477614529912,NA,NA,149,"composition","custom RTMB","base coefficients"
"age_composition","BTS",2021,14,0.00137778915680453,0.0025332646670131,NA,NA,149,"composition","custom RTMB","base coefficients"
"age_composition","BTS",2021,15,0.000470724568501386,0.00197614283906864,NA,NA,149,"composition","custom RTMB","base coefficients"
"age_composition","BTS",2022,1,0.0692434863070164,0.0730048001522002,NA,NA,172,"composition","custom RTMB","base coefficients"
"age_composition","BTS",2022,2,0.0299553164730002,0.0220049990869431,NA,NA,172,"composition","custom RTMB","base coefficients"
"age_composition","BTS",2022,3,0.0511665322760395,0.060322489995796,NA,NA,172,"composition","custom RTMB","base coefficients"
"age_composition","BTS",2022,4,0.341656071730868,0.363291443879007,NA,NA,172,"composition","custom RTMB","base coefficients"
"age_composition","BTS",2022,5,0.159691321588711,0.125030292745244,NA,NA,172,"composition","custom RTMB","base coefficients"
"age_composition","BTS",2022,6,0.0622205557040114,0.0685687988503626,NA,NA,172,"composition","custom RTMB","base coefficients"
"age_composition","BTS",2022,7,0.0691466341529544,0.0579599868420254,NA,NA,172,"composition","custom RTMB","base coefficients"
"age_composition","BTS",2022,8,0.0974282977036834,0.0843635137269232,NA,NA,172,"composition","custom RTMB","base coefficients"
"age_composition","BTS",2022,9,0.073000327283924,0.0815238549925455,NA,NA,172,"composition","custom RTMB","base coefficients"
"age_composition","BTS",2022,10,0.0231837464423611,0.0335306413010735,NA,NA,172,"composition","custom RTMB","base coefficients"
"age_composition","BTS",2022,11,0.00988730349096635,0.00851263242532226,NA,NA,172,"composition","custom RTMB","base coefficients"
"age_composition","BTS",2022,12,0.00823867673822246,0.00664144092139391,NA,NA,172,"composition","custom RTMB","base coefficients"
"age_composition","BTS",2022,13,0.00317825508436419,0.00599179841702825,NA,NA,172,"composition","custom RTMB","base coefficients"
"age_composition","BTS",2022,14,0.0018168955080481,0.00702412912491668,NA,NA,172,"composition","custom RTMB","base coefficients"
"age_composition","BTS",2022,15,0.000186579515830195,0.00222917753921874,NA,NA,172,"composition","custom RTMB","base coefficients"
"age_composition","BTS",2023,1,0.133870738370342,0.133506651810559,NA,NA,126,"composition","custom RTMB","base coefficients"
"age_composition","BTS",2023,2,0.0459327131665153,0.0308279377985465,NA,NA,126,"composition","custom RTMB","base coefficients"
"age_composition","BTS",2023,3,0.0410748408340373,0.0405929337267405,NA,NA,126,"composition","custom RTMB","base coefficients"
"age_composition","BTS",2023,4,0.0764684681817265,0.0882157295760766,NA,NA,126,"composition","custom RTMB","base coefficients"
"age_composition","BTS",2023,5,0.330540630293341,0.374708470120212,NA,NA,126,"composition","custom RTMB","base coefficients"
"age_composition","BTS",2023,6,0.0971470289410529,0.102998069068903,NA,NA,126,"composition","custom RTMB","base coefficients"
"age_composition","BTS",2023,7,0.0535248499419956,0.0479704531449478,NA,NA,126,"composition","custom RTMB","base coefficients"
"age_composition","BTS",2023,8,0.0532405653974702,0.0358998096723303,NA,NA,126,"composition","custom RTMB","base coefficients"
"age_composition","BTS",2023,9,0.08452424908652,0.0502058200173099,NA,NA,126,"composition","custom RTMB","base coefficients"
"age_composition","BTS",2023,10,0.0596986417572251,0.0518855138207568,NA,NA,126,"composition","custom RTMB","base coefficients"
"age_composition","BTS",2023,11,0.0127423194288562,0.0223831541449634,NA,NA,126,"composition","custom RTMB","base coefficients"
"age_composition","BTS",2023,12,0.00528730485739832,0.00576866180519564,NA,NA,126,"composition","custom RTMB","base coefficients"
"age_composition","BTS",2023,13,0.0032389082734872,0.00454160122040381,NA,NA,126,"composition","custom RTMB","base coefficients"
"age_composition","BTS",2023,14,0.00128039465166729,0.00411824373381185,NA,NA,126,"composition","custom RTMB","base coefficients"
"age_composition","BTS",2023,15,0.00142834681836498,0.00637695033924196,NA,NA,126,"composition","custom RTMB","base coefficients"
"age_composition","BTS",2024,1,0.0986375265247045,0.0969894260000563,NA,NA,64,"composition","custom RTMB","base coefficients"
"age_composition","BTS",2024,2,0.0664772137117895,0.0458352286901633,NA,NA,64,"composition","custom RTMB","base coefficients"
"age_composition","BTS",2024,3,0.0591143598954253,0.042626136002275,NA,NA,64,"composition","custom RTMB","base coefficients"
"age_composition","BTS",2024,4,0.0401735728391808,0.0608817066087297,NA,NA,64,"composition","custom RTMB","base coefficients"
"age_composition","BTS",2024,5,0.126037351708923,0.118524181615757,NA,NA,64,"composition","custom RTMB","base coefficients"
"age_composition","BTS",2024,6,0.41272465208693,0.423128284068223,NA,NA,64,"composition","custom RTMB","base coefficients"
"age_composition","BTS",2024,7,0.0914993968115782,0.0931797371700206,NA,NA,64,"composition","custom RTMB","base coefficients"
"age_composition","BTS",2024,8,0.02851859332308,0.0339082557849238,NA,NA,64,"composition","custom RTMB","base coefficients"
"age_composition","BTS",2024,9,0.02688500323961,0.0199393836117711,NA,NA,64,"composition","custom RTMB","base coefficients"
"age_composition","BTS",2024,10,0.0241969436357412,0.0239905842677503,NA,NA,64,"composition","custom RTMB","base coefficients"
"age_composition","BTS",2024,11,0.0165300965057181,0.0229957571959468,NA,NA,64,"composition","custom RTMB","base coefficients"
"age_composition","BTS",2024,12,0.00622223719954671,0.00950271524558281,NA,NA,64,"composition","custom RTMB","base coefficients"
"age_composition","BTS",2024,13,0.00196953525656768,0.00238865740676813,NA,NA,64,"composition","custom RTMB","base coefficients"
"age_composition","BTS",2024,14,0.000751051964584854,0.00185654976446238,NA,NA,64,"composition","custom RTMB","base coefficients"
"age_composition","BTS",2024,15,0.000262465296619364,0.00425339656756998,NA,NA,64,"composition","custom RTMB","base coefficients"
"age_composition","ATS",1994,1,0.999123641203496,3879.87188929631,NA,NA,43,"composition","custom RTMB","base coefficients"
"age_composition","ATS",1994,2,0.000384183553822471,0.443023978575049,NA,NA,43,"composition","custom RTMB","base coefficients"
"age_composition","ATS",1994,3,0.000110133517342011,0.152327513080978,NA,NA,43,"composition","custom RTMB","base coefficients"
"age_composition","ATS",1994,4,0.000140604052255803,0.151259150378034,NA,NA,43,"composition","custom RTMB","base coefficients"
"age_composition","ATS",1994,5,0.000174096035649195,0.182369237895945,NA,NA,43,"composition","custom RTMB","base coefficients"
"age_composition","ATS",1994,6,3.00843783098589e-05,0.031901323183237,NA,NA,43,"composition","custom RTMB","base coefficients"
"age_composition","ATS",1994,7,8.39580186225608e-06,0.00877571311244895,NA,NA,43,"composition","custom RTMB","base coefficients"
"age_composition","ATS",1994,8,7.41362685455288e-06,0.00601929663270155,NA,NA,43,"composition","custom RTMB","base coefficients"
"age_composition","ATS",1994,9,4.34526734179971e-06,0.00534072418247852,NA,NA,43,"composition","custom RTMB","base coefficients"
"age_composition","ATS",1994,10,5.18980517947875e-06,0.0078647393599544,NA,NA,43,"composition","custom RTMB","base coefficients"
"age_composition","ATS",1994,11,2.34463054535689e-06,0.00226932674858545,NA,NA,43,"composition","custom RTMB","base coefficients"
"age_composition","ATS",1994,12,3.95366237265968e-06,0.00490514577935582,NA,NA,43,"composition","custom RTMB","base coefficients"
"age_composition","ATS",1994,13,1.59528542814486e-06,0.00124077124682685,NA,NA,43,"composition","custom RTMB","base coefficients"
"age_composition","ATS",1994,14,1.36293182669913e-06,0.00126731813218136,NA,NA,43,"composition","custom RTMB","base coefficients"
"age_composition","ATS",1994,15,2.65624771459111e-06,0.00143576169222379,NA,NA,43,"composition","custom RTMB","base coefficients"
"age_composition","ATS",1996,1,0.999444831228985,5120.85807963376,NA,NA,32,"composition","custom RTMB","base coefficients"
"age_composition","ATS",1996,2,4.96339746015629e-05,0.144710176415852,NA,NA,32,"composition","custom RTMB","base coefficients"
"age_composition","ATS",1996,3,4.8363525820631e-05,0.1399642151628,NA,NA,32,"composition","custom RTMB","base coefficients"
"age_composition","ATS",1996,4,0.000240088334531763,0.359937838038255,NA,NA,32,"composition","custom RTMB","base coefficients"
"age_composition","ATS",1996,5,8.01412261951776e-05,0.144681524435204,NA,NA,32,"composition","custom RTMB","base coefficients"
"age_composition","ATS",1996,6,5.54907729352401e-05,0.0959230352133106,NA,NA,32,"composition","custom RTMB","base coefficients"
"age_composition","ATS",1996,7,5.12435142567819e-05,0.0798938087374164,NA,NA,32,"composition","custom RTMB","base coefficients"
"age_composition","ATS",1996,8,1.24105941607867e-05,0.0161691399841129,NA,NA,32,"composition","custom RTMB","base coefficients"
"age_composition","ATS",1996,9,3.38234379075392e-06,0.00416471145077177,NA,NA,32,"composition","custom RTMB","base coefficients"
"age_composition","ATS",1996,10,2.46740307698569e-06,0.00270928925456728,NA,NA,32,"composition","custom RTMB","base coefficients"
"age_composition","ATS",1996,11,1.9638455559349e-06,0.00253840093574653,NA,NA,32,"composition","custom RTMB","base coefficients"
"age_composition","ATS",1996,12,3.45732826852774e-06,0.00384789988830126,NA,NA,32,"composition","custom RTMB","base coefficients"
"age_composition","ATS",1996,13,1.22026569911945e-06,0.00111441569956785,NA,NA,32,"composition","custom RTMB","base coefficients"
"age_composition","ATS",1996,14,2.17355287377328e-06,0.00240880757633975,NA,NA,32,"composition","custom RTMB","base coefficients"
"age_composition","ATS",1996,15,3.13208924788638e-06,0.00193673720775468,NA,NA,32,"composition","custom RTMB","base coefficients"
"age_composition","ATS",1997,1,0.999924401578392,6556.69539826611,NA,NA,49,"composition","custom RTMB","base coefficients"
"age_composition","ATS",1997,2,2.85349088136791e-05,0.295134700844302,NA,NA,49,"composition","custom RTMB","base coefficients"
"age_composition","ATS",1997,3,4.36282281498107e-06,0.0982789664769569,NA,NA,49,"composition","custom RTMB","base coefficients"
"age_composition","ATS",1997,4,5.30519430582303e-06,0.115624997351533,NA,NA,49,"composition","custom RTMB","base coefficients"
"age_composition","ATS",1997,5,2.30803574654939e-05,0.2773994078357,NA,NA,49,"composition","custom RTMB","base coefficients"
"age_composition","ATS",1997,6,5.41219427603512e-06,0.0942434603979572,NA,NA,49,"composition","custom RTMB","base coefficients"
"age_composition","ATS",1997,7,3.10018806395458e-06,0.0574053016416623,NA,NA,49,"composition","custom RTMB","base coefficients"
"age_composition","ATS",1997,8,2.87586042309596e-06,0.0441383055276498,NA,NA,49,"composition","custom RTMB","base coefficients"
"age_composition","ATS",1997,9,7.43918716067934e-07,0.00760794234843788,NA,NA,49,"composition","custom RTMB","base coefficients"
"age_composition","ATS",1997,10,2.75630467012866e-07,0.00212334704726246,NA,NA,49,"composition","custom RTMB","base coefficients"
"age_composition","ATS",1997,11,3.05715362107243e-07,0.00147109524035278,NA,NA,49,"composition","custom RTMB","base coefficients"
"age_composition","ATS",1997,12,3.48148667212129e-07,0.00140834116252718,NA,NA,49,"composition","custom RTMB","base coefficients"
"age_composition","ATS",1997,13,3.85497732251516e-07,0.00213486991974523,NA,NA,49,"composition","custom RTMB","base coefficients"
"age_composition","ATS",1997,14,1.8535794660818e-07,0.00061829377690737,NA,NA,49,"composition","custom RTMB","base coefficients"
"age_composition","ATS",1997,15,6.82626553448039e-07,0.00241097042900578,NA,NA,49,"composition","custom RTMB","base coefficients"
"age_composition","ATS",1999,1,0.998355813884524,3204.74243675868,NA,NA,67,"composition","custom RTMB","base coefficients"
"age_composition","ATS",1999,2,0.00026951417254917,0.180506899898859,NA,NA,67,"composition","custom RTMB","base coefficients"
"age_composition","ATS",1999,3,0.000562810864073691,0.300661480385033,NA,NA,67,"composition","custom RTMB","base coefficients"
"age_composition","ATS",1999,4,0.000274008104718522,0.181661949227113,NA,NA,67,"composition","custom RTMB","base coefficients"
"age_composition","ATS",1999,5,9.87003572033477e-05,0.0654917469473761,NA,NA,67,"composition","custom RTMB","base coefficients"
"age_composition","ATS",1999,6,6.01897520090405e-05,0.0634477160735248,NA,NA,67,"composition","custom RTMB","base coefficients"
"age_composition","ATS",1999,7,0.000234392060650693,0.125918894877374,NA,NA,67,"composition","custom RTMB","base coefficients"
"age_composition","ATS",1999,8,7.96813667936049e-05,0.0420372556488047,NA,NA,67,"composition","custom RTMB","base coefficients"
"age_composition","ATS",1999,9,2.72574746310577e-05,0.0208354573738643,NA,NA,67,"composition","custom RTMB","base coefficients"
"age_composition","ATS",1999,10,2.14470142967488e-05,0.0135133403383822,NA,NA,67,"composition","custom RTMB","base coefficients"
"age_composition","ATS",1999,11,7.30460403563363e-06,0.00237694508807913,NA,NA,67,"composition","custom RTMB","base coefficients"
"age_composition","ATS",1999,12,3.10389559526765e-06,0.000723871603995456,NA,NA,67,"composition","custom RTMB","base coefficients"
"age_composition","ATS",1999,13,1.55452772330336e-06,0.000516564622509981,NA,NA,67,"composition","custom RTMB","base coefficients"
"age_composition","ATS",1999,14,1.18031897967433e-06,0.0004945289747601,NA,NA,67,"composition","custom RTMB","base coefficients"
"age_composition","ATS",1999,15,3.04160221592186e-06,0.00181334894032552,NA,NA,67,"composition","custom RTMB","base coefficients"
"age_composition","ATS",2000,1,0.997832525313328,4727.70150351792,NA,NA,70,"composition","custom RTMB","base coefficients"
"age_composition","ATS",2000,2,0.000346666851857724,0.204669969600715,NA,NA,70,"composition","custom RTMB","base coefficients"
"age_composition","ATS",2000,3,0.000322548773923979,0.159057609177229,NA,NA,70,"composition","custom RTMB","base coefficients"
"age_composition","ATS",2000,4,0.000678640487325411,0.266949701899082,NA,NA,70,"composition","custom RTMB","base coefficients"
"age_composition","ATS",2000,5,0.000265324599973194,0.139271425113571,NA,NA,70,"composition","custom RTMB","base coefficients"
"age_composition","ATS",2000,6,8.56460812510437e-05,0.0485602047389417,NA,NA,70,"composition","custom RTMB","base coefficients"
"age_composition","ATS",2000,7,8.08602161380321e-05,0.0465305238802296,NA,NA,70,"composition","custom RTMB","base coefficients"
"age_composition","ATS",2000,8,0.000248994459387778,0.0813379482540205,NA,NA,70,"composition","custom RTMB","base coefficients"
"age_composition","ATS",2000,9,7.27892387107406e-05,0.0270757616237102,NA,NA,70,"composition","custom RTMB","base coefficients"
"age_composition","ATS",2000,10,3.51636193725716e-05,0.0136614833465492,NA,NA,70,"composition","custom RTMB","base coefficients"
"age_composition","ATS",2000,11,1.58011927889828e-05,0.00893856638690742,NA,NA,70,"composition","custom RTMB","base coefficients"
"age_composition","ATS",2000,12,9.33503735536956e-06,0.00158327943501841,NA,NA,70,"composition","custom RTMB","base coefficients"
"age_composition","ATS",2000,13,1.83224906704627e-06,0.000482169752236887,NA,NA,70,"composition","custom RTMB","base coefficients"
"age_composition","ATS",2000,14,1.19445978526565e-06,0.000344082893534172,NA,NA,70,"composition","custom RTMB","base coefficients"
"age_composition","ATS",2000,15,2.67741973451445e-06,0.00153727389825448,NA,NA,70,"composition","custom RTMB","base coefficients"
"age_composition","ATS",2002,1,0.998745919300253,4213.0371034276,NA,NA,72,"composition","custom RTMB","base coefficients"
"age_composition","ATS",2002,2,0.000493865384053201,0.376105980833295,NA,NA,72,"composition","custom RTMB","base coefficients"
"age_composition","ATS",2002,3,0.000338148012860935,0.229352705671729,NA,NA,72,"composition","custom RTMB","base coefficients"
"age_composition","ATS",2002,4,0.000129354767277853,0.123362405024961,NA,NA,72,"composition","custom RTMB","base coefficients"
"age_composition","ATS",2002,5,6.59911890749123e-05,0.0771846436812336,NA,NA,72,"composition","custom RTMB","base coefficients"
"age_composition","ATS",2002,6,9.34293180280833e-05,0.0870390595852852,NA,NA,72,"composition","custom RTMB","base coefficients"
"age_composition","ATS",2002,7,5.37866206067501e-05,0.0417322636267863,NA,NA,72,"composition","custom RTMB","base coefficients"
"age_composition","ATS",2002,8,1.40207752626367e-05,0.0145133361348102,NA,NA,72,"composition","custom RTMB","base coefficients"
"age_composition","ATS",2002,9,1.62272721265468e-05,0.0126218625661193,NA,NA,72,"composition","custom RTMB","base coefficients"
"age_composition","ATS",2002,10,3.04135630113662e-05,0.0218733638724489,NA,NA,72,"composition","custom RTMB","base coefficients"
"age_composition","ATS",2002,11,1.035007178841e-05,0.00807147310347813,NA,NA,72,"composition","custom RTMB","base coefficients"
"age_composition","ATS",2002,12,4.53236446061494e-06,0.0041869842339009,NA,NA,72,"composition","custom RTMB","base coefficients"
"age_composition","ATS",2002,13,2.01740086384758e-06,0.00274421781755904,NA,NA,72,"composition","custom RTMB","base coefficients"
"age_composition","ATS",2002,14,1.21662272578353e-06,0.000486080591415239,NA,NA,72,"composition","custom RTMB","base coefficients"
"age_composition","ATS",2002,15,7.27337605711751e-07,0.000725623256978758,NA,NA,72,"composition","custom RTMB","base coefficients"
"age_composition","ATS",2004,1,0.988102956644863,1132.54635793305,NA,NA,51,"composition","custom RTMB","base coefficients"
"age_composition","ATS",2004,2,0.000477470457920426,0.159506876243703,NA,NA,51,"composition","custom RTMB","base coefficients"
"age_composition","ATS",2004,3,0.00185354461196774,0.224871751806398,NA,NA,51,"composition","custom RTMB","base coefficients"
"age_composition","ATS",2004,4,0.00475627774293007,0.30484780906074,NA,NA,51,"composition","custom RTMB","base coefficients"
"age_composition","ATS",2004,5,0.00248936115384262,0.158186755855985,NA,NA,51,"composition","custom RTMB","base coefficients"
"age_composition","ATS",2004,6,0.000863822254944412,0.0596431520735146,NA,NA,51,"composition","custom RTMB","base coefficients"
"age_composition","ATS",2004,7,0.000438234669090704,0.0287456183641599,NA,NA,51,"composition","custom RTMB","base coefficients"
"age_composition","ATS",2004,8,0.000430621398189879,0.026513315890769,NA,NA,51,"composition","custom RTMB","base coefficients"
"age_composition","ATS",2004,9,0.000184168194157332,0.0123522725478929,NA,NA,51,"composition","custom RTMB","base coefficients"
"age_composition","ATS",2004,10,0.000104323641075711,0.00471904531939638,NA,NA,51,"composition","custom RTMB","base coefficients"
"age_composition","ATS",2004,11,8.96423000760436e-05,0.0047350002527412,NA,NA,51,"composition","custom RTMB","base coefficients"
"age_composition","ATS",2004,12,0.000117293256748409,0.00904293621393397,NA,NA,51,"composition","custom RTMB","base coefficients"
"age_composition","ATS",2004,13,5.69996310541698e-05,0.00340267628812826,NA,NA,51,"composition","custom RTMB","base coefficients"
"age_composition","ATS",2004,14,1.90913179879274e-05,0.00176509935532366,NA,NA,51,"composition","custom RTMB","base coefficients"
"age_composition","ATS",2004,15,1.61927251516543e-05,0.00166769072731355,NA,NA,51,"composition","custom RTMB","base coefficients"
"age_composition","ATS",2006,1,0.998097814052477,1994.13605149149,NA,NA,47,"composition","custom RTMB","base coefficients"
"age_composition","ATS",2006,2,0.000121918848656164,0.0947957717210901,NA,NA,47,"composition","custom RTMB","base coefficients"
"age_composition","ATS",2006,3,0.000163635921584125,0.109716455860861,NA,NA,47,"composition","custom RTMB","base coefficients"
"age_composition","ATS",2006,4,0.000367503275695087,0.209449201156792,NA,NA,47,"composition","custom RTMB","base coefficients"
"age_composition","ATS",2006,5,0.000440138610100533,0.234978394169571,NA,NA,47,"composition","custom RTMB","base coefficients"
"age_composition","ATS",2006,6,0.000370008808776717,0.178162979383369,NA,NA,47,"composition","custom RTMB","base coefficients"
"age_composition","ATS",2006,7,0.000219233388394637,0.0868250992016268,NA,NA,47,"composition","custom RTMB","base coefficients"
"age_composition","ATS",2006,8,8.14056283647186e-05,0.0329307756659475,NA,NA,47,"composition","custom RTMB","base coefficients"
"age_composition","ATS",2006,9,4.20237469418498e-05,0.0152196681022792,NA,NA,47,"composition","custom RTMB","base coefficients"
"age_composition","ATS",2006,10,3.28984174625072e-05,0.0137988541840538,NA,NA,47,"composition","custom RTMB","base coefficients"
"age_composition","ATS",2006,11,1.84426280918334e-05,0.0072068392531047,NA,NA,47,"composition","custom RTMB","base coefficients"
"age_composition","ATS",2006,12,1.22029053198584e-05,0.00308079457230248,NA,NA,47,"composition","custom RTMB","base coefficients"
"age_composition","ATS",2006,13,9.26645642760304e-06,0.00317800600294676,NA,NA,47,"composition","custom RTMB","base coefficients"
"age_composition","ATS",2006,14,1.11213065761375e-05,0.00606937783276979,NA,NA,47,"composition","custom RTMB","base coefficients"
"age_composition","ATS",2006,15,1.23860051309057e-05,0.00458778289328651,NA,NA,47,"composition","custom RTMB","base coefficients"
"age_composition","ATS",2007,1,0.999826878622366,4392.76627207219,NA,NA,39,"composition","custom RTMB","base coefficients"
"age_composition","ATS",2007,2,4.22181167681649e-05,0.28238970667832,NA,NA,39,"composition","custom RTMB","base coefficients"
"age_composition","ATS",2007,3,1.40011028640766e-05,0.0900812597030771,NA,NA,39,"composition","custom RTMB","base coefficients"
"age_composition","ATS",2007,4,1.93851723038699e-05,0.102981035668929,NA,NA,39,"composition","custom RTMB","base coefficients"
"age_composition","ATS",2007,5,3.22010717657538e-05,0.16393808699419,NA,NA,39,"composition","custom RTMB","base coefficients"
"age_composition","ATS",2007,6,2.95945783402005e-05,0.150066299460689,NA,NA,39,"composition","custom RTMB","base coefficients"
"age_composition","ATS",2007,7,1.65080343786358e-05,0.104786795420071,NA,NA,39,"composition","custom RTMB","base coefficients"
"age_composition","ATS",2007,8,9.76919983322677e-06,0.0525224358307639,NA,NA,39,"composition","custom RTMB","base coefficients"
"age_composition","ATS",2007,9,3.96329969075805e-06,0.0195327451525787,NA,NA,39,"composition","custom RTMB","base coefficients"
"age_composition","ATS",2007,10,1.5929002403515e-06,0.00929520310246577,NA,NA,39,"composition","custom RTMB","base coefficients"
"age_composition","ATS",2007,11,1.51089658186676e-06,0.00870599258360842,NA,NA,39,"composition","custom RTMB","base coefficients"
"age_composition","ATS",2007,12,7.63410211463057e-07,0.00469060558461886,NA,NA,39,"composition","custom RTMB","base coefficients"
"age_composition","ATS",2007,13,3.72126113010812e-07,0.00200514979152339,NA,NA,39,"composition","custom RTMB","base coefficients"
"age_composition","ATS",2007,14,3.886083270042e-07,0.00206842031323961,NA,NA,39,"composition","custom RTMB","base coefficients"
"age_composition","ATS",2007,15,8.52860215338998e-07,0.00693626371592587,NA,NA,39,"composition","custom RTMB","base coefficients"
"age_composition","ATS",2008,1,0.986085964202712,2360.34548921817,NA,NA,35,"composition","custom RTMB","base coefficients"
"age_composition","ATS",2008,2,0.00784584562582639,0.503757046837706,NA,NA,35,"composition","custom RTMB","base coefficients"
"age_composition","ATS",2008,3,0.00281820957485088,0.179387329956994,NA,NA,35,"composition","custom RTMB","base coefficients"
"age_composition","ATS",2008,4,0.000446927567290232,0.0546377227206924,NA,NA,35,"composition","custom RTMB","base coefficients"
"age_composition","ATS",2008,5,0.000432937587437609,0.0534548826764987,NA,NA,35,"composition","custom RTMB","base coefficients"
"age_composition","ATS",2008,6,0.000774064852248735,0.0682200864034846,NA,NA,35,"composition","custom RTMB","base coefficients"
"age_composition","ATS",2008,7,0.000632310706324798,0.0570502083297012,NA,NA,35,"composition","custom RTMB","base coefficients"
"age_composition","ATS",2008,8,0.000366315559043601,0.0410838594175715,NA,NA,35,"composition","custom RTMB","base coefficients"
"age_composition","ATS",2008,9,0.000274149091747168,0.0205039294151478,NA,NA,35,"composition","custom RTMB","base coefficients"
"age_composition","ATS",2008,10,8.61246171674447e-05,0.00796884005449903,NA,NA,35,"composition","custom RTMB","base coefficients"
"age_composition","ATS",2008,11,8.11174843147827e-05,0.00379917150926638,NA,NA,35,"composition","custom RTMB","base coefficients"
"age_composition","ATS",2008,12,5.11436973011714e-05,0.00361593098488018,NA,NA,35,"composition","custom RTMB","base coefficients"
"age_composition","ATS",2008,13,2.92674033873155e-05,0.00194818751663184,NA,NA,35,"composition","custom RTMB","base coefficients"
"age_composition","ATS",2008,14,1.51352787542418e-05,0.00083281523512283,NA,NA,35,"composition","custom RTMB","base coefficients"
"age_composition","ATS",2008,15,6.04867515936291e-05,0.00373998894180308,NA,NA,35,"composition","custom RTMB","base coefficients"
"age_composition","ATS",2009,1,0.999807610404186,8774.59470112131,NA,NA,26,"composition","custom RTMB","base coefficients"
"age_composition","ATS",2009,2,4.57224274573535e-05,0.278078246816031,NA,NA,26,"composition","custom RTMB","base coefficients"
"age_composition","ATS",2009,3,9.71879367986401e-05,0.403703721272087,NA,NA,26,"composition","custom RTMB","base coefficients"
"age_composition","ATS",2009,4,1.57633702346345e-05,0.139079703974044,NA,NA,26,"composition","custom RTMB","base coefficients"
"age_composition","ATS",2009,5,4.29827761531316e-06,0.0391248475664227,NA,NA,26,"composition","custom RTMB","base coefficients"
"age_composition","ATS",2009,6,5.27401469293715e-06,0.0314162152905601,NA,NA,26,"composition","custom RTMB","base coefficients"
"age_composition","ATS",2009,7,7.22281562073986e-06,0.0357604396056049,NA,NA,26,"composition","custom RTMB","base coefficients"
"age_composition","ATS",2009,8,6.2076256343588e-06,0.0300726134191083,NA,NA,26,"composition","custom RTMB","base coefficients"
"age_composition","ATS",2009,9,4.29972976430495e-06,0.0208559471460306,NA,NA,26,"composition","custom RTMB","base coefficients"
"age_composition","ATS",2009,10,2.47860334032179e-06,0.0104266030529754,NA,NA,26,"composition","custom RTMB","base coefficients"
"age_composition","ATS",2009,11,1.41086716164165e-06,0.00420020103630498,NA,NA,26,"composition","custom RTMB","base coefficients"
"age_composition","ATS",2009,12,6.32693630000449e-07,0.00198502665981888,NA,NA,26,"composition","custom RTMB","base coefficients"
"age_composition","ATS",2009,13,5.63568259262348e-07,0.00188928543698158,NA,NA,26,"composition","custom RTMB","base coefficients"
"age_composition","ATS",2009,14,3.08248689030528e-07,0.00101790723303969,NA,NA,26,"composition","custom RTMB","base coefficients"
"age_composition","ATS",2009,15,1.0194169159157e-06,0.00238924149099072,NA,NA,26,"composition","custom RTMB","base coefficients"
"age_composition","ATS",2010,1,0.99961073318249,4090.32429342997,NA,NA,34,"composition","custom RTMB","base coefficients"
"age_composition","ATS",2010,2,0.000239700010901514,0.597727097282733,NA,NA,34,"composition","custom RTMB","base coefficients"
"age_composition","ATS",2010,3,3.68134744836158e-05,0.121095085620242,NA,NA,34,"composition","custom RTMB","base coefficients"
"age_composition","ATS",2010,4,8.58955963420435e-05,0.16984395192877,NA,NA,34,"composition","custom RTMB","base coefficients"
"age_composition","ATS",2010,5,1.6688654126755e-05,0.0555066888969986,NA,NA,34,"composition","custom RTMB","base coefficients"
"age_composition","ATS",2010,6,2.7354207688524e-06,0.0140675633555072,NA,NA,34,"composition","custom RTMB","base coefficients"
"age_composition","ATS",2010,7,1.2443808625181e-06,0.00990892459936769,NA,NA,34,"composition","custom RTMB","base coefficients"
"age_composition","ATS",2010,8,1.38065422794301e-06,0.0108094296015805,NA,NA,34,"composition","custom RTMB","base coefficients"
"age_composition","ATS",2010,9,1.41305069764417e-06,0.00861486639965493,NA,NA,34,"composition","custom RTMB","base coefficients"
"age_composition","ATS",2010,10,1.08290291228919e-06,0.00605398174480275,NA,NA,34,"composition","custom RTMB","base coefficients"
"age_composition","ATS",2010,11,9.71509928889226e-07,0.00303143297751401,NA,NA,34,"composition","custom RTMB","base coefficients"
"age_composition","ATS",2010,12,4.91964637849252e-07,0.00122219045659803,NA,NA,34,"composition","custom RTMB","base coefficients"
"age_composition","ATS",2010,13,3.0041274611167e-07,0.000577610599767288,NA,NA,34,"composition","custom RTMB","base coefficients"
"age_composition","ATS",2010,14,1.83049702312151e-07,0.00054975145496842,NA,NA,34,"composition","custom RTMB","base coefficients"
"age_composition","ATS",2010,15,3.65735171842441e-07,0.000991425081496447,NA,NA,34,"composition","custom RTMB","base coefficients"
"age_composition","ATS",2012,1,0.994392926113791,2275.2280152304,NA,NA,44,"composition","custom RTMB","base coefficients"
"age_composition","ATS",2012,2,0.00152440474747837,0.210513457522037,NA,NA,44,"composition","custom RTMB","base coefficients"
"age_composition","ATS",2012,3,0.00129768376139019,0.2351593448675,NA,NA,44,"composition","custom RTMB","base coefficients"
"age_composition","ATS",2012,4,0.00207752178080565,0.373978373340157,NA,NA,44,"composition","custom RTMB","base coefficients"
"age_composition","ATS",2012,5,0.000214393121212492,0.0799606996042549,NA,NA,44,"composition","custom RTMB","base coefficients"
"age_composition","ATS",2012,6,0.000281069170494921,0.0651828530669704,NA,NA,44,"composition","custom RTMB","base coefficients"
"age_composition","ATS",2012,7,8.67275867197903e-05,0.0192084705952179,NA,NA,44,"composition","custom RTMB","base coefficients"
"age_composition","ATS",2012,8,2.73560770474566e-05,0.00443017734632637,NA,NA,44,"composition","custom RTMB","base coefficients"
"age_composition","ATS",2012,9,1.90829159802627e-05,0.00281965181145376,NA,NA,44,"composition","custom RTMB","base coefficients"
"age_composition","ATS",2012,10,2.20323110321787e-05,0.00291195743300282,NA,NA,44,"composition","custom RTMB","base coefficients"
"age_composition","ATS",2012,11,1.92071114265751e-05,0.00229027723992067,NA,NA,44,"composition","custom RTMB","base coefficients"
"age_composition","ATS",2012,12,1.37169521668272e-05,0.00172330857195232,NA,NA,44,"composition","custom RTMB","base coefficients"
"age_composition","ATS",2012,13,1.23945934495722e-05,0.00086647567148001,NA,NA,44,"composition","custom RTMB","base coefficients"
"age_composition","ATS",2012,14,3.89094101022181e-06,0.000349339175371013,NA,NA,44,"composition","custom RTMB","base coefficients"
"age_composition","ATS",2012,15,7.59281599459992e-06,0.000605613754355708,NA,NA,44,"composition","custom RTMB","base coefficients"
"age_composition","ATS",2014,1,0.999789554600511,8957.39165249051,NA,NA,79,"composition","custom RTMB","base coefficients"
"age_composition","ATS",2014,2,0.000123387943433202,0.509120804233097,NA,NA,79,"composition","custom RTMB","base coefficients"
"age_composition","ATS",2014,3,1.38206910929941e-05,0.101679815464808,NA,NA,79,"composition","custom RTMB","base coefficients"
"age_composition","ATS",2014,4,1.65519841247556e-05,0.093437382957313,NA,NA,79,"composition","custom RTMB","base coefficients"
"age_composition","ATS",2014,5,1.59481655199447e-05,0.104281587694747,NA,NA,79,"composition","custom RTMB","base coefficients"
"age_composition","ATS",2014,6,2.52277471159414e-05,0.144409972894735,NA,NA,79,"composition","custom RTMB","base coefficients"
"age_composition","ATS",2014,7,1.05511855631352e-05,0.0270634134686163,NA,NA,79,"composition","custom RTMB","base coefficients"
"age_composition","ATS",2014,8,2.42561380015242e-06,0.0139021134387934,NA,NA,79,"composition","custom RTMB","base coefficients"
"age_composition","ATS",2014,9,1.12351999767051e-06,0.00335938542535907,NA,NA,79,"composition","custom RTMB","base coefficients"
"age_composition","ATS",2014,10,4.49350288938962e-07,0.000734082083397007,NA,NA,79,"composition","custom RTMB","base coefficients"
"age_composition","ATS",2014,11,1.79340078087091e-07,0.000480297479253678,NA,NA,79,"composition","custom RTMB","base coefficients"
"age_composition","ATS",2014,12,1.97730943493867e-07,0.000509385468016982,NA,NA,79,"composition","custom RTMB","base coefficients"
"age_composition","ATS",2014,13,2.00435945368013e-07,0.00040104652948472,NA,NA,79,"composition","custom RTMB","base coefficients"
"age_composition","ATS",2014,14,1.09822516468947e-07,0.000301765615955161,NA,NA,79,"composition","custom RTMB","base coefficients"
"age_composition","ATS",2014,15,2.71869068913386e-07,0.000318947246423088,NA,NA,79,"composition","custom RTMB","base coefficients"
"age_composition","ATS",2016,1,0.994277615129543,1377.46014496015,NA,NA,61,"composition","custom RTMB","base coefficients"
"age_composition","ATS",2016,2,0.000493038400593196,0.182632921301674,NA,NA,61,"composition","custom RTMB","base coefficients"
"age_composition","ATS",2016,3,0.00213585015108672,0.377280057620821,NA,NA,61,"composition","custom RTMB","base coefficients"
"age_composition","ATS",2016,4,0.00212651010006891,0.257211115037691,NA,NA,61,"composition","custom RTMB","base coefficients"
"age_composition","ATS",2016,5,0.000339881316361655,0.0547935723256389,NA,NA,61,"composition","custom RTMB","base coefficients"
"age_composition","ATS",2016,6,0.000165364115750442,0.0423446137073702,NA,NA,61,"composition","custom RTMB","base coefficients"
"age_composition","ATS",2016,7,0.000186312346263812,0.0372871182291891,NA,NA,61,"composition","custom RTMB","base coefficients"
"age_composition","ATS",2016,8,0.000199656951164272,0.0373610574034784,NA,NA,61,"composition","custom RTMB","base coefficients"
"age_composition","ATS",2016,9,4.54465782901975e-05,0.00630027890020445,NA,NA,61,"composition","custom RTMB","base coefficients"
"age_composition","ATS",2016,10,1.46046694325783e-05,0.00337568401799569,NA,NA,61,"composition","custom RTMB","base coefficients"
"age_composition","ATS",2016,11,8.54264828660529e-06,0.000777402487317953,NA,NA,61,"composition","custom RTMB","base coefficients"
"age_composition","ATS",2016,12,2.77595508322979e-06,0.000169368155532911,NA,NA,61,"composition","custom RTMB","base coefficients"
"age_composition","ATS",2016,13,1.68737622084248e-06,0.000111466310742353,NA,NA,61,"composition","custom RTMB","base coefficients"
"age_composition","ATS",2016,14,1.06768170462893e-06,0.000118216982845398,NA,NA,61,"composition","custom RTMB","base coefficients"
"age_composition","ATS",2016,15,1.6465801504603e-06,0.000237127519499558,NA,NA,61,"composition","custom RTMB","base coefficients"
"age_composition","ATS",2018,1,0.997782489099957,2669.2157367937,NA,NA,50,"composition","custom RTMB","base coefficients"
"age_composition","ATS",2018,2,0.000223752145469291,0.106914122958123,NA,NA,50,"composition","custom RTMB","base coefficients"
"age_composition","ATS",2018,3,0.000107691064686554,0.0898726673871296,NA,NA,50,"composition","custom RTMB","base coefficients"
"age_composition","ATS",2018,4,0.000269044198046754,0.203516925014514,NA,NA,50,"composition","custom RTMB","base coefficients"
"age_composition","ATS",2018,5,0.000982110105219679,0.348867937700908,NA,NA,50,"composition","custom RTMB","base coefficients"
"age_composition","ATS",2018,6,0.000408906982968385,0.147526348228992,NA,NA,50,"composition","custom RTMB","base coefficients"
"age_composition","ATS",2018,7,8.59210349429288e-05,0.0347947542826744,NA,NA,50,"composition","custom RTMB","base coefficients"
"age_composition","ATS",2018,8,4.84022917057456e-05,0.0236132263774336,NA,NA,50,"composition","custom RTMB","base coefficients"
"age_composition","ATS",2018,9,4.64765469601391e-05,0.0192366293151414,NA,NA,50,"composition","custom RTMB","base coefficients"
"age_composition","ATS",2018,10,3.2445157824904e-05,0.0195081123325997,NA,NA,50,"composition","custom RTMB","base coefficients"
"age_composition","ATS",2018,11,8.54283943087253e-06,0.00345719433832953,NA,NA,50,"composition","custom RTMB","base coefficients"
"age_composition","ATS",2018,12,2.38494861938687e-06,0.00189747958774478,NA,NA,50,"composition","custom RTMB","base coefficients"
"age_composition","ATS",2018,13,1.23604323983113e-06,0.000436993523786923,NA,NA,50,"composition","custom RTMB","base coefficients"
"age_composition","ATS",2018,14,0,9.52052357832858e-05,NA,NA,50,"composition","custom RTMB","base coefficients"
"age_composition","ATS",2018,15,5.97540927860942e-07,0.000262403716839961,NA,NA,50,"composition","custom RTMB","base coefficients"
"age_composition","ATS",2020,1,0.997150997150997,2941.27522474844,NA,NA,1,"composition","custom RTMB","base coefficients"
"age_composition","ATS",2020,2,0.000252578764975459,0.589804458928339,NA,NA,1,"composition","custom RTMB","base coefficients"
"age_composition","ATS",2020,3,0.000973926593761305,0.11669970132191,NA,NA,1,"composition","custom RTMB","base coefficients"
"age_composition","ATS",2020,4,0.000950381115670372,0.0540946700834196,NA,NA,1,"composition","custom RTMB","base coefficients"
"age_composition","ATS",2020,5,0.000254719262983726,0.0435553534169295,NA,NA,1,"composition","custom RTMB","base coefficients"
"age_composition","ATS",2020,6,0.000104884402405064,0.0757125939355896,NA,NA,1,"composition","custom RTMB","base coefficients"
"age_composition","ATS",2020,7,0.00011986788846293,0.0738626550689884,NA,NA,1,"composition","custom RTMB","base coefficients"
"age_composition","ATS",2020,8,0.000139132370537329,0.0253319181956786,NA,NA,1,"composition","custom RTMB","base coefficients"
"age_composition","ATS",2020,9,2.78264741074659e-05,0.00629631170757102,NA,NA,1,"composition","custom RTMB","base coefficients"
"age_composition","ATS",2020,10,1.28429880495996e-05,0.00458113168841439,NA,NA,1,"composition","custom RTMB","base coefficients"
"age_composition","ATS",2020,11,6.42149402479981e-06,0.00395631645254443,NA,NA,1,"composition","custom RTMB","base coefficients"
"age_composition","ATS",2020,12,2.1404980082666e-06,0.00463450733133054,NA,NA,1,"composition","custom RTMB","base coefficients"
"age_composition","ATS",2020,13,2.1404980082666e-06,0.000826665698686549,NA,NA,1,"composition","custom RTMB","base coefficients"
"age_composition","ATS",2020,14,0,0.000453715104110815,NA,NA,1,"composition","custom RTMB","base coefficients"
"age_composition","ATS",2020,15,2.1404980082666e-06,0.000190001066488228,NA,NA,1,"composition","custom RTMB","base coefficients"
"age_composition","ATS",2022,1,0.992985406557114,1674.26624998959,NA,NA,52,"composition","custom RTMB","base coefficients"
"age_composition","ATS",2022,2,0.000244531083738305,0.0941925412896668,NA,NA,52,"composition","custom RTMB","base coefficients"
"age_composition","ATS",2022,3,0.000717603384624782,0.141951562636412,NA,NA,52,"composition","custom RTMB","base coefficients"
"age_composition","ATS",2022,4,0.00484011912236492,0.55436596829842,NA,NA,52,"composition","custom RTMB","base coefficients"
"age_composition","ATS",2022,5,0.000602959297903236,0.0967093898837942,NA,NA,52,"composition","custom RTMB","base coefficients"
"age_composition","ATS",2022,6,0.000155287130908054,0.032185223749548,NA,NA,52,"composition","custom RTMB","base coefficients"
"age_composition","ATS",2022,7,9.78475124601951e-05,0.0196740342012697,NA,NA,52,"composition","custom RTMB","base coefficients"
"age_composition","ATS",2022,8,0.000175954526687237,0.0237021581124061,NA,NA,52,"composition","custom RTMB","base coefficients"
"age_composition","ATS",2022,9,0.000122333009647011,0.0212214843373005,NA,NA,52,"composition","custom RTMB","base coefficients"
"age_composition","ATS",2022,10,2.49147306438526e-05,0.00845912531962512,NA,NA,52,"composition","custom RTMB","base coefficients"
"age_composition","ATS",2022,11,1.2307759191924e-05,0.00212098220004002,NA,NA,52,"composition","custom RTMB","base coefficients"
"age_composition","ATS",2022,12,1.31698004880712e-05,0.00164669256237281,NA,NA,52,"composition","custom RTMB","base coefficients"
"age_composition","ATS",2022,13,4.83941477868458e-06,0.0014827871127932,NA,NA,52,"composition","custom RTMB","base coefficients"
"age_composition","ATS",2022,14,1.5739656173183e-06,0.00173696614703886,NA,NA,52,"composition","custom RTMB","base coefficients"
"age_composition","ATS",2022,15,1.15270383311361e-06,0.00055108414931249,NA,NA,52,"composition","custom RTMB","base coefficients"
"age_composition","ATS",2024,1,0.999802987389916,2820.32204034702,NA,NA,79,"composition","custom RTMB","base coefficients"
"age_composition","ATS",2024,2,3.59412605197843e-05,0.199229901503646,NA,NA,79,"composition","custom RTMB","base coefficients"
"age_composition","ATS",2024,3,2.13378882427691e-05,0.112302692401606,NA,NA,79,"composition","custom RTMB","base coefficients"
"age_composition","ATS",2024,4,1.18934253396709e-05,0.102731492592461,NA,NA,79,"composition","custom RTMB","base coefficients"
"age_composition","ATS",2024,5,2.57127974896174e-05,0.13271117257409,NA,NA,79,"composition","custom RTMB","base coefficients"
"age_composition","ATS",2024,6,7.79111108472814e-05,0.339895165731218,NA,NA,79,"composition","custom RTMB","base coefficients"
"age_composition","ATS",2024,7,1.41071587954649e-05,0.0569151427914058,NA,NA,79,"composition","custom RTMB","base coefficients"
"age_composition","ATS",2024,8,3.44259541691221e-06,0.0172471171793224,NA,NA,79,"composition","custom RTMB","base coefficients"
"age_composition","ATS",2024,9,2.69826288720072e-06,0.00945042486085287,NA,NA,79,"composition","custom RTMB","base coefficients"
"age_composition","ATS",2024,10,2.18576938594781e-06,0.0110151242188428,NA,NA,79,"composition","custom RTMB","base coefficients"
"age_composition","ATS",2024,11,1.18390205543344e-06,0.0104128494964121,NA,NA,79,"composition","custom RTMB","base coefficients"
"age_composition","ATS",2024,12,4.35463010765347e-07,0.00427729993361845,NA,NA,79,"composition","custom RTMB","base coefficients"
"age_composition","ATS",2024,13,1.06490248231333e-07,0.00107240938598267,NA,NA,79,"composition","custom RTMB","base coefficients"
"age_composition","ATS",2024,14,3.43462009277267e-08,0.000832599424777417,NA,NA,79,"composition","custom RTMB","base coefficients"
"age_composition","ATS",2024,15,2.21396432862481e-08,0.00190660790576409,NA,NA,79,"composition","custom RTMB","base coefficients"
"catch","Pollock_total",1964,NA,174.792,175.137300496261,0.05,"log",NA,"lognormal","Rceattle","nonparametric_pm"
"catch","Pollock_total",1965,NA,230.551,230.861351695183,0.05,"log",NA,"lognormal","Rceattle","nonparametric_pm"
"catch","Pollock_total",1966,NA,261.678,262.018049464988,0.05,"log",NA,"lognormal","Rceattle","nonparametric_pm"
"catch","Pollock_total",1967,NA,550.362,551.137172334413,0.05,"log",NA,"lognormal","Rceattle","nonparametric_pm"
"catch","Pollock_total",1968,NA,702.181,703.482737103427,0.05,"log",NA,"lognormal","Rceattle","nonparametric_pm"
"catch","Pollock_total",1969,NA,862.789,865.073698302847,0.05,"log",NA,"lognormal","Rceattle","nonparametric_pm"
"catch","Pollock_total",1970,NA,1256.565,1258.97189366818,0.05,"log",NA,"lognormal","Rceattle","nonparametric_pm"
"catch","Pollock_total",1971,NA,1743.763,1742.4093477299,0.05,"log",NA,"lognormal","Rceattle","nonparametric_pm"
"catch","Pollock_total",1972,NA,1874.534,1872.56956829462,0.05,"log",NA,"lognormal","Rceattle","nonparametric_pm"
"catch","Pollock_total",1973,NA,1758.919,1759.39673808031,0.05,"log",NA,"lognormal","Rceattle","nonparametric_pm"
"catch","Pollock_total",1974,NA,1588.39,1592.49104718654,0.05,"log",NA,"lognormal","Rceattle","nonparametric_pm"
"catch","Pollock_total",1975,NA,1356.736,1360.96408586809,0.05,"log",NA,"lognormal","Rceattle","nonparametric_pm"
"catch","Pollock_total",1976,NA,1177.822,1182.73263975463,0.05,"log",NA,"lognormal","Rceattle","nonparametric_pm"
"catch","Pollock_total",1977,NA,978.37,980.39764842926,0.05,"log",NA,"lognormal","Rceattle","nonparametric_pm"
"catch","Pollock_total",1978,NA,979.431,980.469672299327,0.05,"log",NA,"lognormal","Rceattle","nonparametric_pm"
"catch","Pollock_total",1979,NA,935.714,936.279169032271,0.05,"log",NA,"lognormal","Rceattle","nonparametric_pm"
"catch","Pollock_total",1980,NA,958.28,959.481017741578,0.05,"log",NA,"lognormal","Rceattle","nonparametric_pm"
"catch","Pollock_total",1981,NA,973.502,974.805224724379,0.05,"log",NA,"lognormal","Rceattle","nonparametric_pm"
"catch","Pollock_total",1982,NA,955.964,954.267766124842,0.05,"log",NA,"lognormal","Rceattle","nonparametric_pm"
"catch","Pollock_total",1983,NA,981.45,979.448339552077,0.05,"log",NA,"lognormal","Rceattle","nonparametric_pm"
"catch","Pollock_total",1984,NA,1092.055,1091.10046459557,0.05,"log",NA,"lognormal","Rceattle","nonparametric_pm"
"catch","Pollock_total",1985,NA,1139.676,1136.1275400775,0.05,"log",NA,"lognormal","Rceattle","nonparametric_pm"
"catch","Pollock_total",1986,NA,1141.993,1135.25801012688,0.05,"log",NA,"lognormal","Rceattle","nonparametric_pm"
"catch","Pollock_total",1987,NA,859.416,853.941993142972,0.05,"log",NA,"lognormal","Rceattle","nonparametric_pm"
"catch","Pollock_total",1988,NA,1228.721,1217.83147678166,0.05,"log",NA,"lognormal","Rceattle","nonparametric_pm"
"catch","Pollock_total",1989,NA,1229.6,1217.349166053,0.05,"log",NA,"lognormal","Rceattle","nonparametric_pm"
"catch","Pollock_total",1990,NA,1455.193,1438.44267132873,0.05,"log",NA,"lognormal","Rceattle","nonparametric_pm"
"catch","Pollock_total",1991,NA,1195.66393,1184.95350738458,0.05,"log",NA,"lognormal","Rceattle","nonparametric_pm"
"catch","Pollock_total",1992,NA,1390.30916,1390.36883301877,0.05,"log",NA,"lognormal","Rceattle","nonparametric_pm"
"catch","Pollock_total",1993,NA,1326.60896,1333.87970329387,0.05,"log",NA,"lognormal","Rceattle","nonparametric_pm"
"catch","Pollock_total",1994,NA,1329.37306,1335.8839132638,0.05,"log",NA,"lognormal","Rceattle","nonparametric_pm"
"catch","Pollock_total",1995,NA,1264.24689,1275.45436223799,0.05,"log",NA,"lognormal","Rceattle","nonparametric_pm"
"catch","Pollock_total",1996,NA,1192.78109,1208.59816537334,0.05,"log",NA,"lognormal","Rceattle","nonparametric_pm"
"catch","Pollock_total",1997,NA,1124.43305,1127.47174824825,0.05,"log",NA,"lognormal","Rceattle","nonparametric_pm"
"catch","Pollock_total",1998,NA,1102.15914,1089.78792923634,0.05,"log",NA,"lognormal","Rceattle","nonparametric_pm"
"catch","Pollock_total",1999,NA,989.68031,975.529727008052,0.05,"log",NA,"lognormal","Rceattle","nonparametric_pm"
"catch","Pollock_total",2000,NA,1132.70985,1120.67436862595,0.05,"log",NA,"lognormal","Rceattle","nonparametric_pm"
"catch","Pollock_total",2001,NA,1387.19702,1386.76242001371,0.05,"log",NA,"lognormal","Rceattle","nonparametric_pm"
"catch","Pollock_total",2002,NA,1480.77611,1487.79741603063,0.05,"log",NA,"lognormal","Rceattle","nonparametric_pm"
"catch","Pollock_total",2003,NA,1490.779227,1497.69981569447,0.05,"log",NA,"lognormal","Rceattle","nonparametric_pm"
"catch","Pollock_total",2004,NA,1480.551669,1488.7492043833,0.05,"log",NA,"lognormal","Rceattle","nonparametric_pm"
"catch","Pollock_total",2005,NA,1483.021809,1498.25698596223,0.05,"log",NA,"lognormal","Rceattle","nonparametric_pm"
"catch","Pollock_total",2006,NA,1488.031045,1478.37799352394,0.05,"log",NA,"lognormal","Rceattle","nonparametric_pm"
"catch","Pollock_total",2007,NA,1354.501789,1319.13172316835,0.05,"log",NA,"lognormal","Rceattle","nonparametric_pm"
"catch","Pollock_total",2008,NA,990.578068,965.956574228593,0.05,"log",NA,"lognormal","Rceattle","nonparametric_pm"
"catch","Pollock_total",2009,NA,810.784346,786.999552302049,0.05,"log",NA,"lognormal","Rceattle","nonparametric_pm"
"catch","Pollock_total",2010,NA,810.1859078,786.876313071903,0.05,"log",NA,"lognormal","Rceattle","nonparametric_pm"
"catch","Pollock_total",2011,NA,1199.040625,1174.89991803463,0.05,"log",NA,"lognormal","Rceattle","nonparametric_pm"
"catch","Pollock_total",2012,NA,1205.221865,1184.73673278192,0.05,"log",NA,"lognormal","Rceattle","nonparametric_pm"
"catch","Pollock_total",2013,NA,1270.770468,1237.86067025433,0.05,"log",NA,"lognormal","Rceattle","nonparametric_pm"
"catch","Pollock_total",2014,NA,1297.422339,1284.72355439526,0.05,"log",NA,"lognormal","Rceattle","nonparametric_pm"
"catch","Pollock_total",2015,NA,1321.583785,1362.96764294552,0.05,"log",NA,"lognormal","Rceattle","nonparametric_pm"
"catch","Pollock_total",2016,NA,1352.680796,1423.76037646256,0.05,"log",NA,"lognormal","Rceattle","nonparametric_pm"
"catch","Pollock_total",2017,NA,1359.182092,1432.50233946746,0.05,"log",NA,"lognormal","Rceattle","nonparametric_pm"
"catch","Pollock_total",2018,NA,1379.287269,1417.57606902352,0.05,"log",NA,"lognormal","Rceattle","nonparametric_pm"
"catch","Pollock_total",2019,NA,1409.337138,1460.05216587577,0.05,"log",NA,"lognormal","Rceattle","nonparametric_pm"
"catch","Pollock_total",2020,NA,1367.22904,1379.52026094681,0.05,"log",NA,"lognormal","Rceattle","nonparametric_pm"
"catch","Pollock_total",2021,NA,1376.257582,1376.28841209464,0.05,"log",NA,"lognormal","Rceattle","nonparametric_pm"
"catch","Pollock_total",2022,NA,1105.418688,1101.84772116965,0.05,"log",NA,"lognormal","Rceattle","nonparametric_pm"
"catch","Pollock_total",2023,NA,1310.7156,1310.09542364146,0.05,"log",NA,"lognormal","Rceattle","nonparametric_pm"
"catch","Pollock_total",2024,NA,1300,1296.25551364896,0.05,"log",NA,"lognormal","Rceattle","nonparametric_pm"
"index","AVO",2006,NA,1.741476103,1.67380426507784,0.407974331,"log",NA,"lognormal","Rceattle","nonparametric_pm"
"index","AVO",2007,NA,2.00191307,1.41556988408801,0.79543824,"log",NA,"lognormal","Rceattle","nonparametric_pm"
"index","AVO",2008,NA,0.991543151,1.20342212911732,0.292865177,"log",NA,"lognormal","Rceattle","nonparametric_pm"
"index","AVO",2009,NA,0.6951,1.27664515087591,0.390095688,"log",NA,"lognormal","Rceattle","nonparametric_pm"
"index","AVO",2010,NA,1.9218,1.73597328247816,0.579193251,"log",NA,"lognormal","Rceattle","nonparametric_pm"
"index","AVO",2011,NA,1.703822566,1.81952215125794,0.447677778,"log",NA,"lognormal","Rceattle","nonparametric_pm"
"index","AVO",2012,NA,1.5206,1.86520366938076,0.371938445,"log",NA,"lognormal","Rceattle","nonparametric_pm"
"index","AVO",2013,NA,2.177629578,2.11207044111897,0.390115995,"log",NA,"lognormal","Rceattle","nonparametric_pm"
"index","AVO",2014,NA,3.0769,2.46620823979885,0.58024587,"log",NA,"lognormal","Rceattle","nonparametric_pm"
"index","AVO",2015,NA,3.5927,2.42899613899326,0.406257388,"log",NA,"lognormal","Rceattle","nonparametric_pm"
"index","AVO",2016,NA,2.8319,2.93673772656748,0.379092753,"log",NA,"lognormal","Rceattle","nonparametric_pm"
"index","AVO",2017,NA,2.263,2.48610503883207,0.317389245,"log",NA,"lognormal","Rceattle","nonparametric_pm"
"index","AVO",2018,NA,2.0841,2.28949485835823,0.254960502,"log",NA,"lognormal","Rceattle","nonparametric_pm"
"index","AVO",2019,NA,2.8292,2.03073666905052,0.63539506,"log",NA,"lognormal","Rceattle","nonparametric_pm"
"index","AVO",2021,NA,2.4101,2.22142242290608,0.529928784,"log",NA,"lognormal","Rceattle","nonparametric_pm"
"index","AVO",2022,NA,2.9031,2.56149672063696,0.454780316,"log",NA,"lognormal","Rceattle","nonparametric_pm"
"index","AVO",2023,NA,2.481,2.50608190717159,0.335349192,"log",NA,"lognormal","Rceattle","nonparametric_pm"
"index","AVO",2024,NA,2.00700959,2.18582472412361,0.250814465,"log",NA,"lognormal","Rceattle","nonparametric_pm"
"index","BTS",1982,NA,3871.045939,4796.52943976967,0.0726252533630808,"log",NA,"lognormal","Rceattle","nonparametric_pm"
"index","BTS",1983,NA,8918.551102,8196.92146345922,0.0643680006914199,"log",NA,"lognormal","Rceattle","nonparametric_pm"
"index","BTS",1984,NA,6575.015167,7645.18126436521,0.0667084962634581,"log",NA,"lognormal","Rceattle","nonparametric_pm"
"index","BTS",1985,NA,7504.611645,8414.75109941349,0.0742547435710779,"log",NA,"lognormal","Rceattle","nonparametric_pm"
"index","BTS",1986,NA,7235.877523,8352.44785196772,0.0727383354855051,"log",NA,"lognormal","Rceattle","nonparametric_pm"
"index","BTS",1987,NA,7576.038971,9065.49147539635,0.078480283770441,"log",NA,"lognormal","Rceattle","nonparametric_pm"
"index","BTS",1988,NA,11799.52504,10886.7678403329,0.0818491866770936,"log",NA,"lognormal","Rceattle","nonparametric_pm"
"index","BTS",1989,NA,9942.601905,10865.528152389,0.0700643236505002,"log",NA,"lognormal","Rceattle","nonparametric_pm"
"index","BTS",1990,NA,11581.25353,10365.4015335825,0.0854905121915589,"log",NA,"lognormal","Rceattle","nonparametric_pm"
"index","BTS",1991,NA,7129.587182,8286.5164180485,0.0682254393814074,"log",NA,"lognormal","Rceattle","nonparametric_pm"
"index","BTS",1992,NA,6643.437096,6522.31515527783,0.069021810799727,"log",NA,"lognormal","Rceattle","nonparametric_pm"
"index","BTS",1993,NA,7849.269927,7136.90163213878,0.0636050691775375,"log",NA,"lognormal","Rceattle","nonparametric_pm"
"index","BTS",1994,NA,7094.434902,7261.50137025238,0.0654426234384242,"log",NA,"lognormal","Rceattle","nonparametric_pm"
"index","BTS",1995,NA,6597.187752,6094.71327589207,0.0828808305681824,"log",NA,"lognormal","Rceattle","nonparametric_pm"
"index","BTS",1996,NA,3954.25528,4469.45384416639,0.06123113690323,"log",NA,"lognormal","Rceattle","nonparametric_pm"
"index","BTS",1997,NA,4371.517782,4460.52396457749,0.062961542929851,"log",NA,"lognormal","Rceattle","nonparametric_pm"
"index","BTS",1998,NA,3417.606809,4248.10883533956,0.0611805659882743,"log",NA,"lognormal","Rceattle","nonparametric_pm"
"index","BTS",1999,NA,5613.644193,5228.94108311654,0.071592999089816,"log",NA,"lognormal","Rceattle","nonparametric_pm"
"index","BTS",2000,NA,7246.347745,6568.22983661009,0.0706008701767044,"log",NA,"lognormal","Rceattle","nonparametric_pm"
"index","BTS",2001,NA,6066.56982,6283.49716080243,0.0657686521936378,"log",NA,"lognormal","Rceattle","nonparametric_pm"
"index","BTS",2002,NA,6740.603163,6723.2110821979,0.0582486970535815,"log",NA,"lognormal","Rceattle","nonparametric_pm"
"index","BTS",2003,NA,11239.16293,6862.26548886827,0.0684217366710957,"log",NA,"lognormal","Rceattle","nonparametric_pm"
"index","BTS",2004,NA,5499.954999,6121.81772135541,0.0631909938287115,"log",NA,"lognormal","Rceattle","nonparametric_pm"
"index","BTS",2005,NA,6972.381231,6627.89950532376,0.0665777093105711,"log",NA,"lognormal","Rceattle","nonparametric_pm"
"index","BTS",2006,NA,4190.345627,5205.27166956728,0.0648156016415397,"log",NA,"lognormal","Rceattle","nonparametric_pm"
"index","BTS",2007,NA,6777.45227,6832.72136220109,0.0800185768626593,"log",NA,"lognormal","Rceattle","nonparametric_pm"
"index","BTS",2008,NA,4293.26099,5085.11742489912,0.0780489993225406,"log",NA,"lognormal","Rceattle","nonparametric_pm"
"index","BTS",2009,NA,2820.215503,3985.74853129125,0.0807796857217688,"log",NA,"lognormal","Rceattle","nonparametric_pm"
"index","BTS",2010,NA,5271.619717,5630.02186223274,0.0781800622626361,"log",NA,"lognormal","Rceattle","nonparametric_pm"
"index","BTS",2011,NA,4505.989345,4551.60672482085,0.071126688294466,"log",NA,"lognormal","Rceattle","nonparametric_pm"
"index","BTS",2012,NA,5144.393306,5067.96225526431,0.0645661033561729,"log",NA,"lognormal","Rceattle","nonparametric_pm"
"index","BTS",2013,NA,6712.589766,7136.64038728184,0.06473511855305,"log",NA,"lognormal","Rceattle","nonparametric_pm"
"index","BTS",2014,NA,11616.5106,9611.99406929504,0.0561108750591593,"log",NA,"lognormal","Rceattle","nonparametric_pm"
"index","BTS",2015,NA,11215.70685,9406.43621563082,0.059780093155698,"log",NA,"lognormal","Rceattle","nonparametric_pm"
"index","BTS",2016,NA,8274.5087,8595.78605618877,0.069583763915796,"log",NA,"lognormal","Rceattle","nonparametric_pm"
"index","BTS",2017,NA,8855.042158,8196.50214430859,0.051004074135544,"log",NA,"lognormal","Rceattle","nonparametric_pm"
"index","BTS",2018,NA,4266.875366,5909.17047663065,0.0678933668670931,"log",NA,"lognormal","Rceattle","nonparametric_pm"
"index","BTS",2019,NA,9257.419352,8762.19921294562,0.050171695041519,"log",NA,"lognormal","Rceattle","nonparametric_pm"
"index","BTS",2021,NA,4889.162547,4966.15897555195,0.0537063287783547,"log",NA,"lognormal","Rceattle","nonparametric_pm"
"index","BTS",2022,NA,6531.432089,6296.64415041653,0.0587610060657863,"log",NA,"lognormal","Rceattle","nonparametric_pm"
"index","BTS",2023,NA,4945.387531,5368.96859751675,0.0571179459505132,"log",NA,"lognormal","Rceattle","nonparametric_pm"
"index","BTS",2024,NA,9407.463571,8321.99031031344,0.076920680514852,"log",NA,"lognormal","Rceattle","nonparametric_pm"
"index","ATS",1994,NA,3628.9293,3520.70623358569,0.187349487078983,"log",NA,"lognormal","Rceattle","nonparametric_pm"
"index","ATS",1996,NA,2944.77187,3519.83229354972,0.147885161127084,"log",NA,"lognormal","Rceattle","nonparametric_pm"
"index","ATS",1997,NA,3590.84054,3768.09778400073,0.1347168767363,"log",NA,"lognormal","Rceattle","nonparametric_pm"
"index","ATS",1999,NA,4141.37057,3412.54964524275,0.202295254329345,"log",NA,"lognormal","Rceattle","nonparametric_pm"
"index","ATS",2000,NA,3625.86364,3520.8831637315,0.128143144163053,"log",NA,"lognormal","Rceattle","nonparametric_pm"
"index","ATS",2002,NA,4305.86229,3653.154902953,0.123929596862771,"log",NA,"lognormal","Rceattle","nonparametric_pm"
"index","ATS",2004,NA,4009.93704,3674.91303557732,0.143680669787773,"log",NA,"lognormal","Rceattle","nonparametric_pm"
"index","ATS",2006,NA,1872.86327,2386.32910946504,0.155624534826529,"log",NA,"lognormal","Rceattle","nonparametric_pm"
"index","ATS",2007,NA,2277.944,1993.46092708121,0.174125230502235,"log",NA,"lognormal","Rceattle","nonparametric_pm"
"index","ATS",2008,NA,1405.59025,1710.34317304366,0.256123160961936,"log",NA,"lognormal","Rceattle","nonparametric_pm"
"index","ATS",2009,NA,1324.78137,1897.26395089113,0.313131820526248,"log",NA,"lognormal","Rceattle","nonparametric_pm"
"index","ATS",2010,NA,2642.6749,2618.19744855677,0.246541377220169,"log",NA,"lognormal","Rceattle","nonparametric_pm"
"index","ATS",2012,NA,2295.95185,2796.03878096362,0.158189769895272,"log",NA,"lognormal","Rceattle","nonparametric_pm"
"index","ATS",2014,NA,4729.82772,3671.58035733974,0.160063857987649,"log",NA,"lognormal","Rceattle","nonparametric_pm"
"index","ATS",2016,NA,4828.79348,4455.51827730574,0.0872388332336841,"log",NA,"lognormal","Rceattle","nonparametric_pm"
"index","ATS",2018,NA,2499.40106,3424.87736194779,0.182817662859821,"log",NA,"lognormal","Rceattle","nonparametric_pm"
"index","ATS",2020,NA,3617,3289.72524226545,0.428886642193354,"log",NA,"lognormal","Rceattle","nonparametric_pm"
"index","ATS",2022,NA,3834.04251,4182.28474675879,0.312528441314622,"log",NA,"lognormal","Rceattle","nonparametric_pm"
"index","ATS",2024,NA,2870.636995,3319.86926135172,0.258471147557558,"log",NA,"lognormal","Rceattle","nonparametric_pm"
"index","BTS_1",1982,NA,10950974.45,13053536.3464845,1,"log",NA,"lognormal","Rceattle","nonparametric_pm"
"index","BTS_1",1983,NA,45353039.8,35861905.0361096,1,"log",NA,"lognormal","Rceattle","nonparametric_pm"
"index","BTS_1",1984,NA,4810111.378,9817224.47049613,1,"log",NA,"lognormal","Rceattle","nonparametric_pm"
"index","BTS_1",1985,NA,49329672.64,22506564.9148381,1,"log",NA,"lognormal","Rceattle","nonparametric_pm"
"index","BTS_1",1986,NA,29490315.26,8724002.78643966,1,"log",NA,"lognormal","Rceattle","nonparametric_pm"
"index","BTS_1",1987,NA,4901555.37,4976023.52218961,1,"log",NA,"lognormal","Rceattle","nonparametric_pm"
"index","BTS_1",1988,NA,15721198.77,3858031.32118926,1,"log",NA,"lognormal","Rceattle","nonparametric_pm"
"index","BTS_1",1989,NA,9045388.605,8118708.90368202,1,"log",NA,"lognormal","Rceattle","nonparametric_pm"
"index","BTS_1",1990,NA,22226901.34,34652598.8189601,1,"log",NA,"lognormal","Rceattle","nonparametric_pm"
"index","BTS_1",1991,NA,32298906.47,18750084.2144856,1,"log",NA,"lognormal","Rceattle","nonparametric_pm"
"index","BTS_1",1992,NA,15591259.43,16200451.5622184,1,"log",NA,"lognormal","Rceattle","nonparametric_pm"
"index","BTS_1",1993,NA,26831974.61,31653810.3145809,1,"log",NA,"lognormal","Rceattle","nonparametric_pm"
"index","BTS_1",1994,NA,16300489.78,10901442.2181822,1,"log",NA,"lognormal","Rceattle","nonparametric_pm"
"index","BTS_1",1995,NA,16172066.37,7656365.01496992,1,"log",NA,"lognormal","Rceattle","nonparametric_pm"
"index","BTS_1",1996,NA,19509804.11,15595511.7475796,1,"log",NA,"lognormal","Rceattle","nonparametric_pm"
"index","BTS_1",1997,NA,23321877.34,20860323.4161309,1,"log",NA,"lognormal","Rceattle","nonparametric_pm"
"index","BTS_1",1998,NA,8710506.469,10281199.6326388,1,"log",NA,"lognormal","Rceattle","nonparametric_pm"
"index","BTS_1",1999,NA,9913042.828,11147017.6163079,1,"log",NA,"lognormal","Rceattle","nonparametric_pm"
"index","BTS_1",2000,NA,10448664.91,17024638.7281753,1,"log",NA,"lognormal","Rceattle","nonparametric_pm"
"index","BTS_1",2001,NA,19866054.3,23812870.8666266,1,"log",NA,"lognormal","Rceattle","nonparametric_pm"
"index","BTS_1",2002,NA,13635855.02,15894180.8153325,1,"log",NA,"lognormal","Rceattle","nonparametric_pm"
"index","BTS_1",2003,NA,5737576.96,9948213.64756757,1,"log",NA,"lognormal","Rceattle","nonparametric_pm"
"index","BTS_1",2004,NA,3971309.628,4530809.33654952,1,"log",NA,"lognormal","Rceattle","nonparametric_pm"
"index","BTS_1",2005,NA,4008208.162,3215912.08741507,1,"log",NA,"lognormal","Rceattle","nonparametric_pm"
"index","BTS_1",2006,NA,8156013.515,8011775.82821742,1,"log",NA,"lognormal","Rceattle","nonparametric_pm"
"index","BTS_1",2007,NA,27341965.7,17307899.521177,1,"log",NA,"lognormal","Rceattle","nonparametric_pm"
"index","BTS_1",2008,NA,5026908.871,9387571.07409514,1,"log",NA,"lognormal","Rceattle","nonparametric_pm"
"index","BTS_1",2009,NA,8423248.112,34282877.2362481,1,"log",NA,"lognormal","Rceattle","nonparametric_pm"
"index","BTS_1",2010,NA,4800589.205,16006453.2202953,1,"log",NA,"lognormal","Rceattle","nonparametric_pm"
"index","BTS_1",2011,NA,12920051.51,9832817.54998488,1,"log",NA,"lognormal","Rceattle","nonparametric_pm"
"index","BTS_1",2012,NA,12972591.79,8488047.9015127,1,"log",NA,"lognormal","Rceattle","nonparametric_pm"
"index","BTS_1",2013,NA,12516351.14,30053018.3822707,1,"log",NA,"lognormal","Rceattle","nonparametric_pm"
"index","BTS_1",2014,NA,25378686.14,34286991.7696526,1,"log",NA,"lognormal","Rceattle","nonparametric_pm"
"index","BTS_1",2015,NA,14570602.84,14702363.1032332,1,"log",NA,"lognormal","Rceattle","nonparametric_pm"
"index","BTS_1",2016,NA,7941441.528,5574849.63466826,1,"log",NA,"lognormal","Rceattle","nonparametric_pm"
"index","BTS_1",2017,NA,7835995.184,5655495.22547892,1,"log",NA,"lognormal","Rceattle","nonparametric_pm"
"index","BTS_1",2018,NA,11286192.27,11755001.202483,1,"log",NA,"lognormal","Rceattle","nonparametric_pm"
"index","BTS_1",2019,NA,26795702.01,57495487.0862604,1,"log",NA,"lognormal","Rceattle","nonparametric_pm"
"index","BTS_1",2021,NA,10321941.11,7685772.94380735,1,"log",NA,"lognormal","Rceattle","nonparametric_pm"
"index","BTS_1",2022,NA,8119155.479,7525819.72967638,1,"log",NA,"lognormal","Rceattle","nonparametric_pm"
"index","BTS_1",2023,NA,11137835.36,11161222.2896664,1,"log",NA,"lognormal","Rceattle","nonparametric_pm"
"index","BTS_1",2024,NA,16262095.59,11561541.8797944,1,"log",NA,"lognormal","Rceattle","nonparametric_pm"
"index","ATS_1",1994,NA,1140.08514,638.387239871147,1,"log",NA,"lognormal","Rceattle","nonparametric_pm"
"index","ATS_1",1996,NA,1800.254055,913.271427730001,1,"log",NA,"lognormal","Rceattle","nonparametric_pm"
"index","ATS_1",1997,NA,13226.7894,1221.57821157207,1,"log",NA,"lognormal","Rceattle","nonparametric_pm"
"index","ATS_1",1999,NA,607.203652,652.768107783122,1,"log",NA,"lognormal","Rceattle","nonparametric_pm"
"index","ATS_1",2000,NA,460.3664031,996.960944246104,1,"log",NA,"lognormal","Rceattle","nonparametric_pm"
"index","ATS_1",2002,NA,796.3968503,930.761455010948,1,"log",NA,"lognormal","Rceattle","nonparametric_pm"
"index","ATS_1",2004,NA,83.05449742,265.323689182895,1,"log",NA,"lognormal","Rceattle","nonparametric_pm"
"index","ATS_1",2006,NA,524.7109597,469.168698515098,1,"log",NA,"lognormal","Rceattle","nonparametric_pm"
"index","ATS_1",2007,NA,5775.294145,1013.54866467694,1,"log",NA,"lognormal","Rceattle","nonparametric_pm"
"index","ATS_1",2008,NA,70.86987403,549.735114597078,1,"log",NA,"lognormal","Rceattle","nonparametric_pm"
"index","ATS_1",2009,NA,5196.786272,2007.60146553703,1,"log",NA,"lognormal","Rceattle","nonparametric_pm"
"index","ATS_1",2010,NA,2567.932041,937.336114517778,1,"log",NA,"lognormal","Rceattle","nonparametric_pm"
"index","ATS_1",2012,NA,177.3461428,497.059137982967,1,"log",NA,"lognormal","Rceattle","nonparametric_pm"
"index","ATS_1",2014,NA,4750.826376,2007.84241215408,1,"log",NA,"lognormal","Rceattle","nonparametric_pm"
"index","ATS_1",2016,NA,173.7523144,326.462572542625,1,"log",NA,"lognormal","Rceattle","nonparametric_pm"
"index","ATS_1",2018,NA,449.9560697,688.371558748348,1,"log",NA,"lognormal","Rceattle","nonparametric_pm"
"index","ATS_1",2020,NA,350,843.578802281265,1,"log",NA,"lognormal","Rceattle","nonparametric_pm"
"index","ATS_1",2022,NA,141.5599371,440.711163609419,1,"log",NA,"lognormal","Rceattle","nonparametric_pm"
"index","ATS_1",-2024,NA,5074.817226,677.042602398652,1,"log",NA,"lognormal","Rceattle","nonparametric_pm"
"index","CPUE",1965,NA,2816.437428,3300.54355824841,563.2874856,"log",NA,"lognormal","Rceattle","nonparametric_pm"
"index","CPUE",1966,NA,3473.580475,3565.84978613156,694.716095,"log",NA,"lognormal","Rceattle","nonparametric_pm"
"index","CPUE",1967,NA,3802.169891,4070.05157597019,760.4339781,"log",NA,"lognormal","Rceattle","nonparametric_pm"
"index","CPUE",1968,NA,5257.304601,4930.05144740548,1051.46092,"log",NA,"lognormal","Rceattle","nonparametric_pm"
"index","CPUE",1969,NA,6712.468418,5686.86268932346,1342.493684,"log",NA,"lognormal","Rceattle","nonparametric_pm"
"index","CPUE",1970,NA,5679.809828,5858.24557565554,1135.961966,"log",NA,"lognormal","Rceattle","nonparametric_pm"
"index","CPUE",1971,NA,5257.331283,5901.8871854081,1051.466257,"log",NA,"lognormal","Rceattle","nonparametric_pm"
"index","CPUE",1972,NA,5726.743484,5712.09678420594,1145.348697,"log",NA,"lognormal","Rceattle","nonparametric_pm"
"index","CPUE",1973,NA,4787.923949,4805.37815726739,957.5847898,"log",NA,"lognormal","Rceattle","nonparametric_pm"
"index","CPUE",1974,NA,4740.992588,4056.73850933809,948.1985176,"log",NA,"lognormal","Rceattle","nonparametric_pm"
"index","CPUE",1975,NA,4271.57446,4052.0252775158,854.3148919,"log",NA,"lognormal","Rceattle","nonparametric_pm"
"index","CPUE",1976,NA,4318.523058,3744.8715723033,863.7046116,"log",NA,"lognormal","Rceattle","nonparametric_pm"
"catch","fishery 1",1964,NA,174.792,175.378893859333,NA,NA,NA,"lognormal","SPoRC","family_sporc"
"catch","fishery 1",1965,NA,230.551,231.385708074296,NA,NA,NA,"lognormal","SPoRC","family_sporc"
"catch","fishery 1",1966,NA,261.678,262.936050331018,NA,NA,NA,"lognormal","SPoRC","family_sporc"
"catch","fishery 1",1967,NA,550.362,551.571349795131,NA,NA,NA,"lognormal","SPoRC","family_sporc"
"catch","fishery 1",1968,NA,702.181,704.068909112155,NA,NA,NA,"lognormal","SPoRC","family_sporc"
"catch","fishery 1",1969,NA,862.789,865.347671594247,NA,NA,NA,"lognormal","SPoRC","family_sporc"
"catch","fishery 1",1970,NA,1256.565,1255.59028690313,NA,NA,NA,"lognormal","SPoRC","family_sporc"
"catch","fishery 1",1971,NA,1743.763,1732.402478741,NA,NA,NA,"lognormal","SPoRC","family_sporc"
"catch","fishery 1",1972,NA,1874.534,1861.59165694185,NA,NA,NA,"lognormal","SPoRC","family_sporc"
"catch","fishery 1",1973,NA,1758.919,1750.09383206568,NA,NA,NA,"lognormal","SPoRC","family_sporc"
"catch","fishery 1",1974,NA,1588.39,1586.07694185194,NA,NA,NA,"lognormal","SPoRC","family_sporc"
"catch","fishery 1",1975,NA,1356.736,1355.34637278393,NA,NA,NA,"lognormal","SPoRC","family_sporc"
"catch","fishery 1",1976,NA,1177.822,1178.09726810234,NA,NA,NA,"lognormal","SPoRC","family_sporc"
"catch","fishery 1",1977,NA,978.37,978.428271033121,NA,NA,NA,"lognormal","SPoRC","family_sporc"
"catch","fishery 1",1978,NA,979.431,979.010565957202,NA,NA,NA,"lognormal","SPoRC","family_sporc"
"catch","fishery 1",1979,NA,935.714,935.845656563754,NA,NA,NA,"lognormal","SPoRC","family_sporc"
"catch","fishery 1",1980,NA,958.28,959.868718417175,NA,NA,NA,"lognormal","SPoRC","family_sporc"
"catch","fishery 1",1981,NA,973.502,975.780762704409,NA,NA,NA,"lognormal","SPoRC","family_sporc"
"catch","fishery 1",1982,NA,955.964,953.300096903022,NA,NA,NA,"lognormal","SPoRC","family_sporc"
"catch","fishery 1",1983,NA,981.45,975.888576650183,NA,NA,NA,"lognormal","SPoRC","family_sporc"
"catch","fishery 1",1984,NA,1092.055,1086.23766937959,NA,NA,NA,"lognormal","SPoRC","family_sporc"
"catch","fishery 1",1985,NA,1139.676,1130.57925715974,NA,NA,NA,"lognormal","SPoRC","family_sporc"
"catch","fishery 1",1986,NA,1141.993,1130.82116570163,NA,NA,NA,"lognormal","SPoRC","family_sporc"
"catch","fishery 1",1987,NA,859.416,852.80245124938,NA,NA,NA,"lognormal","SPoRC","family_sporc"
"catch","fishery 1",1988,NA,1228.721,1214.58974152333,NA,NA,NA,"lognormal","SPoRC","family_sporc"
"catch","fishery 1",1989,NA,1229.6,1214.19571933987,NA,NA,NA,"lognormal","SPoRC","family_sporc"
"catch","fishery 1",1990,NA,1455.193,1437.21543690559,NA,NA,NA,"lognormal","SPoRC","family_sporc"
"catch","fishery 1",1991,NA,1195.66393,1184.38587007411,NA,NA,NA,"lognormal","SPoRC","family_sporc"
"catch","fishery 1",1992,NA,1390.30916,1389.6587448572,NA,NA,NA,"lognormal","SPoRC","family_sporc"
"catch","fishery 1",1993,NA,1326.60896,1338.72872468482,NA,NA,NA,"lognormal","SPoRC","family_sporc"
"catch","fishery 1",1994,NA,1329.37306,1339.39956733137,NA,NA,NA,"lognormal","SPoRC","family_sporc"
"catch","fishery 1",1995,NA,1264.24689,1278.11866456836,NA,NA,NA,"lognormal","SPoRC","family_sporc"
"catch","fishery 1",1996,NA,1192.78109,1209.00401692374,NA,NA,NA,"lognormal","SPoRC","family_sporc"
"catch","fishery 1",1997,NA,1124.43305,1128.50294090981,NA,NA,NA,"lognormal","SPoRC","family_sporc"
"catch","fishery 1",1998,NA,1102.15914,1088.41358351278,NA,NA,NA,"lognormal","SPoRC","family_sporc"
"catch","fishery 1",1999,NA,989.68031,975.604810684411,NA,NA,NA,"lognormal","SPoRC","family_sporc"
"catch","fishery 1",2000,NA,1132.70985,1121.53101032653,NA,NA,NA,"lognormal","SPoRC","family_sporc"
"catch","fishery 1",2001,NA,1387.19702,1388.6832642142,NA,NA,NA,"lognormal","SPoRC","family_sporc"
"catch","fishery 1",2002,NA,1480.77611,1486.98684795907,NA,NA,NA,"lognormal","SPoRC","family_sporc"
"catch","fishery 1",2003,NA,1490.779227,1496.56601305905,NA,NA,NA,"lognormal","SPoRC","family_sporc"
"catch","fishery 1",2004,NA,1480.551669,1490.34933575939,NA,NA,NA,"lognormal","SPoRC","family_sporc"
"catch","fishery 1",2005,NA,1483.021809,1499.84878255781,NA,NA,NA,"lognormal","SPoRC","family_sporc"
"catch","fishery 1",2006,NA,1488.031045,1480.08415865901,NA,NA,NA,"lognormal","SPoRC","family_sporc"
"catch","fishery 1",2007,NA,1354.501789,1318.28131702198,NA,NA,NA,"lognormal","SPoRC","family_sporc"
"catch","fishery 1",2008,NA,990.578068,966.368157330428,NA,NA,NA,"lognormal","SPoRC","family_sporc"
"catch","fishery 1",2009,NA,810.784346,792.869567137104,NA,NA,NA,"lognormal","SPoRC","family_sporc"
"catch","fishery 1",2010,NA,810.1859078,795.346205905953,NA,NA,NA,"lognormal","SPoRC","family_sporc"
"catch","fishery 1",2011,NA,1199.040625,1189.87692862087,NA,NA,NA,"lognormal","SPoRC","family_sporc"
"catch","fishery 1",2012,NA,1205.221865,1192.21853944734,NA,NA,NA,"lognormal","SPoRC","family_sporc"
"catch","fishery 1",2013,NA,1270.770468,1238.90435691081,NA,NA,NA,"lognormal","SPoRC","family_sporc"
"catch","fishery 1",2014,NA,1297.422339,1284.89615897997,NA,NA,NA,"lognormal","SPoRC","family_sporc"
"catch","fishery 1",2015,NA,1321.583785,1364.64312351625,NA,NA,NA,"lognormal","SPoRC","family_sporc"
"catch","fishery 1",2016,NA,1352.680796,1427.32459351654,NA,NA,NA,"lognormal","SPoRC","family_sporc"
"catch","fishery 1",2017,NA,1359.182092,1434.63016409712,NA,NA,NA,"lognormal","SPoRC","family_sporc"
"catch","fishery 1",2018,NA,1379.287269,1415.37782373909,NA,NA,NA,"lognormal","SPoRC","family_sporc"
"catch","fishery 1",2019,NA,1409.337138,1451.94763061759,NA,NA,NA,"lognormal","SPoRC","family_sporc"
"catch","fishery 1",2020,NA,1367.22904,1374.64903631075,NA,NA,NA,"lognormal","SPoRC","family_sporc"
"catch","fishery 1",2021,NA,1376.257582,1377.88284411226,NA,NA,NA,"lognormal","SPoRC","family_sporc"
"catch","fishery 1",2022,NA,1105.418688,1105.10642145871,NA,NA,NA,"lognormal","SPoRC","family_sporc"
"catch","fishery 1",2023,NA,1310.7156,1311.70610001635,NA,NA,NA,"lognormal","SPoRC","family_sporc"
"catch","fishery 1",2024,NA,1300,1297.91502998103,NA,NA,NA,"lognormal","SPoRC","family_sporc"
"index","fishery index 1",1965,NA,2816.437428,2527.7803769952,563.2874856,"log",NA,"lognormal","SPoRC","family_sporc"
"index","fishery index 1",1966,NA,3473.580475,3139.07466979732,694.716095,"log",NA,"lognormal","SPoRC","family_sporc"
"index","fishery index 1",1967,NA,3802.169891,3775.97313282939,760.4339781,"log",NA,"lognormal","SPoRC","family_sporc"
"index","fishery index 1",1968,NA,5257.304601,5027.58440897743,1051.46092,"log",NA,"lognormal","SPoRC","family_sporc"
"index","fishery index 1",1969,NA,6712.468418,5890.85114889551,1342.493684,"log",NA,"lognormal","SPoRC","family_sporc"
"index","fishery index 1",1970,NA,5679.809828,6016.85049639401,1135.961966,"log",NA,"lognormal","SPoRC","family_sporc"
"index","fishery index 1",1971,NA,5257.331283,6160.26762534421,1051.466257,"log",NA,"lognormal","SPoRC","family_sporc"
"index","fishery index 1",1972,NA,5726.743484,6009.14917164818,1145.348697,"log",NA,"lognormal","SPoRC","family_sporc"
"index","fishery index 1",1973,NA,4787.923949,5091.29202852774,957.5847898,"log",NA,"lognormal","SPoRC","family_sporc"
"index","fishery index 1",1974,NA,4740.992588,4335.28912455935,948.1985176,"log",NA,"lognormal","SPoRC","family_sporc"
"index","fishery index 1",1975,NA,4271.57446,4481.70649619234,854.3148919,"log",NA,"lognormal","SPoRC","family_sporc"
"index","fishery index 1",1976,NA,4318.523058,4223.4528461596,863.7046116,"log",NA,"lognormal","SPoRC","family_sporc"
"index","survey 1",1982,NA,3871.045939,5710.68809552295,281.1356921,"log",NA,"lognormal","SPoRC","family_sporc"
"index","survey 1",1983,NA,8918.551102,8624.08699596178,574.0693035,"log",NA,"lognormal","SPoRC","family_sporc"
"index","survey 1",1984,NA,6575.015167,7758.37416716561,438.6093747,"log",NA,"lognormal","SPoRC","family_sporc"
"index","survey 1",1985,NA,7504.611645,8414.07302802545,557.2530133,"log",NA,"lognormal","SPoRC","family_sporc"
"index","survey 1",1986,NA,7235.877523,8159.3483647809,526.3256868,"log",NA,"lognormal","SPoRC","family_sporc"
"index","survey 1",1987,NA,7576.038971,8988.49769469855,594.5696883,"log",NA,"lognormal","SPoRC","family_sporc"
"index","survey 1",1988,NA,11799.52504,10692.7486984994,965.7815277,"log",NA,"lognormal","SPoRC","family_sporc"
"index","survey 1",1989,NA,9942.601905,10859.6663829262,696.6216778,"log",NA,"lognormal","SPoRC","family_sporc"
"index","survey 1",1990,NA,11581.25353,10084.9175387862,990.0872961,"log",NA,"lognormal","SPoRC","family_sporc"
"index","survey 1",1991,NA,7129.587182,7872.99275320908,486.4192181,"log",NA,"lognormal","SPoRC","family_sporc"
"index","survey 1",1992,NA,6643.437096,6304.46368690077,458.5420583,"log",NA,"lognormal","SPoRC","family_sporc"
"index","survey 1",1993,NA,7849.269927,7193.82150976431,499.2533567,"log",NA,"lognormal","SPoRC","family_sporc"
"index","survey 1",1994,NA,7094.434902,7269.98226640192,464.2784318,"log",NA,"lognormal","SPoRC","family_sporc"
"index","survey 1",1995,NA,6597.187752,5984.53249866576,546.7804003,"log",NA,"lognormal","SPoRC","family_sporc"
"index","survey 1",1996,NA,3954.25528,4385.76578600877,242.1235464,"log",NA,"lognormal","SPoRC","family_sporc"
"index","survey 1",1997,NA,4371.517782,4497.13441772977,275.2375045,"log",NA,"lognormal","SPoRC","family_sporc"
"index","survey 1",1998,NA,3417.606809,4296.71202205798,209.0911189,"log",NA,"lognormal","SPoRC","family_sporc"
"index","survey 1",1999,NA,5613.644193,5308.63281442762,401.8976236,"log",NA,"lognormal","SPoRC","family_sporc"
"index","survey 1",2000,NA,7246.347745,6732.13375169921,511.5984564,"log",NA,"lognormal","SPoRC","family_sporc"
"index","survey 1",2001,NA,6066.56982,6286.41892298354,398.9901205,"log",NA,"lognormal","SPoRC","family_sporc"
"index","survey 1",2002,NA,6740.603163,6671.81768174977,392.6313516,"log",NA,"lognormal","SPoRC","family_sporc"
"index","survey 1",2003,NA,11239.16293,6854.77689192154,769.0030464,"log",NA,"lognormal","SPoRC","family_sporc"
"index","survey 1",2004,NA,5499.954999,6041.15370779529,347.5476224,"log",NA,"lognormal","SPoRC","family_sporc"
"index","survey 1",2005,NA,6972.381231,6518.6159917862,464.2051708,"log",NA,"lognormal","SPoRC","family_sporc"
"index","survey 1",2006,NA,4190.345627,5163.77553208828,271.5997729,"log",NA,"lognormal","SPoRC","family_sporc"
"index","survey 1",2007,NA,6777.45227,6698.99648641674,542.3220854,"log",NA,"lognormal","SPoRC","family_sporc"
"index","survey 1",2008,NA,4293.26099,5020.68166451416,335.0847241,"log",NA,"lognormal","SPoRC","family_sporc"
"index","survey 1",2009,NA,2820.215503,4019.75947066566,227.816122,"log",NA,"lognormal","SPoRC","family_sporc"
"index","survey 1",2010,NA,5271.619717,5775.81814892807,412.1355577,"log",NA,"lognormal","SPoRC","family_sporc"
"index","survey 1",2011,NA,4505.989345,4292.75881236871,320.4960996,"log",NA,"lognormal","SPoRC","family_sporc"
"index","survey 1",2012,NA,5144.393306,4899.90322552766,332.1534299,"log",NA,"lognormal","SPoRC","family_sporc"
"index","survey 1",2013,NA,6712.589766,7279.93484796359,434.5402943,"log",NA,"lognormal","SPoRC","family_sporc"
"index","survey 1",2014,NA,11616.5106,9497.35754230064,651.8125749,"log",NA,"lognormal","SPoRC","family_sporc"
"index","survey 1",2015,NA,11215.70685,9276.15008626023,670.4760003,"log",NA,"lognormal","SPoRC","family_sporc"
"index","survey 1",2016,NA,8274.5087,8501.32396491951,575.7714599,"log",NA,"lognormal","SPoRC","family_sporc"
"index","survey 1",2017,NA,8855.042158,8162.08146707553,451.6432267,"log",NA,"lognormal","SPoRC","family_sporc"
"index","survey 1",2018,NA,4266.875366,5873.14872955094,289.6925346,"log",NA,"lognormal","SPoRC","family_sporc"
"index","survey 1",2019,NA,9257.419352,9164.93389984979,464.4604206,"log",NA,"lognormal","SPoRC","family_sporc"
"index","survey 1",2021,NA,4889.162547,4993.70621174076,262.5789712,"log",NA,"lognormal","SPoRC","family_sporc"
"index","survey 1",2022,NA,6531.432089,6428.61596571686,383.7935206,"log",NA,"lognormal","SPoRC","family_sporc"
"index","survey 1",2023,NA,4945.387531,5428.09571809559,282.4703777,"log",NA,"lognormal","SPoRC","family_sporc"
"index","survey 1",2024,NA,9407.463571,8427.45947754861,723.6284998,"log",NA,"lognormal","SPoRC","family_sporc"
"index","survey 2",1994,NA,3628.9293,3456.86870441667,0.187349487078983,"log",NA,"lognormal","SPoRC","family_sporc"
"index","survey 2",1996,NA,2944.77187,3536.56885401161,0.147885161127084,"log",NA,"lognormal","SPoRC","family_sporc"
"index","survey 2",1997,NA,3590.84054,3814.45561383029,0.1347168767363,"log",NA,"lognormal","SPoRC","family_sporc"
"index","survey 2",1999,NA,4141.37057,3347.17916198041,0.202295254329345,"log",NA,"lognormal","SPoRC","family_sporc"
"index","survey 2",2000,NA,3625.86364,3517.80155858128,0.128143144163053,"log",NA,"lognormal","SPoRC","family_sporc"
"index","survey 2",2002,NA,4305.86229,3643.47429695848,0.123929596862771,"log",NA,"lognormal","SPoRC","family_sporc"
"index","survey 2",2004,NA,4009.93704,3621.35155331506,0.143680669787773,"log",NA,"lognormal","SPoRC","family_sporc"
"index","survey 2",2006,NA,1872.86327,2366.56088721269,0.155624534826529,"log",NA,"lognormal","SPoRC","family_sporc"
"index","survey 2",2007,NA,2277.944,2007.97684853512,0.174125230502234,"log",NA,"lognormal","SPoRC","family_sporc"
"index","survey 2",2008,NA,1405.59025,1690.01237992138,0.256123160961936,"log",NA,"lognormal","SPoRC","family_sporc"
"index","survey 2",2009,NA,1324.78137,1996.14513270898,0.313131820526248,"log",NA,"lognormal","SPoRC","family_sporc"
"index","survey 2",2010,NA,2642.6749,2644.23157876436,0.246541377220169,"log",NA,"lognormal","SPoRC","family_sporc"
"index","survey 2",2012,NA,2295.95185,2775.95750900989,0.158189769895271,"log",NA,"lognormal","SPoRC","family_sporc"
"index","survey 2",2014,NA,4729.82772,3771.05387938326,0.160063857987649,"log",NA,"lognormal","SPoRC","family_sporc"
"index","survey 2",2016,NA,4828.79348,4435.01244199224,0.0872388332336841,"log",NA,"lognormal","SPoRC","family_sporc"
"index","survey 2",2018,NA,2499.40106,3521.13455115801,0.182817662859821,"log",NA,"lognormal","SPoRC","family_sporc"
"index","survey 2",2020,NA,3617,3206.23453882616,0.428886642193354,"log",NA,"lognormal","SPoRC","family_sporc"
"index","survey 2",2022,NA,3834.04251,4089.38020541273,0.312528441314622,"log",NA,"lognormal","SPoRC","family_sporc"
"index","survey 2",2024,NA,2870.636995,3328.184120799,0.258471147557558,"log",NA,"lognormal","SPoRC","family_sporc"
"index","survey 3",2006,NA,1.741476103,1.64364880118713,0.407974331,"log",NA,"lognormal","SPoRC","family_sporc"
"index","survey 3",2007,NA,2.00191307,1.41745362593119,0.79543824,"log",NA,"lognormal","SPoRC","family_sporc"
"index","survey 3",2008,NA,0.991543151,1.18146484122566,0.292865177,"log",NA,"lognormal","SPoRC","family_sporc"
"index","survey 3",2009,NA,0.6951,1.35237234077755,0.390095688,"log",NA,"lognormal","SPoRC","family_sporc"
"index","survey 3",2010,NA,1.9218,1.75086200782906,0.579193251,"log",NA,"lognormal","SPoRC","family_sporc"
"index","survey 3",2011,NA,1.703822566,1.79836529342784,0.447677778,"log",NA,"lognormal","SPoRC","family_sporc"
"index","survey 3",2012,NA,1.5206,1.83734071869447,0.371938445,"log",NA,"lognormal","SPoRC","family_sporc"
"index","survey 3",2013,NA,2.177629578,2.21317164175078,0.390115995,"log",NA,"lognormal","SPoRC","family_sporc"
"index","survey 3",2014,NA,3.0769,2.53089078855463,0.58024587,"log",NA,"lognormal","SPoRC","family_sporc"
"index","survey 3",2015,NA,3.5927,2.38926051802564,0.406257388,"log",NA,"lognormal","SPoRC","family_sporc"
"index","survey 3",2016,NA,2.8319,2.88997399241893,0.379092753,"log",NA,"lognormal","SPoRC","family_sporc"
"index","survey 3",2017,NA,2.263,2.47258739665893,0.317389245,"log",NA,"lognormal","SPoRC","family_sporc"
"index","survey 3",2018,NA,2.0841,2.33023167673952,0.254960502,"log",NA,"lognormal","SPoRC","family_sporc"
"index","survey 3",2019,NA,2.8292,2.27834035640874,0.63539506,"log",NA,"lognormal","SPoRC","family_sporc"
"index","survey 3",2021,NA,2.4101,2.10658580766048,0.529928784,"log",NA,"lognormal","SPoRC","family_sporc"
"index","survey 3",2022,NA,2.9031,2.48538036880277,0.454780316,"log",NA,"lognormal","SPoRC","family_sporc"
"index","survey 3",2023,NA,2.481,2.4847815227349,0.335349192,"log",NA,"lognormal","SPoRC","family_sporc"
"index","survey 3",2024,NA,2.00700959,2.17613301767227,0.250814465,"log",NA,"lognormal","SPoRC","family_sporc"
"index","survey 4",1994,NA,1140.08514,685.279512083093,1,"log",NA,"lognormal","SPoRC","family_sporc"
"index","survey 4",1996,NA,1800.254055,1001.17943171178,1,"log",NA,"lognormal","SPoRC","family_sporc"
"index","survey 4",1997,NA,13226.7894,1339.14274503831,1,"log",NA,"lognormal","SPoRC","family_sporc"
"index","survey 4",1999,NA,607.203652,714.314504677495,1,"log",NA,"lognormal","SPoRC","family_sporc"
"index","survey 4",2000,NA,460.3664031,1093.67021889484,1,"log",NA,"lognormal","SPoRC","family_sporc"
"index","survey 4",2002,NA,796.3968503,1030.98460775075,1,"log",NA,"lognormal","SPoRC","family_sporc"
"index","survey 4",2004,NA,83.05449742,289.113749642223,1,"log",NA,"lognormal","SPoRC","family_sporc"
"index","survey 4",2006,NA,524.7109597,511.491080054124,1,"log",NA,"lognormal","SPoRC","family_sporc"
"index","survey 4",2007,NA,5775.294145,1122.83283027235,1,"log",NA,"lognormal","SPoRC","family_sporc"
"index","survey 4",2008,NA,70.86987403,601.697917005887,1,"log",NA,"lognormal","SPoRC","family_sporc"
"index","survey 4",2009,NA,5196.786272,2227.59272177494,1,"log",NA,"lognormal","SPoRC","family_sporc"
"index","survey 4",2010,NA,2567.932041,1019.91054268761,1,"log",NA,"lognormal","SPoRC","family_sporc"
"index","survey 4",2012,NA,177.3461428,556.041800372273,1,"log",NA,"lognormal","SPoRC","family_sporc"
"index","survey 4",2014,NA,4750.826376,2227.75033680217,1,"log",NA,"lognormal","SPoRC","family_sporc"
"index","survey 4",2016,NA,173.7523144,367.587673496984,1,"log",NA,"lognormal","SPoRC","family_sporc"
"index","survey 4",2018,NA,449.9560697,753.123200035734,1,"log",NA,"lognormal","SPoRC","family_sporc"
"index","survey 4",2020,NA,350,878.519149852788,1,"log",NA,"lognormal","SPoRC","family_sporc"
"index","survey 4",2022,NA,141.5599371,523.68742619364,1,"log",NA,"lognormal","SPoRC","family_sporc"
"index","survey 4",2024,NA,5074.817226,899.070505908363,1,"log",NA,"lognormal","SPoRC","family_sporc"
