"simulation","quantity","year","value"
1,"SSB",1964,760.783174995445
1,"SSB",1965,669.726227123977
1,"SSB",1966,681.026249930214
1,"SSB",1967,797.242637148698
1,"SSB",1968,937.300705257173
1,"SSB",1969,1111.91564130521
1,"SSB",1970,1213.99770286349
1,"SSB",1971,1347.82328231581
1,"SSB",1972,1316.12588256272
1,"SSB",1973,1281.59771301032
1,"SSB",1974,1161.2694049466
1,"SSB",1975,1163.57989110345
1,"SSB",1976,1081.4187746089
1,"SSB",1977,1255.58136577703
1,"SSB",1978,1061.63259256253
1,"SSB",1979,904.158622122061
1,"SSB",1980,1044.94454864872
1,"SSB",1981,1661.41994225393
1,"SSB",1982,2315.09336297479
1,"SSB",1983,3054.73295036684
1,"SSB",1984,3150.70482262455
1,"SSB",1985,3583.76425953628
1,"SSB",1986,3475.39539795619
1,"SSB",1987,3559.64910564434
1,"SSB",1988,3424.81210669056
1,"SSB",1989,2990.55864689568
1,"SSB",1990,2529.24863038147
1,"SSB",1991,1974.25887937131
1,"SSB",1992,1918.45607161863
1,"SSB",1993,2637.25028533278
1,"SSB",1994,3061.00485184737
1,"SSB",1995,3254.5169832224
1,"SSB",1996,3186.01767329224
1,"SSB",1997,3057.38666851122
1,"SSB",1998,2575.37381722938
1,"SSB",1999,2696.60021293027
1,"SSB",2000,2590.54087747136
1,"SSB",2001,2618.9609939501
1,"SSB",2002,2443.78353322447
1,"SSB",2003,2508.85347514579
1,"SSB",2004,2830.6011176759
1,"SSB",2005,2512.51302952092
1,"SSB",2006,2311.25746252274
1,"SSB",2007,1892.92469443126
1,"SSB",2008,1378.4784400662
1,"SSB",2009,1455.38128518414
1,"SSB",2010,1517.51655487411
1,"SSB",2011,1880.6587143648
1,"SSB",2012,2309.33092542263
1,"SSB",2013,2639.4403061273
1,"SSB",2014,2602.86060217581
1,"SSB",2015,2456.96241291773
1,"SSB",2016,2730.65584885361
1,"SSB",2017,3144.38296887601
1,"SSB",2018,2956.35771477388
1,"SSB",2019,2848.69911681985
1,"SSB",2020,2177.98907780273
1,"SSB",2021,2545.99023231332
1,"SSB",2022,3686.52175931178
1,"SSB",2023,3723.51939463639
1,"SSB",2024,3939.47756979705
1,"recruitment",1964,9339.60185416098
1,"recruitment",1965,14972.8660926512
1,"recruitment",1966,16020.8862266608
1,"recruitment",1967,21384.7472512854
1,"recruitment",1968,21487.6348682173
1,"recruitment",1969,27182.2001862248
1,"recruitment",1970,21569.0958936606
1,"recruitment",1971,27912.6635182545
1,"recruitment",1972,13918.4558987844
1,"recruitment",1973,23559.5638850074
1,"recruitment",1974,17854.9319897723
1,"recruitment",1975,16720.1467194804
1,"recruitment",1976,9209.53362978987
1,"recruitment",1977,12781.0971458199
1,"recruitment",1978,28542.9047728931
1,"recruitment",1979,53067.3567785324
1,"recruitment",1980,26680.8104113404
1,"recruitment",1981,28234.0624759168
1,"recruitment",1982,18120.8077875438
1,"recruitment",1983,44448.541203441
1,"recruitment",1984,14521.4826464285
1,"recruitment",1985,33814.4751358992
1,"recruitment",1986,12096.3743041673
1,"recruitment",1987,6351.21396176233
1,"recruitment",1988,5057.78040713302
1,"recruitment",1989,10634.7672729415
1,"recruitment",1990,51637.9287462473
1,"recruitment",1991,26229.9830337773
1,"recruitment",1992,20914.0568968434
1,"recruitment",1993,44137.0164190554
1,"recruitment",1994,15260.6642505774
1,"recruitment",1995,9405.01185302678
1,"recruitment",1996,23288.1752165497
1,"recruitment",1997,28998.2734647348
1,"recruitment",1998,13208.1895366617
1,"recruitment",1999,15935.081469615
1,"recruitment",2000,24502.2091996094
1,"recruitment",2001,34180.9855099619
1,"recruitment",2002,22612.3065742675
1,"recruitment",2003,14287.3893814179
1,"recruitment",2004,6202.93225188594
1,"recruitment",2005,4518.71602181681
1,"recruitment",2006,10528.0579584411
1,"recruitment",2007,25796.8199742439
1,"recruitment",2008,11549.4003353763
1,"recruitment",2009,49283.3785715533
1,"recruitment",2010,22005.2021628086
1,"recruitment",2011,14350.8683899091
1,"recruitment",2012,11741.316324428
1,"recruitment",2013,44303.9511767534
1,"recruitment",2014,47510.6746848754
1,"recruitment",2015,20974.0828370494
1,"recruitment",2016,7760.40029803966
1,"recruitment",2017,7824.88572785659
1,"recruitment",2018,17254.4362838207
1,"recruitment",2019,92386.3972017485
1,"recruitment",2020,22513.9961493009
1,"recruitment",2021,14698.0561367892
1,"recruitment",2022,15737.3891193565
1,"recruitment",2023,19915.3732585756
1,"recruitment",2024,19223.3558299085
2,"SSB",1964,510.314837732554
2,"SSB",1965,529.73674502628
2,"SSB",1966,604.438840594927
2,"SSB",1967,828.420683692841
2,"SSB",1968,1158.61855174265
2,"SSB",1969,1521.31485992785
2,"SSB",1970,1696.87132026682
2,"SSB",1971,1795.05340760676
2,"SSB",1972,1780.42556299461
2,"SSB",1973,1588.01481850164
2,"SSB",1974,1166.36299045128
2,"SSB",1975,995.770143697138
2,"SSB",1976,948.226964509017
2,"SSB",1977,1164.11354125062
2,"SSB",1978,1015.98706331555
2,"SSB",1979,937.185149254796
2,"SSB",1980,1091.30684970908
2,"SSB",1981,1557.44430914166
2,"SSB",1982,2075.33436222477
2,"SSB",1983,2774.26986901341
2,"SSB",1984,2929.78923417027
2,"SSB",1985,3445.8578953009
2,"SSB",1986,3407.04368675353
2,"SSB",1987,3487.79236103793
2,"SSB",1988,3339.22635349504
2,"SSB",1989,2923.67270586053
2,"SSB",1990,2476.24118620778
2,"SSB",1991,1964.37957892784
2,"SSB",1992,1900.4554106849
2,"SSB",1993,2594.443474252
2,"SSB",1994,3067.05575043434
2,"SSB",1995,3276.17282066778
2,"SSB",1996,3206.20166685762
2,"SSB",1997,3087.12469436143
2,"SSB",1998,2630.68269785201
2,"SSB",1999,2762.52840109848
2,"SSB",2000,2641.68419688805
2,"SSB",2001,2655.86592402076
2,"SSB",2002,2481.46716178119
2,"SSB",2003,2571.79771021014
2,"SSB",2004,2909.73871380675
2,"SSB",2005,2556.74753193446
2,"SSB",2006,2283.70770522459
2,"SSB",2007,1835.54234400769
2,"SSB",2008,1362.9556842978
2,"SSB",2009,1454.49528073645
2,"SSB",2010,1518.50246362624
2,"SSB",2011,1890.22868877061
2,"SSB",2012,2305.29437270975
2,"SSB",2013,2631.05144146442
2,"SSB",2014,2592.16583090162
2,"SSB",2015,2461.00439470588
2,"SSB",2016,2718.77345042325
2,"SSB",2017,3108.19727432861
2,"SSB",2018,2914.45424643833
2,"SSB",2019,2816.82051038517
2,"SSB",2020,2161.31363312476
2,"SSB",2021,2413.88963660014
2,"SSB",2022,3392.17444218445
2,"SSB",2023,3359.50778688819
2,"SSB",2024,3463.44475654527
2,"recruitment",1964,9577.5821631742
2,"recruitment",1965,20737.6598069137
2,"recruitment",1966,23554.2029320238
2,"recruitment",1967,25305.41142355
2,"recruitment",1968,22324.2450508539
2,"recruitment",1969,21202.7987570245
2,"recruitment",1970,34121.9600061416
2,"recruitment",1971,9902.03639282391
2,"recruitment",1972,11415.2204460387
2,"recruitment",1973,18392.2192697121
2,"recruitment",1974,24091.4999384185
2,"recruitment",1975,14376.2564610214
2,"recruitment",1976,14181.9347106832
2,"recruitment",1977,14636.9648745744
2,"recruitment",1978,20315.4601782446
2,"recruitment",1979,50140.4173159085
2,"recruitment",1980,23095.7365107514
2,"recruitment",1981,31917.6953636478
2,"recruitment",1982,18527.795960643
2,"recruitment",1983,47023.5118711241
2,"recruitment",1984,14914.938847468
2,"recruitment",1985,31274.8222680014
2,"recruitment",1986,14850.2713878361
2,"recruitment",1987,5920.03854323694
2,"recruitment",1988,5614.97674011627
2,"recruitment",1989,10439.592549295
2,"recruitment",1990,49571.8894277087
2,"recruitment",1991,26818.0475318641
2,"recruitment",1992,21725.7142321457
2,"recruitment",1993,42446.5391944361
2,"recruitment",1994,14412.4558127613
2,"recruitment",1995,10973.8794671559
2,"recruitment",1996,23066.1033992082
2,"recruitment",1997,28115.3392029644
2,"recruitment",1998,13730.4209540198
2,"recruitment",1999,16017.0796611503
2,"recruitment",2000,24809.5692628075
2,"recruitment",2001,35043.5486255792
2,"recruitment",2002,23371.2204431345
2,"recruitment",2003,13016.6425119952
2,"recruitment",2004,6275.642280962
2,"recruitment",2005,4001.4400206475
2,"recruitment",2006,10613.7045357853
2,"recruitment",2007,26390.2010563942
2,"recruitment",2008,12149.3042920294
2,"recruitment",2009,47401.0782660206
2,"recruitment",2010,22690.350923234
2,"recruitment",2011,14124.865929935
2,"recruitment",2012,12818.1372627693
2,"recruitment",2013,43391.3862521751
2,"recruitment",2014,45298.2197165109
2,"recruitment",2015,18658.9998820077
2,"recruitment",2016,8426.52987055375
2,"recruitment",2017,8565.63943073183
2,"recruitment",2018,15572.8507377936
2,"recruitment",2019,84306.9083337644
2,"recruitment",2020,17564.848691733
2,"recruitment",2021,14718.3550071574
2,"recruitment",2022,11759.0259737775
2,"recruitment",2023,17766.0261346023
2,"recruitment",2024,12363.9612439921
3,"SSB",1964,443.859352298569
3,"SSB",1965,483.361140486295
3,"SSB",1966,611.326023886354
3,"SSB",1967,871.240654953562
3,"SSB",1968,1148.29284226712
3,"SSB",1969,1333.39484986992
3,"SSB",1970,1322.79456881471
3,"SSB",1971,1343.29399876582
3,"SSB",1972,1278.08314901535
3,"SSB",1973,1133.93517988525
3,"SSB",1974,874.863762160251
3,"SSB",1975,802.388986819848
3,"SSB",1976,759.1956953788
3,"SSB",1977,937.649666949826
3,"SSB",1978,848.420827970347
3,"SSB",1979,820.792021500216
3,"SSB",1980,963.459471152341
3,"SSB",1981,1532.81165697199
3,"SSB",1982,2219.07930416911
3,"SSB",1983,3035.91167051734
3,"SSB",1984,3086.71059711848
3,"SSB",1985,3555.46159606751
3,"SSB",1986,3518.58630716621
3,"SSB",1987,3620.73998897865
3,"SSB",1988,3418.09858449413
3,"SSB",1989,2938.08487316441
3,"SSB",1990,2474.55574619028
3,"SSB",1991,1992.56254441434
3,"SSB",1992,1910.80814696038
3,"SSB",1993,2588.87015682676
3,"SSB",1994,3047.20973181889
3,"SSB",1995,3254.64015629804
3,"SSB",1996,3166.46457524457
3,"SSB",1997,3079.95431311214
3,"SSB",1998,2569.20910367535
3,"SSB",1999,2657.14407882375
3,"SSB",2000,2553.58817976012
3,"SSB",2001,2587.53114240957
3,"SSB",2002,2393.40165705299
3,"SSB",2003,2426.44061773376
3,"SSB",2004,2759.46752494542
3,"SSB",2005,2431.82198417525
3,"SSB",2006,2212.22264511201
3,"SSB",2007,1778.53986259763
3,"SSB",2008,1344.51602905777
3,"SSB",2009,1418.81029234212
3,"SSB",2010,1478.68174978673
3,"SSB",2011,1851.21982133898
3,"SSB",2012,2259.5597736591
3,"SSB",2013,2551.27828122621
3,"SSB",2014,2483.74852761198
3,"SSB",2015,2310.47678451486
3,"SSB",2016,2566.72955893485
3,"SSB",2017,2960.77531157149
3,"SSB",2018,2756.80810520536
3,"SSB",2019,2646.07955203658
3,"SSB",2020,2040.2241663689
3,"SSB",2021,2300.6762635204
3,"SSB",2022,3320.59189250233
3,"SSB",2023,3256.90730787417
3,"SSB",2024,3289.44551418516
3,"recruitment",1964,9530.11710830067
3,"recruitment",1965,22910.7943436771
3,"recruitment",1966,16282.9487134456
3,"recruitment",1967,17188.7639137683
3,"recruitment",1968,14429.7615802811
3,"recruitment",1969,27857.1590444054
3,"recruitment",1970,23942.7226351432
3,"recruitment",1971,17977.2323503318
3,"recruitment",1972,12457.5804740579
3,"recruitment",1973,23428.3277463593
3,"recruitment",1974,20351.0289756379
3,"recruitment",1975,14938.3563376372
3,"recruitment",1976,14053.4324079255
3,"recruitment",1977,13000.1083104955
3,"recruitment",1978,22400.1150784807
3,"recruitment",1979,60852.2657503323
3,"recruitment",1980,25578.3820243232
3,"recruitment",1981,29855.0194302445
3,"recruitment",1982,14724.5729859499
3,"recruitment",1983,52036.9317012366
3,"recruitment",1984,13787.9946133102
3,"recruitment",1985,31526.4173373372
3,"recruitment",1986,10513.3288388493
3,"recruitment",1987,6680.17491812728
3,"recruitment",1988,6045.44474295277
3,"recruitment",1989,10241.2662461577
3,"recruitment",1990,51224.0139629224
3,"recruitment",1991,26875.0483057152
3,"recruitment",1992,21809.5590297918
3,"recruitment",1993,45303.2128455724
3,"recruitment",1994,14536.4108487582
3,"recruitment",1995,10266.1927836282
3,"recruitment",1996,20483.8971316986
3,"recruitment",1997,29957.8411011632
3,"recruitment",1998,13229.7228180294
3,"recruitment",1999,14434.5189916202
3,"recruitment",2000,24356.927559142
3,"recruitment",2001,33626.965485457
3,"recruitment",2002,23016.5082057698
3,"recruitment",2003,13030.3366611601
3,"recruitment",2004,6214.94564803162
3,"recruitment",2005,4434.39415842296
3,"recruitment",2006,10472.937091931
3,"recruitment",2007,25490.0635921058
3,"recruitment",2008,12077.7318925594
3,"recruitment",2009,48444.8260594014
3,"recruitment",2010,21230.9914043838
3,"recruitment",2011,13037.5896397672
3,"recruitment",2012,10633.4308260871
3,"recruitment",2013,43475.1142735082
3,"recruitment",2014,46684.7665318096
3,"recruitment",2015,19445.4527228836
3,"recruitment",2016,6967.90986907485
3,"recruitment",2017,7739.36262419611
3,"recruitment",2018,14921.616802091
3,"recruitment",2019,84855.5479883569
3,"recruitment",2020,19401.2644963329
3,"recruitment",2021,8997.48144508844
3,"recruitment",2022,11135.6629070548
3,"recruitment",2023,17469.8126699011
3,"recruitment",2024,11595.6992134443
4,"SSB",1964,695.503643683319
4,"SSB",1965,665.781514886999
4,"SSB",1966,713.036118732737
4,"SSB",1967,892.949152324608
4,"SSB",1968,1099.52279276191
4,"SSB",1969,1288.10880925915
4,"SSB",1970,1312.61732742669
4,"SSB",1971,1359.47219059168
4,"SSB",1972,1413.81751564856
4,"SSB",1973,1350.78648386925
4,"SSB",1974,1096.51530452945
4,"SSB",1975,1043.81857937371
4,"SSB",1976,900.175568958384
4,"SSB",1977,991.046546814016
4,"SSB",1978,850.242899916254
4,"SSB",1979,758.722427310517
4,"SSB",1980,910.796305866475
4,"SSB",1981,1535.99772482919
4,"SSB",1982,2247.07253523935
4,"SSB",1983,3058.68201593673
4,"SSB",1984,3158.75714991089
4,"SSB",1985,3617.12572597957
4,"SSB",1986,3531.42459477121
4,"SSB",1987,3603.05255725302
4,"SSB",1988,3452.62190306531
4,"SSB",1989,3004.30617885292
4,"SSB",1990,2529.90709732688
4,"SSB",1991,2018.28375351037
4,"SSB",1992,1900.90621635456
4,"SSB",1993,2514.32108810768
4,"SSB",1994,2938.50981638053
4,"SSB",1995,3156.89972297307
4,"SSB",1996,3112.5912723499
4,"SSB",1997,3017.41756928132
4,"SSB",1998,2583.20801931294
4,"SSB",1999,2760.75776759224
4,"SSB",2000,2706.5980414714
4,"SSB",2001,2742.52714280594
4,"SSB",2002,2518.67745711683
4,"SSB",2003,2522.31024945699
4,"SSB",2004,2786.30177118266
4,"SSB",2005,2443.58336901596
4,"SSB",2006,2270.3400036634
4,"SSB",2007,1860.83592956367
4,"SSB",2008,1418.20083193959
4,"SSB",2009,1514.7977736929
4,"SSB",2010,1568.9713036148
4,"SSB",2011,1925.41357304923
4,"SSB",2012,2297.98428751246
4,"SSB",2013,2614.13582265107
4,"SSB",2014,2562.77872447736
4,"SSB",2015,2413.58067030777
4,"SSB",2016,2702.39726695939
4,"SSB",2017,3150.87986222581
4,"SSB",2018,2979.95653928641
4,"SSB",2019,2844.60307695293
4,"SSB",2020,2102.70225630775
4,"SSB",2021,2265.93178694062
4,"SSB",2022,3144.40327601244
4,"SSB",2023,3030.60554010916
4,"SSB",2024,3010.30364470791
4,"recruitment",1964,8261.85147471597
4,"recruitment",1965,20137.8185969223
4,"recruitment",1966,15968.6148294307
4,"recruitment",1967,19833.5270957381
4,"recruitment",1968,16869.9908486082
4,"recruitment",1969,26738.5764716924
4,"recruitment",1970,34815.334517429
4,"recruitment",1971,10479.1595944195
4,"recruitment",1972,16028.2175033156
4,"recruitment",1973,20723.977456167
4,"recruitment",1974,16347.7092492495
4,"recruitment",1975,14278.8379492772
4,"recruitment",1976,12645.1464760396
4,"recruitment",1977,12153.8814602859
4,"recruitment",1978,23338.2146777346
4,"recruitment",1979,61362.0263065963
4,"recruitment",1980,26551.4717754153
4,"recruitment",1981,30051.51823745
4,"recruitment",1982,16855.971086286
4,"recruitment",1983,47668.8367894639
4,"recruitment",1984,13508.7623852405
4,"recruitment",1985,33953.613618832
4,"recruitment",1986,13146.0029580381
4,"recruitment",1987,6425.21177079409
4,"recruitment",1988,5388.20636307747
4,"recruitment",1989,10862.7358603193
4,"recruitment",1990,46894.9208947584
4,"recruitment",1991,24621.4142315875
4,"recruitment",1992,21288.9152769842
4,"recruitment",1993,42520.7344382901
4,"recruitment",1994,15367.3308085385
4,"recruitment",1995,10235.6781759007
4,"recruitment",1996,21958.2016082505
4,"recruitment",1997,30587.1284172602
4,"recruitment",1998,13943.0761522371
4,"recruitment",1999,15419.686113968
4,"recruitment",2000,23136.4866973772
4,"recruitment",2001,33887.6007305455
4,"recruitment",2002,21926.2437615351
4,"recruitment",2003,14700.3058538715
4,"recruitment",2004,6722.96193324194
4,"recruitment",2005,3932.17863021672
4,"recruitment",2006,11981.2727778204
4,"recruitment",2007,25433.8942580104
4,"recruitment",2008,12384.7371157494
4,"recruitment",2009,47016.3838460809
4,"recruitment",2010,21958.6802683679
4,"recruitment",2011,14570.6423741887
4,"recruitment",2012,11980.7997908933
4,"recruitment",2013,42737.4534500794
4,"recruitment",2014,47392.0344321732
4,"recruitment",2015,19828.7387109781
4,"recruitment",2016,7352.61294140617
4,"recruitment",2017,7206.84268867598
4,"recruitment",2018,14639.9070821398
4,"recruitment",2019,79127.550045462
4,"recruitment",2020,19408.6081160339
4,"recruitment",2021,9076.90652889633
4,"recruitment",2022,11932.9593451111
4,"recruitment",2023,22607.4565471631
4,"recruitment",2024,20571.7359975351
5,"SSB",1964,581.762595588268
5,"SSB",1965,615.462749497948
5,"SSB",1966,647.97950068178
5,"SSB",1967,839.206744385539
5,"SSB",1968,1076.22720817929
5,"SSB",1969,1219.59850249258
5,"SSB",1970,1220.71918870478
5,"SSB",1971,1265.62246567246
5,"SSB",1972,1270.84147405948
5,"SSB",1973,1176.69719170222
5,"SSB",1974,896.706031784461
5,"SSB",1975,862.963278707925
5,"SSB",1976,886.52024274667
5,"SSB",1977,1089.20689258554
5,"SSB",1978,921.245596132223
5,"SSB",1979,810.199677729944
5,"SSB",1980,925.636144581985
5,"SSB",1981,1438.88792956276
5,"SSB",1982,2076.28734058178
5,"SSB",1983,2857.23956002897
5,"SSB",1984,2949.59527841422
5,"SSB",1985,3392.41067443834
5,"SSB",1986,3316.33742540388
5,"SSB",1987,3424.26848388377
5,"SSB",1988,3336.96641174941
5,"SSB",1989,2966.69369443333
5,"SSB",1990,2573.20335325716
5,"SSB",1991,2117.62201413195
5,"SSB",1992,2031.87425410366
5,"SSB",1993,2680.62991892562
5,"SSB",1994,3078.81307965349
5,"SSB",1995,3217.72634245899
5,"SSB",1996,3117.23226821034
5,"SSB",1997,3029.48757210197
5,"SSB",1998,2595.77963027575
5,"SSB",1999,2763.63580844786
5,"SSB",2000,2716.47002209922
5,"SSB",2001,2796.91695584316
5,"SSB",2002,2571.02357060968
5,"SSB",2003,2543.64347065876
5,"SSB",2004,2839.27561660659
5,"SSB",2005,2508.6159005979
5,"SSB",2006,2265.24988506601
5,"SSB",2007,1799.12687590892
5,"SSB",2008,1359.22693058984
5,"SSB",2009,1467.92222088945
5,"SSB",2010,1509.01830958609
5,"SSB",2011,1852.61267401405
5,"SSB",2012,2289.3262846907
5,"SSB",2013,2662.97158185573
5,"SSB",2014,2645.09391876099
5,"SSB",2015,2473.79656405044
5,"SSB",2016,2758.2012752
5,"SSB",2017,3204.39255489859
5,"SSB",2018,3046.82564241253
5,"SSB",2019,2886.67200525071
5,"SSB",2020,2112.3201714943
5,"SSB",2021,2296.48925240774
5,"SSB",2022,3233.73694220031
5,"SSB",2023,3230.85192447386
5,"SSB",2024,3348.07862408577
5,"recruitment",1964,6214.97556128129
5,"recruitment",1965,24224.7362077503
5,"recruitment",1966,13390.4217432618
5,"recruitment",1967,17874.085916214
5,"recruitment",1968,18540.1309235168
5,"recruitment",1969,24286.6119255765
5,"recruitment",1970,32358.7944199545
5,"recruitment",1971,16905.5491384269
5,"recruitment",1972,9346.45881316936
5,"recruitment",1973,29391.2572867844
5,"recruitment",1974,20942.0618516622
5,"recruitment",1975,12930.8333753162
5,"recruitment",1976,11303.1422671782
5,"recruitment",1977,13184.2976345897
5,"recruitment",1978,21654.6323139722
5,"recruitment",1979,54647.6802070373
5,"recruitment",1980,29119.030992531
5,"recruitment",1981,27743.6151849911
5,"recruitment",1982,15919.0432683132
5,"recruitment",1983,48043.3080698657
5,"recruitment",1984,14397.9052502393
5,"recruitment",1985,34855.3821828407
5,"recruitment",1986,12696.1100907925
5,"recruitment",1987,6977.69284264263
5,"recruitment",1988,6614.44122010309
5,"recruitment",1989,9798.34413177744
5,"recruitment",1990,50093.1163835705
5,"recruitment",1991,26766.4217292573
5,"recruitment",1992,21448.1030782388
5,"recruitment",1993,42122.9250697886
5,"recruitment",1994,14678.9076738155
5,"recruitment",1995,10479.5197967058
5,"recruitment",1996,22227.3103188148
5,"recruitment",1997,32679.4261254405
5,"recruitment",1998,14312.6390348984
5,"recruitment",1999,15772.925584276
5,"recruitment",2000,22339.9017187886
5,"recruitment",2001,32937.5905123705
5,"recruitment",2002,23218.3258957587
5,"recruitment",2003,13956.491915317
5,"recruitment",2004,6014.10357451901
5,"recruitment",2005,4047.90579573533
5,"recruitment",2006,11780.2707916728
5,"recruitment",2007,25216.6323450232
5,"recruitment",2008,11270.5005112245
5,"recruitment",2009,48640.5963668086
5,"recruitment",2010,21930.420741916
5,"recruitment",2011,14828.1898687005
5,"recruitment",2012,12584.9136957352
5,"recruitment",2013,43753.7081099042
5,"recruitment",2014,52078.5202498743
5,"recruitment",2015,20247.1108162251
5,"recruitment",2016,7005.5637977361
5,"recruitment",2017,6878.93425414385
5,"recruitment",2018,15393.4016252062
5,"recruitment",2019,79328.0517453668
5,"recruitment",2020,22211.1945439091
5,"recruitment",2021,13156.2036876866
5,"recruitment",2022,13895.2396008922
5,"recruitment",2023,15107.4157890491
5,"recruitment",2024,15998.6770385083
6,"SSB",1964,449.369066712273
6,"SSB",1965,472.434446050703
6,"SSB",1966,601.535488551368
6,"SSB",1967,847.798757671584
6,"SSB",1968,1130.20027200903
6,"SSB",1969,1412.25504664028
6,"SSB",1970,1494.74783181797
6,"SSB",1971,1422.11581721178
6,"SSB",1972,1351.01156383717
6,"SSB",1973,1271.8465034288
6,"SSB",1974,1082.2621308829
6,"SSB",1975,1109.80059728192
6,"SSB",1976,1030.63106450443
6,"SSB",1977,1237.85204570612
6,"SSB",1978,1065.72876299973
6,"SSB",1979,908.634423625384
6,"SSB",1980,1008.96647873695
6,"SSB",1981,1514.99505398502
6,"SSB",1982,2075.4694184531
6,"SSB",1983,2796.50334549008
6,"SSB",1984,2894.65518156832
6,"SSB",1985,3368.88339733274
6,"SSB",1986,3390.56012710775
6,"SSB",1987,3562.06883321443
6,"SSB",1988,3475.83600179238
6,"SSB",1989,3075.21913425664
6,"SSB",1990,2647.39311823946
6,"SSB",1991,2089.14350351845
6,"SSB",1992,1951.33887908055
6,"SSB",1993,2521.73099257535
6,"SSB",1994,2872.82886491835
6,"SSB",1995,3071.28631281521
6,"SSB",1996,3052.29898505914
6,"SSB",1997,2987.89677187432
6,"SSB",1998,2535.91334852359
6,"SSB",1999,2717.13220575931
6,"SSB",2000,2664.85368007251
6,"SSB",2001,2734.15581172126
6,"SSB",2002,2539.63611630898
6,"SSB",2003,2573.7025900327
6,"SSB",2004,2874.12950761282
6,"SSB",2005,2535.86234424471
6,"SSB",2006,2325.75667925037
6,"SSB",2007,1910.43239151005
6,"SSB",2008,1432.93512055083
6,"SSB",2009,1517.98696096885
6,"SSB",2010,1557.25701582386
6,"SSB",2011,1913.29589602499
6,"SSB",2012,2369.12774454229
6,"SSB",2013,2730.22908386311
6,"SSB",2014,2700.30100174528
6,"SSB",2015,2540.69788910467
6,"SSB",2016,2841.20975668519
6,"SSB",2017,3338.70817510282
6,"SSB",2018,3200.78763280714
6,"SSB",2019,3095.54892199422
6,"SSB",2020,2353.05339216435
6,"SSB",2021,2546.88841086696
6,"SSB",2022,3486.85916100726
6,"SSB",2023,3391.02238925803
6,"SSB",2024,3514.75243961919
6,"recruitment",1964,15156.6227777105
6,"recruitment",1965,15911.326289314
6,"recruitment",1966,22598.0768076186
6,"recruitment",1967,21783.5743291751
6,"recruitment",1968,17418.4380348722
6,"recruitment",1969,12075.3069592367
6,"recruitment",1970,39937.7551177716
6,"recruitment",1971,13983.5650294381
6,"recruitment",1972,20965.2784374093
6,"recruitment",1973,22229.7160307479
6,"recruitment",1974,17850.917659689
6,"recruitment",1975,18128.3281931843
6,"recruitment",1976,10394.9796963588
6,"recruitment",1977,11268.3841309373
6,"recruitment",1978,22449.2615305729
6,"recruitment",1979,56027.7833538119
6,"recruitment",1980,21816.2164061382
6,"recruitment",1981,31589.7667436398
6,"recruitment",1982,13886.6211390856
6,"recruitment",1983,50321.2631147696
6,"recruitment",1984,15252.1501098329
6,"recruitment",1985,36076.5156975613
6,"recruitment",1986,13581.3921141977
6,"recruitment",1987,7226.12938947152
6,"recruitment",1988,4802.70751787675
6,"recruitment",1989,11043.6410341604
6,"recruitment",1990,47215.0126550251
6,"recruitment",1991,24777.964876493
6,"recruitment",1992,19597.8866290784
6,"recruitment",1993,42565.6797410811
6,"recruitment",1994,16027.911149746
6,"recruitment",1995,11965.2085915171
6,"recruitment",1996,21519.6375926382
6,"recruitment",1997,30990.0536230265
6,"recruitment",1998,14163.6850902091
6,"recruitment",1999,15683.2403296218
6,"recruitment",2000,23010.7350587529
6,"recruitment",2001,36637.1082088972
6,"recruitment",2002,23012.7666599959
6,"recruitment",2003,14443.6013945523
6,"recruitment",2004,6589.19244136663
6,"recruitment",2005,4557.2065002393
6,"recruitment",2006,12281.9513503125
6,"recruitment",2007,25537.374694401
6,"recruitment",2008,11872.6004958933
6,"recruitment",2009,51234.4741303267
6,"recruitment",2010,22936.3569353972
6,"recruitment",2011,13722.8508475949
6,"recruitment",2012,12522.6438628318
6,"recruitment",2013,45325.7262620185
6,"recruitment",2014,49567.099119302
6,"recruitment",2015,21260.3866514271
6,"recruitment",2016,8254.4967959296
6,"recruitment",2017,7408.61699074325
6,"recruitment",2018,15130.1891928997
6,"recruitment",2019,86048.285022505
6,"recruitment",2020,18947.1370683937
6,"recruitment",2021,11916.126560717
6,"recruitment",2022,17160.9277800762
6,"recruitment",2023,24760.5723888205
6,"recruitment",2024,12335.4030873175
7,"SSB",1964,518.800347517184
7,"SSB",1965,571.69700852757
7,"SSB",1966,627.999454491406
7,"SSB",1967,769.256880406476
7,"SSB",1968,922.324787726092
7,"SSB",1969,1049.81426708911
7,"SSB",1970,1174.59448534857
7,"SSB",1971,1321.17879651401
7,"SSB",1972,1375.11224367325
7,"SSB",1973,1290.79353854914
7,"SSB",1974,1134.36577271793
7,"SSB",1975,1157.19706503051
7,"SSB",1976,1040.21114161876
7,"SSB",1977,1083.35455413704
7,"SSB",1978,874.215546368695
7,"SSB",1979,753.298197838214
7,"SSB",1980,940.54342761912
7,"SSB",1981,1509.55733946255
7,"SSB",1982,2091.94992750522
7,"SSB",1983,2740.66211649827
7,"SSB",1984,2802.58986944966
7,"SSB",1985,3260.01252011456
7,"SSB",1986,3269.85859947523
7,"SSB",1987,3388.01828642073
7,"SSB",1988,3279.5297690987
7,"SSB",1989,2887.42623319559
7,"SSB",1990,2456.54118252792
7,"SSB",1991,2010.87052288008
7,"SSB",1992,1955.12021603033
7,"SSB",1993,2574.13718460836
7,"SSB",1994,2934.91980431917
7,"SSB",1995,3107.6995062999
7,"SSB",1996,3058.48255707422
7,"SSB",1997,2985.50528030395
7,"SSB",1998,2520.40601293777
7,"SSB",1999,2680.89093904838
7,"SSB",2000,2626.00256017256
7,"SSB",2001,2673.05685646418
7,"SSB",2002,2465.54085738463
7,"SSB",2003,2524.19321353507
7,"SSB",2004,2860.63194548778
7,"SSB",2005,2543.42635923179
7,"SSB",2006,2328.02311503189
7,"SSB",2007,1888.90377061566
7,"SSB",2008,1400.15639126622
7,"SSB",2009,1479.06100406441
7,"SSB",2010,1521.68761888729
7,"SSB",2011,1857.40752143089
7,"SSB",2012,2270.16984153017
7,"SSB",2013,2642.79232227702
7,"SSB",2014,2629.54083643012
7,"SSB",2015,2468.36972189634
7,"SSB",2016,2766.062287876
7,"SSB",2017,3196.47751562398
7,"SSB",2018,3031.60420053218
7,"SSB",2019,2879.8177961651
7,"SSB",2020,2173.60557178712
7,"SSB",2021,2407.61537142119
7,"SSB",2022,3393.47064395273
7,"SSB",2023,3346.439791203
7,"SSB",2024,3514.93573878006
7,"recruitment",1964,7105.42689835347
7,"recruitment",1965,16931.3696716442
7,"recruitment",1966,13138.9349477489
7,"recruitment",1967,20305.8829254542
7,"recruitment",1968,25894.6930064774
7,"recruitment",1969,24507.180474781
7,"recruitment",1970,33128.402273634
7,"recruitment",1971,14971.7942603131
7,"recruitment",1972,20279.8218859373
7,"recruitment",1973,23722.6000148386
7,"recruitment",1974,14568.8582407408
7,"recruitment",1975,13663.2209229596
7,"recruitment",1976,10170.5220817769
7,"recruitment",1977,12583.6796157151
7,"recruitment",1978,25762.8126884444
7,"recruitment",1979,52521.7500840883
7,"recruitment",1980,25210.4627721733
7,"recruitment",1981,26503.1669519365
7,"recruitment",1982,19243.1120257045
7,"recruitment",1983,48759.7470505443
7,"recruitment",1984,14869.7984837294
7,"recruitment",1985,32336.6941412639
7,"recruitment",1986,12907.2658671982
7,"recruitment",1987,7862.1898892348
7,"recruitment",1988,5603.41837185008
7,"recruitment",1989,11430.0114759201
7,"recruitment",1990,48640.416686361
7,"recruitment",1991,25834.9586025585
7,"recruitment",1992,19960.4798748237
7,"recruitment",1993,41446.7300295545
7,"recruitment",1994,15620.2204240319
7,"recruitment",1995,9339.1941220373
7,"recruitment",1996,22558.2168123834
7,"recruitment",1997,30388.1462708156
7,"recruitment",1998,14500.8127791835
7,"recruitment",1999,15081.8511093699
7,"recruitment",2000,23029.8227067644
7,"recruitment",2001,34733.393390681
7,"recruitment",2002,23583.0589559576
7,"recruitment",2003,13756.105543716
7,"recruitment",2004,6141.50415985683
7,"recruitment",2005,4321.21004469679
7,"recruitment",2006,10247.8986096256
7,"recruitment",2007,24774.1662318295
7,"recruitment",2008,12282.1164947531
7,"recruitment",2009,45815.712837218
7,"recruitment",2010,22653.4367452045
7,"recruitment",2011,14528.0637540021
7,"recruitment",2012,11356.6818577462
7,"recruitment",2013,43160.3168183017
7,"recruitment",2014,49757.3635698164
7,"recruitment",2015,19486.2159485738
7,"recruitment",2016,7924.63620409859
7,"recruitment",2017,7898.60729307755
7,"recruitment",2018,17210.0096137449
7,"recruitment",2019,84174.583847926
7,"recruitment",2020,18883.2084374009
7,"recruitment",2021,13076.9930436757
7,"recruitment",2022,15350.8318334336
7,"recruitment",2023,19645.3661924401
7,"recruitment",2024,13886.3760432314
8,"SSB",1964,578.74622951642
8,"SSB",1965,552.66052336805
8,"SSB",1966,576.652905600149
8,"SSB",1967,771.525018749906
8,"SSB",1968,1028.48058272733
8,"SSB",1969,1230.21329993009
8,"SSB",1970,1300.89381296796
8,"SSB",1971,1431.2206582269
8,"SSB",1972,1358.83488057798
8,"SSB",1973,1105.37466109945
8,"SSB",1974,722.678408444482
8,"SSB",1975,706.863054206601
8,"SSB",1976,802.509377946448
8,"SSB",1977,1055.70620565307
8,"SSB",1978,952.772659039159
8,"SSB",1979,894.892693143364
8,"SSB",1980,1063.2006192496
8,"SSB",1981,1665.10243688396
8,"SSB",1982,2351.51722819654
8,"SSB",1983,3139.60516036441
8,"SSB",1984,3236.76833991708
8,"SSB",1985,3695.40264735922
8,"SSB",1986,3596.04571014864
8,"SSB",1987,3596.52251990991
8,"SSB",1988,3372.95228565135
8,"SSB",1989,2905.97230890689
8,"SSB",1990,2454.87640447698
8,"SSB",1991,1950.25373817339
8,"SSB",1992,1916.88630444124
8,"SSB",1993,2610.83003656066
8,"SSB",1994,3075.82404783743
8,"SSB",1995,3320.05283318317
8,"SSB",1996,3262.53791796505
8,"SSB",1997,3156.89943111343
8,"SSB",1998,2653.42614778273
8,"SSB",1999,2803.27852293413
8,"SSB",2000,2727.85670397508
8,"SSB",2001,2760.65702206318
8,"SSB",2002,2513.11797180052
8,"SSB",2003,2456.83988295776
8,"SSB",2004,2759.39988313972
8,"SSB",2005,2493.22871595582
8,"SSB",2006,2308.95622763316
8,"SSB",2007,1886.0132531368
8,"SSB",2008,1425.09206977876
8,"SSB",2009,1498.35567252983
8,"SSB",2010,1529.92926717606
8,"SSB",2011,1872.72577320756
8,"SSB",2012,2282.98820987898
8,"SSB",2013,2595.76134755687
8,"SSB",2014,2534.08373406349
8,"SSB",2015,2401.79121686319
8,"SSB",2016,2691.30336092109
8,"SSB",2017,3156.9776561916
8,"SSB",2018,2992.05689526348
8,"SSB",2019,2920.16826468919
8,"SSB",2020,2301.18449854876
8,"SSB",2021,2560.15128382257
8,"SSB",2022,3569.7373001277
8,"SSB",2023,3550.55896761762
8,"SSB",2024,3750.75093138935
8,"recruitment",1964,7667.23742378162
8,"recruitment",1965,22151.4939942617
8,"recruitment",1966,15262.6941303569
8,"recruitment",1967,18941.8229817769
8,"recruitment",1968,19938.7747328108
8,"recruitment",1969,28795.2556030985
8,"recruitment",1970,20942.9023590403
8,"recruitment",1971,13792.7242192512
8,"recruitment",1972,9483.7103592092
8,"recruitment",1973,38460.11312586
8,"recruitment",1974,22720.9395854497
8,"recruitment",1975,15842.6486259812
8,"recruitment",1976,13585.6415962877
8,"recruitment",1977,12318.81327656
8,"recruitment",1978,23620.7380915466
8,"recruitment",1979,58702.9388578735
8,"recruitment",1980,26520.5697095572
8,"recruitment",1981,31132.6168912418
8,"recruitment",1982,16156.8655703509
8,"recruitment",1983,48424.24778317
8,"recruitment",1984,12261.6076681195
8,"recruitment",1985,29802.7219324243
8,"recruitment",1986,13313.9263690245
8,"recruitment",1987,8019.13256413369
8,"recruitment",1988,4684.48363411504
8,"recruitment",1989,11809.3042821534
8,"recruitment",1990,48909.2058149368
8,"recruitment",1991,26652.3037297786
8,"recruitment",1992,22688.8400434793
8,"recruitment",1993,44913.2271254579
8,"recruitment",1994,14895.2030269255
8,"recruitment",1995,11089.4404579573
8,"recruitment",1996,23244.4318575879
8,"recruitment",1997,31023.1645661697
8,"recruitment",1998,13481.1059601453
8,"recruitment",1999,15566.5512904057
8,"recruitment",2000,23361.9924188446
8,"recruitment",2001,34796.90841111
8,"recruitment",2002,23372.0908226353
8,"recruitment",2003,14690.2811983919
8,"recruitment",2004,6041.6798075585
8,"recruitment",2005,4644.61859930251
8,"recruitment",2006,11193.0447153713
8,"recruitment",2007,25830.4491827889
8,"recruitment",2008,12140.1730811943
8,"recruitment",2009,48968.2405748527
8,"recruitment",2010,21689.5907237076
8,"recruitment",2011,13556.1344708474
8,"recruitment",2012,10633.8294137775
8,"recruitment",2013,45211.5567774059
8,"recruitment",2014,48291.0707436955
8,"recruitment",2015,21121.5159706378
8,"recruitment",2016,8413.60618347908
8,"recruitment",2017,8824.12683917122
8,"recruitment",2018,17142.3943418009
8,"recruitment",2019,86798.4294598647
8,"recruitment",2020,20413.9183856019
8,"recruitment",2021,16065.4197025183
8,"recruitment",2022,15817.1221109082
8,"recruitment",2023,23087.3661758249
8,"recruitment",2024,12447.7333254949
9,"SSB",1964,764.31319371488
9,"SSB",1965,750.589901358471
9,"SSB",1966,761.28643074494
9,"SSB",1967,852.473802539602
9,"SSB",1968,1040.90368453289
9,"SSB",1969,1225.87144752284
9,"SSB",1970,1259.31853309612
9,"SSB",1971,1324.40513108944
9,"SSB",1972,1305.95285863601
9,"SSB",1973,1184.31154040601
9,"SSB",1974,839.695048196793
9,"SSB",1975,776.752992887275
9,"SSB",1976,890.678814547535
9,"SSB",1977,1196.08742745031
9,"SSB",1978,976.135270387055
9,"SSB",1979,806.464086573656
9,"SSB",1980,915.903154041265
9,"SSB",1981,1466.87358958724
9,"SSB",1982,2085.15491714155
9,"SSB",1983,2816.49699961423
9,"SSB",1984,2935.62208858063
9,"SSB",1985,3435.96348237152
9,"SSB",1986,3425.64911834638
9,"SSB",1987,3501.16136728117
9,"SSB",1988,3340.69570666245
9,"SSB",1989,2881.37938585298
9,"SSB",1990,2440.8069801576
9,"SSB",1991,1949.39958073224
9,"SSB",1992,1847.58983063991
9,"SSB",1993,2502.24125658363
9,"SSB",1994,2980.70067350976
9,"SSB",1995,3260.04636700732
9,"SSB",1996,3220.88318592589
9,"SSB",1997,3131.3448379264
9,"SSB",1998,2665.73882630592
9,"SSB",1999,2787.11940621481
9,"SSB",2000,2673.39421691759
9,"SSB",2001,2677.34794471731
9,"SSB",2002,2440.91780302314
9,"SSB",2003,2522.41208596774
9,"SSB",2004,2887.35155990463
9,"SSB",2005,2568.57309795325
9,"SSB",2006,2354.15752948352
9,"SSB",2007,1933.99607275095
9,"SSB",2008,1455.25929201349
9,"SSB",2009,1516.70098899841
9,"SSB",2010,1542.0290424639
9,"SSB",2011,1899.49671360342
9,"SSB",2012,2287.92430880183
9,"SSB",2013,2591.83194603955
9,"SSB",2014,2538.15262142675
9,"SSB",2015,2415.28506044297
9,"SSB",2016,2781.73975725836
9,"SSB",2017,3261.19594309996
9,"SSB",2018,3091.93098163542
9,"SSB",2019,2994.04607002065
9,"SSB",2020,2253.97902422446
9,"SSB",2021,2430.98324804678
9,"SSB",2022,3365.91145899373
9,"SSB",2023,3335.87506986447
9,"SSB",2024,3447.7775790755
9,"recruitment",1964,6653.3521348615
9,"recruitment",1965,16284.4837338756
9,"recruitment",1966,19906.4858413208
9,"recruitment",1967,16834.8463841684
9,"recruitment",1968,19972.1676172454
9,"recruitment",1969,27098.3022682098
9,"recruitment",1970,25559.5203339179
9,"recruitment",1971,15796.6552559977
9,"recruitment",1972,8223.89777176709
9,"recruitment",1973,27723.8457935657
9,"recruitment",1974,28061.5271489213
9,"recruitment",1975,10669.4553397562
9,"recruitment",1976,9424.46186987296
9,"recruitment",1977,13266.8230032468
9,"recruitment",1978,21859.8289948561
9,"recruitment",1979,55559.6976851089
9,"recruitment",1980,25204.3934562181
9,"recruitment",1981,29168.0251559483
9,"recruitment",1982,18552.0929710975
9,"recruitment",1983,49036.2119995892
9,"recruitment",1984,14460.8785730004
9,"recruitment",1985,29876.9174717509
9,"recruitment",1986,12308.2335860409
9,"recruitment",1987,7746.35916590383
9,"recruitment",1988,4675.76890745613
9,"recruitment",1989,10807.0968986732
9,"recruitment",1990,45894.2037423082
9,"recruitment",1991,28408.6392087828
9,"recruitment",1992,23321.4880277194
9,"recruitment",1993,43239.5220912074
9,"recruitment",1994,14669.2239583008
9,"recruitment",1995,10340.8380926316
9,"recruitment",1996,22285.5433078763
9,"recruitment",1997,30764.0336840504
9,"recruitment",1998,13607.6458754424
9,"recruitment",1999,14969.2392403149
9,"recruitment",2000,24873.7880586149
9,"recruitment",2001,35246.8165062294
9,"recruitment",2002,23515.8136572084
9,"recruitment",2003,15219.5810147777
9,"recruitment",2004,6220.03936399395
9,"recruitment",2005,4010.82433005458
9,"recruitment",2006,10606.594778294
9,"recruitment",2007,24760.5540600592
9,"recruitment",2008,12442.2664144587
9,"recruitment",2009,48106.6473898202
9,"recruitment",2010,22061.9174211043
9,"recruitment",2011,13659.2120533159
9,"recruitment",2012,12558.625600792
9,"recruitment",2013,44731.8952757238
9,"recruitment",2014,51127.373694576
9,"recruitment",2015,20302.048974699
9,"recruitment",2016,8078.79928589268
9,"recruitment",2017,7931.55580014495
9,"recruitment",2018,14675.7357351188
9,"recruitment",2019,81144.3921468033
9,"recruitment",2020,22101.0644931722
9,"recruitment",2021,12291.4818129701
9,"recruitment",2022,13117.1701931219
9,"recruitment",2023,15714.0660869225
9,"recruitment",2024,15508.1536170938
10,"SSB",1964,380.848341717399
10,"SSB",1965,392.112139835824
10,"SSB",1966,466.092677664405
10,"SSB",1967,638.939550985097
10,"SSB",1968,855.17652567471
10,"SSB",1969,1112.44614738577
10,"SSB",1970,1252.06451567724
10,"SSB",1971,1306.03916233606
10,"SSB",1972,1221.74879037973
10,"SSB",1973,1057.83718405234
10,"SSB",1974,747.009443827268
10,"SSB",1975,751.981205498983
10,"SSB",1976,821.582849246193
10,"SSB",1977,1041.00346794479
10,"SSB",1978,944.732961317212
10,"SSB",1979,850.829381309965
10,"SSB",1980,996.349794352969
10,"SSB",1981,1539.37410682192
10,"SSB",1982,2099.96618273813
10,"SSB",1983,2783.81702802204
10,"SSB",1984,2835.92680145959
10,"SSB",1985,3276.58155365276
10,"SSB",1986,3232.32151450736
10,"SSB",1987,3359.91332757438
10,"SSB",1988,3284.53734245777
10,"SSB",1989,2914.35620150648
10,"SSB",1990,2490.88060349051
10,"SSB",1991,1983.1994443098
10,"SSB",1992,1890.90748398427
10,"SSB",1993,2552.80473946148
10,"SSB",1994,3008.18871553948
10,"SSB",1995,3164.22039335932
10,"SSB",1996,3059.74603893301
10,"SSB",1997,2959.07930238376
10,"SSB",1998,2532.66604587892
10,"SSB",1999,2689.14624644495
10,"SSB",2000,2606.5207894174
10,"SSB",2001,2633.92273789931
10,"SSB",2002,2445.27057732381
10,"SSB",2003,2499.38291133446
10,"SSB",2004,2819.56808914129
10,"SSB",2005,2484.55849351381
10,"SSB",2006,2290.93793852785
10,"SSB",2007,1866.33757583626
10,"SSB",2008,1419.84633253448
10,"SSB",2009,1514.29598980243
10,"SSB",2010,1541.20818580094
10,"SSB",2011,1908.03245018167
10,"SSB",2012,2361.2723156164
10,"SSB",2013,2706.50823339961
10,"SSB",2014,2658.03944745977
10,"SSB",2015,2466.4654571362
10,"SSB",2016,2719.85652965031
10,"SSB",2017,3111.76841047671
10,"SSB",2018,2907.32702854266
10,"SSB",2019,2781.49913150052
10,"SSB",2020,2109.82729643716
10,"SSB",2021,2332.84228758355
10,"SSB",2022,3302.35211286871
10,"SSB",2023,3289.40351872337
10,"SSB",2024,3403.439065975
10,"recruitment",1964,10436.1653384708
10,"recruitment",1965,15573.4219347234
10,"recruitment",1966,18699.0495330665
10,"recruitment",1967,20888.1828303477
10,"recruitment",1968,20367.0774607528
10,"recruitment",1969,16076.7635776119
10,"recruitment",1970,28709.8561608515
10,"recruitment",1971,19926.9240721376
10,"recruitment",1972,10089.2954592706
10,"recruitment",1973,32011.0380827954
10,"recruitment",1974,19732.4963609193
10,"recruitment",1975,16882.0246426642
10,"recruitment",1976,12757.6744284487
10,"recruitment",1977,12137.7308200159
10,"recruitment",1978,24211.1000649612
10,"recruitment",1979,51660.8958776628
10,"recruitment",1980,24409.3226199267
10,"recruitment",1981,29467.2314293568
10,"recruitment",1982,14844.3256040599
10,"recruitment",1983,46983.0201490264
10,"recruitment",1984,15010.722539003
10,"recruitment",1985,35040.718105031
10,"recruitment",1986,13174.0030184011
10,"recruitment",1987,6754.87804104854
10,"recruitment",1988,5499.77091934232
10,"recruitment",1989,10791.473283772
10,"recruitment",1990,49258.9623525692
10,"recruitment",1991,27013.9172367836
10,"recruitment",1992,22468.9285258068
10,"recruitment",1993,40468.6033611474
10,"recruitment",1994,15207.8965243011
10,"recruitment",1995,10327.7027051494
10,"recruitment",1996,21730.584363143
10,"recruitment",1997,28719.8664110722
10,"recruitment",1998,14549.333558405
10,"recruitment",1999,15594.4799994641
10,"recruitment",2000,23564.2839866028
10,"recruitment",2001,35853.4137757918
10,"recruitment",2002,23851.5158455683
10,"recruitment",2003,13771.3359825209
10,"recruitment",2004,6196.94219645661
10,"recruitment",2005,4508.2421106386
10,"recruitment",2006,12098.7648046575
10,"recruitment",2007,24876.5196596128
10,"recruitment",2008,12539.0088229592
10,"recruitment",2009,50302.047212445
10,"recruitment",2010,22299.4576905837
10,"recruitment",2011,14479.0279512445
10,"recruitment",2012,11834.1456795799
10,"recruitment",2013,42663.1308344198
10,"recruitment",2014,47487.8779115395
10,"recruitment",2015,19029.0561894467
10,"recruitment",2016,6955.8177735441
10,"recruitment",2017,7189.64526999704
10,"recruitment",2018,15215.7329483165
10,"recruitment",2019,82228.6621825472
10,"recruitment",2020,21355.2829862184
10,"recruitment",2021,12470.3436405827
10,"recruitment",2022,11800.9241821802
10,"recruitment",2023,20006.0025712397
10,"recruitment",2024,15468.332087157
11,"SSB",1964,745.338861891299
11,"SSB",1965,695.478024424774
11,"SSB",1966,666.851498779642
11,"SSB",1967,791.805934708802
11,"SSB",1968,1023.02942707299
11,"SSB",1969,1258.39287588694
11,"SSB",1970,1363.87330783744
11,"SSB",1971,1403.01521779533
11,"SSB",1972,1290.32177073647
11,"SSB",1973,1114.39722764893
11,"SSB",1974,833.871082768888
11,"SSB",1975,731.533474827492
11,"SSB",1976,757.307396104834
11,"SSB",1977,1078.53122116939
11,"SSB",1978,1015.23908814604
11,"SSB",1979,920.089112427717
11,"SSB",1980,1055.33255002689
11,"SSB",1981,1590.05933218895
11,"SSB",1982,2108.57723348819
11,"SSB",1983,2784.86793843612
11,"SSB",1984,2896.09425889098
11,"SSB",1985,3387.18479351366
11,"SSB",1986,3343.2596136607
11,"SSB",1987,3449.39667959853
11,"SSB",1988,3339.16177385273
11,"SSB",1989,2922.38778849628
11,"SSB",1990,2456.50234993869
11,"SSB",1991,1938.16769854481
11,"SSB",1992,1931.29205183327
11,"SSB",1993,2691.38893760194
11,"SSB",1994,3206.50959246978
11,"SSB",1995,3386.24943691977
11,"SSB",1996,3257.80776297413
11,"SSB",1997,3078.3189529024
11,"SSB",1998,2580.80416563519
11,"SSB",1999,2737.16499516807
11,"SSB",2000,2703.68515351547
11,"SSB",2001,2768.83107495818
11,"SSB",2002,2541.30943587636
11,"SSB",2003,2573.07723359582
11,"SSB",2004,2892.78005779142
11,"SSB",2005,2566.37846498624
11,"SSB",2006,2326.97833741954
11,"SSB",2007,1877.02119828616
11,"SSB",2008,1424.12493633563
11,"SSB",2009,1503.25662799528
11,"SSB",2010,1531.48033426721
11,"SSB",2011,1902.24501755186
11,"SSB",2012,2328.8798366822
11,"SSB",2013,2642.6145216244
11,"SSB",2014,2562.93790132556
11,"SSB",2015,2445.3582319741
11,"SSB",2016,2786.41506237877
11,"SSB",2017,3286.7273797097
11,"SSB",2018,3140.56442729834
11,"SSB",2019,3038.97451716976
11,"SSB",2020,2289.61550550967
11,"SSB",2021,2379.50352840092
11,"SSB",2022,3186.36100217211
11,"SSB",2023,3135.38933778652
11,"SSB",2024,3240.59397290669
11,"recruitment",1964,4876.2542031838
11,"recruitment",1965,21262.7945959686
11,"recruitment",1966,18224.8301439683
11,"recruitment",1967,21511.0496270813
11,"recruitment",1968,20816.4454817735
11,"recruitment",1969,21072.0011174281
11,"recruitment",1970,25610.5546792016
11,"recruitment",1971,15821.3722247354
11,"recruitment",1972,12095.9313056893
11,"recruitment",1973,25408.9247822425
11,"recruitment",1974,22923.3666614252
11,"recruitment",1975,20639.4945140341
11,"recruitment",1976,9507.70583131635
11,"recruitment",1977,12204.4167647826
11,"recruitment",1978,24474.5611763837
11,"recruitment",1979,51997.3176882629
11,"recruitment",1980,21038.2724619626
11,"recruitment",1981,32219.3131768905
11,"recruitment",1982,17581.8666324407
11,"recruitment",1983,47988.7902438661
11,"recruitment",1984,14879.59717189
11,"recruitment",1985,31601.7703083801
11,"recruitment",1986,13693.867722928
11,"recruitment",1987,6488.82659479879
11,"recruitment",1988,5468.40796130685
11,"recruitment",1989,11167.9300102653
11,"recruitment",1990,53800.7697975397
11,"recruitment",1991,26892.2776932715
11,"recruitment",1992,23364.4367735351
11,"recruitment",1993,43178.9467417954
11,"recruitment",1994,13441.3061396479
11,"recruitment",1995,9464.63128349111
11,"recruitment",1996,22909.1244025179
11,"recruitment",1997,30373.6350013306
11,"recruitment",1998,15569.4963215492
11,"recruitment",1999,15019.5678944729
11,"recruitment",2000,25013.2522527477
11,"recruitment",2001,33099.9363111335
11,"recruitment",2002,24123.3983593527
11,"recruitment",2003,14173.7883041231
11,"recruitment",2004,6262.79563282715
11,"recruitment",2005,4065.8738080189
11,"recruitment",2006,11791.6660756191
11,"recruitment",2007,24151.5650795526
11,"recruitment",2008,12141.5589654988
11,"recruitment",2009,48879.3454960027
11,"recruitment",2010,21594.2133625418
11,"recruitment",2011,13495.5383323041
11,"recruitment",2012,11100.198654339
11,"recruitment",2013,45154.6688751664
11,"recruitment",2014,51464.5749032636
11,"recruitment",2015,20631.0496818912
11,"recruitment",2016,7406.62532328336
11,"recruitment",2017,7344.58152430338
11,"recruitment",2018,14308.8300423276
11,"recruitment",2019,76258.8511105253
11,"recruitment",2020,19154.8371736748
11,"recruitment",2021,15041.3803538125
11,"recruitment",2022,9920.19880742548
11,"recruitment",2023,19445.9434873029
11,"recruitment",2024,32832.0986344073
12,"SSB",1964,723.299947370958
12,"SSB",1965,703.323932470554
12,"SSB",1966,726.386743139106
12,"SSB",1967,875.252965539386
12,"SSB",1968,979.827139513331
12,"SSB",1969,1028.70120616913
12,"SSB",1970,1049.02087914296
12,"SSB",1971,1123.95207279392
12,"SSB",1972,1207.38058031352
12,"SSB",1973,1158.36835409125
12,"SSB",1974,912.889133392788
12,"SSB",1975,917.958922627985
12,"SSB",1976,916.350109177735
12,"SSB",1977,1076.72769847352
12,"SSB",1978,968.416865127261
12,"SSB",1979,884.325164262579
12,"SSB",1980,1055.27231108325
12,"SSB",1981,1648.3596316774
12,"SSB",1982,2269.43946351927
12,"SSB",1983,3053.30666600874
12,"SSB",1984,3170.00868272729
12,"SSB",1985,3590.31661366765
12,"SSB",1986,3476.2696429983
12,"SSB",1987,3496.77004610337
12,"SSB",1988,3355.20720251849
12,"SSB",1989,2943.23247612802
12,"SSB",1990,2522.30211349885
12,"SSB",1991,2043.00426553191
12,"SSB",1992,1953.90211408774
12,"SSB",1993,2575.67654209484
12,"SSB",1994,2945.30147391712
12,"SSB",1995,3112.36370050599
12,"SSB",1996,3039.85783588576
12,"SSB",1997,2936.15166252793
12,"SSB",1998,2490.72302748717
12,"SSB",1999,2632.08636515297
12,"SSB",2000,2562.56447653809
12,"SSB",2001,2657.3276624241
12,"SSB",2002,2474.16940855076
12,"SSB",2003,2480.51711038362
12,"SSB",2004,2731.49404701181
12,"SSB",2005,2405.95681924078
12,"SSB",2006,2220.78538390198
12,"SSB",2007,1833.5406772102
12,"SSB",2008,1397.33109867136
12,"SSB",2009,1462.57617805402
12,"SSB",2010,1457.17613433429
12,"SSB",2011,1756.26225073304
12,"SSB",2012,2184.0876201482
12,"SSB",2013,2526.57953356106
12,"SSB",2014,2506.01026181978
12,"SSB",2015,2418.04739650902
12,"SSB",2016,2721.936881807
12,"SSB",2017,3186.11619169841
12,"SSB",2018,3048.70188150907
12,"SSB",2019,2982.47277684113
12,"SSB",2020,2305.49301135914
12,"SSB",2021,2542.45139369002
12,"SSB",2022,3568.23528381803
12,"SSB",2023,3580.07380195532
12,"SSB",2024,3750.78040861698
12,"recruitment",1964,9834.45859750729
12,"recruitment",1965,17952.7104246547
12,"recruitment",1966,8017.5542866367
12,"recruitment",1967,17249.5912510167
12,"recruitment",1968,21603.3765982735
12,"recruitment",1969,25403.8655586963
12,"recruitment",1970,35367.5199166613
12,"recruitment",1971,16252.2743427946
12,"recruitment",1972,14569.0938602808
12,"recruitment",1973,26526.1517968689
12,"recruitment",1974,15540.1310817419
12,"recruitment",1975,17703.5011330876
12,"recruitment",1976,13531.746942371
12,"recruitment",1977,12506.9107857569
12,"recruitment",1978,24992.3671743974
12,"recruitment",1979,54369.6569316669
12,"recruitment",1980,25143.6020929078
12,"recruitment",1981,31871.5755511565
12,"recruitment",1982,15627.0936369645
12,"recruitment",1983,46050.8101383719
12,"recruitment",1984,13310.8173767798
12,"recruitment",1985,31963.832474807
12,"recruitment",1986,14025.5530498301
12,"recruitment",1987,6940.53543168653
12,"recruitment",1988,5928.90176805176
12,"recruitment",1989,12916.065086093
12,"recruitment",1990,47713.166057038
12,"recruitment",1991,26136.8796983304
12,"recruitment",1992,19009.593164642
12,"recruitment",1993,43083.3392770682
12,"recruitment",1994,13549.1982878701
12,"recruitment",1995,10237.4992259416
12,"recruitment",1996,21554.1261200796
12,"recruitment",1997,31003.9191947052
12,"recruitment",1998,13835.601533028
12,"recruitment",1999,16641.8008996868
12,"recruitment",2000,21437.1324841646
12,"recruitment",2001,33475.9310835677
12,"recruitment",2002,22016.3248826908
12,"recruitment",2003,13513.3972890493
12,"recruitment",2004,6460.42971454503
12,"recruitment",2005,4587.8100510731
12,"recruitment",2006,10386.8571244214
12,"recruitment",2007,23340.8385034365
12,"recruitment",2008,11257.2968929332
12,"recruitment",2009,46899.655463881
12,"recruitment",2010,21665.1553970409
12,"recruitment",2011,13353.3839508914
12,"recruitment",2012,12343.5826957439
12,"recruitment",2013,46635.8109843054
12,"recruitment",2014,49343.5843597906
12,"recruitment",2015,21122.8486391312
12,"recruitment",2016,7136.12131390387
12,"recruitment",2017,8497.35902250445
12,"recruitment",2018,16137.5871892979
12,"recruitment",2019,84875.9272427486
12,"recruitment",2020,22591.4025435979
12,"recruitment",2021,15818.4963592423
12,"recruitment",2022,13373.2437199738
12,"recruitment",2023,23945.9166720982
12,"recruitment",2024,18135.762430324
13,"SSB",1964,537.743610666362
13,"SSB",1965,593.164490076126
13,"SSB",1966,625.551492266294
13,"SSB",1967,762.154091175393
13,"SSB",1968,950.853569822832
13,"SSB",1969,1277.50325496014
13,"SSB",1970,1518.4958374872
13,"SSB",1971,1632.66057152544
13,"SSB",1972,1513.66581795776
13,"SSB",1973,1298.35309106143
13,"SSB",1974,952.795731521139
13,"SSB",1975,831.704949207204
13,"SSB",1976,763.893513233283
13,"SSB",1977,867.028058353266
13,"SSB",1978,733.936177233908
13,"SSB",1979,685.350776289263
13,"SSB",1980,902.970866532995
13,"SSB",1981,1469.71565268209
13,"SSB",1982,2042.21894978458
13,"SSB",1983,2743.60902330085
13,"SSB",1984,2850.13796277116
13,"SSB",1985,3303.31212993919
13,"SSB",1986,3291.60204914497
13,"SSB",1987,3473.44670571392
13,"SSB",1988,3391.18879780896
13,"SSB",1989,2997.22743449113
13,"SSB",1990,2542.84610842992
13,"SSB",1991,2021.82749446783
13,"SSB",1992,1941.18537417827
13,"SSB",1993,2629.84837678582
13,"SSB",1994,3090.87390412639
13,"SSB",1995,3239.01112583481
13,"SSB",1996,3113.8794540893
13,"SSB",1997,2996.82699233585
13,"SSB",1998,2548.87485678633
13,"SSB",1999,2747.20287792343
13,"SSB",2000,2709.87892936934
13,"SSB",2001,2798.917961976
13,"SSB",2002,2604.59499175299
13,"SSB",2003,2603.97537282104
13,"SSB",2004,2866.28051552486
13,"SSB",2005,2508.90981819203
13,"SSB",2006,2269.24870263502
13,"SSB",2007,1841.57645092534
13,"SSB",2008,1362.6027574553
13,"SSB",2009,1450.3249082791
13,"SSB",2010,1510.0520775788
13,"SSB",2011,1851.91362404921
13,"SSB",2012,2242.00819142796
13,"SSB",2013,2543.58203569755
13,"SSB",2014,2482.57357262919
13,"SSB",2015,2344.24612970112
13,"SSB",2016,2624.89430441623
13,"SSB",2017,3057.54801464115
13,"SSB",2018,2937.71845649672
13,"SSB",2019,2841.6732994455
13,"SSB",2020,2149.49374032978
13,"SSB",2021,2269.79400207029
13,"SSB",2022,3103.72177693969
13,"SSB",2023,3040.32146094008
13,"SSB",2024,3084.8465461199
13,"recruitment",1964,5539.36409242855
13,"recruitment",1965,20865.0170044726
13,"recruitment",1966,12627.8798906046
13,"recruitment",1967,33045.7836559395
13,"recruitment",1968,21198.5637239185
13,"recruitment",1969,20219.8300665239
13,"recruitment",1970,25120.4224572888
13,"recruitment",1971,15479.5223425892
13,"recruitment",1972,11451.3436627986
13,"recruitment",1973,23209.2120433017
13,"recruitment",1974,19094.9060447523
13,"recruitment",1975,13295.4683334818
13,"recruitment",1976,12314.9606414995
13,"recruitment",1977,15492.6923085574
13,"recruitment",1978,23802.5412605506
13,"recruitment",1979,52117.9073812969
13,"recruitment",1980,22414.0678622354
13,"recruitment",1981,31448.1854510808
13,"recruitment",1982,17236.5295943668
13,"recruitment",1983,46134.7452627493
13,"recruitment",1984,15236.5457789966
13,"recruitment",1985,35488.383626182
13,"recruitment",1986,12690.8556648715
13,"recruitment",1987,7085.25712705663
13,"recruitment",1988,4964.16528504996
13,"recruitment",1989,10854.8178482629
13,"recruitment",1990,49829.483372949
13,"recruitment",1991,27690.2455306831
13,"recruitment",1992,21778.2383509448
13,"recruitment",1993,40376.8097824027
13,"recruitment",1994,13902.8824536188
13,"recruitment",1995,11290.1419331641
13,"recruitment",1996,23029.3483328067
13,"recruitment",1997,32663.1225001192
13,"recruitment",1998,14605.3621726204
13,"recruitment",1999,15793.6529105355
13,"recruitment",2000,23557.7228954231
13,"recruitment",2001,34190.1915306465
13,"recruitment",2002,23611.8465955435
13,"recruitment",2003,14303.2985131496
13,"recruitment",2004,5778.4855780971
13,"recruitment",2005,4495.56903526487
13,"recruitment",2006,10405.2225784883
13,"recruitment",2007,25650.556923373
13,"recruitment",2008,12431.9787573144
13,"recruitment",2009,46758.0553015577
13,"recruitment",2010,21593.5620955283
13,"recruitment",2011,12725.2433632147
13,"recruitment",2012,12093.845927209
13,"recruitment",2013,42761.3210743124
13,"recruitment",2014,48070.2383669214
13,"recruitment",2015,22367.2857736464
13,"recruitment",2016,8266.78202658853
13,"recruitment",2017,6845.95548876637
13,"recruitment",2018,13089.1429718806
13,"recruitment",2019,74948.4321631822
13,"recruitment",2020,19073.3027015247
13,"recruitment",2021,12703.8382620521
13,"recruitment",2022,11038.8780784516
13,"recruitment",2023,18987.1686445964
13,"recruitment",2024,19040.8534649424
14,"SSB",1964,481.524246771203
14,"SSB",1965,508.848181051032
14,"SSB",1966,577.931471621723
14,"SSB",1967,697.81123300201
14,"SSB",1968,806.054260080553
14,"SSB",1969,1062.93228421936
14,"SSB",1970,1273.95080385441
14,"SSB",1971,1538.39897449445
14,"SSB",1972,1558.02767679824
14,"SSB",1973,1358.89136393933
14,"SSB",1974,1097.96101367801
14,"SSB",1975,1103.28622885802
14,"SSB",1976,968.748240581228
14,"SSB",1977,1028.65191526113
14,"SSB",1978,861.799975605729
14,"SSB",1979,757.562493856548
14,"SSB",1980,881.003588197192
14,"SSB",1981,1413.17498333461
14,"SSB",1982,1993.89639303898
14,"SSB",1983,2682.72358773544
14,"SSB",1984,2780.04083355434
14,"SSB",1985,3224.97008757422
14,"SSB",1986,3216.73882375472
14,"SSB",1987,3369.65165284089
14,"SSB",1988,3267.71043736635
14,"SSB",1989,2891.5630706406
14,"SSB",1990,2465.94790089378
14,"SSB",1991,1939.11484455794
14,"SSB",1992,1851.32581589963
14,"SSB",1993,2527.49367622449
14,"SSB",1994,2977.57679539969
14,"SSB",1995,3174.59036967612
14,"SSB",1996,3112.83153634568
14,"SSB",1997,3029.74107142058
14,"SSB",1998,2574.73441784393
14,"SSB",1999,2680.6391425467
14,"SSB",2000,2572.25708333045
14,"SSB",2001,2557.19062937642
14,"SSB",2002,2366.82538452849
14,"SSB",2003,2436.90535072973
14,"SSB",2004,2742.22155303711
14,"SSB",2005,2414.41346969328
14,"SSB",2006,2209.75100483028
14,"SSB",2007,1783.73171619428
14,"SSB",2008,1325.04830477089
14,"SSB",2009,1413.04790443567
14,"SSB",2010,1461.39272227795
14,"SSB",2011,1789.37537253682
14,"SSB",2012,2216.56930812474
14,"SSB",2013,2581.36144365963
14,"SSB",2014,2508.55911802346
14,"SSB",2015,2310.80332012678
14,"SSB",2016,2606.73401886606
14,"SSB",2017,3087.96696936111
14,"SSB",2018,2967.01862080436
14,"SSB",2019,2938.63783887335
14,"SSB",2020,2258.26572444581
14,"SSB",2021,2380.95360025037
14,"SSB",2022,3173.31587869054
14,"SSB",2023,3022.06854605774
14,"SSB",2024,3017.06537683666
14,"recruitment",1964,7360.81622248126
14,"recruitment",1965,14431.8759859856
14,"recruitment",1966,13409.2391311657
14,"recruitment",1967,28592.8817947307
14,"recruitment",1968,18634.4344435672
14,"recruitment",1969,38509.6013944192
14,"recruitment",1970,18804.9761687033
14,"recruitment",1971,16953.5276934851
14,"recruitment",1972,16659.0398091167
14,"recruitment",1973,25554.3473434336
14,"recruitment",1974,15454.8725344993
14,"recruitment",1975,16173.7942581655
14,"recruitment",1976,10774.4706617259
14,"recruitment",1977,13056.8022435769
14,"recruitment",1978,21946.2395459844
14,"recruitment",1979,53319.6168356505
14,"recruitment",1980,23481.5350642277
14,"recruitment",1981,28214.9148641142
14,"recruitment",1982,15743.8290925243
14,"recruitment",1983,46412.1829442673
14,"recruitment",1984,14769.467826932
14,"recruitment",1985,32796.3105803963
14,"recruitment",1986,13228.6559545233
14,"recruitment",1987,7628.28521548713
14,"recruitment",1988,4852.42852103225
14,"recruitment",1989,10233.3713206134
14,"recruitment",1990,48097.3359916584
14,"recruitment",1991,28072.6305350787
14,"recruitment",1992,21039.56166895
14,"recruitment",1993,43103.5773857234
14,"recruitment",1994,14625.2310025046
14,"recruitment",1995,10750.6182753434
14,"recruitment",1996,22100.1923008661
14,"recruitment",1997,27192.4687031195
14,"recruitment",1998,13919.2936280728
14,"recruitment",1999,16573.8970223907
14,"recruitment",2000,23643.4244480121
14,"recruitment",2001,33684.4937280532
14,"recruitment",2002,22731.2690569536
14,"recruitment",2003,13569.1931839806
14,"recruitment",2004,5685.73338685984
14,"recruitment",2005,4350.41756950366
14,"recruitment",2006,10965.0383105876
14,"recruitment",2007,25215.3400179646
14,"recruitment",2008,11175.4905656824
14,"recruitment",2009,48798.0050361538
14,"recruitment",2010,22754.6131613818
14,"recruitment",2011,13693.3740271826
14,"recruitment",2012,11404.2537557382
14,"recruitment",2013,42729.6426802893
14,"recruitment",2014,48609.1009200001
14,"recruitment",2015,20600.944257725
14,"recruitment",2016,8610.15171890665
14,"recruitment",2017,8222.07062638216
14,"recruitment",2018,16351.522812071
14,"recruitment",2019,74222.2163899296
14,"recruitment",2020,16105.5254141098
14,"recruitment",2021,12866.8214881449
14,"recruitment",2022,11238.279578528
14,"recruitment",2023,17694.17568158
14,"recruitment",2024,24691.340635728
15,"SSB",1964,715.613821639107
15,"SSB",1965,745.553540319536
15,"SSB",1966,798.37843604534
15,"SSB",1967,918.272878873915
15,"SSB",1968,1082.76668856302
15,"SSB",1969,1271.88148080888
15,"SSB",1970,1315.93787318939
15,"SSB",1971,1347.53427819903
15,"SSB",1972,1345.80166660564
15,"SSB",1973,1171.81491529724
15,"SSB",1974,891.263236261858
15,"SSB",1975,833.94535468098
15,"SSB",1976,924.157917094245
15,"SSB",1977,1262.73012004431
15,"SSB",1978,1102.51836542201
15,"SSB",1979,927.470233964132
15,"SSB",1980,1038.89652032068
15,"SSB",1981,1552.24821500762
15,"SSB",1982,2106.90585355147
15,"SSB",1983,2786.88188913757
15,"SSB",1984,2884.7703296262
15,"SSB",1985,3427.48123213496
15,"SSB",1986,3404.5493081894
15,"SSB",1987,3495.41267900012
15,"SSB",1988,3378.0575567543
15,"SSB",1989,2963.65419710106
15,"SSB",1990,2484.53533901012
15,"SSB",1991,1960.35932246987
15,"SSB",1992,1906.59976243196
15,"SSB",1993,2616.99373646744
15,"SSB",1994,3068.17435441596
15,"SSB",1995,3239.40113664964
15,"SSB",1996,3136.68057610092
15,"SSB",1997,2990.60893181316
15,"SSB",1998,2509.59928888783
15,"SSB",1999,2636.50445237749
15,"SSB",2000,2582.89223420603
15,"SSB",2001,2654.49317561487
15,"SSB",2002,2437.21659157537
15,"SSB",2003,2506.21600829356
15,"SSB",2004,2832.35003719893
15,"SSB",2005,2487.06016174214
15,"SSB",2006,2267.03407541223
15,"SSB",2007,1867.46545204182
15,"SSB",2008,1420.61655958964
15,"SSB",2009,1500.26151874021
15,"SSB",2010,1529.58125958566
15,"SSB",2011,1902.15159066045
15,"SSB",2012,2368.0947925839
15,"SSB",2013,2738.00575343036
15,"SSB",2014,2676.08514823643
15,"SSB",2015,2484.30573004483
15,"SSB",2016,2696.72689787139
15,"SSB",2017,3080.40724359545
15,"SSB",2018,2903.89011047443
15,"SSB",2019,2789.57912508109
15,"SSB",2020,2098.28182806169
15,"SSB",2021,2226.85911721447
15,"SSB",2022,3012.68512429323
15,"SSB",2023,2881.32517605582
15,"SSB",2024,2864.34591322724
15,"recruitment",1964,5025.22691851242
15,"recruitment",1965,18712.8779620354
15,"recruitment",1966,16501.7116935804
15,"recruitment",1967,20100.5883749165
15,"recruitment",1968,18788.1368178074
15,"recruitment",1969,24396.2792843839
15,"recruitment",1970,34197.3719030671
15,"recruitment",1971,9556.4359723205
15,"recruitment",1972,15708.3282779526
15,"recruitment",1973,23216.9268667653
15,"recruitment",1974,33162.4298491593
15,"recruitment",1975,15165.4876103244
15,"recruitment",1976,10002.657966394
15,"recruitment",1977,13222.4245573131
15,"recruitment",1978,24219.0366725194
15,"recruitment",1979,50730.993034502
15,"recruitment",1980,25298.88777047
15,"recruitment",1981,29113.7286564661
15,"recruitment",1982,17480.7145153092
15,"recruitment",1983,51090.8106934754
15,"recruitment",1984,11141.7977716391
15,"recruitment",1985,33770.843466996
15,"recruitment",1986,12871.7631680793
15,"recruitment",1987,6494.16894751152
15,"recruitment",1988,5741.93740879237
15,"recruitment",1989,11570.8058677428
15,"recruitment",1990,49789.8945537447
15,"recruitment",1991,27210.4831214195
15,"recruitment",1992,21376.5657999966
15,"recruitment",1993,41754.1126157686
15,"recruitment",1994,14976.2034725477
15,"recruitment",1995,9561.6283421578
15,"recruitment",1996,21947.5259048769
15,"recruitment",1997,31037.647775978
15,"recruitment",1998,13302.3105315759
15,"recruitment",1999,16031.6637243874
15,"recruitment",2000,23406.2183077064
15,"recruitment",2001,35095.433361709
15,"recruitment",2002,22364.4131081001
15,"recruitment",2003,14135.8994648152
15,"recruitment",2004,5876.99727836876
15,"recruitment",2005,4500.07732071426
15,"recruitment",2006,10862.0704860807
15,"recruitment",2007,24802.5187693941
15,"recruitment",2008,13713.0768805612
15,"recruitment",2009,49366.0803926858
15,"recruitment",2010,23132.4355874381
15,"recruitment",2011,13988.3769324896
15,"recruitment",2012,10907.8536609554
15,"recruitment",2013,43571.7235326309
15,"recruitment",2014,47669.2287492421
15,"recruitment",2015,20498.871373525
15,"recruitment",2016,7929.96721515135
15,"recruitment",2017,7567.31120469248
15,"recruitment",2018,13769.6683411353
15,"recruitment",2019,73270.8265691901
15,"recruitment",2020,16985.4935099517
15,"recruitment",2021,11313.1719936333
15,"recruitment",2022,12920.4839701545
15,"recruitment",2023,13586.7311199166
15,"recruitment",2024,10627.3346194919
16,"SSB",1964,706.305098865025
16,"SSB",1965,704.674633266276
16,"SSB",1966,723.493974527648
16,"SSB",1967,832.281867394154
16,"SSB",1968,939.055737231098
16,"SSB",1969,1012.84598054749
16,"SSB",1970,1045.93334038281
16,"SSB",1971,1209.45233128606
16,"SSB",1972,1249.12818198151
16,"SSB",1973,1089.02646300931
16,"SSB",1974,787.241191853333
16,"SSB",1975,786.775773847144
16,"SSB",1976,782.419932780029
16,"SSB",1977,928.831726619026
16,"SSB",1978,861.572366142374
16,"SSB",1979,787.923718068277
16,"SSB",1980,889.117653710879
16,"SSB",1981,1437.91195097581
16,"SSB",1982,2101.70007690086
16,"SSB",1983,2860.19595154356
16,"SSB",1984,3041.74185033466
16,"SSB",1985,3670.64345475605
16,"SSB",1986,3703.79160877972
16,"SSB",1987,3797.74095576071
16,"SSB",1988,3601.36244523567
16,"SSB",1989,3091.25228709402
16,"SSB",1990,2582.63150563794
16,"SSB",1991,2017.85185611286
16,"SSB",1992,1955.88642912355
16,"SSB",1993,2676.64583946785
16,"SSB",1994,3129.22330731147
16,"SSB",1995,3326.75459299499
16,"SSB",1996,3191.40987244411
16,"SSB",1997,3037.40045848565
16,"SSB",1998,2572.23972550703
16,"SSB",1999,2728.68229580383
16,"SSB",2000,2658.90577141986
16,"SSB",2001,2726.23857490494
16,"SSB",2002,2543.68086218441
16,"SSB",2003,2609.80052742327
16,"SSB",2004,2946.00599169129
16,"SSB",2005,2576.594207678
16,"SSB",2006,2318.22019004183
16,"SSB",2007,1886.39068612598
16,"SSB",2008,1434.71290232524
16,"SSB",2009,1537.51692066984
16,"SSB",2010,1558.1236175518
16,"SSB",2011,1898.19569312728
16,"SSB",2012,2265.85457206822
16,"SSB",2013,2558.43720855262
16,"SSB",2014,2506.75124419893
16,"SSB",2015,2380.37071659598
16,"SSB",2016,2660.48650863338
16,"SSB",2017,3070.66562635326
16,"SSB",2018,2898.16784891053
16,"SSB",2019,2811.17420177761
16,"SSB",2020,2172.4729832845
16,"SSB",2021,2326.3333098348
16,"SSB",2022,3104.34356971318
16,"SSB",2023,2966.88279896944
16,"SSB",2024,2947.49663107797
16,"recruitment",1964,5913.15149482037
16,"recruitment",1965,18000.2290391988
16,"recruitment",1966,11187.9325485114
16,"recruitment",1967,15542.9358301295
16,"recruitment",1968,21214.0756754653
16,"recruitment",1969,32364.844332502
16,"recruitment",1970,27285.7475151575
16,"recruitment",1971,12799.9395691795
16,"recruitment",1972,9356.79336149028
16,"recruitment",1973,35063.6593565084
16,"recruitment",1974,15299.8006667669
16,"recruitment",1975,18631.5695860328
16,"recruitment",1976,14234.6972807987
16,"recruitment",1977,9620.93220610861
16,"recruitment",1978,21116.371876793
16,"recruitment",1979,57434.0478597442
16,"recruitment",1980,27599.1561211552
16,"recruitment",1981,30814.2696453606
16,"recruitment",1982,20905.8646645824
16,"recruitment",1983,55775.7122602294
16,"recruitment",1984,12568.7583453585
16,"recruitment",1985,32520.6447027682
16,"recruitment",1986,11714.3950655003
16,"recruitment",1987,5782.19578481693
16,"recruitment",1988,4541.68042894836
16,"recruitment",1989,11691.5995692147
16,"recruitment",1990,50939.1155085241
16,"recruitment",1991,26019.3644319604
16,"recruitment",1992,22063.7111471282
16,"recruitment",1993,41309.2753128983
16,"recruitment",1994,13359.2938777588
16,"recruitment",1995,11970.6483040713
16,"recruitment",1996,22080.3352179536
16,"recruitment",1997,29819.6227160165
16,"recruitment",1998,13918.7210260296
16,"recruitment",1999,16352.8380843575
16,"recruitment",2000,24943.7908897042
16,"recruitment",2001,36269.5231239697
16,"recruitment",2002,22175.2056014924
16,"recruitment",2003,14439.661325155
16,"recruitment",2004,6023.45114916359
16,"recruitment",2005,4991.12708360479
16,"recruitment",2006,11136.9109219327
16,"recruitment",2007,25536.1485655039
16,"recruitment",2008,11454.0905611326
16,"recruitment",2009,46970.9368571643
16,"recruitment",2010,20830.8778751163
16,"recruitment",2011,13257.7913139384
16,"recruitment",2012,11431.0928011141
16,"recruitment",2013,43818.2389785153
16,"recruitment",2014,48001.994575701
16,"recruitment",2015,18454.5242230246
16,"recruitment",2016,7513.85133046695
16,"recruitment",2017,8015.17244194707
16,"recruitment",2018,14878.8556150142
16,"recruitment",2019,73386.8951153832
16,"recruitment",2020,16997.8106120572
16,"recruitment",2021,12174.9816199428
16,"recruitment",2022,11177.3427421579
16,"recruitment",2023,17090.7236355467
16,"recruitment",2024,10747.0583342131
17,"SSB",1964,748.325046404924
17,"SSB",1965,699.777219881357
17,"SSB",1966,668.845134638755
17,"SSB",1967,796.899051771713
17,"SSB",1968,1028.05540404244
17,"SSB",1969,1238.46083731406
17,"SSB",1970,1268.02443184345
17,"SSB",1971,1313.15377863798
17,"SSB",1972,1196.3215794691
17,"SSB",1973,995.808977437684
17,"SSB",1974,743.702538454296
17,"SSB",1975,756.653223411408
17,"SSB",1976,830.40909010309
17,"SSB",1977,1118.60352559771
17,"SSB",1978,1023.15290004157
17,"SSB",1979,923.337953096553
17,"SSB",1980,1013.54835658858
17,"SSB",1981,1511.29844653072
17,"SSB",1982,2093.03040611118
17,"SSB",1983,2866.42222532252
17,"SSB",1984,3057.35173902819
17,"SSB",1985,3583.14721476986
17,"SSB",1986,3536.07822695167
17,"SSB",1987,3654.65325241603
17,"SSB",1988,3533.39788831118
17,"SSB",1989,3114.36638031452
17,"SSB",1990,2636.68898662323
17,"SSB",1991,2098.54056981029
17,"SSB",1992,2018.73127348069
17,"SSB",1993,2640.14814680226
17,"SSB",1994,3031.29846270796
17,"SSB",1995,3182.9845368176
17,"SSB",1996,3113.2268136795
17,"SSB",1997,3021.69048416972
17,"SSB",1998,2562.19643414726
17,"SSB",1999,2713.93942582051
17,"SSB",2000,2643.23237808949
17,"SSB",2001,2711.41846894135
17,"SSB",2002,2529.86824006716
17,"SSB",2003,2570.25776747425
17,"SSB",2004,2867.79377797357
17,"SSB",2005,2504.2742970591
17,"SSB",2006,2274.53490977675
17,"SSB",2007,1836.61732929323
17,"SSB",2008,1330.38199803072
17,"SSB",2009,1391.60411241454
17,"SSB",2010,1452.18099663477
17,"SSB",2011,1828.70878608923
17,"SSB",2012,2260.76489919662
17,"SSB",2013,2592.04732724503
17,"SSB",2014,2599.93418663063
17,"SSB",2015,2424.01141483761
17,"SSB",2016,2613.05914132825
17,"SSB",2017,2958.52826305632
17,"SSB",2018,2732.37123981142
17,"SSB",2019,2599.1894211388
17,"SSB",2020,1931.08848369241
17,"SSB",2021,2032.27001118558
17,"SSB",2022,2804.77306766525
17,"SSB",2023,2771.8612439359
17,"SSB",2024,2842.10787407279
17,"recruitment",1964,5970.67033951661
17,"recruitment",1965,21016.7860905379
17,"recruitment",1966,16125.3539030047
17,"recruitment",1967,21091.8418004428
17,"recruitment",1968,14863.0672743239
17,"recruitment",1969,26756.0699742149
17,"recruitment",1970,21905.3666321811
17,"recruitment",1971,16952.5094750132
17,"recruitment",1972,14292.5264953078
17,"recruitment",1973,29370.9472212119
17,"recruitment",1974,20974.88759657
17,"recruitment",1975,15767.8957833617
17,"recruitment",1976,13408.8654562635
17,"recruitment",1977,11028.5530818772
17,"recruitment",1978,24536.1866149999
17,"recruitment",1979,53232.278823431
17,"recruitment",1980,26129.4081846053
17,"recruitment",1981,32489.7182051197
17,"recruitment",1982,17316.8913564117
17,"recruitment",1983,48570.7895812483
17,"recruitment",1984,16220.2995297009
17,"recruitment",1985,32473.6049713827
17,"recruitment",1986,13579.4744504968
17,"recruitment",1987,7361.86672381958
17,"recruitment",1988,6288.82918457238
17,"recruitment",1989,10845.0302078255
17,"recruitment",1990,48095.1667281453
17,"recruitment",1991,24354.566630272
17,"recruitment",1992,21742.0206837004
17,"recruitment",1993,43375.0334474129
17,"recruitment",1994,14092.7240597974
17,"recruitment",1995,10467.6302909498
17,"recruitment",1996,23578.3721830341
17,"recruitment",1997,29778.0421131068
17,"recruitment",1998,14616.4570748939
17,"recruitment",1999,15647.973593342
17,"recruitment",2000,23552.5615744634
17,"recruitment",2001,35519.0610654176
17,"recruitment",2002,22513.6445472644
17,"recruitment",2003,13254.251613719
17,"recruitment",2004,6137.84931621456
17,"recruitment",2005,3750.55340378018
17,"recruitment",2006,10455.0208652032
17,"recruitment",2007,24045.7220071097
17,"recruitment",2008,12693.1269091349
17,"recruitment",2009,48231.2453868484
17,"recruitment",2010,21374.7380789429
17,"recruitment",2011,13684.987030943
17,"recruitment",2012,12459.905876658
17,"recruitment",2013,40355.4384817161
17,"recruitment",2014,44327.4877608972
17,"recruitment",2015,18692.0775469315
17,"recruitment",2016,6329.69678173995
17,"recruitment",2017,6837.5538384786
17,"recruitment",2018,13969.1603239783
17,"recruitment",2019,69375.658258395
17,"recruitment",2020,19551.3908969599
17,"recruitment",2021,14318.0326254884
17,"recruitment",2022,10000.2218006482
17,"recruitment",2023,19035.5290104615
17,"recruitment",2024,24793.2885056464
18,"SSB",1964,648.792159004061
18,"SSB",1965,630.267421735401
18,"SSB",1966,644.898053559047
18,"SSB",1967,742.993927373618
18,"SSB",1968,867.558369813013
18,"SSB",1969,1027.81687667042
18,"SSB",1970,1070.00965647107
18,"SSB",1971,1169.30415265152
18,"SSB",1972,1077.08210720706
18,"SSB",1973,893.978884815925
18,"SSB",1974,714.747200680311
18,"SSB",1975,793.012755018601
18,"SSB",1976,920.342194128654
18,"SSB",1977,1184.18468232388
18,"SSB",1978,985.529645248068
18,"SSB",1979,884.120918164246
18,"SSB",1980,1077.35860759803
18,"SSB",1981,1601.26000942022
18,"SSB",1982,2166.19383262222
18,"SSB",1983,2901.12300691984
18,"SSB",1984,3096.76387373806
18,"SSB",1985,3619.73530092235
18,"SSB",1986,3550.76753347975
18,"SSB",1987,3628.52690346439
18,"SSB",1988,3513.49230786559
18,"SSB",1989,3079.27920752827
18,"SSB",1990,2604.73577602633
18,"SSB",1991,2105.92953198112
18,"SSB",1992,1991.96751288543
18,"SSB",1993,2649.27671938232
18,"SSB",1994,3058.1821996841
18,"SSB",1995,3249.59302755343
18,"SSB",1996,3162.88910477617
18,"SSB",1997,3043.58775666971
18,"SSB",1998,2577.32589536931
18,"SSB",1999,2719.8116981153
18,"SSB",2000,2647.86319187473
18,"SSB",2001,2707.63379443831
18,"SSB",2002,2513.25199826206
18,"SSB",2003,2526.22533888099
18,"SSB",2004,2781.84370405702
18,"SSB",2005,2417.01176515515
18,"SSB",2006,2191.12306780479
18,"SSB",2007,1798.05067775508
18,"SSB",2008,1365.1729445345
18,"SSB",2009,1438.50022484945
18,"SSB",2010,1478.75730549244
18,"SSB",2011,1836.92791954456
18,"SSB",2012,2234.55075851606
18,"SSB",2013,2597.85778748756
18,"SSB",2014,2597.5254528502
18,"SSB",2015,2428.39461984955
18,"SSB",2016,2685.35878040217
18,"SSB",2017,3091.47514282114
18,"SSB",2018,2886.24311940648
18,"SSB",2019,2734.4927413787
18,"SSB",2020,2075.57074352075
18,"SSB",2021,2303.41044707612
18,"SSB",2022,3286.08684147738
18,"SSB",2023,3276.27079171995
18,"SSB",2024,3435.99397792449
18,"recruitment",1964,6580.44252959248
18,"recruitment",1965,15644.3668415288
18,"recruitment",1966,15369.4816361794
18,"recruitment",1967,22810.1550859902
18,"recruitment",1968,14354.8073812713
18,"recruitment",1969,30148.7674239888
18,"recruitment",1970,18539.5678999573
18,"recruitment",1971,19297.0530369466
18,"recruitment",1972,16640.4029868863
18,"recruitment",1973,32548.0133748671
18,"recruitment",1974,23487.4778193423
18,"recruitment",1975,12029.8896650519
18,"recruitment",1976,11788.4110480836
18,"recruitment",1977,16471.8442818652
18,"recruitment",1978,23187.9722076591
18,"recruitment",1979,52332.4627277814
18,"recruitment",1980,26616.184080171
18,"recruitment",1981,33692.1846556752
18,"recruitment",1982,21735.0270789553
18,"recruitment",1983,44668.7039880702
18,"recruitment",1984,14348.1608054232
18,"recruitment",1985,35219.5783997372
18,"recruitment",1986,13102.6477897355
18,"recruitment",1987,6728.45372720964
18,"recruitment",1988,5209.91397187627
18,"recruitment",1989,11277.3092143788
18,"recruitment",1990,49657.417876445
18,"recruitment",1991,24592.4094121553
18,"recruitment",1992,20904.4580467655
18,"recruitment",1993,43602.5780031157
18,"recruitment",1994,14635.0459492622
18,"recruitment",1995,11272.3361325504
18,"recruitment",1996,22489.7216507869
18,"recruitment",1997,29394.0603384493
18,"recruitment",1998,15640.7940526638
18,"recruitment",1999,15461.2100326114
18,"recruitment",2000,24916.4557468728
18,"recruitment",2001,33394.0532150419
18,"recruitment",2002,21547.3554052834
18,"recruitment",2003,13199.6808301963
18,"recruitment",2004,6593.41710998959
18,"recruitment",2005,4466.20731507026
18,"recruitment",2006,11405.5129531216
18,"recruitment",2007,24254.105635412
18,"recruitment",2008,11874.58205969
18,"recruitment",2009,46837.4906082086
18,"recruitment",2010,22144.7121005162
18,"recruitment",2011,13857.2701447506
18,"recruitment",2012,12145.1403389062
18,"recruitment",2013,43433.8995793258
18,"recruitment",2014,48011.746675107
18,"recruitment",2015,17994.6546733388
18,"recruitment",2016,7194.8950651386
18,"recruitment",2017,8146.6739106353
18,"recruitment",2018,14079.0015885381
18,"recruitment",2019,84384.3523443786
18,"recruitment",2020,20139.9789064738
18,"recruitment",2021,14299.7169136607
18,"recruitment",2022,15642.1413542274
18,"recruitment",2023,18379.5890396695
18,"recruitment",2024,20013.4634009876
19,"SSB",1964,512.468215809779
19,"SSB",1965,539.468225691891
19,"SSB",1966,602.263633653237
19,"SSB",1967,870.027314421069
19,"SSB",1968,1180.42134569092
19,"SSB",1969,1340.3981326707
19,"SSB",1970,1416.50828370952
19,"SSB",1971,1546.82774678664
19,"SSB",1972,1447.83809426888
19,"SSB",1973,1244.19144698907
19,"SSB",1974,913.881993258015
19,"SSB",1975,880.548267880354
19,"SSB",1976,917.074861552191
19,"SSB",1977,1095.8344476705
19,"SSB",1978,930.190209630882
19,"SSB",1979,861.073032772265
19,"SSB",1980,1058.46446449174
19,"SSB",1981,1638.42947653021
19,"SSB",1982,2241.51359857662
19,"SSB",1983,2970.55137588924
19,"SSB",1984,3068.3752233686
19,"SSB",1985,3627.43411233167
19,"SSB",1986,3603.18609186061
19,"SSB",1987,3662.62358280894
19,"SSB",1988,3492.8349014814
19,"SSB",1989,3059.08379046407
19,"SSB",1990,2635.86579753194
19,"SSB",1991,2143.62121750152
19,"SSB",1992,2036.08048880371
19,"SSB",1993,2694.26812229115
19,"SSB",1994,3083.13260555446
19,"SSB",1995,3248.20146076827
19,"SSB",1996,3171.11384711032
19,"SSB",1997,3020.50927654254
19,"SSB",1998,2538.32874158862
19,"SSB",1999,2652.09460041235
19,"SSB",2000,2554.21793531426
19,"SSB",2001,2626.43495229948
19,"SSB",2002,2440.43562120338
19,"SSB",2003,2526.5471713195
19,"SSB",2004,2895.97715599815
19,"SSB",2005,2565.0280568724
19,"SSB",2006,2314.01917129095
19,"SSB",2007,1862.94355033668
19,"SSB",2008,1413.67075219558
19,"SSB",2009,1479.25726224202
19,"SSB",2010,1518.0687525711
19,"SSB",2011,1855.14666039319
19,"SSB",2012,2279.54879416988
19,"SSB",2013,2654.83569508628
19,"SSB",2014,2652.46202993848
19,"SSB",2015,2508.21805077793
19,"SSB",2016,2796.37711230477
19,"SSB",2017,3250.68510036997
19,"SSB",2018,3041.66333291945
19,"SSB",2019,2922.76915344495
19,"SSB",2020,2219.11567837903
19,"SSB",2021,2510.75012102145
19,"SSB",2022,3553.92636283101
19,"SSB",2023,3531.01859164325
19,"SSB",2024,3649.46925188133
19,"recruitment",1964,6340.42645418437
19,"recruitment",1965,28964.7532030083
19,"recruitment",1966,11980.6779410173
19,"recruitment",1967,17094.773164732
19,"recruitment",1968,24838.9187344224
19,"recruitment",1969,24809.3982889151
19,"recruitment",1970,23678.3432517309
19,"recruitment",1971,16553.252467354
19,"recruitment",1972,7987.50365800534
19,"recruitment",1973,30939.9932499465
19,"recruitment",1974,19379.5497954973
19,"recruitment",1975,15417.2026556976
19,"recruitment",1976,12446.7888441748
19,"recruitment",1977,13061.816078549
19,"recruitment",1978,25383.0566676171
19,"recruitment",1979,54623.6716093038
19,"recruitment",1980,23834.9634502175
19,"recruitment",1981,29984.7914657452
19,"recruitment",1982,18376.7054172528
19,"recruitment",1983,53337.8839364637
19,"recruitment",1984,13187.0439481503
19,"recruitment",1985,33468.6664444725
19,"recruitment",1986,13220.5615286911
19,"recruitment",1987,8012.06328520959
19,"recruitment",1988,5590.72875852973
19,"recruitment",1989,10445.4952045805
19,"recruitment",1990,50756.0804618242
19,"recruitment",1991,24638.7828181691
19,"recruitment",1992,19769.9974985222
19,"recruitment",1993,44307.8055587294
19,"recruitment",1994,13289.9450666208
19,"recruitment",1995,10001.1656139677
19,"recruitment",1996,22254.8860872096
19,"recruitment",1997,28767.3731930848
19,"recruitment",1998,14100.7756611697
19,"recruitment",1999,16150.5567558248
19,"recruitment",2000,23601.1685391966
19,"recruitment",2001,35765.8797134659
19,"recruitment",2002,23285.953997682
19,"recruitment",2003,14226.2786743586
19,"recruitment",2004,6236.89587421085
19,"recruitment",2005,4224.81929444437
19,"recruitment",2006,11334.1723874691
19,"recruitment",2007,24962.588311219
19,"recruitment",2008,12694.4436519017
19,"recruitment",2009,47191.0159902157
19,"recruitment",2010,23675.9670791827
19,"recruitment",2011,14027.1702814245
19,"recruitment",2012,13535.9145221218
19,"recruitment",2013,43951.9841855246
19,"recruitment",2014,49329.3020543938
19,"recruitment",2015,19376.0784400943
19,"recruitment",2016,7076.16441624996
19,"recruitment",2017,7153.34493186537
19,"recruitment",2018,14520.2537173018
19,"recruitment",2019,91782.8067930413
19,"recruitment",2020,18434.4687145699
19,"recruitment",2021,11439.3958308218
19,"recruitment",2022,14582.3763344532
19,"recruitment",2023,21970.8867403863
19,"recruitment",2024,21341.3726102809
20,"SSB",1964,592.593198095553
20,"SSB",1965,641.520445824776
20,"SSB",1966,720.355253721845
20,"SSB",1967,938.880567981453
20,"SSB",1968,1123.53668046358
20,"SSB",1969,1270.4715792103
20,"SSB",1970,1360.77715745622
20,"SSB",1971,1394.99025069071
20,"SSB",1972,1308.33740783116
20,"SSB",1973,1190.16616724571
20,"SSB",1974,909.892258550496
20,"SSB",1975,843.891529437636
20,"SSB",1976,897.950828015567
20,"SSB",1977,1174.81965456978
20,"SSB",1978,1101.27706679698
20,"SSB",1979,996.667262746792
20,"SSB",1980,1097.88563696709
20,"SSB",1981,1560.15573568281
20,"SSB",1982,2116.31453352826
20,"SSB",1983,2787.65541781693
20,"SSB",1984,2794.82622923926
20,"SSB",1985,3239.75323340612
20,"SSB",1986,3242.3533537239
20,"SSB",1987,3414.58541152075
20,"SSB",1988,3330.52335101768
20,"SSB",1989,2948.38560404851
20,"SSB",1990,2570.69403213467
20,"SSB",1991,2094.32013221306
20,"SSB",1992,1964.18075602828
20,"SSB",1993,2606.59460815571
20,"SSB",1994,3055.04679790123
20,"SSB",1995,3233.10820333224
20,"SSB",1996,3151.79349449314
20,"SSB",1997,3077.11647004252
20,"SSB",1998,2637.17690272242
20,"SSB",1999,2793.95094239101
20,"SSB",2000,2717.39595556132
20,"SSB",2001,2740.53389200208
20,"SSB",2002,2525.95312575878
20,"SSB",2003,2575.16992367552
20,"SSB",2004,2893.74910717332
20,"SSB",2005,2527.51346472629
20,"SSB",2006,2251.86687817001
20,"SSB",2007,1830.24765343481
20,"SSB",2008,1358.52346120473
20,"SSB",2009,1451.79519726988
20,"SSB",2010,1489.47871784699
20,"SSB",2011,1835.44243575834
20,"SSB",2012,2238.15607546952
20,"SSB",2013,2575.31740629442
20,"SSB",2014,2502.49777913987
20,"SSB",2015,2396.7445458711
20,"SSB",2016,2753.71661141662
20,"SSB",2017,3261.41230861222
20,"SSB",2018,3144.51215445324
20,"SSB",2019,3010.78242909637
20,"SSB",2020,2243.2900639193
20,"SSB",2021,2377.92176473691
20,"SSB",2022,3271.13439532369
20,"SSB",2023,3248.0827398449
20,"SSB",2024,3318.95824968644
20,"recruitment",1964,10835.188492152
20,"recruitment",1965,21037.7405793521
20,"recruitment",1966,9730.55656719533
20,"recruitment",1967,23913.5670940346
20,"recruitment",1968,21472.9533139654
20,"recruitment",1969,19603.0901001187
20,"recruitment",1970,28827.6898594101
20,"recruitment",1971,15801.3255280644
20,"recruitment",1972,12685.8443117173
20,"recruitment",1973,26869.1358744559
20,"recruitment",1974,22686.969379373
20,"recruitment",1975,19506.892147378
20,"recruitment",1976,11443.7720122675
20,"recruitment",1977,12455.1812764195
20,"recruitment",1978,21127.6154632865
20,"recruitment",1979,52224.9806894696
20,"recruitment",1980,25338.2798493213
20,"recruitment",1981,24835.3959046705
20,"recruitment",1982,14886.2876611051
20,"recruitment",1983,48742.4853592325
20,"recruitment",1984,15006.1350448968
20,"recruitment",1985,35972.7360521
20,"recruitment",1986,12776.8252256626
20,"recruitment",1987,7737.54127744706
20,"recruitment",1988,6595.08146517835
20,"recruitment",1989,11134.4733990682
20,"recruitment",1990,48168.0716603396
20,"recruitment",1991,26154.5841653162
20,"recruitment",1992,20305.6752431239
20,"recruitment",1993,43538.1809813197
20,"recruitment",1994,14605.6533129629
20,"recruitment",1995,10809.0720283645
20,"recruitment",1996,22392.8269508
20,"recruitment",1997,30062.0937778907
20,"recruitment",1998,15263.5052244954
20,"recruitment",1999,14714.1828871833
20,"recruitment",2000,23546.6400039166
20,"recruitment",2001,34513.4578881353
20,"recruitment",2002,23603.430561008
20,"recruitment",2003,13794.635877262
20,"recruitment",2004,6746.5363730967
20,"recruitment",2005,3999.32738641084
20,"recruitment",2006,10923.469901853
20,"recruitment",2007,24533.5275543829
20,"recruitment",2008,13255.0115543106
20,"recruitment",2009,47116.6108973867
20,"recruitment",2010,21742.9303144501
20,"recruitment",2011,12471.3264287712
20,"recruitment",2012,11204.0519277053
20,"recruitment",2013,46823.6607254438
20,"recruitment",2014,49633.496500445
20,"recruitment",2015,21207.1343042077
20,"recruitment",2016,8291.16609146166
20,"recruitment",2017,7210.04896076154
20,"recruitment",2018,15812.0148019994
20,"recruitment",2019,75780.4216853197
20,"recruitment",2020,22879.7156946151
20,"recruitment",2021,13519.1281995903
20,"recruitment",2022,9159.51241402641
20,"recruitment",2023,16372.7893431626
20,"recruitment",2024,23137.9937043069
21,"SSB",1964,571.44175500322
21,"SSB",1965,554.80549665265
21,"SSB",1966,613.017825522401
21,"SSB",1967,750.421102994633
21,"SSB",1968,872.448843885936
21,"SSB",1969,1106.87630698442
21,"SSB",1970,1365.61497633084
21,"SSB",1971,1563.77340364643
21,"SSB",1972,1519.43987833447
21,"SSB",1973,1338.9543043959
21,"SSB",1974,1040.59401422804
21,"SSB",1975,1031.60742843846
21,"SSB",1976,933.905192401414
21,"SSB",1977,996.299884449084
21,"SSB",1978,811.642396335539
21,"SSB",1979,776.997930079579
21,"SSB",1980,1015.18561398967
21,"SSB",1981,1605.11578598474
21,"SSB",1982,2165.39332964684
21,"SSB",1983,2809.35625240118
21,"SSB",1984,2880.93271394388
21,"SSB",1985,3419.29013785666
21,"SSB",1986,3458.07588935954
21,"SSB",1987,3561.49557032727
21,"SSB",1988,3431.34764992114
21,"SSB",1989,2998.54839437811
21,"SSB",1990,2520.31589562371
21,"SSB",1991,2029.37878590118
21,"SSB",1992,1911.31027004227
21,"SSB",1993,2529.73243346931
21,"SSB",1994,2935.90157717731
21,"SSB",1995,3152.40154760382
21,"SSB",1996,3088.35494759567
21,"SSB",1997,3012.77498023953
21,"SSB",1998,2569.84237276836
21,"SSB",1999,2722.95005434729
21,"SSB",2000,2658.51693024433
21,"SSB",2001,2718.50855440615
21,"SSB",2002,2528.60936729159
21,"SSB",2003,2509.94157756701
21,"SSB",2004,2771.28989069879
21,"SSB",2005,2445.58167976612
21,"SSB",2006,2252.67622153442
21,"SSB",2007,1846.90066229397
21,"SSB",2008,1413.07835294014
21,"SSB",2009,1548.27577967542
21,"SSB",2010,1580.62188179377
21,"SSB",2011,1911.99088404601
21,"SSB",2012,2293.75555686957
21,"SSB",2013,2583.16397046254
21,"SSB",2014,2498.23017853856
21,"SSB",2015,2302.26182384551
21,"SSB",2016,2582.59577891164
21,"SSB",2017,3046.53134814409
21,"SSB",2018,2872.77575303238
21,"SSB",2019,2735.54963843358
21,"SSB",2020,2001.94028404165
21,"SSB",2021,2091.95822263612
21,"SSB",2022,2875.27275204626
21,"SSB",2023,2813.56004681105
21,"SSB",2024,2846.46994256355
21,"recruitment",1964,7917.71081424018
21,"recruitment",1965,15102.9069855539
21,"recruitment",1966,13032.9175808247
21,"recruitment",1967,28336.7425469605
21,"recruitment",1968,26783.8957697927
21,"recruitment",1969,26654.6372549935
21,"recruitment",1970,24391.5359764363
21,"recruitment",1971,14550.0423482337
21,"recruitment",1972,15137.9450594646
21,"recruitment",1973,29861.8973632788
21,"recruitment",1974,11371.8852701542
21,"recruitment",1975,16020.6647495141
21,"recruitment",1976,11555.1379764311
21,"recruitment",1977,15935.7803771779
21,"recruitment",1978,23515.5312570929
21,"recruitment",1979,53970.2632014954
21,"recruitment",1980,24255.2805355733
21,"recruitment",1981,25673.2994993985
21,"recruitment",1982,19279.1946920421
21,"recruitment",1983,51031.2299008434
21,"recruitment",1984,14483.6346066097
21,"recruitment",1985,32810.9110312968
21,"recruitment",1986,12929.9516538654
21,"recruitment",1987,6705.87395721114
21,"recruitment",1988,6151.38094071896
21,"recruitment",1989,10177.6672223502
21,"recruitment",1990,49742.3094372062
21,"recruitment",1991,25395.7167658747
21,"recruitment",1992,20674.4049260421
21,"recruitment",1993,43886.8523091434
21,"recruitment",1994,15235.2862311188
21,"recruitment",1995,11216.8983376649
21,"recruitment",1996,22258.7923318675
21,"recruitment",1997,30552.0682616641
21,"recruitment",1998,15059.3908540029
21,"recruitment",1999,15823.7271200582
21,"recruitment",2000,24084.635844701
21,"recruitment",2001,32808.8898219985
21,"recruitment",2002,22035.28742106
21,"recruitment",2003,14499.9408748468
21,"recruitment",2004,6006.50306624728
21,"recruitment",2005,4944.06585635928
21,"recruitment",2006,11639.1364465694
21,"recruitment",2007,25760.0884944656
21,"recruitment",2008,11344.5377045974
21,"recruitment",2009,48395.2024758568
21,"recruitment",2010,21761.7581257751
21,"recruitment",2011,14403.7706816101
21,"recruitment",2012,10625.2806619896
21,"recruitment",2013,43456.0629980955
21,"recruitment",2014,48276.063879648
21,"recruitment",2015,17864.734832231
21,"recruitment",2016,6442.69489825815
21,"recruitment",2017,6557.65676506361
21,"recruitment",2018,12470.7225561306
21,"recruitment",2019,71907.6466975205
21,"recruitment",2020,19843.9281073413
21,"recruitment",2021,11335.0130693776
21,"recruitment",2022,9515.30559763114
21,"recruitment",2023,17034.6522288483
21,"recruitment",2024,18501.4712961398
22,"SSB",1964,541.710442478381
22,"SSB",1965,537.571230205558
22,"SSB",1966,549.619839103722
22,"SSB",1967,704.530497590904
22,"SSB",1968,921.645777945425
22,"SSB",1969,1101.03899358585
22,"SSB",1970,1180.36620427923
22,"SSB",1971,1343.09216480148
22,"SSB",1972,1369.00994316087
22,"SSB",1973,1202.47296959109
22,"SSB",1974,918.511956145545
22,"SSB",1975,883.238658636775
22,"SSB",1976,845.581344686577
22,"SSB",1977,1017.48365868381
22,"SSB",1978,930.753411578984
22,"SSB",1979,850.576347417997
22,"SSB",1980,964.334835103775
22,"SSB",1981,1438.29906647908
22,"SSB",1982,2012.87145372834
22,"SSB",1983,2733.95506070636
22,"SSB",1984,2831.44582702928
22,"SSB",1985,3322.72199229133
22,"SSB",1986,3345.56736365849
22,"SSB",1987,3509.27255966134
22,"SSB",1988,3431.64846149772
22,"SSB",1989,3052.14107694274
22,"SSB",1990,2631.05638586998
22,"SSB",1991,2121.61546584472
22,"SSB",1992,2024.74786122473
22,"SSB",1993,2642.04029589473
22,"SSB",1994,3047.01625462514
22,"SSB",1995,3216.79683065181
22,"SSB",1996,3127.58633924286
22,"SSB",1997,3004.99720312986
22,"SSB",1998,2519.02576535052
22,"SSB",1999,2612.55169821209
22,"SSB",2000,2526.62574387183
22,"SSB",2001,2591.69114462094
22,"SSB",2002,2414.42590067583
22,"SSB",2003,2450.4254613778
22,"SSB",2004,2771.89589140295
22,"SSB",2005,2515.05548658783
22,"SSB",2006,2363.38980457689
22,"SSB",2007,1910.11256695973
22,"SSB",2008,1411.31475933253
22,"SSB",2009,1486.55191209937
22,"SSB",2010,1498.57327746929
22,"SSB",2011,1811.86487611779
22,"SSB",2012,2198.62662538256
22,"SSB",2013,2541.86960065686
22,"SSB",2014,2515.15156567399
22,"SSB",2015,2331.28335142765
22,"SSB",2016,2583.05773618742
22,"SSB",2017,2987.86888736848
22,"SSB",2018,2835.79527476112
22,"SSB",2019,2714.4818673314
22,"SSB",2020,2045.54399129665
22,"SSB",2021,2267.82599887853
22,"SSB",2022,3204.41815298151
22,"SSB",2023,3167.8454459704
22,"SSB",2024,3262.54539969254
22,"recruitment",1964,6697.66419324082
22,"recruitment",1965,19657.5757570707
22,"recruitment",1966,14471.0939475753
22,"recruitment",1967,18486.595413242
22,"recruitment",1968,21066.7993704905
22,"recruitment",1969,30352.5326497993
22,"recruitment",1970,23313.8422950215
22,"recruitment",1971,15698.2306917987
22,"recruitment",1972,13910.9304519525
22,"recruitment",1973,24744.9647948717
22,"recruitment",1974,19563.5051711419
22,"recruitment",1975,15486.0860269672
22,"recruitment",1976,14978.8308612028
22,"recruitment",1977,11323.0960702795
22,"recruitment",1978,20804.3890827643
22,"recruitment",1979,50627.9181668155
22,"recruitment",1980,25163.9268566447
22,"recruitment",1981,28888.3746508838
22,"recruitment",1982,16634.0900422652
22,"recruitment",1983,50582.0679142795
22,"recruitment",1984,16562.2655261743
22,"recruitment",1985,34393.8426663822
22,"recruitment",1986,14049.9790762541
22,"recruitment",1987,7181.61074591864
22,"recruitment",1988,5080.60913507694
22,"recruitment",1989,10452.8878751015
22,"recruitment",1990,50451.1778263881
22,"recruitment",1991,26180.020059255
22,"recruitment",1992,21859.5087792523
22,"recruitment",1993,42847.7473903096
22,"recruitment",1994,13950.1714824669
22,"recruitment",1995,10003.7521724079
22,"recruitment",1996,19608.1799859744
22,"recruitment",1997,31001.1210087034
22,"recruitment",1998,13474.6355822874
22,"recruitment",1999,14203.5705937456
22,"recruitment",2000,23468.3327382156
22,"recruitment",2001,35065.7822773821
22,"recruitment",2002,23509.9982301676
22,"recruitment",2003,15144.6933550852
22,"recruitment",2004,6258.22398751043
22,"recruitment",2005,3781.02689598432
22,"recruitment",2006,10345.4380428334
22,"recruitment",2007,25586.05617511
22,"recruitment",2008,11146.24196004
22,"recruitment",2009,46771.446884803
22,"recruitment",2010,21113.8717580174
22,"recruitment",2011,14523.1311492853
22,"recruitment",2012,11660.5188967366
22,"recruitment",2013,42690.5737907015
22,"recruitment",2014,46896.6633957264
22,"recruitment",2015,20632.8056399453
22,"recruitment",2016,6697.64450877309
22,"recruitment",2017,7168.92718276966
22,"recruitment",2018,13730.1964550335
22,"recruitment",2019,80392.3644174438
22,"recruitment",2020,20643.7829386868
22,"recruitment",2021,11963.8230970878
22,"recruitment",2022,12374.7031486739
22,"recruitment",2023,23358.6360464644
22,"recruitment",2024,15034.6800258772
23,"SSB",1964,547.172302034846
23,"SSB",1965,528.399296448817
23,"SSB",1966,544.774882902364
23,"SSB",1967,647.834061088984
23,"SSB",1968,753.392273888264
23,"SSB",1969,847.448157432068
23,"SSB",1970,936.26979824527
23,"SSB",1971,1079.05101692386
23,"SSB",1972,1046.95092315353
23,"SSB",1973,903.008306544442
23,"SSB",1974,678.650570649417
23,"SSB",1975,731.177981713707
23,"SSB",1976,761.181572989075
23,"SSB",1977,924.765124307444
23,"SSB",1978,867.998052670295
23,"SSB",1979,857.21632475272
23,"SSB",1980,1063.54888875749
23,"SSB",1981,1639.87074685167
23,"SSB",1982,2213.75909458356
23,"SSB",1983,2922.62541018076
23,"SSB",1984,2959.86786822629
23,"SSB",1985,3438.84844076977
23,"SSB",1986,3421.66364342131
23,"SSB",1987,3492.00269827653
23,"SSB",1988,3328.35559129838
23,"SSB",1989,2916.89600370691
23,"SSB",1990,2478.8392203235
23,"SSB",1991,2001.71482578186
23,"SSB",1992,1929.77721608051
23,"SSB",1993,2604.54969180295
23,"SSB",1994,3045.95374387161
23,"SSB",1995,3217.12362078584
23,"SSB",1996,3090.32463942113
23,"SSB",1997,2965.93300537042
23,"SSB",1998,2490.24136213068
23,"SSB",1999,2607.85343281606
23,"SSB",2000,2522.13066211254
23,"SSB",2001,2581.38343143008
23,"SSB",2002,2441.59095309883
23,"SSB",2003,2500.03291464844
23,"SSB",2004,2798.01138643937
23,"SSB",2005,2490.80527465519
23,"SSB",2006,2270.53909212826
23,"SSB",2007,1825.70143173238
23,"SSB",2008,1362.5534388164
23,"SSB",2009,1427.60695846107
23,"SSB",2010,1467.14649963026
23,"SSB",2011,1810.7645545395
23,"SSB",2012,2190.60754901514
23,"SSB",2013,2483.87339505527
23,"SSB",2014,2412.52451857906
23,"SSB",2015,2269.39022462356
23,"SSB",2016,2573.77025022226
23,"SSB",2017,3011.40149869805
23,"SSB",2018,2887.67864011001
23,"SSB",2019,2794.86582535622
23,"SSB",2020,2201.17717014104
23,"SSB",2021,2435.71127923223
23,"SSB",2022,3340.52942902983
23,"SSB",2023,3282.48694528672
23,"SSB",2024,3428.75903075613
23,"recruitment",1964,6881.62921651077
23,"recruitment",1965,15763.9902579609
23,"recruitment",1966,13083.954935659
23,"recruitment",1967,16971.4976172934
23,"recruitment",1968,24334.1407069365
23,"recruitment",1969,28100.37290414
23,"recruitment",1970,23549.7492155453
23,"recruitment",1971,20178.1012712142
23,"recruitment",1972,11367.0523950235
23,"recruitment",1973,32081.3417274895
23,"recruitment",1974,13997.7474052395
23,"recruitment",1975,18879.5574311176
23,"recruitment",1976,13760.195347224
23,"recruitment",1977,13967.0277119239
23,"recruitment",1978,25722.0446228736
23,"recruitment",1979,52753.0632961167
23,"recruitment",1980,24606.5743720416
23,"recruitment",1981,30401.7092787903
23,"recruitment",1982,16533.100432413
23,"recruitment",1983,49932.1662098004
23,"recruitment",1984,12843.0141008988
23,"recruitment",1985,30638.6795549925
23,"recruitment",1986,13495.1448922786
23,"recruitment",1987,7820.21112070379
23,"recruitment",1988,6203.68000146113
23,"recruitment",1989,9573.94367036485
23,"recruitment",1990,49197.7702567153
23,"recruitment",1991,27332.9927326437
23,"recruitment",1992,21622.8464182903
23,"recruitment",1993,41561.611911748
23,"recruitment",1994,13491.28775534
23,"recruitment",1995,11007.634543801
23,"recruitment",1996,21983.4624591383
23,"recruitment",1997,29956.7452551777
23,"recruitment",1998,14539.1900213743
23,"recruitment",1999,16483.5672910151
23,"recruitment",2000,24328.4319891752
23,"recruitment",2001,34841.6287099644
23,"recruitment",2002,22572.6394886046
23,"recruitment",2003,13332.1577327751
23,"recruitment",2004,6445.12902620904
23,"recruitment",2005,3796.3572595367
23,"recruitment",2006,10712.6243967342
23,"recruitment",2007,24514.7211047797
23,"recruitment",2008,12421.3611460268
23,"recruitment",2009,46141.1190333918
23,"recruitment",2010,21020.001531193
23,"recruitment",2011,13385.9875775112
23,"recruitment",2012,10760.870528179
23,"recruitment",2013,41808.2629756492
23,"recruitment",2014,49130.6988062047
23,"recruitment",2015,18929.2199042536
23,"recruitment",2016,7357.88883543404
23,"recruitment",2017,8835.90502138879
23,"recruitment",2018,19910.696451585
23,"recruitment",2019,76691.0234448287
23,"recruitment",2020,19327.8991904984
23,"recruitment",2021,14670.7061298811
23,"recruitment",2022,11806.2633946069
23,"recruitment",2023,20445.4550368723
23,"recruitment",2024,14660.6801561367
24,"SSB",1964,541.628195798537
24,"SSB",1965,562.903148257933
24,"SSB",1966,629.202194841275
24,"SSB",1967,775.5955187787
24,"SSB",1968,996.93316187501
24,"SSB",1969,1299.92981061717
24,"SSB",1970,1389.28739882326
24,"SSB",1971,1418.77067484152
24,"SSB",1972,1300.94790192674
24,"SSB",1973,1009.06493078575
24,"SSB",1974,725.885388867276
24,"SSB",1975,814.555762871194
24,"SSB",1976,892.9788069569
24,"SSB",1977,1072.04133053612
24,"SSB",1978,934.215112419093
24,"SSB",1979,850.693427661982
24,"SSB",1980,968.855100703419
24,"SSB",1981,1497.77213325939
24,"SSB",1982,2100.73890424702
24,"SSB",1983,2870.27796254599
24,"SSB",1984,3032.68673723923
24,"SSB",1985,3538.46011387562
24,"SSB",1986,3446.85284042906
24,"SSB",1987,3519.01444256996
24,"SSB",1988,3381.97760068409
24,"SSB",1989,2981.89953915119
24,"SSB",1990,2562.4023239959
24,"SSB",1991,2102.40955575887
24,"SSB",1992,1988.16134471467
24,"SSB",1993,2614.79374752154
24,"SSB",1994,3054.03250154072
24,"SSB",1995,3233.84891113658
24,"SSB",1996,3148.93565872418
24,"SSB",1997,3044.32497679481
24,"SSB",1998,2582.9809645556
24,"SSB",1999,2731.28275362247
24,"SSB",2000,2657.66487516723
24,"SSB",2001,2659.43349598348
24,"SSB",2002,2424.54746067496
24,"SSB",2003,2463.16587803404
24,"SSB",2004,2765.03750264971
24,"SSB",2005,2421.23746966184
24,"SSB",2006,2175.88847155839
24,"SSB",2007,1732.20072660284
24,"SSB",2008,1296.45534681694
24,"SSB",2009,1417.93840833765
24,"SSB",2010,1479.30366661074
24,"SSB",2011,1857.06476680191
24,"SSB",2012,2269.50918580895
24,"SSB",2013,2593.55818963305
24,"SSB",2014,2502.01252675906
24,"SSB",2015,2347.6859346253
24,"SSB",2016,2646.28668380551
24,"SSB",2017,3053.81045891191
24,"SSB",2018,2885.41220605999
24,"SSB",2019,2765.59665911677
24,"SSB",2020,2112.95692127598
24,"SSB",2021,2209.7978620819
24,"SSB",2022,2990.17944318295
24,"SSB",2023,2931.54807939896
24,"SSB",2024,3000.87400589937
24,"recruitment",1964,7874.40259270396
24,"recruitment",1965,16073.6844107733
24,"recruitment",1966,19341.7295233405
24,"recruitment",1967,27022.2933068219
24,"recruitment",1968,11237.0601542361
24,"recruitment",1969,27263.0747990134
24,"recruitment",1970,20248.6774652708
24,"recruitment",1971,12966.9231451432
24,"recruitment",1972,16837.6582856856
24,"recruitment",1973,32185.2266247439
24,"recruitment",1974,17658.049889677
24,"recruitment",1975,12056.5805196724
24,"recruitment",1976,14402.4696729886
24,"recruitment",1977,10100.4420467428
24,"recruitment",1978,23970.7263367909
24,"recruitment",1979,56726.557210913
24,"recruitment",1980,24837.8490732127
24,"recruitment",1981,32858.2766453903
24,"recruitment",1982,17917.5455883077
24,"recruitment",1983,46829.2560404037
24,"recruitment",1984,12288.5351950738
24,"recruitment",1985,33325.3816489449
24,"recruitment",1986,13006.1925801051
24,"recruitment",1987,7094.96382524473
24,"recruitment",1988,5872.88108156214
24,"recruitment",1989,12033.7122865108
24,"recruitment",1990,46111.5050032077
24,"recruitment",1991,27442.7850376936
24,"recruitment",1992,20744.9599286978
24,"recruitment",1993,43987.4908333353
24,"recruitment",1994,14159.6117817932
24,"recruitment",1995,10136.8266169705
24,"recruitment",1996,22539.9871814597
24,"recruitment",1997,30410.6754725676
24,"recruitment",1998,14131.6516033343
24,"recruitment",1999,14030.9075993384
24,"recruitment",2000,23229.7332663826
24,"recruitment",2001,32882.9622601592
24,"recruitment",2002,20655.5057574182
24,"recruitment",2003,13336.0328654785
24,"recruitment",2004,6018.28415489069
24,"recruitment",2005,4718.28217141335
24,"recruitment",2006,11018.6080321806
24,"recruitment",2007,25497.9439236441
24,"recruitment",2008,12720.5384966075
24,"recruitment",2009,49078.3909565806
24,"recruitment",2010,21708.0734572547
24,"recruitment",2011,13215.2568832135
24,"recruitment",2012,10034.9362934875
24,"recruitment",2013,43512.8969105916
24,"recruitment",2014,49327.0367802773
24,"recruitment",2015,18343.2695236312
24,"recruitment",2016,7756.99815557868
24,"recruitment",2017,6947.84613023899
24,"recruitment",2018,16897.590293816
24,"recruitment",2019,71795.5376270771
24,"recruitment",2020,18452.4108866931
24,"recruitment",2021,14916.5679458133
24,"recruitment",2022,9513.1951141326
24,"recruitment",2023,15201.2363106344
24,"recruitment",2024,13077.0451953375
25,"SSB",1964,715.596052866884
25,"SSB",1965,795.258115502955
25,"SSB",1966,904.727535121268
25,"SSB",1967,1136.42782541207
25,"SSB",1968,1361.89385451845
25,"SSB",1969,1566.93359975975
25,"SSB",1970,1656.57792024921
25,"SSB",1971,1646.23505127286
25,"SSB",1972,1421.52889129878
25,"SSB",1973,1103.02438580385
25,"SSB",1974,772.979770111185
25,"SSB",1975,745.697126130497
25,"SSB",1976,749.911425097274
25,"SSB",1977,858.370758227471
25,"SSB",1978,704.437827729153
25,"SSB",1979,651.162000643558
25,"SSB",1980,863.462535168557
25,"SSB",1981,1500.35351153273
25,"SSB",1982,2204.83844241049
25,"SSB",1983,3065.709083699
25,"SSB",1984,3206.43796841512
25,"SSB",1985,3695.87219114489
25,"SSB",1986,3627.68234981871
25,"SSB",1987,3666.84682413113
25,"SSB",1988,3464.51894909555
25,"SSB",1989,3001.13623978774
25,"SSB",1990,2568.40768768101
25,"SSB",1991,2068.73327275928
25,"SSB",1992,1932.07370535942
25,"SSB",1993,2495.70214849583
25,"SSB",1994,2921.63680296007
25,"SSB",1995,3133.44702472024
25,"SSB",1996,3014.21759164187
25,"SSB",1997,2895.1546600995
25,"SSB",1998,2471.32244964253
25,"SSB",1999,2645.34469121871
25,"SSB",2000,2604.8549946399
25,"SSB",2001,2744.76072513833
25,"SSB",2002,2639.3652332973
25,"SSB",2003,2676.83336887672
25,"SSB",2004,2877.4923457205
25,"SSB",2005,2479.08803273891
25,"SSB",2006,2224.24707749524
25,"SSB",2007,1812.94483680666
25,"SSB",2008,1395.93801799099
25,"SSB",2009,1475.74521053049
25,"SSB",2010,1499.52238582165
25,"SSB",2011,1848.14692467623
25,"SSB",2012,2301.3356577742
25,"SSB",2013,2661.9562235785
25,"SSB",2014,2630.45252481882
25,"SSB",2015,2439.84238390781
25,"SSB",2016,2689.67423755971
25,"SSB",2017,3161.38065175572
25,"SSB",2018,3035.170884862
25,"SSB",2019,2962.99669845675
25,"SSB",2020,2278.21953077704
25,"SSB",2021,2433.13173272801
25,"SSB",2022,3243.29082896294
25,"SSB",2023,3085.54215788082
25,"SSB",2024,3125.85121244342
25,"recruitment",1964,8615.7270257999
25,"recruitment",1965,24407.0932734857
25,"recruitment",1966,13896.131055875
25,"recruitment",1967,21988.3062381359
25,"recruitment",1968,23242.374636519
25,"recruitment",1969,14976.742855475
25,"recruitment",1970,21655.356469785
25,"recruitment",1971,15650.873349332
25,"recruitment",1972,13717.8631555808
25,"recruitment",1973,30285.1581596734
25,"recruitment",1974,14728.9692905912
25,"recruitment",1975,14632.5817651401
25,"recruitment",1976,10823.5277716499
25,"recruitment",1977,16582.047623308
25,"recruitment",1978,23466.5485927086
25,"recruitment",1979,57552.2090468411
25,"recruitment",1980,29893.2972842854
25,"recruitment",1981,30751.4632639615
25,"recruitment",1982,17741.6469615529
25,"recruitment",1983,48577.0666939409
25,"recruitment",1984,13294.6028820084
25,"recruitment",1985,31793.5188360129
25,"recruitment",1986,13158.1412477381
25,"recruitment",1987,7984.74080388935
25,"recruitment",1988,5827.78609593809
25,"recruitment",1989,11151.7442249004
25,"recruitment",1990,46749.2015386916
25,"recruitment",1991,25184.5199865563
25,"recruitment",1992,21882.4069397464
25,"recruitment",1993,41699.4888383889
25,"recruitment",1994,12663.0034188746
25,"recruitment",1995,10459.8317740192
25,"recruitment",1996,22405.1888958353
25,"recruitment",1997,31954.0493433281
25,"recruitment",1998,15157.4965533362
25,"recruitment",1999,17844.9272862009
25,"recruitment",2000,23956.4226125725
25,"recruitment",2001,32633.8230737691
25,"recruitment",2002,20833.973709399
25,"recruitment",2003,13889.0112545681
25,"recruitment",2004,6733.32690624252
25,"recruitment",2005,4695.64545180683
25,"recruitment",2006,10857.8176303685
25,"recruitment",2007,25259.616709006
25,"recruitment",2008,11532.957770114
25,"recruitment",2009,49387.212392124
25,"recruitment",2010,21800.6177492751
25,"recruitment",2011,15108.4673352293
25,"recruitment",2012,12968.1528553389
25,"recruitment",2013,42724.113619029
25,"recruitment",2014,49081.2247318245
25,"recruitment",2015,21464.3884101386
25,"recruitment",2016,8071.68811876996
25,"recruitment",2017,7433.11495501427
25,"recruitment",2018,16815.9238459471
25,"recruitment",2019,77505.2683214898
25,"recruitment",2020,18437.4583979541
25,"recruitment",2021,11548.0454956012
25,"recruitment",2022,15759.8438553529
25,"recruitment",2023,20312.0221959013
25,"recruitment",2024,22501.5028366955
26,"SSB",1964,680.374900093803
26,"SSB",1965,669.94617014744
26,"SSB",1966,700.69797441543
26,"SSB",1967,874.165749722184
26,"SSB",1968,1079.93295159254
26,"SSB",1969,1276.72555887722
26,"SSB",1970,1426.15693372048
26,"SSB",1971,1600.8180223098
26,"SSB",1972,1452.70271439983
26,"SSB",1973,1295.4793571358
26,"SSB",1974,1039.00117532047
26,"SSB",1975,1004.30520095462
26,"SSB",1976,946.926706080019
26,"SSB",1977,1113.60096261756
26,"SSB",1978,998.455434660258
26,"SSB",1979,895.40693002999
26,"SSB",1980,978.374114097503
26,"SSB",1981,1422.61134560063
26,"SSB",1982,1931.66895501436
26,"SSB",1983,2694.29863954607
26,"SSB",1984,2895.77145854914
26,"SSB",1985,3438.44743317672
26,"SSB",1986,3401.54311587252
26,"SSB",1987,3529.13616206695
26,"SSB",1988,3453.52765202527
26,"SSB",1989,3072.1214093033
26,"SSB",1990,2617.11682602378
26,"SSB",1991,2083.79185622928
26,"SSB",1992,2006.05629678627
26,"SSB",1993,2654.06524556615
26,"SSB",1994,3019.84089231106
26,"SSB",1995,3144.12091201795
26,"SSB",1996,3031.70927221878
26,"SSB",1997,2889.32810173303
26,"SSB",1998,2426.36112416396
26,"SSB",1999,2537.00264318194
26,"SSB",2000,2466.13712630119
26,"SSB",2001,2532.54779828657
26,"SSB",2002,2382.01164813126
26,"SSB",2003,2455.65167708214
26,"SSB",2004,2758.82324192719
26,"SSB",2005,2441.89518452615
26,"SSB",2006,2192.62267408383
26,"SSB",2007,1785.78222122198
26,"SSB",2008,1368.91072077653
26,"SSB",2009,1481.96569031052
26,"SSB",2010,1511.69157348061
26,"SSB",2011,1851.18173686911
26,"SSB",2012,2255.8342612915
26,"SSB",2013,2580.21476851574
26,"SSB",2014,2535.42195025469
26,"SSB",2015,2383.53161112437
26,"SSB",2016,2659.89532169425
26,"SSB",2017,3131.09830518011
26,"SSB",2018,2994.46286499642
26,"SSB",2019,2871.67631786486
26,"SSB",2020,2185.98089949588
26,"SSB",2021,2420.69956181168
26,"SSB",2022,3462.15323979811
26,"SSB",2023,3484.38604840491
26,"SSB",2024,3567.5410782025
26,"recruitment",1964,5724.68079277322
26,"recruitment",1965,24456.0282309861
26,"recruitment",1966,12170.472888405
26,"recruitment",1967,22748.5504812227
26,"recruitment",1968,25823.6106943693
26,"recruitment",1969,27335.2477671114
26,"recruitment",1970,18823.9494728849
26,"recruitment",1971,21753.4398431545
26,"recruitment",1972,7247.7070435026
26,"recruitment",1973,28225.5330120234
26,"recruitment",1974,18176.3225792431
26,"recruitment",1975,15598.073951664
26,"recruitment",1976,16339.3323960347
26,"recruitment",1977,11660.0656839207
26,"recruitment",1978,22404.0587032543
26,"recruitment",1979,49198.5350486914
26,"recruitment",1980,26256.4410500627
26,"recruitment",1981,34043.4427460705
26,"recruitment",1982,16828.675462431
26,"recruitment",1983,50308.3799868377
26,"recruitment",1984,11228.8098196803
26,"recruitment",1985,38047.0036286437
26,"recruitment",1986,12750.3109696161
26,"recruitment",1987,8348.58717927288
26,"recruitment",1988,5958.98468341393
26,"recruitment",1989,9696.3086241218
26,"recruitment",1990,47951.1199629868
26,"recruitment",1991,25646.2822238893
26,"recruitment",1992,19808.4568562466
26,"recruitment",1993,41710.1398410761
26,"recruitment",1994,13603.85031657
26,"recruitment",1995,9580.20924241745
26,"recruitment",1996,20177.1600043701
26,"recruitment",1997,27915.3745532862
26,"recruitment",1998,15118.3530934541
26,"recruitment",1999,14691.6461030503
26,"recruitment",2000,23393.1853686648
26,"recruitment",2001,33892.3851091641
26,"recruitment",2002,23421.0566885385
26,"recruitment",2003,14638.9651023075
26,"recruitment",2004,6006.33731153685
26,"recruitment",2005,4749.87485855663
26,"recruitment",2006,10721.561197703
26,"recruitment",2007,25070.2277193819
26,"recruitment",2008,11168.4959859748
26,"recruitment",2009,48532.5597346298
26,"recruitment",2010,20433.5750074024
26,"recruitment",2011,14613.190329881
26,"recruitment",2012,10977.4384369193
26,"recruitment",2013,44250.8329737575
26,"recruitment",2014,48488.4819555552
26,"recruitment",2015,19682.4143367937
26,"recruitment",2016,6804.16489054136
26,"recruitment",2017,7961.45013394173
26,"recruitment",2018,16703.250191158
26,"recruitment",2019,85461.3203875515
26,"recruitment",2020,22848.971853634
26,"recruitment",2021,14025.931181196
26,"recruitment",2022,8389.37217527669
26,"recruitment",2023,15701.471937546
26,"recruitment",2024,23601.1473586106
27,"SSB",1964,496.146605798267
27,"SSB",1965,520.254386066285
27,"SSB",1966,555.403601609142
27,"SSB",1967,691.920190495473
27,"SSB",1968,871.483764952892
27,"SSB",1969,1071.9800047219
27,"SSB",1970,1115.41666650737
27,"SSB",1971,1116.5179358979
27,"SSB",1972,1013.50836234684
27,"SSB",1973,885.296215671823
27,"SSB",1974,706.16163857841
27,"SSB",1975,740.449441089426
27,"SSB",1976,720.304254255872
27,"SSB",1977,881.768384593333
27,"SSB",1978,863.35942308045
27,"SSB",1979,811.429245363745
27,"SSB",1980,954.766208762992
27,"SSB",1981,1478.27992867405
27,"SSB",1982,2018.62241233179
27,"SSB",1983,2691.68738684576
27,"SSB",1984,2856.2457918051
27,"SSB",1985,3506.20201656373
27,"SSB",1986,3560.82955973897
27,"SSB",1987,3701.01005872852
27,"SSB",1988,3611.02619152166
27,"SSB",1989,3188.62372270969
27,"SSB",1990,2721.43273316508
27,"SSB",1991,2162.52939293782
27,"SSB",1992,2050.07953719141
27,"SSB",1993,2701.7887836515
27,"SSB",1994,3057.40923945656
27,"SSB",1995,3159.45530174783
27,"SSB",1996,3031.68713950774
27,"SSB",1997,2940.69080898632
27,"SSB",1998,2517.39450687514
27,"SSB",1999,2691.40917516547
27,"SSB",2000,2610.11630948027
27,"SSB",2001,2661.73650892789
27,"SSB",2002,2465.55733254539
27,"SSB",2003,2535.8001937582
27,"SSB",2004,2833.59656793537
27,"SSB",2005,2493.68759490408
27,"SSB",2006,2285.63850956772
27,"SSB",2007,1846.74691964866
27,"SSB",2008,1409.74260078095
27,"SSB",2009,1497.86451269837
27,"SSB",2010,1551.16047251331
27,"SSB",2011,1906.79219791516
27,"SSB",2012,2312.09687901287
27,"SSB",2013,2611.42212789125
27,"SSB",2014,2582.88197578612
27,"SSB",2015,2435.78551084307
27,"SSB",2016,2710.76031290922
27,"SSB",2017,3082.95902229014
27,"SSB",2018,2840.88528331539
27,"SSB",2019,2676.21264909163
27,"SSB",2020,2006.85654659881
27,"SSB",2021,2224.70715347698
27,"SSB",2022,3039.74344468082
27,"SSB",2023,2945.64829858361
27,"SSB",2024,2959.91375113804
27,"recruitment",1964,6249.87805113402
27,"recruitment",1965,17477.6466659104
27,"recruitment",1966,14580.0798377056
27,"recruitment",1967,21486.4771650342
27,"recruitment",1968,14938.069422218
27,"recruitment",1969,21751.977874939
27,"recruitment",1970,22942.5435327245
27,"recruitment",1971,18239.4044284329
27,"recruitment",1972,15957.7194740895
27,"recruitment",1973,27160.2426442593
27,"recruitment",1974,12338.974479773
27,"recruitment",1975,22025.4187080619
27,"recruitment",1976,12908.8923077703
27,"recruitment",1977,11346.5676556123
27,"recruitment",1978,24930.0231585083
27,"recruitment",1979,49117.1740420785
27,"recruitment",1980,24510.0947265326
27,"recruitment",1981,29202.0471992533
27,"recruitment",1982,21963.4015146413
27,"recruitment",1983,53458.6425807173
27,"recruitment",1984,13722.0512288296
27,"recruitment",1985,36250.5022109069
27,"recruitment",1986,13720.9776090467
27,"recruitment",1987,6654.71992254469
27,"recruitment",1988,4935.76343063188
27,"recruitment",1989,9415.8278659747
27,"recruitment",1990,51703.8960353745
27,"recruitment",1991,24649.4162130595
27,"recruitment",1992,20970.1184250995
27,"recruitment",1993,42347.8057893249
27,"recruitment",1994,15636.4642871279
27,"recruitment",1995,10081.2674238003
27,"recruitment",1996,22948.0724595018
27,"recruitment",1997,28986.6939276353
27,"recruitment",1998,13414.1011871608
27,"recruitment",1999,15294.6013426031
27,"recruitment",2000,25216.3715010744
27,"recruitment",2001,34017.7785991021
27,"recruitment",2002,22982.8107254263
27,"recruitment",2003,15349.5602991689
27,"recruitment",2004,6252.45307993625
27,"recruitment",2005,4721.98249967645
27,"recruitment",2006,10391.3883539932
27,"recruitment",2007,24870.2268666286
27,"recruitment",2008,12612.2011359473
27,"recruitment",2009,49220.1171773616
27,"recruitment",2010,21744.5437019106
27,"recruitment",2011,14991.5478985836
27,"recruitment",2012,12230.4387217819
27,"recruitment",2013,43278.5132258698
27,"recruitment",2014,45764.1809762847
27,"recruitment",2015,17502.1567634183
27,"recruitment",2016,7005.77035996286
27,"recruitment",2017,8221.35460206913
27,"recruitment",2018,14107.3705476
27,"recruitment",2019,75698.3424324152
27,"recruitment",2020,17272.6501952824
27,"recruitment",2021,11513.6462328889
27,"recruitment",2022,11753.9048388645
27,"recruitment",2023,15791.5699147287
27,"recruitment",2024,21280.4104579072
28,"SSB",1964,795.06878054659
28,"SSB",1965,754.186337741658
28,"SSB",1966,758.006586148798
28,"SSB",1967,865.38122667656
28,"SSB",1968,1023.13966216238
28,"SSB",1969,1257.61454123006
28,"SSB",1970,1323.70988461329
28,"SSB",1971,1292.21438126413
28,"SSB",1972,1236.03940797453
28,"SSB",1973,1135.40453334237
28,"SSB",1974,886.884998482773
28,"SSB",1975,837.188888133221
28,"SSB",1976,808.43019685499
28,"SSB",1977,880.226536418857
28,"SSB",1978,743.26253818312
28,"SSB",1979,717.838884812928
28,"SSB",1980,931.551361374957
28,"SSB",1981,1595.66367937516
28,"SSB",1982,2277.98380196278
28,"SSB",1983,3065.10493995999
28,"SSB",1984,3201.04562831278
28,"SSB",1985,3700.36667172207
28,"SSB",1986,3639.21150960611
28,"SSB",1987,3741.50866126827
28,"SSB",1988,3611.3048347761
28,"SSB",1989,3144.32631817779
28,"SSB",1990,2678.44234579789
28,"SSB",1991,2146.68716689307
28,"SSB",1992,2031.58571736254
28,"SSB",1993,2617.82484505666
28,"SSB",1994,3036.41716816749
28,"SSB",1995,3266.21448292584
28,"SSB",1996,3254.07544596708
28,"SSB",1997,3123.67813110839
28,"SSB",1998,2612.02861350109
28,"SSB",1999,2733.59382591214
28,"SSB",2000,2630.34628108011
28,"SSB",2001,2647.60906801584
28,"SSB",2002,2446.91405178389
28,"SSB",2003,2477.16630859516
28,"SSB",2004,2826.69806639678
28,"SSB",2005,2524.6035898182
28,"SSB",2006,2315.8162431339
28,"SSB",2007,1902.95702381637
28,"SSB",2008,1438.06108894336
28,"SSB",2009,1535.21427606676
28,"SSB",2010,1557.19908878436
28,"SSB",2011,1849.39890776234
28,"SSB",2012,2228.22376744445
28,"SSB",2013,2561.24062204197
28,"SSB",2014,2530.604648767
28,"SSB",2015,2361.22302953261
28,"SSB",2016,2629.49536560472
28,"SSB",2017,3072.05827505547
28,"SSB",2018,2915.00577647684
28,"SSB",2019,2822.27360429579
28,"SSB",2020,2149.11338534052
28,"SSB",2021,2423.13366852091
28,"SSB",2022,3454.8488726431
28,"SSB",2023,3456.60737101883
28,"SSB",2024,3572.42024331246
28,"recruitment",1964,5027.95143075351
28,"recruitment",1965,19916.5517981353
28,"recruitment",1966,13007.949514114
28,"recruitment",1967,28477.6661249385
28,"recruitment",1968,11591.2657694618
28,"recruitment",1969,22409.6553522448
28,"recruitment",1970,30759.174268148
28,"recruitment",1971,14515.8880654828
28,"recruitment",1972,12654.9135258682
28,"recruitment",1973,24194.1908791969
28,"recruitment",1974,17193.6307516058
28,"recruitment",1975,12645.5606618421
28,"recruitment",1976,14007.2256621866
28,"recruitment",1977,16355.2735291502
28,"recruitment",1978,24527.0151629092
28,"recruitment",1979,61349.7850684163
28,"recruitment",1980,25665.0643729868
28,"recruitment",1981,29507.936756843
28,"recruitment",1982,19052.896388669
28,"recruitment",1983,50510.3740770116
28,"recruitment",1984,14894.2411295272
28,"recruitment",1985,34467.7181729105
28,"recruitment",1986,14969.2757184138
28,"recruitment",1987,7906.10352321637
28,"recruitment",1988,6039.7126137819
28,"recruitment",1989,9878.81386390618
28,"recruitment",1990,48845.4365943399
28,"recruitment",1991,25171.8133149726
28,"recruitment",1992,23712.8718802528
28,"recruitment",1993,45226.4306105678
28,"recruitment",1994,14403.6678920548
28,"recruitment",1995,9754.77265412607
28,"recruitment",1996,21211.8220043012
28,"recruitment",1997,30049.0483510171
28,"recruitment",1998,13763.7669538298
28,"recruitment",1999,14370.2050707042
28,"recruitment",2000,22724.7820611694
28,"recruitment",2001,35743.8499085678
28,"recruitment",2002,23667.6095722873
28,"recruitment",2003,13454.3932174783
28,"recruitment",2004,6066.7019154307
28,"recruitment",2005,4597.24841966774
28,"recruitment",2006,11470.9155379518
28,"recruitment",2007,24753.775742097
28,"recruitment",2008,11312.5687505992
28,"recruitment",2009,47553.6370280784
28,"recruitment",2010,22832.9429500613
28,"recruitment",2011,14416.414839441
28,"recruitment",2012,12291.8633476082
28,"recruitment",2013,40929.4756608252
28,"recruitment",2014,47814.3189074668
28,"recruitment",2015,19821.265531157
28,"recruitment",2016,8308.10212260581
28,"recruitment",2017,7383.55584587066
28,"recruitment",2018,14083.2045066067
28,"recruitment",2019,86956.5681394029
28,"recruitment",2020,20863.7261531421
28,"recruitment",2021,13204.6372656422
28,"recruitment",2022,10354.385124998
28,"recruitment",2023,23726.4081005699
28,"recruitment",2024,7484.76997342925
29,"SSB",1964,617.825180424562
29,"SSB",1965,581.930310076777
29,"SSB",1966,554.413252770171
29,"SSB",1967,701.383049806917
29,"SSB",1968,918.253724596488
29,"SSB",1969,1031.9421168656
29,"SSB",1970,1020.56219662089
29,"SSB",1971,1128.05768006562
29,"SSB",1972,1163.18806921407
29,"SSB",1973,1032.21378767708
29,"SSB",1974,770.81988145478
29,"SSB",1975,871.109682286035
29,"SSB",1976,981.686531889718
29,"SSB",1977,1249.8229123996
29,"SSB",1978,1101.48687632369
29,"SSB",1979,1007.31467680392
29,"SSB",1980,1152.17534006761
29,"SSB",1981,1601.01950976318
29,"SSB",1982,2077.94225154186
29,"SSB",1983,2722.59373834489
29,"SSB",1984,2763.72479319619
29,"SSB",1985,3176.13101315494
29,"SSB",1986,3156.98063535298
29,"SSB",1987,3351.69301003744
29,"SSB",1988,3324.42775154218
29,"SSB",1989,2973.84631579166
29,"SSB",1990,2577.44769155174
29,"SSB",1991,2078.92173010162
29,"SSB",1992,1968.04952516253
29,"SSB",1993,2618.26879800318
29,"SSB",1994,3058.77959030301
29,"SSB",1995,3309.32336769596
29,"SSB",1996,3263.7238666159
29,"SSB",1997,3163.13874056847
29,"SSB",1998,2691.46996993782
29,"SSB",1999,2802.40184656257
29,"SSB",2000,2687.88670828566
29,"SSB",2001,2707.10479623854
29,"SSB",2002,2517.808061814
29,"SSB",2003,2551.24640365971
29,"SSB",2004,2887.30716838091
29,"SSB",2005,2569.60564210501
29,"SSB",2006,2348.81846633243
29,"SSB",2007,1864.90123007761
29,"SSB",2008,1361.46053638555
29,"SSB",2009,1440.86556601225
29,"SSB",2010,1521.15025831238
29,"SSB",2011,1857.64545238138
29,"SSB",2012,2219.98504746476
29,"SSB",2013,2522.05654429216
29,"SSB",2014,2473.39479497648
29,"SSB",2015,2353.43711258406
29,"SSB",2016,2630.5675804692
29,"SSB",2017,3039.94510508978
29,"SSB",2018,2863.72802565322
29,"SSB",2019,2716.16081333788
29,"SSB",2020,2027.06696868318
29,"SSB",2021,2166.14639824964
29,"SSB",2022,2980.95510839515
29,"SSB",2023,2919.83358598196
29,"SSB",2024,3018.1978497283
29,"recruitment",1964,5497.35467312923
29,"recruitment",1965,21779.8133507178
29,"recruitment",1966,14468.3624749705
29,"recruitment",1967,13671.6712601602
29,"recruitment",1968,18624.6278190106
29,"recruitment",1969,26741.4256953479
29,"recruitment",1970,27794.6591992745
29,"recruitment",1971,16052.7296703449
29,"recruitment",1972,12295.1889003042
29,"recruitment",1973,37554.6108956638
29,"recruitment",1974,18864.4433250138
29,"recruitment",1975,15728.9411509898
29,"recruitment",1976,10369.0017668133
29,"recruitment",1977,15583.1363900458
29,"recruitment",1978,19009.3210893791
29,"recruitment",1979,52693.3400156298
29,"recruitment",1980,24690.3687806842
29,"recruitment",1981,27016.1233550767
29,"recruitment",1982,15089.5787721055
29,"recruitment",1983,44057.6687381661
29,"recruitment",1984,16709.2129888436
29,"recruitment",1985,38183.130314249
29,"recruitment",1986,13216.469060755
29,"recruitment",1987,7485.33655620853
29,"recruitment",1988,6103.28271581315
29,"recruitment",1989,9280.04230795885
29,"recruitment",1990,50008.7328566054
29,"recruitment",1991,25803.9961812622
29,"recruitment",1992,22779.2871272896
29,"recruitment",1993,47249.3987971453
29,"recruitment",1994,15440.1473496269
29,"recruitment",1995,9331.06476217281
29,"recruitment",1996,22965.3897273399
29,"recruitment",1997,29892.5403211834
29,"recruitment",1998,13949.3140128253
29,"recruitment",1999,16124.5627750407
29,"recruitment",2000,26075.2193761737
29,"recruitment",2001,33786.1723507236
29,"recruitment",2002,23957.8985790068
29,"recruitment",2003,15627.365847675
29,"recruitment",2004,5871.81588383548
29,"recruitment",2005,4421.19635864864
29,"recruitment",2006,10606.8395892898
29,"recruitment",2007,25825.2184826122
29,"recruitment",2008,11922.5604891931
29,"recruitment",2009,45324.0260993202
29,"recruitment",2010,22054.4622587191
29,"recruitment",2011,13144.2518460194
29,"recruitment",2012,11670.2728992585
29,"recruitment",2013,43924.2844165155
29,"recruitment",2014,47464.8162637093
29,"recruitment",2015,19259.5380708865
29,"recruitment",2016,6917.91079737803
29,"recruitment",2017,6943.0653772538
29,"recruitment",2018,15190.2794107159
29,"recruitment",2019,72070.9607173531
29,"recruitment",2020,19537.1948256615
29,"recruitment",2021,12186.7404893603
29,"recruitment",2022,15779.8798199411
29,"recruitment",2023,20314.7560751863
29,"recruitment",2024,26298.78660563
30,"SSB",1964,813.217518074783
30,"SSB",1965,737.383267402102
30,"SSB",1966,721.686495791358
30,"SSB",1967,811.824103777183
30,"SSB",1968,971.14785885062
30,"SSB",1969,1120.67747082576
30,"SSB",1970,1228.47000792411
30,"SSB",1971,1434.19666172141
30,"SSB",1972,1397.38964316005
30,"SSB",1973,1133.35159424445
30,"SSB",1974,813.916140142222
30,"SSB",1975,789.530512184954
30,"SSB",1976,720.975962387514
30,"SSB",1977,839.008905719473
30,"SSB",1978,739.454922571482
30,"SSB",1979,718.158690993447
30,"SSB",1980,934.85584187865
30,"SSB",1981,1502.83191337398
30,"SSB",1982,2033.1643647439
30,"SSB",1983,2688.44554860134
30,"SSB",1984,2828.16459589257
30,"SSB",1985,3369.20312286719
30,"SSB",1986,3379.60488049981
30,"SSB",1987,3495.33113343724
30,"SSB",1988,3399.93246748675
30,"SSB",1989,3008.839191805
30,"SSB",1990,2587.48715276849
30,"SSB",1991,2132.77964610349
30,"SSB",1992,2072.6818594914
30,"SSB",1993,2794.58471965451
30,"SSB",1994,3216.37726135863
30,"SSB",1995,3375.84509992579
30,"SSB",1996,3275.97022796282
30,"SSB",1997,3198.93240147825
30,"SSB",1998,2725.05831969799
30,"SSB",1999,2836.64869295699
30,"SSB",2000,2727.47433229699
30,"SSB",2001,2731.03602198878
30,"SSB",2002,2522.75962259258
30,"SSB",2003,2584.92892008738
30,"SSB",2004,2957.3130151241
30,"SSB",2005,2627.64762773782
30,"SSB",2006,2356.08527767342
30,"SSB",2007,1893.47330450078
30,"SSB",2008,1407.14027105521
30,"SSB",2009,1473.26729389862
30,"SSB",2010,1508.82789432639
30,"SSB",2011,1840.18762786737
30,"SSB",2012,2246.88168972237
30,"SSB",2013,2587.20205805242
30,"SSB",2014,2560.32248198799
30,"SSB",2015,2435.9785370991
30,"SSB",2016,2750.27415638068
30,"SSB",2017,3249.4271383478
30,"SSB",2018,3107.35232096006
30,"SSB",2019,2994.63316232649
30,"SSB",2020,2312.49668289778
30,"SSB",2021,2552.85351901879
30,"SSB",2022,3554.25737231542
30,"SSB",2023,3487.47625655057
30,"SSB",2024,3575.33364725049
30,"recruitment",1964,7295.4442898118
30,"recruitment",1965,15729.7305842694
30,"recruitment",1966,17231.2001627854
30,"recruitment",1967,14976.2025236205
30,"recruitment",1968,27329.6959030508
30,"recruitment",1969,30057.8730795987
30,"recruitment",1970,16029.8346635694
30,"recruitment",1971,13273.1040426387
30,"recruitment",1972,13204.7480373726
30,"recruitment",1973,26607.7340794092
30,"recruitment",1974,14326.5337883257
30,"recruitment",1975,17772.0375046951
30,"recruitment",1976,12107.4783247524
30,"recruitment",1977,14262.4985836578
30,"recruitment",1978,26177.4231984022
30,"recruitment",1979,47842.8497213151
30,"recruitment",1980,25307.1562169436
30,"recruitment",1981,29534.1506214753
30,"recruitment",1982,20920.9763984189
30,"recruitment",1983,48928.945634171
30,"recruitment",1984,14412.408387401
30,"recruitment",1985,33648.0791497153
30,"recruitment",1986,13253.4084525284
30,"recruitment",1987,7022.63644592127
30,"recruitment",1988,5925.2933137394
30,"recruitment",1989,10418.1830900453
30,"recruitment",1990,52869.6389405907
30,"recruitment",1991,27467.6290445734
30,"recruitment",1992,21068.0605697427
30,"recruitment",1993,45563.3080776554
30,"recruitment",1994,14297.9466307176
30,"recruitment",1995,10391.8947425101
30,"recruitment",1996,22266.0010244079
30,"recruitment",1997,28694.7186220008
30,"recruitment",1998,13377.6975052135
30,"recruitment",1999,14933.8870068225
30,"recruitment",2000,23633.5287553725
30,"recruitment",2001,35971.7584917758
30,"recruitment",2002,23054.2280723324
30,"recruitment",2003,14602.2331639157
30,"recruitment",2004,6031.7312073592
30,"recruitment",2005,4190.99168132967
30,"recruitment",2006,10096.7138346477
30,"recruitment",2007,24369.9155198305
30,"recruitment",2008,12171.5736183058
30,"recruitment",2009,45658.2244714564
30,"recruitment",2010,23834.7865533071
30,"recruitment",2011,13574.7487297977
30,"recruitment",2012,12097.0195560791
30,"recruitment",2013,44235.5209043103
30,"recruitment",2014,50259.9964424822
30,"recruitment",2015,21218.7087867609
30,"recruitment",2016,7710.41092644956
30,"recruitment",2017,7946.3820663906
30,"recruitment",2018,17296.9459455819
30,"recruitment",2019,84678.7803086362
30,"recruitment",2020,19564.3391218645
30,"recruitment",2021,13489.2739728221
30,"recruitment",2022,13175.6392656271
30,"recruitment",2023,16895.5610936499
30,"recruitment",2024,21384.027290909
