"simulation","year","age","value"
1,1964,3,0.576652962610961
1,1965,3,0.654346497903107
1,1966,3,0.734586133612024
1,1967,3,0.837294363038877
1,1968,3,0.794572066648044
1,1969,3,0.795723233938983
1,1970,3,0.838625859733717
1,1971,3,0.870313714699388
1,1972,3,0.87388193670431
1,1973,3,0.890566974932383
1,1974,3,0.989741818244791
1,1975,3,1.09289053910968
1,1976,3,1.20644324944306
1,1977,3,0.951291426557175
1,1978,3,0.702022125443651
1,1979,3,0.578277068566902
1,1980,3,0.310365400608734
1,1981,3,0.234910372077
1,1982,3,0.200623354878472
1,1983,3,0.221086868357772
1,1984,3,0.228914322807853
1,1985,3,0.243429448590546
1,1986,3,0.225028388769572
1,1987,3,0.250727455076391
1,1988,3,0.268470651983115
1,1989,3,0.207547059045007
1,1990,3,0.15423117261748
1,1991,3,0.122544552034936
1,1992,3,0.140532147459438
1,1993,3,0.150294188373678
1,1994,3,0.0746692687220487
1,1995,3,0.064447125051268
1,1996,3,0.0508203890973598
1,1997,3,0.0866176422788156
1,1998,3,0.113081636256885
1,1999,3,0.233266453511573
1,2000,3,0.161583736238376
1,2001,3,0.119967567384699
1,2002,3,0.12469208677159
1,2003,3,0.177777957245257
1,2004,3,0.122460054680636
1,2005,3,0.09958580245741
1,2006,3,0.175678253483968
1,2007,3,0.190173793480726
1,2008,3,0.0996224968640252
1,2009,3,0.0939868649496971
1,2010,3,0.0748654269298566
1,2011,3,0.0431411140765884
1,2012,3,0.0631375239822765
1,2013,3,0.0738215695125139
1,2014,3,0.0897940373659325
1,2015,3,0.224007063161722
1,2016,3,0.064492530028759
1,2017,3,0.0457749865543299
1,2018,3,0.0466550819593976
1,2019,3,0.0646379732073997
1,2020,3,0.150274990413379
1,2021,3,0.291991934698717
1,2022,3,0.306999265531889
1,2023,3,0.27395975044602
1,2024,3,0.27871937807217
1,1964,4,1.70963449292518
1,1965,4,1.86851675000625
1,1966,4,2.01338913985611
1,1967,4,2.17562924543165
1,1968,4,2.06472055257222
1,1969,4,1.7532678725971
1,1970,4,1.37444667423082
1,1971,4,1.12922737660881
1,1972,4,1.18815781311411
1,1973,4,1.20461424678473
1,1974,4,1.16459241567372
1,1975,4,1.13577300557859
1,1976,4,0.961671165503291
1,1977,4,0.871060039270468
1,1978,4,0.728833824457303
1,1979,4,0.655135637202349
1,1980,4,0.541975282466141
1,1981,4,0.527494725194768
1,1982,4,0.469005913836351
1,1983,4,0.597596377765469
1,1984,4,0.597323298113548
1,1985,4,0.56851173760341
1,1986,4,0.566542425174052
1,1987,4,0.612542033758228
1,1988,4,0.708952223954631
1,1989,4,0.675216007642946
1,1990,4,0.564621371654924
1,1991,4,0.421313648738125
1,1992,4,0.310418614963181
1,1993,4,0.601335024071261
1,1994,4,0.401823683159785
1,1995,4,0.203262113364596
1,1996,4,0.0935330176715971
1,1997,4,0.172712702337213
1,1998,4,0.278110622942105
1,1999,4,0.396046577384881
1,2000,4,0.501439656118485
1,2001,4,0.408665695448286
1,2002,4,0.333104147286692
1,2003,4,0.414047886433937
1,2004,4,0.793248037421535
1,2005,4,0.529891963961953
1,2006,4,0.539572714596187
1,2007,4,0.494463038786638
1,2008,4,0.397147435529604
1,2009,4,0.428730622318546
1,2010,4,0.588983092008552
1,2011,4,0.210443128133589
1,2012,4,0.360746392121869
1,2013,4,0.356390507706058
1,2014,4,0.330237541057138
1,2015,4,0.457048230084689
1,2016,4,1.04338339967922
1,2017,4,0.351272429857978
1,2018,4,0.225346778740642
1,2019,4,0.190509339328725
1,2020,4,0.278394535443911
1,2021,4,0.361546326840153
1,2022,4,0.598913617949327
1,2023,4,0.665884396892994
1,2024,4,0.683419635575045
1,1964,5,3.48883302080198
1,1965,5,3.53738253887129
1,1966,5,3.4395673218828
1,1967,5,2.86523651931476
1,1968,5,2.30321849106557
1,1969,5,1.98891723438416
1,1970,5,1.68662193825409
1,1971,5,1.62242454887615
1,1972,5,1.70294554728885
1,1973,5,1.67913824092864
1,1974,5,1.44243326538443
1,1975,5,1.33687188475642
1,1976,5,1.22079532570675
1,1977,5,1.22756446799021
1,1978,5,0.987101784584297
1,1979,5,1.07989389309198
1,1980,5,1.37050513441942
1,1981,5,1.37154104987664
1,1982,5,1.27481458856193
1,1983,5,1.10163343420365
1,1984,5,1.03319054720922
1,1985,5,0.820068298225951
1,1986,5,0.838969202291168
1,1987,5,0.743425320276027
1,1988,5,0.712108773811627
1,1989,5,0.72914488283055
1,1990,5,0.75738466873284
1,1991,5,0.609143712471662
1,1992,5,0.656970763995966
1,1993,5,0.660205208103894
1,1994,5,1.49549966924371
1,1995,5,0.786461426142765
1,1996,5,0.536537263446465
1,1997,5,0.472055563496543
1,1998,5,0.720555393204049
1,1999,5,0.641565389963807
1,2000,5,0.892238546500117
1,2001,5,1.11896840506131
1,2002,5,0.942022522577999
1,2003,5,0.887748755580123
1,2004,5,0.9614109244036
1,2005,5,1.25683271240368
1,2006,5,1.10147206249071
1,2007,5,0.962576923371133
1,2008,5,0.828447055387341
1,2009,5,1.05209017417437
1,2010,5,0.878195611109746
1,2011,5,1.0197704637787
1,2012,5,0.581149634938706
1,2013,5,0.69371954605492
1,2014,5,0.688100217428759
1,2015,5,0.63725764661608
1,2016,5,0.812481235635793
1,2017,5,1.27259788476896
1,2018,5,1.41702072896257
1,2019,5,0.417871533393134
1,2020,5,0.573247986760499
1,2021,5,0.574522918451437
1,2022,5,0.848260330533626
1,2023,5,1.15865402328829
1,2024,5,1.18295207445191
1,1964,6,1.04955406009627
1,1965,6,0.942447653419594
1,1966,6,0.87738275877459
1,1967,6,0.810623641698359
1,1968,6,0.778734905839275
1,1969,6,0.765718009778355
1,1970,6,0.772298230063625
1,1971,6,0.784906930177276
1,1972,6,0.857166084493944
1,1973,6,0.891733548948686
1,1974,6,0.811129833564486
1,1975,6,0.742296089137728
1,1976,6,0.723776099996928
1,1977,6,0.808302070319058
1,1978,6,0.87243939160061
1,1979,6,1.04120716531924
1,1980,6,1.1380748451066
1,1981,6,1.26888602379344
1,1982,6,1.16645298550717
1,1983,6,0.969824942547643
1,1984,6,1.13555634130213
1,1985,6,1.17328575641542
1,1986,6,1.26318766880801
1,1987,6,1.28530291200851
1,1988,6,1.50171265402962
1,1989,6,1.83482515910433
1,1990,6,1.25614082838018
1,1991,6,0.773136603571588
1,1992,6,0.936106987938325
1,1993,6,1.14088243500132
1,1994,6,1.34152772514953
1,1995,6,1.60199568007254
1,1996,6,0.993192928749301
1,1997,6,1.07662751533467
1,1998,6,1.34744427707361
1,1999,6,1.24225346683878
1,2000,6,1.31827599681625
1,2001,6,1.60453216624925
1,2002,6,1.70204376524541
1,2003,6,1.65744932631104
1,2004,6,1.69543632507067
1,2005,6,1.90341020997261
1,2006,6,1.75792658075698
1,2007,6,1.62473471796502
1,2008,6,1.51433177087772
1,2009,6,1.71271037167455
1,2010,6,1.34639909326485
1,2011,6,1.51257850176701
1,2012,6,1.31718248328035
1,2013,6,0.845402877776966
1,2014,6,1.13081014604151
1,2015,6,1.04881621473264
1,2016,6,1.13451635531308
1,2017,6,1.28682241546844
1,2018,6,1.59033111305516
1,2019,6,1.99603230635205
1,2020,6,1.43147261395726
1,2021,6,1.17529349505314
1,2022,6,1.39646897018369
1,2023,6,1.21919840697535
1,2024,6,1.12528522461369
1,1964,7,1.90882624402323
1,1965,7,1.77143668357469
1,1966,7,1.58061495145552
1,1967,7,1.49819565170689
1,1968,7,1.54196454374547
1,1969,7,1.5504954714252
1,1970,7,1.59109067162374
1,1971,7,1.46992203182697
1,1972,7,1.36756256880037
1,1973,7,1.36855543504549
1,1974,7,1.24484275510113
1,1975,7,1.12040538388073
1,1976,7,1.02240285925504
1,1977,7,1.0415170373345
1,1978,7,1.17238885242742
1,1979,7,1.1568043805193
1,1980,7,1.14063207373919
1,1981,7,0.986837038583208
1,1982,7,0.98389306247815
1,1983,7,0.960692504849714
1,1984,7,0.909446729700175
1,1985,7,0.985091679575959
1,1986,7,1.17032025111113
1,1987,7,0.884205189002735
1,1988,7,1.18657426184164
1,1989,7,1.54565199410106
1,1990,7,1.80590070355554
1,1991,7,1.63099491306018
1,1992,7,1.43631231693831
1,1993,7,1.70711701775519
1,1994,7,1.37064080885041
1,1995,7,1.38422758285104
1,1996,7,1.70112652850037
1,1997,7,1.71158423193387
1,1998,7,1.50142798109624
1,1999,7,1.54187220074544
1,2000,7,1.90411100676745
1,2001,7,1.77215155703342
1,2002,7,1.64378272265924
1,2003,7,1.67089330200379
1,2004,7,1.61014826073032
1,2005,7,1.7558389048903
1,2006,7,1.58472036683431
1,2007,7,1.58195285962143
1,2008,7,1.51474263058126
1,2009,7,1.57029644372371
1,2010,7,1.64451177798154
1,2011,7,1.52963345810039
1,2012,7,1.33914390563615
1,2013,7,1.27654675785357
1,2014,7,1.35206608494792
1,2015,7,1.29310911713665
1,2016,7,0.974467119643499
1,2017,7,1.33411845545037
1,2018,7,1.52426235094169
1,2019,7,2.29252579331351
1,2020,7,2.00049160293935
1,2021,7,1.90874084516558
1,2022,7,1.47670252604084
1,2023,7,1.24176605186345
1,2024,7,1.17148014974824
1,1964,8,1.32275261897824
1,1965,8,1.32639935767134
1,1966,8,1.37428357019612
1,1967,8,1.55184073057147
1,1968,8,1.76196739335695
1,1969,8,1.88987617981628
1,1970,8,2.05816855745998
1,1971,8,2.18108000226303
1,1972,8,2.15240513361658
1,1973,8,2.2033009253948
1,1974,8,2.22657274324586
1,1975,8,2.21948789450246
1,1976,8,2.22650454339863
1,1977,8,2.25728389865494
1,1978,8,2.66394596122947
1,1979,8,2.53691960998774
1,1980,8,2.49278908696459
1,1981,8,2.17900494200395
1,1982,8,2.03453827595369
1,1983,8,1.93040219836587
1,1984,8,1.57853674213149
1,1985,8,1.43767601914674
1,1986,8,1.23149021518076
1,1987,8,1.09932448808509
1,1988,8,0.869509510668669
1,1989,8,0.761032142066405
1,1990,8,0.851004060531518
1,1991,8,0.938109383982741
1,1992,8,1.14454775580434
1,1993,8,1.32445586961989
1,1994,8,1.46662838110902
1,1995,8,1.92809098671096
1,1996,8,2.63038095337561
1,1997,8,1.58456809087156
1,1998,8,1.76265323278064
1,1999,8,1.65252044646894
1,2000,8,2.24590158275853
1,2001,8,2.07538410695499
1,2002,8,1.83776480415038
1,2003,8,1.90948809410386
1,2004,8,1.99184408481134
1,2005,8,1.89175681452891
1,2006,8,1.70501409667672
1,2007,8,1.42548966366852
1,2008,8,1.46629011469932
1,2009,8,1.43467837878508
1,2010,8,1.77239101417788
1,2011,8,1.85976452430754
1,2012,8,1.95674549407348
1,2013,8,1.9882944503868
1,2014,8,1.59178882080795
1,2015,8,1.69323111836584
1,2016,8,1.5733980431504
1,2017,8,1.33251928230474
1,2018,8,1.8744111359561
1,2019,8,2.48581837912248
1,2020,8,2.01907282213222
1,2021,8,2.53776885602881
1,2022,8,2.63429265265642
1,2023,8,2.30152789816927
1,2024,8,2.37079811889546
2,1964,3,0.453786718189043
2,1965,3,0.528889409103629
2,1966,3,0.506703328318517
2,1967,3,0.638232083302876
2,1968,3,0.580555758515683
2,1969,3,0.672551175357553
2,1970,3,0.663231785117595
2,1971,3,0.938386545548581
2,1972,3,1.08926766581214
2,1973,3,0.953920225153287
2,1974,3,0.978072654956757
2,1975,3,1.20036613910422
2,1976,3,1.07426535619531
2,1977,3,0.777660470570113
2,1978,3,0.493568918561137
2,1979,3,0.536662477013063
2,1980,3,0.494157476307248
2,1981,3,0.291513956009432
2,1982,3,0.216968840123702
2,1983,3,0.198801983155054
2,1984,3,0.208802312878525
2,1985,3,0.196474540865612
2,1986,3,0.224162702206901
2,1987,3,0.243094671574837
2,1988,3,0.31120309122307
2,1989,3,0.285377407677005
2,1990,3,0.180377393235721
2,1991,3,0.120379454664478
2,1992,3,0.142916785417299
2,1993,3,0.141989864166623
2,1994,3,0.08335408616457
2,1995,3,0.0565743778278084
2,1996,3,0.0674995086854493
2,1997,3,0.0933641641120816
2,1998,3,0.126509609041077
2,1999,3,0.263059092648161
2,2000,3,0.169555798177693
2,2001,3,0.113955943314881
2,2002,3,0.103024200872813
2,2003,3,0.205129862146557
2,2004,3,0.10905563748852
2,2005,3,0.120259356527291
2,2006,3,0.183410491315451
2,2007,3,0.17161930399647
2,2008,3,0.100614155899801
2,2009,3,0.0972800805508581
2,2010,3,0.0589415795124635
2,2011,3,0.059594956946335
2,2012,3,0.0593437679093018
2,2013,3,0.0688193237215172
2,2014,3,0.0853359213391623
2,2015,3,0.201442922304814
2,2016,3,0.0670267999299076
2,2017,3,0.0476057944866078
2,2018,3,0.0456494898591721
2,2019,3,0.040997885151374
2,2020,3,0.110415052154987
2,2021,3,0.278202920403392
2,2022,3,0.247149310537259
2,2023,3,0.179127105912965
2,2024,3,0.181792557729416
2,1964,4,2.81718477586388
2,1965,4,2.91430095366317
2,1966,4,2.64539091810429
2,1967,4,2.28313675624889
2,1968,4,1.73380518208273
2,1969,4,1.19125800289076
2,1970,4,0.924978075304902
2,1971,4,0.939013089383
2,1972,4,1.04188120389491
2,1973,4,1.04897525354921
2,1974,4,0.827995579109177
2,1975,4,0.877943978196548
2,1976,4,1.0345227882313
2,1977,4,1.0192753281023
2,1978,4,0.74798373912067
2,1979,4,0.771556994218836
2,1980,4,0.724370634806675
2,1981,4,0.689178785640197
2,1982,4,0.724151126761925
2,1983,4,0.488266425929421
2,1984,4,0.40494149121745
2,1985,4,0.344835614595936
2,1986,4,0.516801101499464
2,1987,4,0.433238323312781
2,1988,4,0.475541090028604
2,1989,4,0.555603393039262
2,1990,4,0.467120021748276
2,1991,4,0.27280863089408
2,1992,4,0.361192251818197
2,1993,4,0.610813502866732
2,1994,4,0.433589755209708
2,1995,4,0.215278118152105
2,1996,4,0.108157242773847
2,1997,4,0.210439804209268
2,1998,4,0.266816525324088
2,1999,4,0.378373038169791
2,2000,4,0.453417331757835
2,2001,4,0.361579596188581
2,2002,4,0.366332422039965
2,2003,4,0.500109229656439
2,2004,4,0.711858029517288
2,2005,4,0.556318032291204
2,2006,4,0.56317922744949
2,2007,4,0.537080640405721
2,2008,4,0.441152955418426
2,2009,4,0.451852131223036
2,2010,4,0.539001658802461
2,2011,4,0.229463056539755
2,2012,4,0.319560500930693
2,2013,4,0.326959041002827
2,2014,4,0.335432216142694
2,2015,4,0.361187958543132
2,2016,4,1.15850755297469
2,2017,4,0.403742366416985
2,2018,4,0.236062274785781
2,2019,4,0.122513804109383
2,2020,4,0.208135941771394
2,2021,4,0.253648356765036
2,2022,4,0.503154108929405
2,2023,4,0.784336401921325
2,2024,4,0.776082122156034
2,1964,5,3.35410520184138
2,1965,5,3.17750309984509
2,1966,5,2.84293741282793
2,1967,5,2.19457494667218
2,1968,5,1.8158980708635
2,1969,5,1.31373686932146
2,1970,5,1.0928038401899
2,1971,5,1.10127392192816
2,1972,5,1.20823943402414
2,1973,5,1.26109490930813
2,1974,5,1.01899350125037
2,1975,5,1.01042041068457
2,1976,5,0.9761512967589
2,1977,5,1.09115966713606
2,1978,5,1.00957102365264
2,1979,5,0.99731032109319
2,1980,5,1.09135274723253
2,1981,5,1.36070448123771
2,1982,5,1.30203801185075
2,1983,5,1.11766888073679
2,1984,5,1.15266793366215
2,1985,5,1.18796390989963
2,1986,5,1.27957660723938
2,1987,5,1.11480836874064
2,1988,5,1.29119821965036
2,1989,5,0.888551962816835
2,1990,5,1.20494127914586
2,1991,5,0.829883097610931
2,1992,5,0.571710020747646
2,1993,5,0.509129564490573
2,1994,5,1.27835283816772
2,1995,5,0.792792353365242
2,1996,5,0.347986009418284
2,1997,5,0.37541762424828
2,1998,5,0.48724586173532
2,1999,5,0.66831158166514
2,2000,5,0.936128229235008
2,2001,5,1.1564178920291
2,2002,5,0.963504614835008
2,2003,5,1.01869825507188
2,2004,5,1.12778178334287
2,2005,5,1.71435336663131
2,2006,5,1.26248343250964
2,2007,5,1.07030700406246
2,2008,5,0.91151360033818
2,2009,5,1.0361375856524
2,2010,5,0.75291981668374
2,2011,5,1.0535753873044
2,2012,5,0.485294051966244
2,2013,5,0.679643531114261
2,2014,5,0.693878573620043
2,2015,5,0.588708849283034
2,2016,5,0.788663076860833
2,2017,5,1.46209770655016
2,2018,5,1.55537572357689
2,2019,5,0.468882039297922
2,2020,5,0.540488081291993
2,2021,5,0.499706099587198
2,2022,5,0.852080528063315
2,2023,5,1.1572703323697
2,2024,5,1.15747509504034
2,1964,6,1.78224216269028
2,1965,6,1.58840233146543
2,1966,6,1.48757369004493
2,1967,6,1.40265719860099
2,1968,6,1.36898176447918
2,1969,6,1.35134441314796
2,1970,6,1.20393324793533
2,1971,6,1.21668308136583
2,1972,6,1.34145272919608
2,1973,6,1.35921186840184
2,1974,6,1.28811442614743
2,1975,6,1.41743308379724
2,1976,6,1.25880915967157
2,1977,6,1.28269331800739
2,1978,6,1.56499810472059
2,1979,6,1.57281682251675
2,1980,6,1.49387476212639
2,1981,6,1.56359144272989
2,1982,6,1.6739288438153
2,1983,6,1.7842798374959
2,1984,6,1.37232865670999
2,1985,6,1.14698909234443
2,1986,6,1.02945593134669
2,1987,6,1.28217977511852
2,1988,6,1.28466883614789
2,1989,6,1.1912581961086
2,1990,6,1.12938811675255
2,1991,6,1.07401388699484
2,1992,6,0.991066680700179
2,1993,6,1.14763748038674
2,1994,6,1.07958960891196
2,1995,6,1.60249667426452
2,1996,6,1.07665743994309
2,1997,6,0.794882640408055
2,1998,6,1.06178053944212
2,1999,6,0.89420694688255
2,2000,6,1.30100085812745
2,2001,6,1.74807975174488
2,2002,6,2.00557869430645
2,2003,6,1.5630876498295
2,2004,6,1.5187376456074
2,2005,6,1.68567382399347
2,2006,6,1.73349741710361
2,2007,6,1.69244876881581
2,2008,6,1.44929385970389
2,2009,6,1.37122352754104
2,2010,6,1.10450665198934
2,2011,6,1.42039065462021
2,2012,6,1.22266543217266
2,2013,6,0.694366057774795
2,2014,6,1.11755486679818
2,2015,6,0.998264683648282
2,2016,6,0.974837135814119
2,2017,6,1.41306572385199
2,2018,6,1.78637248186753
2,2019,6,1.84443604664666
2,2020,6,1.5152647635952
2,2021,6,1.14703998873594
2,2022,6,1.06244589603656
2,2023,6,1.0915672471393
2,2024,6,1.07496667449494
2,1964,7,1.1026495832873
2,1965,7,1.02431517544684
2,1966,7,1.08842637943834
2,1967,7,1.18050237632006
2,1968,7,1.300978028793
2,1969,7,1.43480159276228
2,1970,7,1.56408495862438
2,1971,7,1.65940424253294
2,1972,7,1.64547733399194
2,1973,7,1.69461976676052
2,1974,7,1.57635151460631
2,1975,7,1.48741285461736
2,1976,7,1.4625333977123
2,1977,7,1.46481897953758
2,1978,7,1.7115959726257
2,1979,7,1.65264910328126
2,1980,7,1.63765663916759
2,1981,7,1.39332410466092
2,1982,7,1.281990304669
2,1983,7,1.22406372221058
2,1984,7,1.27542832754828
2,1985,7,1.28515830195603
2,1986,7,0.889084683230447
2,1987,7,1.07021506154784
2,1988,7,1.27863564223896
2,1989,7,1.56811179740369
2,1990,7,1.43980333203392
2,1991,7,1.39622468522746
2,1992,7,1.48849809406762
2,1993,7,1.13367490570212
2,1994,7,1.44304562287179
2,1995,7,1.69905968836653
2,1996,7,1.9621249592591
2,1997,7,1.49439527301254
2,1998,7,1.10895187124305
2,1999,7,1.34705745161683
2,2000,7,1.75172033933117
2,2001,7,1.94678525765466
2,2002,7,1.83345757719554
2,2003,7,2.11826451766483
2,2004,7,1.78812961004102
2,2005,7,1.43569213768024
2,2006,7,1.41573246700404
2,2007,7,1.51045162713721
2,2008,7,1.63046866104326
2,2009,7,1.38154129336345
2,2010,7,1.50124465647841
2,2011,7,1.30337940559769
2,2012,7,1.54325903511321
2,2013,7,0.982168164456441
2,2014,7,1.46452564759268
2,2015,7,1.29160060785699
2,2016,7,1.1545817443083
2,2017,7,1.57482701925477
2,2018,7,1.46629284736142
2,2019,7,2.25608926150519
2,2020,7,1.72724999269692
2,2021,7,1.52385809544929
2,2022,7,1.66794015137024
2,2023,7,1.30418296887854
2,2024,7,1.24249609391546
2,1964,8,1.78070442246553
2,1965,8,1.83089100374906
2,1966,8,2.06775666672206
2,1967,8,2.26587646629512
2,1968,8,2.56720989694815
2,1969,8,2.8232701010703
2,1970,8,3.07835143870755
2,1971,8,2.63771770634342
2,1972,8,2.21671617109878
2,1973,8,2.01102062782185
2,1974,8,1.93083879002077
2,1975,8,1.73743868243305
2,1976,8,1.74546518923493
2,1977,8,1.83345389987996
2,1978,8,1.91903754983987
2,1979,8,1.7073674543595
2,1980,8,1.44862146155995
2,1981,8,1.18149215946028
2,1982,8,0.970965520952147
2,1983,8,0.868978624284557
2,1984,8,0.824212831364686
2,1985,8,0.834188529926983
2,1986,8,0.729892539596266
2,1987,8,0.825052952356386
2,1988,8,0.859979225736909
2,1989,8,1.02006903526022
2,1990,8,1.26340313322599
2,1991,8,1.38373028177934
2,1992,8,1.33034512128976
2,1993,8,1.45873960985454
2,1994,8,1.28873680400045
2,1995,8,1.31829316314191
2,1996,8,1.41401339311842
2,1997,8,1.24455408364242
2,1998,8,1.21556811535521
2,1999,8,1.42239288255747
2,2000,8,1.95097692080711
2,2001,8,2.18893363471199
2,2002,8,2.5835320924153
2,2003,8,2.25472282393133
2,2004,8,2.28303237229822
2,2005,8,1.6976379528646
2,2006,8,1.95569239990657
2,2007,8,1.52303049296223
2,2008,8,1.42658552644634
2,2009,8,1.09602248948725
2,2010,8,1.64545877534884
2,2011,8,1.32336997151545
2,2012,8,1.8848734345538
2,2013,8,1.74118092200378
2,2014,8,1.34299221773644
2,2015,8,1.54875282251236
2,2016,8,1.37392248156797
2,2017,8,1.49414860450142
2,2018,8,1.6446269610012
2,2019,8,1.82304995161943
2,2020,8,1.5414419179582
2,2021,8,2.1531405507392
2,2022,8,1.95018151962226
2,2023,8,1.75281369230249
2,2024,8,1.64540171403148
3,1964,3,0.541220154869341
3,1965,3,0.609554913092125
3,1966,3,0.641755096862048
3,1967,3,0.559724461748225
3,1968,3,0.547923037834065
3,1969,3,0.557587992661014
3,1970,3,0.610698285964666
3,1971,3,0.758868715038626
3,1972,3,0.843373145336373
3,1973,3,0.855440334817809
3,1974,3,1.09943027427735
3,1975,3,0.920037787442771
3,1976,3,0.913551036355677
3,1977,3,0.861062557440591
3,1978,3,0.885323906141893
3,1979,3,0.792031255309881
3,1980,3,0.48271551852231
3,1981,3,0.315313117960593
3,1982,3,0.212474378260397
3,1983,3,0.181346888915051
3,1984,3,0.200237831517508
3,1985,3,0.274876977535097
3,1986,3,0.343552036819245
3,1987,3,0.411651445425658
3,1988,3,0.382936446055936
3,1989,3,0.255888224789866
3,1990,3,0.208103648223108
3,1991,3,0.152246254755958
3,1992,3,0.169816580954642
3,1993,3,0.156527218787999
3,1994,3,0.088217025993975
3,1995,3,0.0611383295920719
3,1996,3,0.0555306470700033
3,1997,3,0.0901132350764541
3,1998,3,0.100304734488916
3,1999,3,0.220417435011424
3,2000,3,0.130744126399369
3,2001,3,0.0807817736351706
3,2002,3,0.121676658504096
3,2003,3,0.183404760139544
3,2004,3,0.139228747201465
3,2005,3,0.104414955039792
3,2006,3,0.159244490823675
3,2007,3,0.141073009587931
3,2008,3,0.088121209021273
3,2009,3,0.0921671082550871
3,2010,3,0.0692304689495241
3,2011,3,0.0517662780744304
3,2012,3,0.057631840076299
3,2013,3,0.0505514896693819
3,2014,3,0.0719342315367526
3,2015,3,0.177885150092342
3,2016,3,0.0859314358062014
3,2017,3,0.0490345252850781
3,2018,3,0.0444306719937622
3,2019,3,0.0362170955927315
3,2020,3,0.112062722822712
3,2021,3,0.321472411643753
3,2022,3,0.281438040731913
3,2023,3,0.264584968499918
3,2024,3,0.268517794353254
3,1964,4,1.57235062886889
3,1965,4,1.56181070844828
3,1966,4,1.78131595844551
3,1967,4,1.42109786603426
3,1968,4,1.27348124460505
3,1969,4,1.23867961565159
3,1970,4,1.07498419172636
3,1971,4,1.18059827829041
3,1972,4,1.30518782032457
3,1973,4,1.24650548672299
3,1974,4,1.59418598395981
3,1975,4,1.5875767459557
3,1976,4,1.67842119265257
3,1977,4,1.46921410953229
3,1978,4,1.28339196349085
3,1979,4,1.10746196897013
3,1980,4,0.876327316901612
3,1981,4,0.720042199276983
3,1982,4,0.648826001272867
3,1983,4,0.587672641324226
3,1984,4,0.542682402915386
3,1985,4,0.596228283558867
3,1986,4,0.604864180132952
3,1987,4,0.592826078240617
3,1988,4,0.56553448444264
3,1989,4,0.540772844135559
3,1990,4,0.558022469643062
3,1991,4,0.49759979208172
3,1992,4,0.443654153811423
3,1993,4,0.588907173463569
3,1994,4,0.363867911936572
3,1995,4,0.189057305423478
3,1996,4,0.10393726935688
3,1997,4,0.127684007372935
3,1998,4,0.182695630065394
3,1999,4,0.41414368911919
3,2000,4,0.492311757085196
3,2001,4,0.379292254537899
3,2002,4,0.375208619825634
3,2003,4,0.419828039153714
3,2004,4,0.659736396055937
3,2005,4,0.417704266034524
3,2006,4,0.633619331802385
3,2007,4,0.584270369085371
3,2008,4,0.393493090723744
3,2009,4,0.432757400052108
3,2010,4,0.45922155452666
3,2011,4,0.245935933428943
3,2012,4,0.262093902804284
3,2013,4,0.26674984118211
3,2014,4,0.290921296177417
3,2015,4,0.413767093213134
3,2016,4,1.06173257208755
3,2017,4,0.379935167184542
3,2018,4,0.227837739060646
3,2019,4,0.106297180763544
3,2020,4,0.216836580604929
3,2021,4,0.356759403132618
3,2022,4,0.493388546078507
3,2023,4,0.589720048018964
3,2024,4,0.589213981226944
3,1964,5,1.60064696378886
3,1965,5,1.51000648676059
3,1966,5,1.66516915305382
3,1967,5,1.4349705113262
3,1968,5,1.48524120306489
3,1969,5,1.48728871306832
3,1970,5,1.22722333539292
3,1971,5,1.27352781622225
3,1972,5,1.41006578761698
3,1973,5,1.60349899544561
3,1974,5,2.04010345865248
3,1975,5,2.09153379481672
3,1976,5,1.97545061490508
3,1977,5,1.81988189411723
3,1978,5,1.55806858060479
3,1979,5,1.54109294695151
3,1980,5,1.73672876488012
3,1981,5,1.59037301723763
3,1982,5,1.49037932544906
3,1983,5,1.11595081834233
3,1984,5,1.02832635334029
3,1985,5,0.984864003993218
3,1986,5,0.952547420444367
3,1987,5,0.743941134771283
3,1988,5,0.665858762753643
3,1989,5,0.688679007660206
3,1990,5,0.758398195210577
3,1991,5,0.660863444359446
3,1992,5,0.557426439734246
3,1993,5,0.625117210280194
3,1994,5,0.91224286058523
3,1995,5,0.813444852499046
3,1996,5,0.44624702186781
3,1997,5,0.460555161574766
3,1998,5,0.59528335807566
3,1999,5,0.708348672615049
3,2000,5,0.877542157548421
3,2001,5,1.059023787056
3,2002,5,0.824410420080346
3,2003,5,0.979652976688877
3,2004,5,1.0908170374769
3,2005,5,1.16458889021948
3,2006,5,1.27599688166178
3,2007,5,1.10866994273347
3,2008,5,0.861499865274105
3,2009,5,0.764551451316418
3,2010,5,0.760634928053697
3,2011,5,0.990963868806916
3,2012,5,0.517464150542755
3,2013,5,0.533447672824716
3,2014,5,0.622827921356975
3,2015,5,0.528340550318349
3,2016,5,1.09359774951963
3,2017,5,1.31316616525788
3,2018,5,1.37922157920889
3,2019,5,0.436656091913522
3,2020,5,0.562235305129622
3,2021,5,0.536951060829566
3,2022,5,0.836539363228687
3,2023,5,1.03831139844801
3,2024,5,1.01056327657604
3,1964,6,1.5827697090627
3,1965,6,1.48708989524001
3,1966,6,1.45048469640921
3,1967,6,1.41373920747097
3,1968,6,1.48404849036247
3,1969,6,1.57445022293336
3,1970,6,1.5000165473078
3,1971,6,1.44411051253365
3,1972,6,1.53104176730519
3,1973,6,1.6097430098568
3,1974,6,1.70286768593292
3,1975,6,1.75332234773792
3,1976,6,1.83235539182789
3,1977,6,1.95024651677489
3,1978,6,1.86515759826077
3,1979,6,1.69709845671366
3,1980,6,1.69388436292593
3,1981,6,1.60080512445143
3,1982,6,1.50183274680747
3,1983,6,1.40154035816994
3,1984,6,1.42366237214394
3,1985,6,1.6663309388912
3,1986,6,1.7414214907776
3,1987,6,1.54217176891084
3,1988,6,1.59238963480279
3,1989,6,1.70461626734164
3,1990,6,1.56424272472852
3,1991,6,1.15986362772346
3,1992,6,1.25436385328281
3,1993,6,1.36064491598066
3,1994,6,1.30585321912865
3,1995,6,1.4993371201787
3,1996,6,1.14384757455795
3,1997,6,0.9051076048603
3,1998,6,1.0177487672534
3,1999,6,0.975786139595382
3,2000,6,1.18490833882205
3,2001,6,1.48088201268082
3,2002,6,1.53403835446551
3,2003,6,1.59055820328582
3,2004,6,1.49229359921952
3,2005,6,1.63679065563444
3,2006,6,1.83426037376683
3,2007,6,1.58482459880178
3,2008,6,1.37131952656076
3,2009,6,1.34204845148672
3,2010,6,1.21060430927013
3,2011,6,1.32042247372897
3,2012,6,1.06101564609476
3,2013,6,0.710213019091938
3,2014,6,1.04866979999176
3,2015,6,0.872105885686553
3,2016,6,1.13730962888459
3,2017,6,1.45726685956594
3,2018,6,1.60336390511104
3,2019,6,1.39299173188157
3,2020,6,1.26818760720357
3,2021,6,0.978514305544567
3,2022,6,1.07844595640164
3,2023,6,1.03581484307624
3,2024,6,1.04575895447892
3,1964,7,3.36932890737667
3,1965,7,3.15509495205961
3,1966,7,2.77441620493914
3,1967,7,2.8007378478201
3,1968,7,2.67828996745046
3,1969,7,2.45034848535123
3,1970,7,2.31831046452559
3,1971,7,2.17874446445723
3,1972,7,2.14256817373575
3,1973,7,2.03773221978437
3,1974,7,1.74782172946425
3,1975,7,1.75820236392443
3,1976,7,1.72425929158548
3,1977,7,1.81567031597376
3,1978,7,1.85009847593747
3,1979,7,1.86852743533925
3,1980,7,2.00282472417527
3,1981,7,2.1149029526418
3,1982,7,2.07582553356556
3,1983,7,2.11200499084572
3,1984,7,1.85723738441475
3,1985,7,1.69629589325191
3,1986,7,1.6566147739742
3,1987,7,1.70460201093217
3,1988,7,2.01530969782731
3,1989,7,2.23347467995702
3,1990,7,1.99222023498588
3,1991,7,1.48023007897101
3,1992,7,1.78352408211734
3,1993,7,2.09892502434279
3,1994,7,1.61442871320124
3,1995,7,1.8429395163987
3,1996,7,1.86868382659784
3,1997,7,1.36283158172415
3,1998,7,1.11241500678004
3,1999,7,1.3103515201831
3,2000,7,1.34262610336574
3,2001,7,1.80021887140337
3,2002,7,1.96786503225397
3,2003,7,1.89507851191881
3,2004,7,1.71987590608795
3,2005,7,1.85906468020576
3,2006,7,2.20942355631605
3,2007,7,1.44185400856937
3,2008,7,1.40616369752769
3,2009,7,1.27159637316163
3,2010,7,1.12658576883407
3,2011,7,1.24402401577772
3,2012,7,1.183442284157
3,2013,7,0.961282445137134
3,2014,7,1.15991607635562
3,2015,7,1.00177922552352
3,2016,7,1.33833003602487
3,2017,7,1.79189338219377
3,2018,7,1.99848632544673
3,2019,7,2.56939896314579
3,2020,7,1.92294221787158
3,2021,7,1.91566500978046
3,2022,7,1.7762015613568
3,2023,7,1.50041114535112
3,2024,7,1.49869563811282
3,1964,8,1.00995466999016
3,1965,8,1.0029255215562
3,1966,8,0.940292988352636
3,1967,8,1.02108452762796
3,1968,8,1.0229217279621
3,1969,8,1.01878970219658
3,1970,8,1.06655869466383
3,1971,8,1.08063337915279
3,1972,8,1.08720944896822
3,1973,8,1.099569044146
3,1974,8,0.993405405025911
3,1975,8,1.07487152984983
3,1976,8,1.0732312817178
3,1977,8,1.12229034355389
3,1978,8,1.20747507582852
3,1979,8,1.31566602393095
3,1980,8,1.45707595901156
3,1981,8,1.62796157341131
3,1982,8,1.68324162016418
3,1983,8,1.7032540904044
3,1984,8,1.61775209710614
3,1985,8,1.33445514871555
3,1986,8,1.24340504583104
3,1987,8,1.44084558921022
3,1988,8,1.47589648510115
3,1989,8,1.64483647530573
3,1990,8,1.61472353593682
3,1991,8,1.26924832182698
3,1992,8,1.34251932024548
3,1993,8,1.60154032765712
3,1994,8,1.56843111851653
3,1995,8,1.83897891083393
3,1996,8,2.02191675121756
3,1997,8,1.53640184047956
3,1998,8,1.49745410108891
3,1999,8,1.590378728058
3,2000,8,1.68597169343903
3,2001,8,1.61116936946829
3,2002,8,1.66233655504782
3,2003,8,1.86705357549546
3,2004,8,2.13301887652948
3,2005,8,1.71109498322292
3,2006,8,1.424226661032
3,2007,8,1.28447379157955
3,2008,8,1.21761263196238
3,2009,8,1.13272142420095
3,2010,8,1.44694236042724
3,2011,8,1.58992574474345
3,2012,8,1.41102840016088
3,2013,8,1.60616526664703
3,2014,8,1.47204325300611
3,2015,8,1.65533258859756
3,2016,8,1.47158272332475
3,2017,8,1.6682930209067
3,2018,8,2.00054573988872
3,2019,8,2.25698212183066
3,2020,8,1.31146122471765
3,2021,8,2.19803342619457
3,2022,8,2.20677036862671
3,2023,8,2.36922045803645
3,2024,8,2.29154361275791
4,1964,3,0.416255087899344
4,1965,3,0.481203124083119
4,1966,3,0.54055556576257
4,1967,3,0.728706241817405
4,1968,3,0.624795095700957
4,1969,3,0.676369957271076
4,1970,3,0.553598644476517
4,1971,3,0.635188595972429
4,1972,3,0.68366575583066
4,1973,3,0.771673693836893
4,1974,3,0.991917906107274
4,1975,3,1.09353866284513
4,1976,3,1.08829338131743
4,1977,3,1.1026098622635
4,1978,3,1.09762524055059
4,1979,3,0.772839418649081
4,1980,3,0.517506472419982
4,1981,3,0.321160462259106
4,1982,3,0.266666571971905
4,1983,3,0.246384607605957
4,1984,3,0.250838099260608
4,1985,3,0.175855958497312
4,1986,3,0.213464544085158
4,1987,3,0.228532027279556
4,1988,3,0.199809760687826
4,1989,3,0.169328268985936
4,1990,3,0.145748640968892
4,1991,3,0.1380512574149
4,1992,3,0.17391702038823
4,1993,3,0.168443277143991
4,1994,3,0.0939202353928502
4,1995,3,0.0705394986303776
4,1996,3,0.0695243521332998
4,1997,3,0.0808221648686567
4,1998,3,0.103296587781826
4,1999,3,0.218640700011522
4,2000,3,0.176831388508077
4,2001,3,0.140857558922749
4,2002,3,0.120236585233284
4,2003,3,0.191787953877362
4,2004,3,0.104193307498999
4,2005,3,0.0863154410052478
4,2006,3,0.116693037778404
4,2007,3,0.149920365026063
4,2008,3,0.106993704197357
4,2009,3,0.0887617022635744
4,2010,3,0.0658696351279461
4,2011,3,0.0720493806898577
4,2012,3,0.06738493496792
4,2013,3,0.0804291137063972
4,2014,3,0.0856192689258415
4,2015,3,0.188423017185883
4,2016,3,0.054869833291217
4,2017,3,0.0329264227797218
4,2018,3,0.0377848905131188
4,2019,3,0.0460042970064255
4,2020,3,0.112913423519683
4,2021,3,0.353885031384792
4,2022,3,0.298497850699679
4,2023,3,0.316448278693484
4,2024,3,0.327227042333895
4,1964,4,4.24819309829448
4,1965,4,4.03563581986127
4,1966,4,3.82018323519305
4,1967,4,3.20990508824541
4,1968,4,2.52260970227744
4,1969,4,1.7581862108434
4,1970,4,1.15054296234343
4,1971,4,1.00089132381449
4,1972,4,1.00907504399806
4,1973,4,1.17879651256692
4,1974,4,1.38119553352453
4,1975,4,1.26611393520344
4,1976,4,1.09715213421731
4,1977,4,1.22572606994036
4,1978,4,1.15671380538859
4,1979,4,0.793763508248645
4,1980,4,0.786834513602028
4,1981,4,0.804044462967491
4,1982,4,0.716979524764229
4,1983,4,0.824487605436087
4,1984,4,0.603714888231372
4,1985,4,0.478050312726496
4,1986,4,0.368927398762194
4,1987,4,0.355907688901774
4,1988,4,0.35721272835335
4,1989,4,0.310409697413882
4,1990,4,0.348087909620354
4,1991,4,0.396129850144064
4,1992,4,0.297200315919895
4,1993,4,0.68475893554786
4,1994,4,0.495914373940859
4,1995,4,0.204834308616134
4,1996,4,0.104720443817508
4,1997,4,0.15173402148728
4,1998,4,0.223908091881925
4,1999,4,0.539737489749844
4,2000,4,0.53836571677258
4,2001,4,0.417918103818029
4,2002,4,0.433696002057663
4,2003,4,0.445024643178355
4,2004,4,0.747586637697403
4,2005,4,0.478185468544335
4,2006,4,0.593847376779463
4,2007,4,0.633811378340876
4,2008,4,0.536774781178634
4,2009,4,0.48962629072223
4,2010,4,0.624566257349105
4,2011,4,0.254027667345763
4,2012,4,0.414656688380357
4,2013,4,0.332556520132895
4,2014,4,0.320397017908254
4,2015,4,0.392791579584123
4,2016,4,1.11438596346272
4,2017,4,0.333111814098165
4,2018,4,0.228387735668217
4,2019,4,0.132810487455669
4,2020,4,0.228931273778883
4,2021,4,0.248415465260308
4,2022,4,0.610185157493
4,2023,4,0.588359181945938
4,2024,4,0.593121798856689
4,1964,5,2.32998151531515
4,1965,5,2.23433531545093
4,1966,5,2.1625462618381
4,1967,5,2.0593054924009
4,1968,5,2.06414545902942
4,1969,5,2.02634054524257
4,1970,5,2.60158422959747
4,1971,5,2.57912918902128
4,1972,5,2.32530226481428
4,1973,5,2.23600121558195
4,1974,5,2.05950686541505
4,1975,5,1.97064201381834
4,1976,5,1.92065483561988
4,1977,5,1.48799373632419
4,1978,5,1.16004131286548
4,1979,5,1.09128759781358
4,1980,5,1.25993097412213
4,1981,5,1.37910408097567
4,1982,5,1.56738101858399
4,1983,5,1.15918255847892
4,1984,5,0.861168968277135
4,1985,5,0.680659867265983
4,1986,5,0.594282485818203
4,1987,5,0.688236582593465
4,1988,5,0.862220613079133
4,1989,5,0.881306135532657
4,1990,5,1.09868600847324
4,1991,5,0.751646182220269
4,1992,5,0.473013804962514
4,1993,5,0.543671423080252
4,1994,5,1.2329846655465
4,1995,5,0.650326147017354
4,1996,5,0.404409102088692
4,1997,5,0.392816056504244
4,1998,5,0.434530696657559
4,1999,5,0.62830872274984
4,2000,5,0.921192163897135
4,2001,5,1.22860415833696
4,2002,5,0.865951816174061
4,2003,5,0.997836527770424
4,2004,5,1.23258682130809
4,2005,5,1.52991472348767
4,2006,5,1.12312832902558
4,2007,5,1.14750413895164
4,2008,5,0.844390275559
4,2009,5,0.592181096127457
4,2010,5,0.769586809180072
4,2011,5,1.23343462700313
4,2012,5,0.578938631924608
4,2013,5,0.798239874331776
4,2014,5,0.677311808385253
4,2015,5,0.491343822345886
4,2016,5,0.674021444866391
4,2017,5,1.40164323178616
4,2018,5,1.37751377773666
4,2019,5,0.462784625614339
4,2020,5,0.708430796082953
4,2021,5,0.754252558554874
4,2022,5,0.88128000884481
4,2023,5,1.22094449701971
4,2024,5,1.27212122106115
4,1964,6,0.379752257547083
4,1965,6,0.415400990888875
4,1966,6,0.456844815087193
4,1967,6,0.516241326595878
4,1968,6,0.602725629398744
4,1969,6,0.72503254499471
4,1970,6,0.892833876469765
4,1971,6,0.97497350460596
4,1972,6,1.05819999602458
4,1973,6,1.20239650289289
4,1974,6,1.27587230219868
4,1975,6,1.25708485389693
4,1976,6,1.29483183384712
4,1977,6,1.30062505229895
4,1978,6,1.24769482733676
4,1979,6,1.77445741462034
4,1980,6,2.12457021950647
4,1981,6,2.21470383210194
4,1982,6,1.72235374389884
4,1983,6,1.39008545866055
4,1984,6,1.21691884169734
4,1985,6,1.72616567009009
4,1986,6,1.24215731728978
4,1987,6,1.12885281688274
4,1988,6,1.20429689824784
4,1989,6,1.30507607441147
4,1990,6,1.32440664290323
4,1991,6,1.3157367378635
4,1992,6,1.56469383287324
4,1993,6,1.27590122732435
4,1994,6,1.33423128368445
4,1995,6,1.72186623611338
4,1996,6,1.22547665390134
4,1997,6,0.82546349030676
4,1998,6,1.07868811266593
4,1999,6,0.990114104561718
4,2000,6,1.05528126992913
4,2001,6,1.65314035764382
4,2002,6,1.85541246039751
4,2003,6,1.8079843718598
4,2004,6,1.61888028191242
4,2005,6,1.71283931781869
4,2006,6,1.7701778211959
4,2007,6,1.73018568061021
4,2008,6,1.54889388015819
4,2009,6,1.49093528937179
4,2010,6,1.08634365629927
4,2011,6,1.69450311888434
4,2012,6,1.63016302418999
4,2013,6,1.06494444965775
4,2014,6,1.04910632086787
4,2015,6,1.07405472587755
4,2016,6,1.00300662205419
4,2017,6,1.48611521974729
4,2018,6,1.75020179969083
4,2019,6,1.97651448922948
4,2020,6,1.62242026432423
4,2021,6,1.25096820812324
4,2022,6,1.20002688497313
4,2023,6,1.74656922444774
4,2024,6,1.49796095586223
4,1964,7,0.797723571380868
4,1965,7,0.839726119953446
4,1966,7,0.892229272933988
4,1967,7,0.986868489045923
4,1968,7,1.11503764532463
4,1969,7,1.11553307560684
4,1970,7,1.12606907453532
4,1971,7,1.13725675808569
4,1972,7,1.15621099675544
4,1973,7,1.15197979165707
4,1974,7,1.19716698937905
4,1975,7,1.33670732184252
4,1976,7,1.55169773089365
4,1977,7,1.7120141872147
4,1978,7,1.8886708503146
4,1979,7,2.26308545980754
4,1980,7,1.81484744645547
4,1981,7,1.58125859388117
4,1982,7,1.48299349852597
4,1983,7,1.44994085386822
4,1984,7,1.56505581837587
4,1985,7,1.7860131491564
4,1986,7,2.02624577570495
4,1987,7,1.36572960439218
4,1988,7,1.30027078847614
4,1989,7,1.26756910773872
4,1990,7,1.13915020219154
4,1991,7,1.3487665951892
4,1992,7,1.11659164802452
4,1993,7,0.996549915012769
4,1994,7,1.02904486885929
4,1995,7,1.30528628441453
4,1996,7,1.85784041430602
4,1997,7,1.11441696091789
4,1998,7,1.01580856452061
4,1999,7,1.63638392653383
4,2000,7,1.10296945501403
4,2001,7,1.08710693576987
4,2002,7,1.36360321161886
4,2003,7,1.83310329465435
4,2004,7,2.07155657889907
4,2005,7,1.87876471494107
4,2006,7,1.45286570011457
4,2007,7,1.52732627808652
4,2008,7,1.86816078805467
4,2009,7,1.80631188960276
4,2010,7,1.1122541934198
4,2011,7,1.3825472267825
4,2012,7,1.64983579068497
4,2013,7,1.37807362820555
4,2014,7,1.16634396213211
4,2015,7,1.11572987630985
4,2016,7,1.18364552197809
4,2017,7,1.44218352043811
4,2018,7,1.78217730264664
4,2019,7,2.6957626583269
4,2020,7,1.71723202890264
4,2021,7,1.56165781931629
4,2022,7,1.02799201929989
4,2023,7,0.73097943613148
4,2024,7,0.729469956530584
4,1964,8,2.0693139418338
4,1965,8,2.01980442073186
4,1966,8,1.96317800801036
4,1967,8,1.93238206555455
4,1968,8,1.97750241527396
4,1969,8,1.95735977554426
4,1970,8,1.85227258365104
4,1971,8,1.6114697835025
4,1972,8,1.4212876743177
4,1973,8,1.21485897581508
4,1974,8,1.04001704320135
4,1975,8,0.964332373876117
4,1976,8,0.938083863809768
4,1977,8,0.936937032737884
4,1978,8,0.961252408826506
4,1979,8,0.977841624685202
4,1980,8,0.972163914163577
4,1981,8,0.96067056283464
4,1982,8,1.03695224754827
4,1983,8,1.14866224495689
4,1984,8,1.26775569126161
4,1985,8,1.04707547301433
4,1986,8,1.07545259235585
4,1987,8,1.23895884289023
4,1988,8,1.20046800212063
4,1989,8,1.55789443271218
4,1990,8,1.49907157477505
4,1991,8,1.446010172134
4,1992,8,1.19149697129217
4,1993,8,1.44689415633472
4,1994,8,1.37824711955552
4,1995,8,1.66594972488821
4,1996,8,1.89149044856997
4,1997,8,1.40783848482214
4,1998,8,1.60441071462806
4,1999,8,1.1344582491452
4,2000,8,1.64736059119734
4,2001,8,1.43216874903062
4,2002,8,1.8016570694202
4,2003,8,2.0477882517529
4,2004,8,1.99494276771399
4,2005,8,1.87080584029116
4,2006,8,1.61204940122004
4,2007,8,1.3673100331159
4,2008,8,1.24631233830174
4,2009,8,1.57383859313583
4,2010,8,1.48741358364835
4,2011,8,1.64303912294507
4,2012,8,1.7818395855457
4,2013,8,1.54128367109645
4,2014,8,1.47719173879423
4,2015,8,1.80565725958
4,2016,8,1.46073088526596
4,2017,8,1.23428253623407
4,2018,8,1.83029973134631
4,2019,8,1.5591545787006
4,2020,8,1.43135306120988
4,2021,8,2.11698716296069
4,2022,8,2.10268699885722
4,2023,8,1.97053284335143
4,2024,8,2.03603397977404
5,1964,3,0.965386404630284
5,1965,3,0.906383858966671
5,1966,3,0.850111825807284
5,1967,3,0.737658592230286
5,1968,3,0.819161512558008
5,1969,3,0.835400280872392
5,1970,3,0.854115267082106
5,1971,3,0.937777760131439
5,1972,3,0.825261235331993
5,1973,3,0.960947282100388
5,1974,3,1.07938201791604
5,1975,3,0.951547364635521
5,1976,3,0.878476971519636
5,1977,3,0.811316851277955
5,1978,3,0.952205597716488
5,1979,3,0.834328059395611
5,1980,3,0.610512335227811
5,1981,3,0.316390930711525
5,1982,3,0.260694002067753
5,1983,3,0.211346011252851
5,1984,3,0.208502209066189
5,1985,3,0.202843556252977
5,1986,3,0.206277546776078
5,1987,3,0.245760910746263
5,1988,3,0.193721059410361
5,1989,3,0.182113237938311
5,1990,3,0.164063173568795
5,1991,3,0.148457247454378
5,1992,3,0.168283881581069
5,1993,3,0.144383942578042
5,1994,3,0.0679036427685887
5,1995,3,0.066956060667969
5,1996,3,0.0854778258326921
5,1997,3,0.126428927446734
5,1998,3,0.153678284278388
5,1999,3,0.195725822914528
5,2000,3,0.140266946438179
5,2001,3,0.103396291418187
5,2002,3,0.127473409445191
5,2003,3,0.234319610156091
5,2004,3,0.0978448966611185
5,2005,3,0.10029613799425
5,2006,3,0.153157687766799
5,2007,3,0.139309057103537
5,2008,3,0.0940399276014995
5,2009,3,0.121748978982812
5,2010,3,0.0659376461991842
5,2011,3,0.0556490541432198
5,2012,3,0.0681626445030334
5,2013,3,0.0630119733456953
5,2014,3,0.0840784417582878
5,2015,3,0.180366680082906
5,2016,3,0.062899769376294
5,2017,3,0.0503498301382359
5,2018,3,0.0615526068876315
5,2019,3,0.0658476444313054
5,2020,3,0.126231532440804
5,2021,3,0.293969459995393
5,2022,3,0.224157515673656
5,2023,3,0.176416009421159
5,2024,3,0.178761673186127
5,1964,4,1.34524107943767
5,1965,4,1.33805987465651
5,1966,4,1.22380890166122
5,1967,4,0.99424314232595
5,1968,4,0.968092425125587
5,1969,4,0.857903588510736
5,1970,4,0.810187619292948
5,1971,4,0.821606771504545
5,1972,4,0.794610420739313
5,1973,4,0.849048970933019
5,1974,4,0.782508036858755
5,1975,4,0.90273488744044
5,1976,4,1.00776661802522
5,1977,4,1.11766778594537
5,1978,4,1.00579100628605
5,1979,4,0.84239699307458
5,1980,4,0.669828742683031
5,1981,4,0.840664344009491
5,1982,4,0.809406816513714
5,1983,4,0.656459097772645
5,1984,4,0.573890206234058
5,1985,4,0.684173287884717
5,1986,4,0.652909097501686
5,1987,4,0.673959053076237
5,1988,4,0.693634697954057
5,1989,4,0.683925526280838
5,1990,4,0.632573038953697
5,1991,4,0.5836147316801
5,1992,4,0.394421104715958
5,1993,4,0.638680814834535
5,1994,4,0.453266856694441
5,1995,4,0.247415258445281
5,1996,4,0.156844592501428
5,1997,4,0.23789483101732
5,1998,4,0.350803943129534
5,1999,4,0.399336870730175
5,2000,4,0.511339722832202
5,2001,4,0.392728558852849
5,2002,4,0.352287438800483
5,2003,4,0.379678917345973
5,2004,4,0.638919919149298
5,2005,4,0.605348918425413
5,2006,4,0.467215884144812
5,2007,4,0.500730098278326
5,2008,4,0.567574153629307
5,2009,4,0.44679612672594
5,2010,4,0.563062679604205
5,2011,4,0.253932846120175
5,2012,4,0.409151171001266
5,2013,4,0.413024897516959
5,2014,4,0.344209713431824
5,2015,4,0.408438749291186
5,2016,4,1.14032711330857
5,2017,4,0.333012615172481
5,2018,4,0.26091403128775
5,2019,4,0.18062904660142
5,2020,4,0.323733537410585
5,2021,4,0.290119734402741
5,2022,4,0.473441877131325
5,2023,4,0.35130622425185
5,2024,4,0.353056040821335
5,1964,5,2.28659153654287
5,1965,5,2.35192984734084
5,1966,5,2.56045557195015
5,1967,5,2.56799506638186
5,1968,5,2.43006919710867
5,1969,5,2.22110738591461
5,1970,5,1.90550448375868
5,1971,5,1.62226422464804
5,1972,5,1.49976154300813
5,1973,5,1.3474143995555
5,1974,5,1.23242846574727
5,1975,5,1.30785445190658
5,1976,5,1.42175562924366
5,1977,5,1.48499265654988
5,1978,5,1.44508256252185
5,1979,5,1.35524035747871
5,1980,5,1.35061103370875
5,1981,5,1.1689458668308
5,1982,5,1.01629889376034
5,1983,5,0.881482423252097
5,1984,5,0.93754824159638
5,1985,5,0.796403384681889
5,1986,5,0.68530381312081
5,1987,5,0.798934830913207
5,1988,5,0.971215246251232
5,1989,5,1.13310566419935
5,1990,5,1.14298068464542
5,1991,5,0.78346150123181
5,1992,5,0.679915368401737
5,1993,5,0.704089025982908
5,1994,5,1.17243928074016
5,1995,5,0.867765863474707
5,1996,5,0.484388028412804
5,1997,5,0.482253256584046
5,1998,5,0.611069349455206
5,1999,5,0.652406856048822
5,2000,5,0.955716995401012
5,2001,5,1.16001720810982
5,2002,5,0.981048104717678
5,2003,5,0.740039029508288
5,2004,5,0.879350545316887
5,2005,5,1.30600256325498
5,2006,5,1.19661973987832
5,2007,5,0.942345765926646
5,2008,5,0.913607352761211
5,2009,5,0.996952456751723
5,2010,5,0.819634516414007
5,2011,5,1.27194789535211
5,2012,5,0.4754131742642
5,2013,5,0.677787977181358
5,2014,5,0.675702840985648
5,2015,5,0.561245608718806
5,2016,5,0.789941897974199
5,2017,5,1.24273767792839
5,2018,5,1.36162732560448
5,2019,5,0.43833018319625
5,2020,5,0.552959540160349
5,2021,5,0.7260346333554
5,2022,5,0.823659932919474
5,2023,5,1.3891839236115
5,2024,5,1.42731459668726
5,1964,6,1.3003566196765
5,1965,6,1.37968915717319
5,1966,6,1.38937690412167
5,1967,6,1.42603613884329
5,1968,6,1.44203043785453
5,1969,6,1.48977509655778
5,1970,6,1.55120993784075
5,1971,6,1.68051317660032
5,1972,6,1.68508785398655
5,1973,6,1.4733131573918
5,1974,6,1.41843916188711
5,1975,6,1.34244645768527
5,1976,6,1.41716074446211
5,1977,6,1.21914946045641
5,1978,6,1.01902074644132
5,1979,6,1.05613460174741
5,1980,6,1.06324654983972
5,1981,6,1.17413438569357
5,1982,6,1.28345862937517
5,1983,6,1.44190046207816
5,1984,6,1.22092886677517
5,1985,6,1.19210901495208
5,1986,6,1.37536724726428
5,1987,6,1.54244152081651
5,1988,6,1.55372734919317
5,1989,6,1.27202475630394
5,1990,6,1.27604467614008
5,1991,6,0.948401351288995
5,1992,6,0.901921889242922
5,1993,6,1.14292126740525
5,1994,6,1.33505404867849
5,1995,6,2.03460822957102
5,1996,6,1.34209850444127
5,1997,6,1.26233583152481
5,1998,6,1.1404480393337
5,1999,6,1.04533632731101
5,2000,6,1.15853252098492
5,2001,6,1.41711449707611
5,2002,6,1.73998853048668
5,2003,6,1.37146799834097
5,2004,6,1.36107944443337
5,2005,6,1.73696705421137
5,2006,6,1.73817651947109
5,2007,6,1.56324626972398
5,2008,6,1.64896799503987
5,2009,6,1.18287813915494
5,2010,6,1.08090224367057
5,2011,6,1.52164614003234
5,2012,6,1.32372787610104
5,2013,6,1.05207078303298
5,2014,6,1.10492314912757
5,2015,6,1.02061266114153
5,2016,6,1.14703898422668
5,2017,6,1.36615129486168
5,2018,6,1.5202510129569
5,2019,6,1.7419786715635
5,2020,6,1.42202659647916
5,2021,6,1.11886568257781
5,2022,6,0.8448525020388
5,2023,6,1.39009568889011
5,2024,6,1.34448245056127
5,1964,7,3.52914332490939
5,1965,7,3.38326437890697
5,1966,7,3.0039283432895
5,1967,7,2.85599439013164
5,1968,7,2.52037604413052
5,1969,7,2.33626117094554
5,1970,7,2.15761133505679
5,1971,7,1.96985270153251
5,1972,7,1.93876084745515
5,1973,7,1.86918789658136
5,1974,7,1.82464662269945
5,1975,7,1.67098913996205
5,1976,7,1.52950584917577
5,1977,7,1.33995427427302
5,1978,7,1.15548400010541
5,1979,7,1.05546928461624
5,1980,7,1.13848254440884
5,1981,7,1.13000191834953
5,1982,7,1.18788813694042
5,1983,7,1.295351312343
5,1984,7,1.44334724657927
5,1985,7,1.38492512591275
5,1986,7,1.3207186999306
5,1987,7,1.23442714358461
5,1988,7,1.33755596679658
5,1989,7,1.5304007708679
5,1990,7,1.52450416862315
5,1991,7,1.6673335265917
5,1992,7,1.47783867305655
5,1993,7,0.927047148288608
5,1994,7,1.26115688265513
5,1995,7,1.57005001479599
5,1996,7,2.20714567230936
5,1997,7,1.58811033311363
5,1998,7,1.30382098279938
5,1999,7,1.31926282390992
5,2000,7,1.26369395858609
5,2001,7,1.45216577197897
5,2002,7,1.72212698411088
5,2003,7,1.49444815957904
5,2004,7,1.7698035812697
5,2005,7,1.83673044579424
5,2006,7,1.68317397406276
5,2007,7,1.80421248631401
5,2008,7,1.52389222025666
5,2009,7,1.74839299091584
5,2010,7,1.57189546459466
5,2011,7,1.19495433228815
5,2012,7,1.58639544915568
5,2013,7,1.30788118659295
5,2014,7,1.85173049832703
5,2015,7,1.28785344592859
5,2016,7,1.38431317091417
5,2017,7,1.66576550568866
5,2018,7,1.49754909653992
5,2019,7,2.38298921001104
5,2020,7,1.73125477584363
5,2021,7,1.56907749750614
5,2022,7,1.46515980504107
5,2023,7,1.12679543554945
5,2024,7,1.13319097467083
5,1964,8,0.60717785824278
5,1965,8,0.632252599991262
5,1966,8,0.680237984555014
5,1967,8,0.752439732300209
5,1968,8,0.823018203158965
5,1969,8,0.904500046627946
5,1970,8,0.995992017291799
5,1971,8,1.07373703873099
5,1972,8,1.18721688901445
5,1973,8,1.20379776443071
5,1974,8,1.20839760836306
5,1975,8,1.19724623073915
5,1976,8,1.17097827583983
5,1977,8,1.17719130112008
5,1978,8,1.22379120734582
5,1979,8,1.30493537244423
5,1980,8,1.4050686594984
5,1981,8,1.42787550087373
5,1982,8,1.30954448864755
5,1983,8,1.28288470066129
5,1984,8,1.28309077719973
5,1985,8,1.36975332112823
5,1986,8,1.56756770590592
5,1987,8,1.4346458317911
5,1988,8,1.31959957674311
5,1989,8,1.40413313916973
5,1990,8,1.2235913468641
5,1991,8,1.21552741635606
5,1992,8,1.64923666235498
5,1993,8,1.69463544188551
5,1994,8,1.60861375473814
5,1995,8,1.56146554276107
5,1996,8,1.6652491663227
5,1997,8,1.72417372028034
5,1998,8,1.66937283282583
5,1999,8,1.72875843109381
5,2000,8,1.95671782781069
5,2001,8,1.72010699097016
5,2002,8,1.78308098430538
5,2003,8,1.924182266941
5,2004,8,1.81412057986489
5,2005,8,1.61081494503619
5,2006,8,1.27865198346724
5,2007,8,1.13095508412136
5,2008,8,1.16327110347465
5,2009,8,1.21807723279005
5,2010,8,1.41310896346294
5,2011,8,1.20747802564648
5,2012,8,1.53137933061827
5,2013,8,1.62984149893082
5,2014,8,1.69002337300568
5,2015,8,1.87643938207673
5,2016,8,1.75843568899163
5,2017,8,2.15015815732801
5,2018,8,1.58118070073657
5,2019,8,1.59736421538409
5,2020,8,1.17279039632168
5,2021,8,1.72193542489756
5,2022,8,2.12451320963469
5,2023,8,1.77549439841388
5,2024,8,1.72915640153273
6,1964,3,0.637148211542237
6,1965,3,0.528301148636393
6,1966,3,0.530491539679559
6,1967,3,0.560645201493222
6,1968,3,0.569334738716187
6,1969,3,0.543400180447233
6,1970,3,0.565384356277277
6,1971,3,0.670882501215304
6,1972,3,0.833013603146625
6,1973,3,0.906542757959383
6,1974,3,1.27012920896827
6,1975,3,1.21664563085266
6,1976,3,1.22325748840936
6,1977,3,1.03585197482877
6,1978,3,0.919730810924676
6,1979,3,0.678757004805659
6,1980,3,0.528686318569782
6,1981,3,0.298366975976482
6,1982,3,0.213484401443968
6,1983,3,0.198878206347746
6,1984,3,0.190382149418118
6,1985,3,0.201062596392016
6,1986,3,0.205015485318614
6,1987,3,0.220271837770852
6,1988,3,0.243929664393386
6,1989,3,0.2305766213006
6,1990,3,0.17163806725912
6,1991,3,0.130771656377376
6,1992,3,0.140648821133941
6,1993,3,0.155186158983177
6,1994,3,0.081259786592982
6,1995,3,0.0676881731353202
6,1996,3,0.0796555261243079
6,1997,3,0.0937826104989574
6,1998,3,0.126234457451149
6,1999,3,0.197799716202814
6,2000,3,0.15819530297109
6,2001,3,0.114064110758798
6,2002,3,0.120546479470213
6,2003,3,0.206315851675239
6,2004,3,0.152879902918829
6,2005,3,0.133385775885402
6,2006,3,0.168991382107928
6,2007,3,0.198166313042134
6,2008,3,0.0819936150254079
6,2009,3,0.0738839096015488
6,2010,3,0.0467125268116627
6,2011,3,0.060448176788475
6,2012,3,0.0776067556813863
6,2013,3,0.116359138007066
6,2014,3,0.107951492482275
6,2015,3,0.259437415877444
6,2016,3,0.0897713176865623
6,2017,3,0.0437226665895463
6,2018,3,0.0433748132282549
6,2019,3,0.0573229349977151
6,2020,3,0.158083719152621
6,2021,3,0.363404434797597
6,2022,3,0.322559628260301
6,2023,3,0.249624274157477
6,2024,3,0.24932315436994
6,1964,4,1.71106184792236
6,1965,4,1.62966384532573
6,1966,4,1.64410624591462
6,1967,4,1.39641151707542
6,1968,4,1.40339295526201
6,1969,4,1.31111984920867
6,1970,4,1.3122540439012
6,1971,4,1.45628294338518
6,1972,4,1.37043050559675
6,1973,4,1.20261440273861
6,1974,4,1.14742464530756
6,1975,4,1.03273498294539
6,1976,4,0.996350398772329
6,1977,4,0.875170000845291
6,1978,4,0.71209535917047
6,1979,4,0.661968312948761
6,1980,4,0.517022605826159
6,1981,4,0.564905680590048
6,1982,4,0.520453213660707
6,1983,4,0.443455134838238
6,1984,4,0.458563773532397
6,1985,4,0.510393582935516
6,1986,4,0.559907661810938
6,1987,4,0.58086768825654
6,1988,4,0.461485312571611
6,1989,4,0.594346697745204
6,1990,4,0.540008581872463
6,1991,4,0.452401244440315
6,1992,4,0.392954313464542
6,1993,4,0.604111211596298
6,1994,4,0.455152178496353
6,1995,4,0.216712078566165
6,1996,4,0.134982185595976
6,1997,4,0.202839969334996
6,1998,4,0.266708360387592
6,1999,4,0.463762148997241
6,2000,4,0.591481185062703
6,2001,4,0.475364316633952
6,2002,4,0.383550220831977
6,2003,4,0.363370455771928
6,2004,4,0.753297136915579
6,2005,4,0.540093588763223
6,2006,4,0.560454597974889
6,2007,4,0.680733112904568
6,2008,4,0.439311192796124
6,2009,4,0.405478100255975
6,2010,4,0.482923981439055
6,2011,4,0.267106231515441
6,2012,4,0.476198914687207
6,2013,4,0.50472489908138
6,2014,4,0.378979637496013
6,2015,4,0.586243280806941
6,2016,4,1.11375638719025
6,2017,4,0.45772380923806
6,2018,4,0.263111652068712
6,2019,4,0.161303978808905
6,2020,4,0.301429694679051
6,2021,4,0.356433651562267
6,2022,4,0.59663336482581
6,2023,4,0.681528389671395
6,2024,4,0.654975036711719
6,1964,5,2.60467901779227
6,1965,5,2.55223550514982
6,1966,5,2.34928622789051
6,1967,5,2.29033081106733
6,1968,5,2.40193985250384
6,1969,5,1.9315811652499
6,1970,5,1.65726703443057
6,1971,5,1.73812935880716
6,1972,5,1.60051499809487
6,1973,5,1.65153747396547
6,1974,5,1.62578868163867
6,1975,5,1.43969676150943
6,1976,5,1.57244773796841
6,1977,5,1.46209274140165
6,1978,5,1.39396886974091
6,1979,5,1.4539255875001
6,1980,5,1.55274477099634
6,1981,5,1.68007743997655
6,1982,5,1.43692916522306
6,1983,5,1.2681824565708
6,1984,5,1.06739078942632
6,1985,5,0.994554800546214
6,1986,5,0.975607532535106
6,1987,5,0.913223287230258
6,1988,5,0.790811795936643
6,1989,5,0.83335449943921
6,1990,5,1.22049666471475
6,1991,5,0.759747009334173
6,1992,5,0.677558483982781
6,1993,5,0.612397161202
6,1994,5,0.95503100775764
6,1995,5,0.665459225154284
6,1996,5,0.478279718041035
6,1997,5,0.370839645342905
6,1998,5,0.472469968922026
6,1999,5,0.669276776659087
6,2000,5,1.10071185393146
6,2001,5,1.02762343733623
6,2002,5,1.00389767178048
6,2003,5,0.814257038332372
6,2004,5,0.845682147851339
6,2005,5,1.29366598696548
6,2006,5,1.1384498327783
6,2007,5,1.08742085851393
6,2008,5,1.08137114720117
6,2009,5,0.838896854189523
6,2010,5,0.772681906230435
6,2011,5,1.2871210505417
6,2012,5,0.735439092016187
6,2013,5,0.883212569459594
6,2014,5,0.903579868050304
6,2015,5,0.899879335433218
6,2016,5,0.949385902369948
6,2017,5,1.64416587141578
6,2018,5,1.70789732652238
6,2019,5,0.488097248247191
6,2020,5,0.706314756548432
6,2021,5,0.741665328044512
6,2022,5,0.818310463035481
6,2023,5,1.23744158420584
6,2024,5,1.2319978182639
6,1964,6,0.610779855786323
6,1965,6,0.663211429484947
6,1966,6,0.688799514236597
6,1967,6,0.739576815861551
6,1968,6,0.822707213742281
6,1969,6,0.812770165821074
6,1970,6,0.856160486239152
6,1971,6,0.896805206756774
6,1972,6,0.907912133303603
6,1973,6,0.989812872491734
6,1974,6,0.991624330183862
6,1975,6,1.00102654377936
6,1976,6,0.946487106713909
6,1977,6,0.976744371496185
6,1978,6,0.887857339838949
6,1979,6,0.902681894048597
6,1980,6,1.01797976107836
6,1981,6,1.08718334324599
6,1982,6,1.21503611686837
6,1983,6,1.18346987671428
6,1984,6,1.15023281051424
6,1985,6,1.19845508689612
6,1986,6,1.17197920899852
6,1987,6,1.0168026835395
6,1988,6,1.06007712356559
6,1989,6,0.981376464796955
6,1990,6,1.26662588380364
6,1991,6,0.960334338008651
6,1992,6,0.974969641978264
6,1993,6,1.20225253277847
6,1994,6,1.20135712991967
6,1995,6,1.49420230010639
6,1996,6,1.43787944952234
6,1997,6,1.11538039336676
6,1998,6,1.28152814874822
6,1999,6,0.964159965621367
6,2000,6,1.08616381789382
6,2001,6,1.3110962514686
6,2002,6,1.91484608322164
6,2003,6,1.55008820525499
6,2004,6,1.53413302778971
6,2005,6,1.68246673977607
6,2006,6,1.78047738067844
6,2007,6,1.55513536095078
6,2008,6,1.5251014857462
6,2009,6,1.0767341199768
6,2010,6,0.999189188899042
6,2011,6,1.5775610318155
6,2012,6,1.70044106117674
6,2013,6,1.31158852348847
6,2014,6,1.34239926027806
6,2015,6,1.54757092821096
6,2016,6,1.21525792601396
6,2017,6,1.53331954525768
6,2018,6,1.83098697498524
6,2019,6,2.31089772674612
6,2020,6,1.7355263410396
6,2021,6,1.27634157576074
6,2022,6,1.21965376307838
6,2023,6,1.53817980045417
6,2024,6,1.51157050793215
6,1964,7,1.39122040219786
6,1965,7,1.49114694011877
6,1966,7,1.38134192294027
6,1967,7,1.32205654326321
6,1968,7,1.23094470701947
6,1969,7,1.21534698093207
6,1970,7,1.18150109458494
6,1971,7,1.18420361412556
6,1972,7,1.22161780384164
6,1973,7,1.26233723796913
6,1974,7,1.31762790018885
6,1975,7,1.45311159558305
6,1976,7,1.52501064779509
6,1977,7,1.66658588112577
6,1978,7,1.86870900955958
6,1979,7,2.28068205310804
6,1980,7,2.54381422525225
6,1981,7,2.50219781942116
6,1982,7,2.32916495923629
6,1983,7,2.0655305975215
6,1984,7,1.86066249147302
6,1985,7,1.49021487556663
6,1986,7,1.25389988443329
6,1987,7,1.22659393702402
6,1988,7,1.46065596441046
6,1989,7,1.37990397504938
6,1990,7,1.24263446392592
6,1991,7,1.37782114679568
6,1992,7,1.86698006228986
6,1993,7,1.83614933589469
6,1994,7,1.47288533885874
6,1995,7,1.60356898268676
6,1996,7,2.02645895597801
6,1997,7,1.37903000790596
6,1998,7,1.38250709291967
6,1999,7,1.56357619511916
6,2000,7,1.76051530839251
6,2001,7,1.70963834526751
6,2002,7,1.9201103949569
6,2003,7,1.91184114562454
6,2004,7,1.46255250254482
6,2005,7,1.9453692233357
6,2006,7,1.59991788355742
6,2007,7,1.47727080726135
6,2008,7,1.44836921358799
6,2009,7,1.17588492588372
6,2010,7,1.2370528360031
6,2011,7,1.44020696409655
6,2012,7,1.56174436108436
6,2013,7,1.53770105252256
6,2014,7,1.71671352513549
6,2015,7,1.52041907627211
6,2016,7,1.42183938383823
6,2017,7,1.80664674295628
6,2018,7,1.90715590884487
6,2019,7,2.48100212983953
6,2020,7,2.0217531852183
6,2021,7,1.92311834654385
6,2022,7,1.53750291617481
6,2023,7,1.32834400472248
6,2024,7,1.30012391257892
6,1964,8,1.04641900342581
6,1965,8,1.07872878591054
6,1966,8,1.08779205053035
6,1967,8,1.13599008286369
6,1968,8,1.13601923990248
6,1969,8,1.24847675031808
6,1970,8,1.22462529285919
6,1971,8,1.15748550638065
6,1972,8,1.18786228497913
6,1973,8,1.2008166195436
6,1974,8,1.11632573323542
6,1975,8,1.14035061015875
6,1976,8,1.12394567735433
6,1977,8,1.15171978864565
6,1978,8,1.17592955361089
6,1979,8,1.08648722381387
6,1980,8,0.99926255945371
6,1981,8,0.933713477510673
6,1982,8,0.878212524764864
6,1983,8,0.837834472218034
6,1984,8,0.797322242028981
6,1985,8,0.754601738502405
6,1986,8,0.78596838052549
6,1987,8,0.987881508509408
6,1988,8,1.07042092666383
6,1989,8,1.01908633744963
6,1990,8,0.882200622888683
6,1991,8,1.38923910675594
6,1992,8,1.98482507410732
6,1993,8,1.8715358388591
6,1994,8,1.78658085681034
6,1995,8,1.99030242510541
6,1996,8,1.54370764405313
6,1997,8,1.47212382527917
6,1998,8,1.45003491309599
6,1999,8,1.64163709214853
6,2000,8,1.49519519907182
6,2001,8,1.61824360657838
6,2002,8,1.74008107513433
6,2003,8,1.91890960728241
6,2004,8,1.84288112257521
6,2005,8,1.4434459663209
6,2006,8,1.54643067537609
6,2007,8,1.35854908494231
6,2008,8,1.45052093283337
6,2009,8,1.35005360438513
6,2010,8,1.82542652128245
6,2011,8,1.79509616873858
6,2012,8,1.83068436368506
6,2013,8,1.77775989950609
6,2014,8,2.03870599005956
6,2015,8,1.89642229917861
6,2016,8,1.73826976669375
6,2017,8,2.10595636728307
6,2018,8,1.84971103449218
6,2019,8,2.07236387672298
6,2020,8,1.77854821291727
6,2021,8,2.19398574328594
6,2022,8,2.79522023772526
6,2023,8,2.17058038164552
6,2024,8,2.17963571652704
7,1964,3,0.632232173480556
7,1965,3,0.62732658311159
7,1966,3,0.783598691533987
7,1967,3,0.878861227650144
7,1968,3,0.902890402987233
7,1969,3,0.885207170731718
7,1970,3,0.86841040195232
7,1971,3,0.816902050079521
7,1972,3,1.0152001574869
7,1973,3,1.27733161693625
7,1974,3,1.12711076858748
7,1975,3,1.16369748840088
7,1976,3,1.24711586584589
7,1977,3,0.78479507070486
7,1978,3,0.702347052316429
7,1979,3,0.699423086428833
7,1980,3,0.57048943516015
7,1981,3,0.585022581581726
7,1982,3,0.441348466753848
7,1983,3,0.32977708125313
7,1984,3,0.31812051816705
7,1985,3,0.263475486489204
7,1986,3,0.210255691826865
7,1987,3,0.183422642764198
7,1988,3,0.248899803761862
7,1989,3,0.209458202512178
7,1990,3,0.21436450949341
7,1991,3,0.156859593787555
7,1992,3,0.183130726769522
7,1993,3,0.126168451963878
7,1994,3,0.0793179274685437
7,1995,3,0.0654674843473714
7,1996,3,0.0717350379131261
7,1997,3,0.0936665151740648
7,1998,3,0.109874970656219
7,1999,3,0.273562419696876
7,2000,3,0.154249286969249
7,2001,3,0.103739889283912
7,2002,3,0.108930451312616
7,2003,3,0.185494396861974
7,2004,3,0.135736524616967
7,2005,3,0.0946136117060793
7,2006,3,0.120407574890068
7,2007,3,0.133812271953474
7,2008,3,0.088427079613354
7,2009,3,0.0901621214904002
7,2010,3,0.0425608810003194
7,2011,3,0.0589368224199783
7,2012,3,0.0660866085771372
7,2013,3,0.0675507518699073
7,2014,3,0.0901332468695526
7,2015,3,0.216656233688867
7,2016,3,0.0735859160820817
7,2017,3,0.0386980352825472
7,2018,3,0.0335966747118882
7,2019,3,0.0456788402313749
7,2020,3,0.139398787269937
7,2021,3,0.267486922806218
7,2022,3,0.204179230921604
7,2023,3,0.193549902804913
7,2024,3,0.197745737744417
7,1964,4,2.11763348149654
7,1965,4,2.44926767112924
7,1966,4,2.05183327242652
7,1967,4,1.52012276063009
7,1968,4,1.41534468696901
7,1969,4,1.34003776303173
7,1970,4,1.2674851195382
7,1971,4,1.24508536086746
7,1972,4,1.46219105547024
7,1973,4,1.38941763342131
7,1974,4,1.45807715005119
7,1975,4,1.30671195534019
7,1976,4,1.32446066969865
7,1977,4,1.38500468001291
7,1978,4,1.28059769348372
7,1979,4,1.19566398197606
7,1980,4,1.52897704698841
7,1981,4,1.11048581734583
7,1982,4,1.10052717009361
7,1983,4,0.771214142216676
7,1984,4,0.573017061998202
7,1985,4,0.617950132023211
7,1986,4,0.503963223201506
7,1987,4,0.791548994449897
7,1988,4,0.759199535588285
7,1989,4,0.792188015599696
7,1990,4,0.876648822927305
7,1991,4,0.693919234368587
7,1992,4,0.369687917337466
7,1993,4,0.570960097227094
7,1994,4,0.395374654985029
7,1995,4,0.215279254332974
7,1996,4,0.159324691784997
7,1997,4,0.295235629423965
7,1998,4,0.284958865225464
7,1999,4,0.387396875793966
7,2000,4,0.484461762105704
7,2001,4,0.434174197344737
7,2002,4,0.46631931259038
7,2003,4,0.449167492193519
7,2004,4,0.743165943709615
7,2005,4,0.649851767094207
7,2006,4,0.580156986904635
7,2007,4,0.603124338637796
7,2008,4,0.413428245792052
7,2009,4,0.313308117532106
7,2010,4,0.470182987745138
7,2011,4,0.226056067008935
7,2012,4,0.339550818458944
7,2013,4,0.351726295104873
7,2014,4,0.347013756598982
7,2015,4,0.410009005628913
7,2016,4,1.19117776030839
7,2017,4,0.417932446833545
7,2018,4,0.159708350580358
7,2019,4,0.145403955679568
7,2020,4,0.294245113048768
7,2021,4,0.292662146643084
7,2022,4,0.52006149656234
7,2023,4,0.470775145389265
7,2024,4,0.482805582021392
7,1964,5,2.03003246371621
7,1965,5,2.02926528980426
7,1966,5,1.69485808912038
7,1967,5,1.65366931380023
7,1968,5,1.66260105790811
7,1969,5,1.55333648112188
7,1970,5,1.17522520067275
7,1971,5,1.01841120111169
7,1972,5,0.965490322366945
7,1973,5,0.85639076257836
7,1974,5,0.888617068555418
7,1975,5,0.874674184429541
7,1976,5,0.850222619491239
7,1977,5,0.879249549677459
7,1978,5,0.928611451674709
7,1979,5,1.28989367897927
7,1980,5,1.16934458811575
7,1981,5,1.01425521170777
7,1982,5,0.908669742566664
7,1983,5,1.32105020769284
7,1984,5,1.27010175098432
7,1985,5,1.0939972221108
7,1986,5,1.04011291493438
7,1987,5,0.920028529009653
7,1988,5,0.896117897246275
7,1989,5,0.956080640927398
7,1990,5,0.910167185118457
7,1991,5,0.788778525913803
7,1992,5,0.58810456844232
7,1993,5,0.576199230103773
7,1994,5,1.22439452465819
7,1995,5,0.873503714634363
7,1996,5,0.597639139918856
7,1997,5,0.468498802427834
7,1998,5,0.443711795702784
7,1999,5,0.680588641923875
7,2000,5,0.740704490398816
7,2001,5,0.984708642114994
7,2002,5,0.917810794641689
7,2003,5,1.17833136161117
7,2004,5,1.03044631633368
7,2005,5,1.64411167997034
7,2006,5,1.25082789378396
7,2007,5,1.25396622852797
7,2008,5,0.842039812207107
7,2009,5,0.711136426352686
7,2010,5,0.727203158235567
7,2011,5,1.10699356189928
7,2012,5,0.415170235109984
7,2013,5,0.689859752927794
7,2014,5,0.653775343329551
7,2015,5,0.62115170474236
7,2016,5,0.78695670618717
7,2017,5,1.39955206964129
7,2018,5,1.52056988967686
7,2019,5,0.404836744371172
7,2020,5,0.519787159391323
7,2021,5,0.596623096864687
7,2022,5,0.789593548025327
7,2023,5,1.03812976945036
7,2024,5,1.09013328754512
7,1964,6,0.806126068984144
7,1965,6,0.767769869453378
7,1966,6,0.756970538133061
7,1967,6,0.777464872135432
7,1968,6,0.848301650200429
7,1969,6,0.809076909385165
7,1970,6,0.764017403599679
7,1971,6,0.810440220100321
7,1972,6,0.915767717912381
7,1973,6,1.09379465910505
7,1974,6,1.43737765540074
7,1975,6,1.77480921373025
7,1976,6,1.883522402153
7,1977,6,2.02211478532366
7,1978,6,2.09375289358509
7,1979,6,1.72512792888793
7,1980,6,1.5405586277931
7,1981,6,1.80974212220781
7,1982,6,1.85963851399122
7,1983,6,1.6686124968818
7,1984,6,1.6371062591894
7,1985,6,1.53642734531446
7,1986,6,1.62441208434299
7,1987,6,1.10140162107555
7,1988,6,1.05100884825571
7,1989,6,1.09987368744223
7,1990,6,1.19695235772061
7,1991,6,1.30997565024552
7,1992,6,1.18866967888856
7,1993,6,0.93363578835422
7,1994,6,1.04865391554856
7,1995,6,1.56014106269488
7,1996,6,1.39649730088569
7,1997,6,1.1196016154204
7,1998,6,1.4619949048148
7,1999,6,1.03589813739454
7,2000,6,0.930831502277083
7,2001,6,1.70107207301948
7,2002,6,1.86551880880604
7,2003,6,1.67247422753063
7,2004,6,1.20047570368898
7,2005,6,1.87066880094007
7,2006,6,2.01066440677884
7,2007,6,1.84115913449987
7,2008,6,1.31824729604614
7,2009,6,1.20868263493645
7,2010,6,1.06819266022948
7,2011,6,1.53051440997016
7,2012,6,1.30527652891843
7,2013,6,0.793199590479534
7,2014,6,1.11686073861382
7,2015,6,1.12486742819966
7,2016,6,1.03561423789471
7,2017,6,1.51415494099568
7,2018,6,1.87841545742278
7,2019,6,1.83812734077447
7,2020,6,1.50370499467966
7,2021,6,0.901932411600001
7,2022,6,0.873447854031945
7,2023,6,0.982804018535067
7,2024,6,1.01963948680092
7,1964,7,0.76207794206766
7,1965,7,0.701301875809578
7,1966,7,0.702685504513547
7,1967,7,0.714661904808022
7,1968,7,0.729324673630234
7,1969,7,0.751947680516647
7,1970,7,0.775087098181662
7,1971,7,0.828401716736255
7,1972,7,0.958696918047573
7,1973,7,1.12466600901949
7,1974,7,1.19438042852803
7,1975,7,1.1137902207631
7,1976,7,1.077782872635
7,1977,7,1.09870166456521
7,1978,7,1.08180641687694
7,1979,7,0.940943315775563
7,1980,7,0.907584361868279
7,1981,7,0.991757328714321
7,1982,7,1.13518237118
7,1983,7,1.16443428786707
7,1984,7,1.25208475379591
7,1985,7,1.3747688994433
7,1986,7,1.31527544201444
7,1987,7,1.2243338001018
7,1988,7,1.52062351971095
7,1989,7,1.71277619998333
7,1990,7,1.19622253112327
7,1991,7,1.17576665141505
7,1992,7,1.10180077542862
7,1993,7,1.1503733102065
7,1994,7,1.1865794915578
7,1995,7,1.33507554418247
7,1996,7,1.99844286362084
7,1997,7,1.795795024597
7,1998,7,1.6338123673719
7,1999,7,1.54188722236967
7,2000,7,1.45728925534611
7,2001,7,1.82830388583054
7,2002,7,2.04631923713947
7,2003,7,2.08265537538973
7,2004,7,1.87242254781165
7,2005,7,1.93526437961763
7,2006,7,1.5843258226101
7,2007,7,1.63731365211829
7,2008,7,1.47438602528174
7,2009,7,1.32316627451017
7,2010,7,1.03398291264017
7,2011,7,1.25412914428393
7,2012,7,1.3062801214261
7,2013,7,1.19422774740329
7,2014,7,1.74335500803032
7,2015,7,1.41140143658264
7,2016,7,1.32820962805482
7,2017,7,1.65596580801563
7,2018,7,1.53113617369451
7,2019,7,2.43490638828124
7,2020,7,1.85708029929668
7,2021,7,2.11947749974633
7,2022,7,1.388342696147
7,2023,7,0.889791360539406
7,2024,7,0.87760389535825
7,1964,8,0.788919006878048
7,1965,8,0.770041407318166
7,1966,8,0.819041148280362
7,1967,8,0.905246168448451
7,1968,8,0.985922352639786
7,1969,8,1.08107667746927
7,1970,8,1.23446471360083
7,1971,8,1.40217012522113
7,1972,8,1.5501315353177
7,1973,8,1.55721643180368
7,1974,8,1.5737341693423
7,1975,8,1.59854833573736
7,1976,8,1.62631708336884
7,1977,8,1.57732031714519
7,1978,8,1.56853468015235
7,1979,8,1.60147033305134
7,1980,8,1.51826777118803
7,1981,8,1.34569244334016
7,1982,8,1.25582985002845
7,1983,8,1.24933883818714
7,1984,8,1.29330984642213
7,1985,8,1.366468829044
7,1986,8,1.45827573077402
7,1987,8,1.41123385024004
7,1988,8,1.28391274131258
7,1989,8,1.04297492152283
7,1990,8,1.08547907821856
7,1991,8,1.01117849979143
7,1992,8,1.44522953823466
7,1993,8,1.56423677972399
7,1994,8,1.73042164467199
7,1995,8,2.06842003114161
7,1996,8,1.99945761916448
7,1997,8,1.77959746511429
7,1998,8,1.82600919309664
7,1999,8,1.55875181183531
7,2000,8,2.0794844460346
7,2001,8,1.83000536790523
7,2002,8,1.747229363164
7,2003,8,1.77251711464916
7,2004,8,2.32556617097548
7,2005,8,1.94493065975327
7,2006,8,1.7798943293579
7,2007,8,1.37510141697353
7,2008,8,1.3336948974428
7,2009,8,1.18133501287271
7,2010,8,1.46521338860692
7,2011,8,1.4985047605978
7,2012,8,1.66990724831388
7,2013,8,1.64512890994125
7,2014,8,1.23284509654609
7,2015,8,1.37884104274287
7,2016,8,1.43756763552885
7,2017,8,1.53030560244536
7,2018,8,1.46382872782164
7,2019,8,1.73650379281853
7,2020,8,1.61916329951197
7,2021,8,1.98627386771872
7,2022,8,2.21765688181776
7,2023,8,2.1121869145588
7,2024,8,1.94040756380531
8,1964,3,0.577074574989058
8,1965,3,0.7159033144098
8,1966,3,0.877161918245573
8,1967,3,1.07752412174865
8,1968,3,0.896162845460439
8,1969,3,1.01146087055355
8,1970,3,1.07173744512464
8,1971,3,0.97239197416733
8,1972,3,1.0506032794116
8,1973,3,1.0582710553019
8,1974,3,1.17042770389214
8,1975,3,1.07459938720843
8,1976,3,0.768245423673263
8,1977,3,0.71575874668256
8,1978,3,0.680759715258942
8,1979,3,0.553141791284673
8,1980,3,0.330318012812926
8,1981,3,0.262253964498713
8,1982,3,0.174684902670346
8,1983,3,0.138687212683716
8,1984,3,0.127645893600247
8,1985,3,0.144337210689459
8,1986,3,0.207291464363945
8,1987,3,0.286707933688208
8,1988,3,0.311791504303961
8,1989,3,0.284626983929707
8,1990,3,0.252774847059573
8,1991,3,0.155349250788739
8,1992,3,0.170999451254741
8,1993,3,0.175927864164039
8,1994,3,0.10823491188479
8,1995,3,0.0622226653678426
8,1996,3,0.0650845333559726
8,1997,3,0.105355025656373
8,1998,3,0.146397440742153
8,1999,3,0.281494546023214
8,2000,3,0.230474351186509
8,2001,3,0.128288310292213
8,2002,3,0.154057697769583
8,2003,3,0.181474126421367
8,2004,3,0.100966413730611
8,2005,3,0.114866894514516
8,2006,3,0.192474991439385
8,2007,3,0.1640145305172
8,2008,3,0.0962082893354166
8,2009,3,0.0990518241601867
8,2010,3,0.0671641035791834
8,2011,3,0.0467683108522487
8,2012,3,0.072540625731709
8,2013,3,0.0612798607849198
8,2014,3,0.0607033093108613
8,2015,3,0.16910464823938
8,2016,3,0.0635172476615477
8,2017,3,0.0417011930131801
8,2018,3,0.0390890985127246
8,2019,3,0.0471227338564325
8,2020,3,0.0986121289426546
8,2021,3,0.259856003927922
8,2022,3,0.234282766119576
8,2023,3,0.159327574818456
8,2024,3,0.161065168290144
8,1964,4,2.32010537545168
8,1965,4,2.05011236696987
8,1966,4,1.91564949336986
8,1967,4,1.84320817923514
8,1968,4,1.60755499824488
8,1969,4,1.52304974018727
8,1970,4,1.48636131344727
8,1971,4,1.30911209703542
8,1972,4,1.37385136893977
8,1973,4,1.32228257451645
8,1974,4,1.70391339323103
8,1975,4,1.98763877094173
8,1976,4,1.91438937246855
8,1977,4,1.39775109349117
8,1978,4,1.05574964491901
8,1979,4,0.999041540641968
8,1980,4,0.826967460076666
8,1981,4,0.870972165462213
8,1982,4,0.789830180557335
8,1983,4,0.582564092235851
8,1984,4,0.524465248440288
8,1985,4,0.528870473571084
8,1986,4,0.543635968595587
8,1987,4,0.578440481707867
8,1988,4,0.595092505020428
8,1989,4,0.744097798286245
8,1990,4,0.697513849878475
8,1991,4,0.312358239626367
8,1992,4,0.366194054154083
8,1993,4,0.59207110943112
8,1994,4,0.530090068662162
8,1995,4,0.260017964035051
8,1996,4,0.128871882382454
8,1997,4,0.176185457320011
8,1998,4,0.224406248480512
8,1999,4,0.353000244926581
8,2000,4,0.506685476442493
8,2001,4,0.400001198921021
8,2002,4,0.378933854089632
8,2003,4,0.411167721663428
8,2004,4,0.763296049784863
8,2005,4,0.55853174702545
8,2006,4,0.555941257516387
8,2007,4,0.621060126303444
8,2008,4,0.394700140946756
8,2009,4,0.405416017264767
8,2010,4,0.590449695427668
8,2011,4,0.223959738142718
8,2012,4,0.332496535815882
8,2013,4,0.289344785244665
8,2014,4,0.260606379239551
8,2015,4,0.389482426537723
8,2016,4,1.08988071995117
8,2017,4,0.35096633685087
8,2018,4,0.200526959148397
8,2019,4,0.145833494545644
8,2020,4,0.201097212551579
8,2021,4,0.253274922281618
8,2022,4,0.51741255121699
8,2023,4,0.505140862573836
8,2024,4,0.508385912750614
8,1964,5,1.62410855961473
8,1965,5,1.36713736420286
8,1966,5,1.24516254428465
8,1967,5,1.28606721688771
8,1968,5,1.21820669939862
8,1969,5,1.33389038371907
8,1970,5,1.1934999974253
8,1971,5,1.05566298240838
8,1972,5,1.23581750313807
8,1973,5,1.24369504560063
8,1974,5,1.39804668725626
8,1975,5,1.550084580713
8,1976,5,1.68265396528806
8,1977,5,1.64593681656409
8,1978,5,1.47893822867624
8,1979,5,1.54373772985118
8,1980,5,1.44764708065982
8,1981,5,1.32588491735144
8,1982,5,1.3208448819162
8,1983,5,1.17545270416278
8,1984,5,1.07858742176605
8,1985,5,0.900400351430292
8,1986,5,0.726504414290245
8,1987,5,0.674407594883759
8,1988,5,0.9841822861994
8,1989,5,1.01085140220403
8,1990,5,1.06663087057979
8,1991,5,0.57961051433556
8,1992,5,0.52052643124141
8,1993,5,0.676849072178451
8,1994,5,1.26249615339266
8,1995,5,0.759463306674907
8,1996,5,0.466047534574738
8,1997,5,0.508346006162741
8,1998,5,0.533026435155841
8,1999,5,0.643711265259038
8,2000,5,0.952845868528484
8,2001,5,1.14326996994521
8,2002,5,0.950983356782306
8,2003,5,0.856578364493474
8,2004,5,0.828442255434337
8,2005,5,1.46271545605207
8,2006,5,1.25454908828421
8,2007,5,1.33656194196839
8,2008,5,1.06406048218441
8,2009,5,0.762394450673625
8,2010,5,0.840610737744672
8,2011,5,1.10359259902873
8,2012,5,0.457901936193086
8,2013,5,0.623857617671345
8,2014,5,0.551776627185031
8,2015,5,0.463568717031246
8,2016,5,0.730846713751194
8,2017,5,1.12167010815913
8,2018,5,1.23264262764342
8,2019,5,0.471328785899558
8,2020,5,0.479687445809188
8,2021,5,0.504418667145417
8,2022,5,0.595894125811639
8,2023,5,1.11075233876829
8,2024,5,1.13342873624145
8,1964,6,1.36157998145737
8,1965,6,1.29013204997257
8,1966,6,1.27315696728686
8,1967,6,1.31500864424421
8,1968,6,1.10354801125705
8,1969,6,0.989782855979782
8,1970,6,0.876092428344303
8,1971,6,0.751269333678026
8,1972,6,0.857332018758809
8,1973,6,0.919297897914515
8,1974,6,1.02400981053186
8,1975,6,1.0144868396559
8,1976,6,1.11846693380705
8,1977,6,1.23045121089152
8,1978,6,1.28802281517671
8,1979,6,1.22854629929489
8,1980,6,1.48080838655428
8,1981,6,1.23424330752794
8,1982,6,1.10823664521346
8,1983,6,1.1725890728162
8,1984,6,1.0951766658705
8,1985,6,1.04324828352421
8,1986,6,1.028382861263
8,1987,6,1.11565185650656
8,1988,6,1.55062365300459
8,1989,6,1.62175721036907
8,1990,6,1.40679482167852
8,1991,6,0.993823205812989
8,1992,6,0.943944900097524
8,1993,6,1.18538122864944
8,1994,6,1.5421216792792
8,1995,6,1.61454410162821
8,1996,6,1.3767932100263
8,1997,6,0.931803620890326
8,1998,6,1.18956119589
8,1999,6,1.28711312354163
8,2000,6,1.23425998396758
8,2001,6,1.48516501909091
8,2002,6,1.81667968096964
8,2003,6,1.50249292148673
8,2004,6,1.47386077872462
8,2005,6,1.66433986029997
8,2006,6,1.76781026544798
8,2007,6,1.70818441693599
8,2008,6,1.55240942908813
8,2009,6,1.22252267555354
8,2010,6,0.967562126023437
8,2011,6,1.34739927674316
8,2012,6,1.10461277609054
8,2013,6,0.764863331990768
8,2014,6,1.02634557568821
8,2015,6,0.78001211052278
8,2016,6,0.908336908508115
8,2017,6,1.41379704017194
8,2018,6,1.44378132074391
8,2019,6,1.89619833541967
8,2020,6,1.39404083244759
8,2021,6,0.854544904918495
8,2022,6,0.834589894165408
8,2023,6,1.20014536288362
8,2024,6,1.18376196393101
8,1964,7,0.980873676526347
8,1965,7,1.02748853356997
8,1966,7,0.997346408514849
8,1967,7,0.983455727927437
8,1968,7,0.959361707163084
8,1969,7,0.96188714366149
8,1970,7,0.983127255365564
8,1971,7,0.916752276131754
8,1972,7,0.962010360449628
8,1973,7,0.983572813881465
8,1974,7,0.99551868453408
8,1975,7,0.988770514438182
8,1976,7,1.03975036090258
8,1977,7,1.19759656170173
8,1978,7,1.36987220306366
8,1979,7,1.53209298578415
8,1980,7,1.74666286178098
8,1981,7,1.82830147727646
8,1982,7,1.76961180352708
8,1983,7,1.57247066533921
8,1984,7,1.27450384668152
8,1985,7,1.15580071431178
8,1986,7,1.13845494465678
8,1987,7,1.39559461913923
8,1988,7,1.56826050123098
8,1989,7,1.86343427649072
8,1990,7,1.85002224130477
8,1991,7,1.28163915659391
8,1992,7,1.12958015576087
8,1993,7,1.63220491323691
8,1994,7,1.78455425983606
8,1995,7,1.92326426080739
8,1996,7,2.26863900037718
8,1997,7,1.62303697800985
8,1998,7,1.43453389143182
8,1999,7,1.52299009135238
8,2000,7,1.57874200571059
8,2001,7,1.50429427489714
8,2002,7,1.64571520321206
8,2003,7,2.0844044899135
8,2004,7,2.17071275536744
8,2005,7,1.56453437906743
8,2006,7,1.54947326138013
8,2007,7,2.03491910364522
8,2008,7,1.78718455421208
8,2009,7,1.50690569417068
8,2010,7,1.071236848139
8,2011,7,1.15157853168996
8,2012,7,1.43740835138664
8,2013,7,1.33252915718683
8,2014,7,1.25525554602632
8,2015,7,0.904834359719698
8,2016,7,1.05446749537606
8,2017,7,1.59919377811347
8,2018,7,1.44632561277277
8,2019,7,2.5091114062669
8,2020,7,1.5645934744233
8,2021,7,1.14973983714752
8,2022,7,1.70759084556796
8,2023,7,1.35399271113937
8,2024,7,1.23899918917645
8,1964,8,1.35712920463154
8,1965,8,1.41716724895714
8,1966,8,1.29079633835263
8,1967,8,1.18471380465988
8,1968,8,1.2011842469406
8,1969,8,1.14740976309486
8,1970,8,1.15818347004613
8,1971,8,1.17864529632486
8,1972,8,1.14155947196014
8,1973,8,1.11586217090191
8,1974,8,1.02047818492499
8,1975,8,0.973175386137037
8,1976,8,0.98135591486203
8,1977,8,1.02667824164175
8,1978,8,1.14111922348068
8,1979,8,1.22969650463775
8,1980,8,1.33997254483907
8,1981,8,1.43024888661416
8,1982,8,1.48880226294652
8,1983,8,1.53098992041884
8,1984,8,1.44417634647041
8,1985,8,1.4199341964983
8,1986,8,1.2884290984463
8,1987,8,1.25069019770712
8,1988,8,1.12150190644122
8,1989,8,1.00552841551261
8,1990,8,0.932385009285183
8,1991,8,1.01966692158314
8,1992,8,1.18663948781315
8,1993,8,1.4577749466144
8,1994,8,1.72371816423594
8,1995,8,2.23509006002416
8,1996,8,2.2695116830548
8,1997,8,1.77586166680034
8,1998,8,1.61902874017479
8,1999,8,1.4995882270159
8,2000,8,1.66724548348376
8,2001,8,1.50472234055624
8,2002,8,1.73831284103795
8,2003,8,2.06680742303096
8,2004,8,1.96668490288411
8,2005,8,1.74225502175652
8,2006,8,1.24451149136978
8,2007,8,1.39509809124834
8,2008,8,1.6571839269196
8,2009,8,1.45643634503336
8,2010,8,1.43765333597234
8,2011,8,1.98424713991079
8,2012,8,1.56322900701264
8,2013,8,1.2723062051886
8,2014,8,1.29504761627685
8,2015,8,1.41811929686721
8,2016,8,1.53838756961543
8,2017,8,1.52637113950022
8,2018,8,1.71381998154566
8,2019,8,1.73579761827667
8,2020,8,1.39654395432604
8,2021,8,1.73719217871123
8,2022,8,2.34620068404683
8,2023,8,1.90086959208311
8,2024,8,1.84880180498606
9,1964,3,0.659445837814813
9,1965,3,0.729168905276377
9,1966,3,0.840057363075174
9,1967,3,1.04528279325713
9,1968,3,1.25673708737505
9,1969,3,0.979750409663586
9,1970,3,0.865168531487582
9,1971,3,1.04137993459352
9,1972,3,1.02480324873717
9,1973,3,1.048325218677
9,1974,3,0.982337242903011
9,1975,3,1.16584215002872
9,1976,3,0.992695739421904
9,1977,3,0.995708718136563
9,1978,3,1.08023111959468
9,1979,3,0.83345986573682
9,1980,3,0.5551713578829
9,1981,3,0.38202777282788
9,1982,3,0.285535721955513
9,1983,3,0.273713986400809
9,1984,3,0.202688700057089
9,1985,3,0.198111952598874
9,1986,3,0.201013538668679
9,1987,3,0.219817674487164
9,1988,3,0.250579040503896
9,1989,3,0.207462334796026
9,1990,3,0.187622951983702
9,1991,3,0.154357204421299
9,1992,3,0.152064419654315
9,1993,3,0.165728688496902
9,1994,3,0.0741687327624335
9,1995,3,0.0591910799874011
9,1996,3,0.0619159253622726
9,1997,3,0.102477650339843
9,1998,3,0.13201822461462
9,1999,3,0.324639520133958
9,2000,3,0.188755232171785
9,2001,3,0.0996769000924494
9,2002,3,0.122945628553211
9,2003,3,0.187858078201066
9,2004,3,0.135036656188095
9,2005,3,0.110243931315393
9,2006,3,0.131106013425988
9,2007,3,0.133664436859713
9,2008,3,0.117007114525425
9,2009,3,0.107522004447137
9,2010,3,0.0832382907836771
9,2011,3,0.0655872533308821
9,2012,3,0.0760925021426568
9,2013,3,0.0828481837274912
9,2014,3,0.0908058098873138
9,2015,3,0.221182551295263
9,2016,3,0.0690202986798356
9,2017,3,0.0496472907223876
9,2018,3,0.0461718716103496
9,2019,3,0.06410473153548
9,2020,3,0.16563088207055
9,2021,3,0.382877745394407
9,2022,3,0.229216696111888
9,2023,3,0.166149717649072
9,2024,3,0.169959265883435
9,1964,4,1.17809173725052
9,1965,4,1.23037842113379
9,1966,4,1.53069733003529
9,1967,4,1.78113478972084
9,1968,4,2.19947550540843
9,1969,4,2.0962097039709
9,1970,4,1.78005872645733
9,1971,4,1.9255492800261
9,1972,4,1.73464377265014
9,1973,4,1.37750873504475
9,1974,4,1.55892600761621
9,1975,4,1.70384535953942
9,1976,4,1.66137936181849
9,1977,4,1.62180898041429
9,1978,4,1.39306958043293
9,1979,4,1.11991757746686
9,1980,4,0.861196237323023
9,1981,4,0.786558164273167
9,1982,4,0.784397668813229
9,1983,4,0.606899716590797
9,1984,4,0.531966015358216
9,1985,4,0.483918147277263
9,1986,4,0.52115830354091
9,1987,4,0.420654053097827
9,1988,4,0.411578423906238
9,1989,4,0.60117959439712
9,1990,4,0.687257891533792
9,1991,4,0.389119226423242
9,1992,4,0.304355879086852
9,1993,4,0.619336497343258
9,1994,4,0.423157796099487
9,1995,4,0.239012425236154
9,1996,4,0.137218926443865
9,1997,4,0.211372118986567
9,1998,4,0.310978217171972
9,1999,4,0.437361339703815
9,2000,4,0.543399908603872
9,2001,4,0.41149567879369
9,2002,4,0.417501280659813
9,2003,4,0.381472230495657
9,2004,4,0.743958324986217
9,2005,4,0.506288790029737
9,2006,4,0.472680190467315
9,2007,4,0.475981610117498
9,2008,4,0.597962688268937
9,2009,4,0.528473656974576
9,2010,4,0.746489191126898
9,2011,4,0.320979950837245
9,2012,4,0.43575335505421
9,2013,4,0.387980621425997
9,2014,4,0.397063801469438
9,2015,4,0.555698785668371
9,2016,4,1.22137866035036
9,2017,4,0.405978557344064
9,2018,4,0.209927520189371
9,2019,4,0.151113899317776
9,2020,4,0.327950258248843
9,2021,4,0.372754974273307
9,2022,4,0.568511396331982
9,2023,4,0.554065967825694
9,2024,4,0.566836861555585
9,1964,5,5.28342567165656
9,1965,5,4.96168322377947
9,1966,5,4.55003809984869
9,1967,5,3.36381327547288
9,1968,5,2.7761502064793
9,1969,5,2.53712807334348
9,1970,5,2.24248749125306
9,1971,5,2.45626661329229
9,1972,5,2.38465916814289
9,1973,5,1.83078580019603
9,1974,5,1.72079881827771
9,1975,5,1.62256082252878
9,1976,5,1.49790938594923
9,1977,5,1.20512505974296
9,1978,5,1.1006360486914
9,1979,5,0.972924233027193
9,1980,5,1.15833246376633
9,1981,5,1.33281481698302
9,1982,5,1.29940878983807
9,1983,5,1.14691759253252
9,1984,5,1.12725206738431
9,1985,5,0.84398419757193
9,1986,5,0.729570855091497
9,1987,5,0.720044263998597
9,1988,5,0.850270548132036
9,1989,5,1.01308572487431
9,1990,5,1.14167047700959
9,1991,5,0.960512329370417
9,1992,5,0.594981862228593
9,1993,5,0.681177685302908
9,1994,5,1.19256233824679
9,1995,5,0.665442066852127
9,1996,5,0.388521248821618
9,1997,5,0.441801811678752
9,1998,5,0.500125181365859
9,1999,5,0.601762913559508
9,2000,5,0.897120564939569
9,2001,5,1.25802415935758
9,2002,5,1.00054192535351
9,2003,5,1.06061081179418
9,2004,5,1.21222595339731
9,2005,5,1.28777003104948
9,2006,5,0.934191787151324
9,2007,5,0.994222297069657
9,2008,5,1.227135051165
9,2009,5,1.10116525478134
9,2010,5,1.0684209710998
9,2011,5,1.4018374898697
9,2012,5,0.704254254596347
9,2013,5,0.945591996948006
9,2014,5,0.808821145703881
9,2015,5,0.674124565211435
9,2016,5,0.899730511435554
9,2017,5,1.60083208837652
9,2018,5,1.54008941985453
9,2019,5,0.496866358093727
9,2020,5,0.599954918285798
9,2021,5,0.637602607278524
9,2022,5,0.857604786554643
9,2023,5,1.49793978151689
9,2024,5,1.50479633482937
9,1964,6,1.43408417917877
9,1965,6,1.32235336885646
9,1966,6,1.1618248000689
9,1967,6,1.00239035659454
9,1968,6,0.858608501348953
9,1969,6,0.816092094062624
9,1970,6,0.786162928320064
9,1971,6,0.768259366081062
9,1972,6,0.762646521528036
9,1973,6,0.765633765070022
9,1974,6,0.76181401682536
9,1975,6,0.811947950176409
9,1976,6,0.918834071082136
9,1977,6,1.00766773763509
9,1978,6,1.10792939466058
9,1979,6,1.31122432917165
9,1980,6,1.51058695028758
9,1981,6,1.6564738171983
9,1982,6,1.4323951746769
9,1983,6,1.19407925644207
9,1984,6,1.19850947167366
9,1985,6,1.15346946988848
9,1986,6,1.24265266019554
9,1987,6,1.2452978055093
9,1988,6,1.51882750825302
9,1989,6,1.44582885112925
9,1990,6,1.4717210843014
9,1991,6,1.26194940250059
9,1992,6,1.36737181934134
9,1993,6,1.2082348437709
9,1994,6,1.17344435845855
9,1995,6,1.56229196466075
9,1996,6,1.09899123010677
9,1997,6,0.953592943475707
9,1998,6,1.39251111812219
9,1999,6,1.02075680968449
9,2000,6,1.02948803168831
9,2001,6,1.4809124553499
9,2002,6,2.07843416163573
9,2003,6,2.10669157692001
9,2004,6,1.85955984350663
9,2005,6,1.92956605283605
9,2006,6,1.4577657295045
9,2007,6,1.656794262785
9,2008,6,2.04467499852866
9,2009,6,1.66770855090349
9,2010,6,1.29714565726485
9,2011,6,1.6315680584149
9,2012,6,1.61146460905577
9,2013,6,1.13844271301664
9,2014,6,1.30261018658131
9,2015,6,1.28542305221108
9,2016,6,1.11693543845113
9,2017,6,1.7522058432195
9,2018,6,1.93768791012182
9,2019,6,1.9062049273316
9,2020,6,1.68599913691374
9,2021,6,1.25612016467998
9,2022,6,1.29970848366966
9,2023,6,1.6743792301994
9,2024,6,1.51305860450886
9,1964,7,1.14692491390455
9,1965,7,1.27296719403407
9,1966,7,1.3234734741812
9,1967,7,1.55420985232562
9,1968,7,1.66106966378568
9,1969,7,1.96687248797112
9,1970,7,2.21719527640861
9,1971,7,2.00815395919887
9,1972,7,1.99091134943066
9,1973,7,2.11019963138129
9,1974,7,1.96295594966065
9,1975,7,1.82857247182014
9,1976,7,1.66004198594927
9,1977,7,1.62453193027113
9,1978,7,1.57395491610254
9,1979,7,1.60150238485682
9,1980,7,1.76974994831602
9,1981,7,1.55338449821316
9,1982,7,1.5388262189833
9,1983,7,1.49346189335642
9,1984,7,1.51086791228641
9,1985,7,1.67867422074003
9,1986,7,1.5224418903359
9,1987,7,1.71588074781563
9,1988,7,1.81393769276081
9,1989,7,1.62477317523835
9,1990,7,1.41348199877721
9,1991,7,1.60714861473636
9,1992,7,1.55248807331559
9,1993,7,1.43721422746824
9,1994,7,1.2478553205392
9,1995,7,1.46146675489502
9,1996,7,2.00848011440327
9,1997,7,1.34414912993121
9,1998,7,1.24062806081951
9,1999,7,1.47669472397017
9,2000,7,1.47807264503382
9,2001,7,1.53089959705671
9,2002,7,2.0494167252201
9,2003,7,1.96044794645248
9,2004,7,1.54623100002239
9,2005,7,1.48844706837722
9,2006,7,1.57194617619673
9,2007,7,1.61996219500164
9,2008,7,1.54886487289517
9,2009,7,1.49135649591517
9,2010,7,1.45812214261348
9,2011,7,1.4073484623643
9,2012,7,1.9502943084089
9,2013,7,1.75262743824956
9,2014,7,2.22908225504163
9,2015,7,1.2872949489092
9,2016,7,1.19250274532532
9,2017,7,1.73153000026914
9,2018,7,1.7314294148787
9,2019,7,3.04686148443672
9,2020,7,1.76351807859105
9,2021,7,1.53063595604962
9,2022,7,1.36907296526918
9,2023,7,1.07642165560752
9,2024,7,1.02376281061302
9,1964,8,1.38321170085685
9,1965,8,1.37116109979189
9,1966,8,1.27218952167536
9,1967,8,1.32547497973301
9,1968,8,1.24268147409554
9,1969,8,1.2668232932907
9,1970,8,1.30479562564414
9,1971,8,1.16400234288467
9,1972,8,1.16195468598569
9,1973,8,1.23774800767605
9,1974,8,1.21445627304439
9,1975,8,1.15031682008258
9,1976,8,1.15184674996334
9,1977,8,1.14581462491511
9,1978,8,1.1994718021004
9,1979,8,1.31693157837734
9,1980,8,1.45480191545932
9,1981,8,1.57752246756007
9,1982,8,1.55376953065966
9,1983,8,1.521196368022
9,1984,8,1.45085281475701
9,1985,8,1.49809591062006
9,1986,8,1.55839295765023
9,1987,8,1.64953520481328
9,1988,8,1.55960059557231
9,1989,8,1.54592108475901
9,1990,8,1.20785133453427
9,1991,8,1.28094009149407
9,1992,8,1.4197416041569
9,1993,8,1.12665384160924
9,1994,8,1.2037686500633
9,1995,8,1.449417293462
9,1996,8,1.5877200921928
9,1997,8,1.53839332490372
9,1998,8,1.40648254845077
9,1999,8,1.62205698661138
9,2000,8,2.02876665916778
9,2001,8,1.97247530153354
9,2002,8,1.85411822496727
9,2003,8,2.26096719796144
9,2004,8,2.08820272078402
9,2005,8,1.68622916250081
9,2006,8,1.68188866244548
9,2007,8,1.65261873323694
9,2008,8,1.48927145553572
9,2009,8,1.66076853072563
9,2010,8,1.82125021237268
9,2011,8,1.75071650804921
9,2012,8,2.34849354863057
9,2013,8,2.19296906834151
9,2014,8,1.89680455826044
9,2015,8,1.86822837320514
9,2016,8,2.26823712636181
9,2017,8,1.76392467288504
9,2018,8,1.92972962557136
9,2019,8,2.26881330526467
9,2020,8,1.91805009048343
9,2021,8,2.25727554392047
9,2022,8,2.03841086835424
9,2023,8,1.87385110655069
9,2024,8,1.8717546360485
10,1964,3,0.471639003498368
10,1965,3,0.50308246777576
10,1966,3,0.429396610813982
10,1967,3,0.419187374468029
10,1968,3,0.462961540206118
10,1969,3,0.546964341531427
10,1970,3,0.726860999937235
10,1971,3,0.933836614163067
10,1972,3,1.01516465728186
10,1973,3,0.921221799162366
10,1974,3,1.01475733002742
10,1975,3,1.06904574617317
10,1976,3,1.00437197839521
10,1977,3,0.85584362033368
10,1978,3,0.70425074062913
10,1979,3,0.62235667359221
10,1980,3,0.446879503314075
10,1981,3,0.35779286052014
10,1982,3,0.265939840592595
10,1983,3,0.23102904719714
10,1984,3,0.242633918185201
10,1985,3,0.267059724132603
10,1986,3,0.279124443873532
10,1987,3,0.222326338346953
10,1988,3,0.182517186543237
10,1989,3,0.14948864111935
10,1990,3,0.135293637765813
10,1991,3,0.136388862666789
10,1992,3,0.161075947936438
10,1993,3,0.123724125663062
10,1994,3,0.0641334291758026
10,1995,3,0.0535383122772337
10,1996,3,0.0605646917546222
10,1997,3,0.0726327848014324
10,1998,3,0.0978114399637039
10,1999,3,0.221378135785109
10,2000,3,0.146790898098912
10,2001,3,0.103137655350118
10,2002,3,0.113265038945617
10,2003,3,0.197472590217673
10,2004,3,0.135331544392286
10,2005,3,0.127978632452197
10,2006,3,0.141669147641405
10,2007,3,0.139226881200841
10,2008,3,0.09107821983857
10,2009,3,0.0814792286260193
10,2010,3,0.0558555875772199
10,2011,3,0.0466025340952178
10,2012,3,0.0783498349967991
10,2013,3,0.0742849264200687
10,2014,3,0.0971506747696528
10,2015,3,0.220638175348815
10,2016,3,0.0842592718644831
10,2017,3,0.0511362374943116
10,2018,3,0.0541553711776673
10,2019,3,0.0596778350313718
10,2020,3,0.154259366128314
10,2021,3,0.316694187638764
10,2022,3,0.270695066197591
10,2023,3,0.235651436304831
10,2024,3,0.236292785374859
10,1964,4,2.20973805444047
10,1965,4,2.06684260629568
10,1966,4,1.83231977406363
10,1967,4,1.51815619762428
10,1968,4,1.41677917820359
10,1969,4,1.49721345149639
10,1970,4,1.45340626245907
10,1971,4,1.47097937590793
10,1972,4,1.46455743457202
10,1973,4,1.5234492356646
10,1974,4,1.59297301220324
10,1975,4,1.56275981242012
10,1976,4,1.64676611557833
10,1977,4,1.45758617831322
10,1978,4,1.32465638904397
10,1979,4,1.16835597058118
10,1980,4,0.959997254657313
10,1981,4,0.787406638273316
10,1982,4,0.604432108254578
10,1983,4,0.474460991229067
10,1984,4,0.416787115591016
10,1985,4,0.372456377082862
10,1986,4,0.372717823097014
10,1987,4,0.412321593522023
10,1988,4,0.406986051315643
10,1989,4,0.386486015598918
10,1990,4,0.368702177025251
10,1991,4,0.354319260404669
10,1992,4,0.397275967339576
10,1993,4,0.67293036495147
10,1994,4,0.346065266353077
10,1995,4,0.230051752241635
10,1996,4,0.152943956276715
10,1997,4,0.22229813755196
10,1998,4,0.271604327970419
10,1999,4,0.380015867606241
10,2000,4,0.449670706814496
10,2001,4,0.3556871562344
10,2002,4,0.344639292594129
10,2003,4,0.412854977965671
10,2004,4,0.888805640305935
10,2005,4,0.604873780292066
10,2006,4,0.623998642216278
10,2007,4,0.499529159535601
10,2008,4,0.396740097248225
10,2009,4,0.413574763806712
10,2010,4,0.557887392739862
10,2011,4,0.298431135739582
10,2012,4,0.373764557452828
10,2013,4,0.375755633721585
10,2014,4,0.386995008141579
10,2015,4,0.457605498588033
10,2016,4,1.23737869887474
10,2017,4,0.493338297753599
10,2018,4,0.268152995744699
10,2019,4,0.148609753642789
10,2020,4,0.349006778970117
10,2021,4,0.322938325868316
10,2022,4,0.470956094658967
10,2023,4,0.455071155870161
10,2024,4,0.451139178814523
10,1964,5,3.34341131139966
10,1965,5,3.36798575044593
10,1966,5,3.76348013265177
10,1967,5,3.59972051059589
10,1968,5,3.52565235136584
10,1969,5,3.36093976788108
10,1970,5,2.83568188141818
10,1971,5,2.32522418434626
10,1972,5,1.76723142072407
10,1973,5,1.62731892541398
10,1974,5,1.46055306961342
10,1975,5,1.39332682024511
10,1976,5,1.37341834533018
10,1977,5,1.41869557291371
10,1978,5,1.34885857097675
10,1979,5,0.972494060982343
10,1980,5,0.998281985440291
10,1981,5,1.01168669899762
10,1982,5,1.23681215670123
10,1983,5,1.19520800107111
10,1984,5,1.2010133911085
10,1985,5,1.0728726337342
10,1986,5,1.11028923460788
10,1987,5,1.02014427139362
10,1988,5,0.926617474158223
10,1989,5,0.984869193827932
10,1990,5,0.995091592466907
10,1991,5,0.705705644583984
10,1992,5,0.632414924051253
10,1993,5,0.598989131390443
10,1994,5,0.90977614380207
10,1995,5,0.69131732973625
10,1996,5,0.317936393216995
10,1997,5,0.380239379090394
10,1998,5,0.517872536396876
10,1999,5,0.679901042144222
10,2000,5,0.812889244157644
10,2001,5,1.02681376925206
10,2002,5,0.877252943044492
10,2003,5,0.882633699916759
10,2004,5,1.17080186724446
10,2005,5,1.53916651600957
10,2006,5,1.31219081778398
10,2007,5,1.17869351201645
10,2008,5,0.874041632694127
10,2009,5,0.828534483408392
10,2010,5,0.770822492631807
10,2011,5,1.17121690983831
10,2012,5,0.576986274800048
10,2013,5,0.727668688689046
10,2014,5,0.684921930549389
10,2015,5,0.666817085267157
10,2016,5,0.939458413904738
10,2017,5,1.55923330695717
10,2018,5,1.72220220513777
10,2019,5,0.578977950581588
10,2020,5,0.735961085126708
10,2021,5,0.547355070015154
10,2022,5,0.698452817254344
10,2023,5,1.03128849931167
10,2024,5,1.01581535969168
10,1964,6,0.830466274655443
10,1965,6,0.877353272667687
10,1966,6,0.935572465772262
10,1967,6,1.0216113696547
10,1968,6,1.10512290704694
10,1969,6,1.18228152483514
10,1970,6,1.277712420774
10,1971,6,1.27158482390204
10,1972,6,1.32175336908715
10,1973,6,1.33063471043765
10,1974,6,1.25841280446171
10,1975,6,1.24257146547053
10,1976,6,1.13099315538423
10,1977,6,1.08209646374596
10,1978,6,1.07164860577879
10,1979,6,1.17825340443678
10,1980,6,1.28893247141141
10,1981,6,1.22968943386728
10,1982,6,1.16244989498108
10,1983,6,1.04689285808447
10,1984,6,1.03585543564193
10,1985,6,1.06280351513611
10,1986,6,1.07460665667071
10,1987,6,1.07013977042785
10,1988,6,1.05709633519976
10,1989,6,1.193433458233
10,1990,6,1.1730231703848
10,1991,6,0.946512373709626
10,1992,6,1.04217273129025
10,1993,6,1.01616195165105
10,1994,6,1.16454603351031
10,1995,6,1.41054210976996
10,1996,6,1.41590502860933
10,1997,6,0.832870160997157
10,1998,6,1.20981667385511
10,1999,6,0.789378489280266
10,2000,6,0.907655502151215
10,2001,6,1.54271407892916
10,2002,6,1.62126589900534
10,2003,6,1.42188354723735
10,2004,6,1.41021923652211
10,2005,6,1.51982365364289
10,2006,6,2.01167679207947
10,2007,6,1.83496866602077
10,2008,6,1.62506666425698
10,2009,6,1.14097330163033
10,2010,6,0.87137435378566
10,2011,6,1.17202124423209
10,2012,6,1.56482601003969
10,2013,6,1.09949742728141
10,2014,6,1.22396318083942
10,2015,6,1.13943380240348
10,2016,6,1.12035059536684
10,2017,6,1.61060564780338
10,2018,6,1.84621107446383
10,2019,6,2.00593929468184
10,2020,6,1.84765307482021
10,2021,6,1.28128910385959
10,2022,6,1.07695307940568
10,2023,6,1.21816045120129
10,2024,6,1.1517355909024
10,1964,7,2.02139319834659
10,1965,7,2.08519718214936
10,1966,7,2.0130667418156
10,1967,7,2.07603898609788
10,1968,7,1.88766218331166
10,1969,7,1.69443282038652
10,1970,7,1.57925098758613
10,1971,7,1.4627597642015
10,1972,7,1.39028223698097
10,1973,7,1.36245311158335
10,1974,7,1.33106965880691
10,1975,7,1.41309092907751
10,1976,7,1.46902185331638
10,1977,7,1.55189140754385
10,1978,7,1.7023369951921
10,1979,7,1.93986601487382
10,1980,7,2.02588993413971
10,1981,7,1.91127669533106
10,1982,7,1.77355313427445
10,1983,7,1.74591985057105
10,1984,7,1.65538107392016
10,1985,7,1.41965270227559
10,1986,7,1.49167890596348
10,1987,7,1.49284044314708
10,1988,7,1.51229038892386
10,1989,7,1.48348428563833
10,1990,7,1.42388438447373
10,1991,7,1.32419753903685
10,1992,7,1.54748578081944
10,1993,7,1.85589153446884
10,1994,7,1.91259012148597
10,1995,7,1.77630489055159
10,1996,7,1.79434803822044
10,1997,7,1.21565414082724
10,1998,7,1.19011738394513
10,1999,7,1.20521058723165
10,2000,7,1.29523315635308
10,2001,7,1.4836527024599
10,2002,7,1.78813989229821
10,2003,7,2.01952834192594
10,2004,7,1.67404758985674
10,2005,7,1.79750325600642
10,2006,7,1.97537747646464
10,2007,7,1.95636226357015
10,2008,7,1.82687253289859
10,2009,7,1.36807561962767
10,2010,7,1.28098013972525
10,2011,7,1.7129914573275
10,2012,7,1.71440645202205
10,2013,7,1.44682331695899
10,2014,7,1.34795673264559
10,2015,7,1.27074205594823
10,2016,7,1.26609912066612
10,2017,7,1.5298601161224
10,2018,7,1.6404642020282
10,2019,7,2.59179588715508
10,2020,7,2.26681497645791
10,2021,7,1.93001935836975
10,2022,7,1.45144190931778
10,2023,7,1.38064377593861
10,2024,7,1.41919651123648
10,1964,8,0.789376642196638
10,1965,8,0.801008716008542
10,1966,8,0.79627356573786
10,1967,8,0.848244513595914
10,1968,8,0.84885393218613
10,1969,8,0.831684968807986
10,1970,8,0.84784389660163
10,1971,8,0.867413575809035
10,1972,8,0.901616623790658
10,1973,8,0.92669291566217
10,1974,8,0.981908013120734
10,1975,8,1.05600070306836
10,1976,8,1.07282878097437
10,1977,8,1.10941107941346
10,1978,8,1.14664712041302
10,1979,8,1.1331037939603
10,1980,8,1.13919378853192
10,1981,8,1.17420012337641
10,1982,8,1.15857826738085
10,1983,8,1.20998158665191
10,1984,8,1.23306849974169
10,1985,8,1.31223293249181
10,1986,8,1.20614470139497
10,1987,8,1.19688381128226
10,1988,8,1.07569797437247
10,1989,8,1.04022560511275
10,1990,8,1.16611720183312
10,1991,8,1.05924171654296
10,1992,8,1.27462527768785
10,1993,8,1.62270112732328
10,1994,8,1.9816900941934
10,1995,8,2.06427474146292
10,1996,8,1.97516982607259
10,1997,8,1.71817353658434
10,1998,8,1.57100067512229
10,1999,8,1.44543602100538
10,2000,8,1.91625592140121
10,2001,8,1.7002107250458
10,2002,8,1.86898272264861
10,2003,8,2.05797373466325
10,2004,8,1.97999980307674
10,2005,8,1.90400561133169
10,2006,8,1.79914093807727
10,2007,8,1.65910355040951
10,2008,8,1.79320359535798
10,2009,8,1.6263587317534
10,2010,8,1.29496703388148
10,2011,8,1.61275615745712
10,2012,8,1.80596266572601
10,2013,8,1.80980797352957
10,2014,8,1.8082874089763
10,2015,8,1.710955442821
10,2016,8,1.64312824746224
10,2017,8,1.99654383535881
10,2018,8,2.27337999232705
10,2019,8,2.50298426120115
10,2020,8,1.92266907439988
10,2021,8,2.05177112530699
10,2022,8,2.44076562989326
10,2023,8,2.10836538191409
10,2024,8,2.15629922631269
11,1964,3,1.06334933991804
11,1965,3,0.951337108445319
11,1966,3,0.803307061547584
11,1967,3,0.780865987462264
11,1968,3,0.774492887420572
11,1969,3,0.729291896782076
11,1970,3,0.860424365760435
11,1971,3,0.999364910876231
11,1972,3,0.970437390854898
11,1973,3,0.980464184786552
11,1974,3,1.25609519683127
11,1975,3,1.36638027410716
11,1976,3,1.05068237247688
11,1977,3,0.946637472621736
11,1978,3,0.777908334888555
11,1979,3,0.627422348051367
11,1980,3,0.464226335756971
11,1981,3,0.36986995640995
11,1982,3,0.292959194587777
11,1983,3,0.229384071650881
11,1984,3,0.221917332642869
11,1985,3,0.245882491645926
11,1986,3,0.264837164866019
11,1987,3,0.291703472920177
11,1988,3,0.317299422007489
11,1989,3,0.253085055754089
11,1990,3,0.198842868917127
11,1991,3,0.138801550637
11,1992,3,0.148723234957524
11,1993,3,0.115171811789135
11,1994,3,0.0831994667163137
11,1995,3,0.069323854609645
11,1996,3,0.0649000077292631
11,1997,3,0.0838583779019921
11,1998,3,0.111877800723123
11,1999,3,0.220330624571254
11,2000,3,0.153216916432249
11,2001,3,0.130280272906343
11,2002,3,0.134355969366545
11,2003,3,0.179091142722611
11,2004,3,0.128659989226075
11,2005,3,0.162285897429833
11,2006,3,0.186051942931681
11,2007,3,0.156209043915035
11,2008,3,0.111561845936175
11,2009,3,0.11063031032154
11,2010,3,0.0967668668256451
11,2011,3,0.0661698397608047
11,2012,3,0.0868888370233473
11,2013,3,0.0714714472262174
11,2014,3,0.0868504671538235
11,2015,3,0.226070394301205
11,2016,3,0.0688161807365147
11,2017,3,0.0415526124057132
11,2018,3,0.0386753066864454
11,2019,3,0.0530218228631478
11,2020,3,0.12129409503612
11,2021,3,0.301666105488685
11,2022,3,0.275836215920178
11,2023,3,0.249692363984811
11,2024,3,0.246239517787696
11,1964,4,2.57387751615573
11,1965,4,2.50589621057612
11,1966,4,2.36563783495882
11,1967,4,1.91046712210229
11,1968,4,1.79282273339716
11,1969,4,1.24026164281282
11,1970,4,1.20104733377126
11,1971,4,1.31384148547245
11,1972,4,1.49168208804824
11,1973,4,1.64329166872297
11,1974,4,2.04531974951157
11,1975,4,1.9956403216798
11,1976,4,1.65464648122318
11,1977,4,1.41236099302989
11,1978,4,1.31073306768737
11,1979,4,0.971885668764715
11,1980,4,0.793436723095117
11,1981,4,0.760847877364935
11,1982,4,0.605294290879243
11,1983,4,0.554383322527823
11,1984,4,0.439683025720494
11,1985,4,0.416242436660916
11,1986,4,0.39110335465218
11,1987,4,0.377545477224427
11,1988,4,0.506566217816745
11,1989,4,0.551383881085581
11,1990,4,0.544333286031997
11,1991,4,0.366616605669606
11,1992,4,0.343461477926256
11,1993,4,0.49951451064551
11,1994,4,0.339479757148439
11,1995,4,0.255255057038786
11,1996,4,0.164768637940538
11,1997,4,0.226623915208027
11,1998,4,0.228221520967653
11,1999,4,0.45131778303999
11,2000,4,0.657767457516507
11,2001,4,0.443835308502297
11,2002,4,0.431184555189306
11,2003,4,0.475593955901246
11,2004,4,0.71085559312882
11,2005,4,0.518355880257654
11,2006,4,0.50303230930006
11,2007,4,0.604201979597353
11,2008,4,0.467643030869173
11,2009,4,0.425276569409009
11,2010,4,0.670763624227204
11,2011,4,0.342867826387127
11,2012,4,0.455392864134434
11,2013,4,0.370211849100285
11,2014,4,0.308157912968254
11,2015,4,0.535813283897228
11,2016,4,1.19959169817529
11,2017,4,0.438006772881647
11,2018,4,0.233418146209395
11,2019,4,0.141530612456353
11,2020,4,0.267403871060071
11,2021,4,0.27819730993366
11,2022,4,0.566412418728784
11,2023,4,0.535195050848245
11,2024,4,0.517367059195289
11,1964,5,2.09161113744999
11,1965,5,2.01388684480759
11,1966,5,1.94070794306996
11,1967,5,1.84059943524367
11,1968,5,1.91003254848218
11,1969,5,1.7736840423409
11,1970,5,1.65157484091171
11,1971,5,1.59553646731129
11,1972,5,1.653763832238
11,1973,5,1.45886992776844
11,1974,5,1.38749760685138
11,1975,5,1.39680829698875
11,1976,5,1.35651627750048
11,1977,5,1.26880466468989
11,1978,5,1.355496988449
11,1979,5,1.36648983226294
11,1980,5,1.48821884858508
11,1981,5,1.35358395205769
11,1982,5,1.16019363002472
11,1983,5,1.14254756003599
11,1984,5,1.10854041608377
11,1985,5,0.938880235408733
11,1986,5,0.847129618198185
11,1987,5,0.619086922206139
11,1988,5,0.71883733928126
11,1989,5,0.974784133633217
11,1990,5,0.996241534022626
11,1991,5,0.612821761677398
11,1992,5,0.509062795669966
11,1993,5,0.621805281620811
11,1994,5,0.895607748890134
11,1995,5,0.708614738481761
11,1996,5,0.472944869490816
11,1997,5,0.538245508424514
11,1998,5,0.539766235532916
11,1999,5,0.581867216926053
11,2000,5,0.892538456235734
11,2001,5,1.07734048540871
11,2002,5,1.12728522478567
11,2003,5,1.17364674486247
11,2004,5,1.1958796677936
11,2005,5,1.6125567913769
11,2006,5,1.30757216117603
11,2007,5,1.20471217193583
11,2008,5,1.02839844666877
11,2009,5,0.99188734824151
11,2010,5,0.924087372506613
11,2011,5,1.33880563644114
11,2012,5,0.660315688454016
11,2013,5,0.675692450678066
11,2014,5,0.677726990089304
11,2015,5,0.723275020416892
11,2016,5,0.999310634150973
11,2017,5,1.24006033168532
11,2018,5,1.42906826714406
11,2019,5,0.487899556976773
11,2020,5,0.634640127782973
11,2021,5,0.612756054040867
11,2022,5,0.906571899178758
11,2023,5,1.56654225175766
11,2024,5,1.42406861185845
11,1964,6,0.532269093642697
11,1965,6,0.549664492449856
11,1966,6,0.565706506822257
11,1967,6,0.605769948199606
11,1968,6,0.651362112964194
11,1969,6,0.701622852110973
11,1970,6,0.748135389214876
11,1971,6,0.812367664677107
11,1972,6,0.855915426728224
11,1973,6,0.88325291894297
11,1974,6,0.905030753885756
11,1975,6,0.985062058624138
11,1976,6,1.0490303781212
11,1977,6,1.08404168494335
11,1978,6,1.12513843810183
11,1979,6,1.11043308547615
11,1980,6,1.29856444786293
11,1981,6,1.19893613224981
11,1982,6,1.19199561991161
11,1983,6,1.26749463355662
11,1984,6,1.3949034532231
11,1985,6,1.45490773116354
11,1986,6,1.63775438936698
11,1987,6,1.37377604878825
11,1988,6,1.16473150412881
11,1989,6,1.22771196096426
11,1990,6,1.22184989697916
11,1991,6,0.793984883987717
11,1992,6,0.694301077324165
11,1993,6,0.737867291366303
11,1994,6,0.996089861492093
11,1995,6,1.40851895317769
11,1996,6,1.3465219432011
11,1997,6,1.20244539747494
11,1998,6,1.18465295453524
11,1999,6,1.01692203426919
11,2000,6,1.01004897606532
11,2001,6,1.67952369031141
11,2002,6,2.20670022445151
11,2003,6,1.70456888511684
11,2004,6,1.57433936461708
11,2005,6,1.96349055105063
11,2006,6,1.83396570543598
11,2007,6,1.98910227056028
11,2008,6,1.83893626720752
11,2009,6,1.75612073503439
11,2010,6,1.66731313192718
11,2011,6,1.61476673193963
11,2012,6,1.62768592095295
11,2013,6,0.982343920333671
11,2014,6,1.00526189222057
11,2015,6,1.1514898431256
11,2016,6,0.93874692324841
11,2017,6,1.26944535834199
11,2018,6,1.848859296102
11,2019,6,1.84040445442514
11,2020,6,1.36368209423621
11,2021,6,1.00593009296108
11,2022,6,0.949757352033934
11,2023,6,1.52120562303647
11,2024,6,1.47275753809745
11,1964,7,1.38044092146373
11,1965,7,1.48025754694664
11,1966,7,1.50976062366346
11,1967,7,1.61934168256299
11,1968,7,1.59435629519225
11,1969,7,1.65472605250444
11,1970,7,1.6590189270373
11,1971,7,1.65012197999122
11,1972,7,1.64493463489472
11,1973,7,1.77801626579737
11,1974,7,1.63534668554851
11,1975,7,1.63138837864638
11,1976,7,1.73497998657806
11,1977,7,1.86706244954093
11,1978,7,1.93458396350888
11,1979,7,2.05658604713249
11,1980,7,1.94556008603384
11,1981,7,2.00282078295109
11,1982,7,2.01357376953601
11,1983,7,1.74775760694502
11,1984,7,1.34411037438166
11,1985,7,1.19883974676699
11,1986,7,1.16041999258531
11,1987,7,1.29633785314168
11,1988,7,1.49830289623933
11,1989,7,1.52489007836196
11,1990,7,1.53918751504414
11,1991,7,1.45353208637811
11,1992,7,1.45929318522645
11,1993,7,1.50736145816643
11,1994,7,1.5511348795248
11,1995,7,1.52918193012288
11,1996,7,2.24024542836749
11,1997,7,1.59781130048273
11,1998,7,1.4680614134648
11,1999,7,1.59810359705778
11,2000,7,1.57094156723641
11,2001,7,1.7038576690397
11,2002,7,1.46693022240529
11,2003,7,1.65341469032464
11,2004,7,1.45925613123412
11,2005,7,1.86888261176449
11,2006,7,1.97594548877843
11,2007,7,1.87507450659716
11,2008,7,1.73691054724331
11,2009,7,1.64312983399839
11,2010,7,1.52894916403933
11,2011,7,1.43511265437403
11,2012,7,1.49742369345532
11,2013,7,1.33792227673894
11,2014,7,1.55735708144205
11,2015,7,1.4167628097221
11,2016,7,1.27189212629026
11,2017,7,1.4714879422313
11,2018,7,1.93267766795168
11,2019,7,2.6826164068392
11,2020,7,1.57664488863557
11,2021,7,1.44306118782976
11,2022,7,1.14786176424958
11,2023,7,0.876863480412547
11,2024,7,0.855630711345421
11,1964,8,0.616048533084871
11,1965,8,0.631076068645504
11,1966,8,0.654280674880237
11,1967,8,0.718267798958595
11,1968,8,0.75649634435765
11,1969,8,0.845476130649643
11,1970,8,0.889136697675586
11,1971,8,0.917417110844002
11,1972,8,0.945015535490546
11,1973,8,1.00249205451924
11,1974,8,0.923657941192501
11,1975,8,0.897881709832624
11,1976,8,0.961318970807075
11,1977,8,1.00098070878243
11,1978,8,0.943818810831316
11,1979,8,0.920312859103837
11,1980,8,0.860336963047248
11,1981,8,0.830072226663765
11,1982,8,0.864530631944332
11,1983,8,0.858225174625578
11,1984,8,0.830408474372839
11,1985,8,0.744567769738408
11,1986,8,0.71000560559838
11,1987,8,0.798033425355649
11,1988,8,0.901336169035245
11,1989,8,0.886356979007874
11,1990,8,0.91865563185271
11,1991,8,1.03585088173876
11,1992,8,1.43511105092931
11,1993,8,1.5201478246396
11,1994,8,1.56076807989359
11,1995,8,1.91946361057051
11,1996,8,1.98933000347146
11,1997,8,1.72207803048004
11,1998,8,1.74424023711274
11,1999,8,1.47739221300017
11,2000,8,1.76412078774034
11,2001,8,2.14189641200521
11,2002,8,1.86686590459007
11,2003,8,1.86966203592742
11,2004,8,2.15100303847915
11,2005,8,2.03369988597413
11,2006,8,1.92655678727513
11,2007,8,1.63737050331246
11,2008,8,1.75311276131823
11,2009,8,1.41101358587131
11,2010,8,1.35122846185258
11,2011,8,1.37878787475981
11,2012,8,1.51911122534561
11,2013,8,1.9222326203947
11,2014,8,1.64709297791842
11,2015,8,1.66131684050882
11,2016,8,1.72118409618191
11,2017,8,1.59477070041383
11,2018,8,1.63740762183475
11,2019,8,1.76861681179509
11,2020,8,1.33264695352145
11,2021,8,1.68259134282606
11,2022,8,2.47281686291701
11,2023,8,2.01988752508907
11,2024,8,2.12588004856419
12,1964,3,0.565582568142863
12,1965,3,0.513059592595115
12,1966,3,0.558695976385805
12,1967,3,0.52934039998534
12,1968,3,0.567133467123062
12,1969,3,0.725464560067289
12,1970,3,0.898735532766326
12,1971,3,0.883432350320353
12,1972,3,0.886063660164414
12,1973,3,0.837070997464509
12,1974,3,0.925449154368054
12,1975,3,1.0841427579711
12,1976,3,1.00127877255291
12,1977,3,0.874682152342661
12,1978,3,0.738634607774275
12,1979,3,0.600478066369781
12,1980,3,0.489847338790481
12,1981,3,0.3404860130256
12,1982,3,0.247750622561657
12,1983,3,0.195460642504653
12,1984,3,0.194216196755099
12,1985,3,0.183657610090522
12,1986,3,0.193388081854372
12,1987,3,0.198919401029347
12,1988,3,0.249278381531972
12,1989,3,0.205499540762222
12,1990,3,0.168261983170543
12,1991,3,0.130253212427423
12,1992,3,0.182629432499896
12,1993,3,0.197546142296647
12,1994,3,0.0944411783415716
12,1995,3,0.0704077143857906
12,1996,3,0.0714426871770227
12,1997,3,0.0978767795255659
12,1998,3,0.134426782715504
12,1999,3,0.218921098776757
12,2000,3,0.16654400694399
12,2001,3,0.101290308059952
12,2002,3,0.115636353917969
12,2003,3,0.206683320054376
12,2004,3,0.112471493864775
12,2005,3,0.109697566752049
12,2006,3,0.131066674476409
12,2007,3,0.159813755898013
12,2008,3,0.104967590427315
12,2009,3,0.102404814028342
12,2010,3,0.0530985148243314
12,2011,3,0.0426547483404012
12,2012,3,0.0527379879708907
12,2013,3,0.0720931483659975
12,2014,3,0.081937795626178
12,2015,3,0.194562565920612
12,2016,3,0.0569730055366912
12,2017,3,0.0371010405594072
12,2018,3,0.0368459101563382
12,2019,3,0.0451025839211301
12,2020,3,0.0972893489795918
12,2021,3,0.241550688545061
12,2022,3,0.200476396240636
12,2023,3,0.177489439124965
12,2024,3,0.17870128703328
12,1964,4,0.908664937930046
12,1965,4,0.845063627653111
12,1966,4,1.04213765875101
12,1967,4,1.14311926786777
12,1968,4,1.21055556881106
12,1969,4,1.09039280033963
12,1970,4,1.03208202108016
12,1971,4,0.969384744394595
12,1972,4,0.974948747389417
12,1973,4,0.947645772550369
12,1974,4,1.01063351220314
12,1975,4,1.15499463180477
12,1976,4,1.42883119799364
12,1977,4,1.2854452275554
12,1978,4,1.3765639643849
12,1979,4,1.19942708830042
12,1980,4,1.14988798566288
12,1981,4,0.840273250745411
12,1982,4,0.62364780631618
12,1983,4,0.621041354032837
12,1984,4,0.407025057929534
12,1985,4,0.307192322662607
12,1986,4,0.285628862341684
12,1987,4,0.265224024391482
12,1988,4,0.283938085714457
12,1989,4,0.378023579680998
12,1990,4,0.433336110888435
12,1991,4,0.382121307090293
12,1992,4,0.3600913189945
12,1993,4,0.698030732866889
12,1994,4,0.371756991470487
12,1995,4,0.216587033181124
12,1996,4,0.128735999994534
12,1997,4,0.205279137158977
12,1998,4,0.252561625814602
12,1999,4,0.450230625564191
12,2000,4,0.502886871786655
12,2001,4,0.420541717299467
12,2002,4,0.379995250386297
12,2003,4,0.44588574158581
12,2004,4,0.652527935322159
12,2005,4,0.458175359655037
12,2006,4,0.567961635028641
12,2007,4,0.464358163955699
12,2008,4,0.478264928885157
12,2009,4,0.48161449751133
12,2010,4,0.531959190833614
12,2011,4,0.225804745581645
12,2012,4,0.332702937005686
12,2013,4,0.362501720716088
12,2014,4,0.340309038281908
12,2015,4,0.394546682984022
12,2016,4,0.992604756572196
12,2017,4,0.297551098023501
12,2018,4,0.211325520317956
12,2019,4,0.134554246509987
12,2020,4,0.243027910414993
12,2021,4,0.242151274864191
12,2022,4,0.502188079719355
12,2023,4,0.346724791353637
12,2024,4,0.337757072246388
12,1964,5,3.56634471646754
12,1965,5,3.52443447556554
12,1966,5,3.41184667630273
12,1967,5,2.36243926788285
12,1968,5,1.94689852795697
12,1969,5,1.93235710691174
12,1970,5,1.96404801279541
12,1971,5,1.98618354098841
12,1972,5,2.19219015684996
12,1973,5,2.18515776525979
12,1974,5,2.05737284423992
12,1975,5,1.85443859875129
12,1976,5,1.77765456440277
12,1977,5,1.54836977498336
12,1978,5,1.53015054924237
12,1979,5,1.74710712584324
12,1980,5,1.60917240930225
12,1981,5,1.35525320308035
12,1982,5,1.20531560037972
12,1983,5,0.989648341278624
12,1984,5,1.05540256483088
12,1985,5,0.831079385848667
12,1986,5,0.828351534097575
12,1987,5,0.859404577670612
12,1988,5,0.928003308183616
12,1989,5,0.913945438748356
12,1990,5,1.02156187403203
12,1991,5,0.928620256533588
12,1992,5,0.797477601070384
12,1993,5,0.630943075494397
12,1994,5,1.11996419078438
12,1995,5,0.789566434268423
12,1996,5,0.526390339797989
12,1997,5,0.465968318763344
12,1998,5,0.523204689632644
12,1999,5,0.503396752611968
12,2000,5,0.956329619169316
12,2001,5,1.2613195137351
12,2002,5,1.17248965825517
12,2003,5,0.927652836627556
12,2004,5,1.08258227923409
12,2005,5,1.65748457740055
12,2006,5,1.19112020385754
12,2007,5,1.06168296972257
12,2008,5,1.08171744977185
12,2009,5,0.860485754003605
12,2010,5,0.733489359152155
12,2011,5,1.10273328153461
12,2012,5,0.540614267561891
12,2013,5,0.670511899420926
12,2014,5,0.668634095715379
12,2015,5,0.591089659772297
12,2016,5,0.518284630036341
12,2017,5,1.1215932579572
12,2018,5,1.2595032747276
12,2019,5,0.350330371219443
12,2020,5,0.461858328424496
12,2021,5,0.501808295254946
12,2022,5,0.592820154468976
12,2023,5,0.998734128753707
12,2024,5,1.05807580847277
12,1964,6,1.89957826541608
12,1965,6,1.93562304821141
12,1966,6,1.91097395012104
12,1967,6,2.08403246036675
12,1968,6,2.25107783665302
12,1969,6,1.90308573228536
12,1970,6,1.79004217956669
12,1971,6,1.564531285994
12,1972,6,1.45368836041902
12,1973,6,1.47935523666116
12,1974,6,1.51142132176202
12,1975,6,1.54431218690023
12,1976,6,1.43802216081484
12,1977,6,1.52452805064556
12,1978,6,1.45861077631979
12,1979,6,1.44187866777784
12,1980,6,1.4328286099827
12,1981,6,1.60437214901453
12,1982,6,1.71845704564598
12,1983,6,1.5823236479771
12,1984,6,1.10152593101084
12,1985,6,1.33880165367344
12,1986,6,1.28980146837898
12,1987,6,1.32764246625709
12,1988,6,1.17283685661627
12,1989,6,1.33561854493534
12,1990,6,1.01164722242703
12,1991,6,0.960535768464807
12,1992,6,1.05358877852143
12,1993,6,0.901031246934971
12,1994,6,1.13728728691945
12,1995,6,1.59640131440509
12,1996,6,1.58893491074824
12,1997,6,1.2700545089281
12,1998,6,1.07965724836003
12,1999,6,1.08904399430173
12,2000,6,0.948864395588719
12,2001,6,2.04666697108172
12,2002,6,1.90735496795648
12,2003,6,1.82752326615465
12,2004,6,1.65320286869966
12,2005,6,1.96352013578715
12,2006,6,1.79984645505712
12,2007,6,1.36231278466619
12,2008,6,1.31147986162153
12,2009,6,1.39776884435482
12,2010,6,1.31618243357009
12,2011,6,1.30719650012575
12,2012,6,1.04518793594871
12,2013,6,0.782564044007541
12,2014,6,1.09747573725992
12,2015,6,0.972770392335771
12,2016,6,1.07872631834538
12,2017,6,1.34533994258011
12,2018,6,1.25992724381586
12,2019,6,1.4229761375238
12,2020,6,1.07864948295133
12,2021,6,0.779409686218525
12,2022,6,0.764389416589906
12,2023,6,0.924791372930847
12,2024,6,0.912556709506321
12,1964,7,2.33732765469832
12,1965,7,2.2388861927832
12,1966,7,1.9156236621229
12,1967,7,1.89494841644159
12,1968,7,1.69718915025487
12,1969,7,1.54738757423683
12,1970,7,1.39824511470336
12,1971,7,1.37127566222217
12,1972,7,1.32689552768307
12,1973,7,1.37891935958638
12,1974,7,1.31189471048839
12,1975,7,1.25581668676681
12,1976,7,1.20612110574071
12,1977,7,1.20240800072363
12,1978,7,1.08097162310112
12,1979,7,1.03147240595167
12,1980,7,0.873665748885504
12,1981,7,0.868000091244554
12,1982,7,0.779962741451836
12,1983,7,0.724464049247746
12,1984,7,0.69476790236972
12,1985,7,0.796418702133361
12,1986,7,0.83516832654533
12,1987,7,0.792995472892489
12,1988,7,0.817215177842624
12,1989,7,0.878736444488422
12,1990,7,1.02928113641771
12,1991,7,1.21913974342411
12,1992,7,1.39762167909717
12,1993,7,1.43308594089544
12,1994,7,1.36459117302164
12,1995,7,1.59550059940071
12,1996,7,1.7914982037501
12,1997,7,1.70049650544832
12,1998,7,1.59693721014723
12,1999,7,1.84562206163187
12,2000,7,1.42470531118097
12,2001,7,1.720629511632
12,2002,7,2.11531158615543
12,2003,7,1.99121784032387
12,2004,7,1.74372858751069
12,2005,7,1.7228610388374
12,2006,7,1.82031099574792
12,2007,7,1.5700438052625
12,2008,7,1.62960806293194
12,2009,7,1.3798912571962
12,2010,7,1.30496229286328
12,2011,7,1.05359927559654
12,2012,7,0.860188756830487
12,2013,7,1.10577878587884
12,2014,7,1.29406767500413
12,2015,7,1.10872870080769
12,2016,7,0.993952096621532
12,2017,7,1.13575383583925
12,2018,7,1.42321030369504
12,2019,7,1.7143304098237
12,2020,7,1.3051440889552
12,2021,7,1.31834234198546
12,2022,7,1.06479219226687
12,2023,7,0.704420905121304
12,2024,7,0.65138256188149
12,1964,8,0.993309445309546
12,1965,8,1.002344351581
12,1966,8,1.01683814459886
12,1967,8,1.14652739298735
12,1968,8,1.18043694574894
12,1969,8,1.22385553245967
12,1970,8,1.24219396278075
12,1971,8,1.31806518656993
12,1972,8,1.24646410039334
12,1973,8,1.19513789212124
12,1974,8,1.18493969437733
12,1975,8,1.17643001842356
12,1976,8,1.18592004279119
12,1977,8,1.25098795506229
12,1978,8,1.27463195164456
12,1979,8,1.20062515438146
12,1980,8,1.21194241463124
12,1981,8,1.29504488586596
12,1982,8,1.16641088466137
12,1983,8,1.08075114407785
12,1984,8,1.06085793058244
12,1985,8,1.07894606856653
12,1986,8,1.10105637183347
12,1987,8,1.169925981932
12,1988,8,1.10397441861636
12,1989,8,1.36732674788618
12,1990,8,1.55615729703929
12,1991,8,1.62934304776258
12,1992,8,1.86864446634671
12,1993,8,1.80369669501203
12,1994,8,1.54957232448946
12,1995,8,1.61940654522977
12,1996,8,2.09813307128966
12,1997,8,2.0052557192308
12,1998,8,2.2918152699917
12,1999,8,1.82392238846045
12,2000,8,1.98259686453593
12,2001,8,1.67620168831403
12,2002,8,1.52705550059447
12,2003,8,1.83457917176863
12,2004,8,2.05372933945125
12,2005,8,1.5482180515632
12,2006,8,1.67591579940934
12,2007,8,1.53960906380283
12,2008,8,1.56800654733683
12,2009,8,1.25445588828086
12,2010,8,1.18148159009697
12,2011,8,1.41082345614817
12,2012,8,1.54639701328056
12,2013,8,1.72244715178065
12,2014,8,1.33745594795923
12,2015,8,1.40486265090765
12,2016,8,1.47495461678304
12,2017,8,1.32969084694342
12,2018,8,1.47699315636353
12,2019,8,1.62755358838717
12,2020,8,1.18445688854923
12,2021,8,1.41147716593446
12,2022,8,1.11863288387414
12,2023,8,1.06018713685553
12,2024,8,1.03800796242583
13,1964,3,0.569158723010001
13,1965,3,0.56332402086198
13,1966,3,0.51328682366768
13,1967,3,0.515492118167146
13,1968,3,0.486586127022432
13,1969,3,0.583297589598914
13,1970,3,0.658443842595236
13,1971,3,0.761709363949885
13,1972,3,0.726546071668577
13,1973,3,1.00657495266188
13,1974,3,1.23849538893572
13,1975,3,1.29933105437354
13,1976,3,1.17235764630579
13,1977,3,0.909763433790934
13,1978,3,0.834544320671743
13,1979,3,0.671278379994887
13,1980,3,0.461057564774361
13,1981,3,0.357126617788221
13,1982,3,0.256297407344472
13,1983,3,0.188018682378712
13,1984,3,0.180577423922343
13,1985,3,0.176620138714293
13,1986,3,0.205831090965671
13,1987,3,0.244160619978065
13,1988,3,0.25153268665365
13,1989,3,0.227245355549494
13,1990,3,0.175646627768195
13,1991,3,0.152202027725286
13,1992,3,0.180162199817847
13,1993,3,0.145310781665413
13,1994,3,0.0872188216331368
13,1995,3,0.0613265075195583
13,1996,3,0.054445013198959
13,1997,3,0.0863693893310489
13,1998,3,0.121467519643224
13,1999,3,0.203028194225588
13,2000,3,0.124355215447279
13,2001,3,0.0941521647083525
13,2002,3,0.12291643421369
13,2003,3,0.193600113479179
13,2004,3,0.180455402212891
13,2005,3,0.167202084031293
13,2006,3,0.206027184160355
13,2007,3,0.19240384471146
13,2008,3,0.105575187168427
13,2009,3,0.103755736897852
13,2010,3,0.071249963688414
13,2011,3,0.0502987444580815
13,2012,3,0.0594519024875726
13,2013,3,0.0695934544820745
13,2014,3,0.0939052318881272
13,2015,3,0.227158214549369
13,2016,3,0.0736701396550464
13,2017,3,0.0411085994990893
13,2018,3,0.055494406426363
13,2019,3,0.0760813708178509
13,2020,3,0.145518812610067
13,2021,3,0.348744733703674
13,2022,3,0.255999420749758
13,2023,3,0.206850146371613
13,2024,3,0.208175975417135
13,1964,4,2.36635439371134
13,1965,4,2.3303768235205
13,1966,4,2.0453082735225
13,1967,4,1.78803991394478
13,1968,4,1.44699902232097
13,1969,4,1.21219461327946
13,1970,4,1.08068416898252
13,1971,4,0.955241399555337
13,1972,4,0.990837491711157
13,1973,4,1.246657711913
13,1974,4,1.20574403890177
13,1975,4,1.30438688179453
13,1976,4,1.25166239629378
13,1977,4,1.29764292255447
13,1978,4,1.15091273727135
13,1979,4,1.16242911020271
13,1980,4,1.0223361901468
13,1981,4,0.884144038900866
13,1982,4,0.77922490237538
13,1983,4,0.807711377295999
13,1984,4,0.61207935308472
13,1985,4,0.536494232963906
13,1986,4,0.410667420906532
13,1987,4,0.396511486384925
13,1988,4,0.484896862860764
13,1989,4,0.53064746116093
13,1990,4,0.446012222184383
13,1991,4,0.351909472218356
13,1992,4,0.309853343907108
13,1993,4,0.572811774129117
13,1994,4,0.424510998276895
13,1995,4,0.213888067597998
13,1996,4,0.146921990114439
13,1997,4,0.243974919883583
13,1998,4,0.303468601988794
13,1999,4,0.434636684150342
13,2000,4,0.495077367509201
13,2001,4,0.445068416700607
13,2002,4,0.424529266227563
13,2003,4,0.448594057526346
13,2004,4,0.646507703739421
13,2005,4,0.660769760027639
13,2006,4,0.579607209777008
13,2007,4,0.664697933322469
13,2008,4,0.483268882115165
13,2009,4,0.476587527642175
13,2010,4,0.50910121377396
13,2011,4,0.231843927502087
13,2012,4,0.400012043292314
13,2013,4,0.388843697423011
13,2014,4,0.305052051090745
13,2015,4,0.48945398669056
13,2016,4,1.28019810699446
13,2017,4,0.369275466382664
13,2018,4,0.28934000146173
13,2019,4,0.201831597005219
13,2020,4,0.325389940144548
13,2021,4,0.376961678669166
13,2022,4,0.598088713492612
13,2023,4,0.647297122845783
13,2024,4,0.651963232772718
13,1964,5,1.0547825190606
13,1965,5,1.02254613768195
13,1966,5,1.05934379465719
13,1967,5,1.09553282968474
13,1968,5,1.08356927393334
13,1969,5,1.12563124768584
13,1970,5,1.0822944701587
13,1971,5,0.860739414854317
13,1972,5,0.933447858591728
13,1973,5,0.916241588019792
13,1974,5,0.79364619287922
13,1975,5,0.795464958621261
13,1976,5,0.866445164297799
13,1977,5,0.910198563008466
13,1978,5,0.953869627291053
13,1979,5,0.983968402328648
13,1980,5,1.05015792038989
13,1981,5,1.21235236230773
13,1982,5,1.49821870115461
13,1983,5,1.42068292581663
13,1984,5,1.23933728482717
13,1985,5,0.892003780167823
13,1986,5,0.913511274416392
13,1987,5,0.72674071905731
13,1988,5,0.779988599423145
13,1989,5,0.887804243426358
13,1990,5,0.667956468399556
13,1991,5,0.507752925587785
13,1992,5,0.441013501715601
13,1993,5,0.486916272460505
13,1994,5,1.21880034905967
13,1995,5,0.777177636721537
13,1996,5,0.514127322841494
13,1997,5,0.468331530730861
13,1998,5,0.533954837884432
13,1999,5,0.613048671558579
13,2000,5,0.935914803473153
13,2001,5,1.10211434726189
13,2002,5,0.977903139956828
13,2003,5,1.0494778190298
13,2004,5,1.22425908555493
13,2005,5,1.72116210692376
13,2006,5,1.17408642105051
13,2007,5,0.988804588238754
13,2008,5,0.986934287069516
13,2009,5,0.735837907319503
13,2010,5,0.869355816901042
13,2011,5,1.2653890195455
13,2012,5,0.528150655849439
13,2013,5,0.762942611287019
13,2014,5,0.772006922723962
13,2015,5,0.694560505951178
13,2016,5,0.727405007926555
13,2017,5,1.2936684866217
13,2018,5,1.74356083996546
13,2019,5,0.46069258298382
13,2020,5,0.704034023420194
13,2021,5,0.747196157944491
13,2022,5,0.881250445659705
13,2023,5,1.27499680954952
13,2024,5,1.26195406135265
13,1964,6,2.74796791609848
13,1965,6,2.8494616712765
13,1966,6,2.94081227269979
13,1967,6,2.67947511132609
13,1968,6,2.6454083844748
13,1969,6,2.46506349629367
13,1970,6,2.32173495557324
13,1971,6,1.79181286255935
13,1972,6,1.6187084474055
13,1973,6,1.5160431121154
13,1974,6,1.56970023740697
13,1975,6,1.68747031102023
13,1976,6,1.86475231957796
13,1977,6,1.73284059050976
13,1978,6,1.54669540018672
13,1979,6,1.29885050508391
13,1980,6,1.32568350473034
13,1981,6,1.21378672968466
13,1982,6,1.10581742582647
13,1983,6,1.16943019232553
13,1984,6,1.10399484412105
13,1985,6,1.62762873524003
13,1986,6,1.29103916965806
13,1987,6,1.09016651079165
13,1988,6,1.11532769676795
13,1989,6,1.14481883230035
13,1990,6,1.31099437789884
13,1991,6,1.20090896466235
13,1992,6,1.23424068783984
13,1993,6,1.0237794949663
13,1994,6,1.19282603858086
13,1995,6,1.53066131217071
13,1996,6,1.3235037872896
13,1997,6,1.23858035284669
13,1998,6,1.32013378451624
13,1999,6,1.14777746156771
13,2000,6,0.906285114205176
13,2001,6,1.72468263558047
13,2002,6,1.84771534788063
13,2003,6,1.4794898589931
13,2004,6,1.74264066983896
13,2005,6,2.06124681703142
13,2006,6,1.74685771335989
13,2007,6,1.71111234668104
13,2008,6,1.59498127147052
13,2009,6,1.54192414914438
13,2010,6,1.07706873111112
13,2011,6,1.41572613748532
13,2012,6,1.58115870997441
13,2013,6,1.11543336671916
13,2014,6,1.19622913045273
13,2015,6,1.17699211538232
13,2016,6,0.990105085427691
13,2017,6,1.2964797568564
13,2018,6,1.58584246675067
13,2019,6,1.83886224659133
13,2020,6,1.65758493446043
13,2021,6,1.17981998801663
13,2022,6,1.38464215284027
13,2023,6,1.574304152857
13,2024,6,1.46838591558775
13,1964,7,1.70084961741306
13,1965,7,1.71291696287816
13,1966,7,1.64839283058377
13,1967,7,1.62015407428835
13,1968,7,1.61480249731797
13,1969,7,1.47352584550855
13,1970,7,1.35344535189744
13,1971,7,1.26575001937598
13,1972,7,1.17798927427454
13,1973,7,1.14593501322166
13,1974,7,1.29878665235453
13,1975,7,1.36239339817524
13,1976,7,1.46444270038675
13,1977,7,1.65947873619714
13,1978,7,1.85374473247448
13,1979,7,2.11073241425911
13,1980,7,2.21864061547728
13,1981,7,1.83630498309061
13,1982,7,1.64783239239697
13,1983,7,1.43350789120082
13,1984,7,1.4910871599072
13,1985,7,1.50434086311517
13,1986,7,1.53256153778147
13,1987,7,1.34719708563758
13,1988,7,1.40253167735623
13,1989,7,1.20036145871769
13,1990,7,1.24695552247829
13,1991,7,1.34721360743102
13,1992,7,1.22344667025547
13,1993,7,1.232362666096
13,1994,7,1.31984165151263
13,1995,7,1.66545287471133
13,1996,7,1.89538092891471
13,1997,7,1.60397693258177
13,1998,7,1.57061105668091
13,1999,7,1.54996113722443
13,2000,7,1.51097150572456
13,2001,7,1.3469886062647
13,2002,7,1.57132132615071
13,2003,7,2.0534819455929
13,2004,7,2.13552129758207
13,2005,7,1.6872642044045
13,2006,7,1.6006704017044
13,2007,7,1.52176110775974
13,2008,7,1.39391000669681
13,2009,7,1.64375613554459
13,2010,7,1.60940794007654
13,2011,7,1.64354763452044
13,2012,7,1.63826623196239
13,2013,7,1.61847642050827
13,2014,7,1.48709579196373
13,2015,7,1.23922724028461
13,2016,7,1.13721445842209
13,2017,7,1.94839617676049
13,2018,7,2.45300249869803
13,2019,7,2.45626615352536
13,2020,7,2.01513168867504
13,2021,7,1.6413119586403
13,2022,7,1.7373376169551
13,2023,7,1.20640707061082
13,2024,7,1.18195973058448
13,1964,8,1.21560770205741
13,1965,8,1.22245432655874
13,1966,8,1.28287680523373
13,1967,8,1.39036582028022
13,1968,8,1.50053737091249
13,1969,8,1.58445322762166
13,1970,8,1.68462270513005
13,1971,8,1.91454482080882
13,1972,8,2.00408607482152
13,1973,8,1.99037253193272
13,1974,8,1.94795651864405
13,1975,8,1.68791475085463
13,1976,8,1.50228805847014
13,1977,8,1.39728948872817
13,1978,8,1.36964907038952
13,1979,8,1.35386418435808
13,1980,8,1.33101707800265
13,1981,8,1.30509788625846
13,1982,8,1.22273801253067
13,1983,8,1.17738852462217
13,1984,8,1.2001803005725
13,1985,8,1.11100530231814
13,1986,8,1.08098280072618
13,1987,8,1.1266045163777
13,1988,8,1.07290568894335
13,1989,8,1.22888888102943
13,1990,8,1.27713557538939
13,1991,8,1.05889950256859
13,1992,8,1.07676925416883
13,1993,8,1.23714139710824
13,1994,8,1.38923214531713
13,1995,8,1.63767557350821
13,1996,8,1.9552905682572
13,1997,8,1.77385455120783
13,1998,8,2.08138454770632
13,1999,8,2.104180203556
13,2000,8,1.92432082571326
13,2001,8,1.97795805267571
13,2002,8,1.7552803733111
13,2003,8,2.08214651747281
13,2004,8,1.83169855685828
13,2005,8,1.57081544000425
13,2006,8,1.72017080531637
13,2007,8,1.19946250710466
13,2008,8,1.33868637562846
13,2009,8,1.38617430732091
13,2010,8,1.42428215761497
13,2011,8,1.51812099521722
13,2012,8,1.72516787831162
13,2013,8,1.74644728678666
13,2014,8,1.87973117257115
13,2015,8,1.10720851987882
13,2016,8,1.66712758491876
13,2017,8,1.45793622511276
13,2018,8,1.65586968013825
13,2019,8,2.16149820256616
13,2020,8,1.67347932007121
13,2021,8,2.09748919818333
13,2022,8,1.8248775618938
13,2023,8,1.49288644491891
13,2024,8,1.50195751939432
14,1964,3,0.685342467416885
14,1965,3,0.708865497379703
14,1966,3,0.67266896565705
14,1967,3,0.840106673710605
14,1968,3,0.832216234986381
14,1969,3,0.938931231767201
14,1970,3,1.0278511025311
14,1971,3,1.05174382768929
14,1972,3,1.19058057907416
14,1973,3,1.17073018144939
14,1974,3,1.49983475330965
14,1975,3,1.41660897419283
14,1976,3,1.05165232240702
14,1977,3,0.874028547768105
14,1978,3,0.707571484252031
14,1979,3,0.573906500165759
14,1980,3,0.412379209802769
14,1981,3,0.289816107568205
14,1982,3,0.243133443844278
14,1983,3,0.177309747696314
14,1984,3,0.181868312523895
14,1985,3,0.164501109443827
14,1986,3,0.169584992941813
14,1987,3,0.193250645255352
14,1988,3,0.222571756943288
14,1989,3,0.207269994017543
14,1990,3,0.166245720161233
14,1991,3,0.155187511208456
14,1992,3,0.174618913407319
14,1993,3,0.166612324400881
14,1994,3,0.078379059972811
14,1995,3,0.065693114607291
14,1996,3,0.0564398171023643
14,1997,3,0.130972104378046
14,1998,3,0.188134547191776
14,1999,3,0.297422673548114
14,2000,3,0.179046403716961
14,2001,3,0.0962224907079902
14,2002,3,0.104415275256926
14,2003,3,0.156688705529838
14,2004,3,0.155207630767305
14,2005,3,0.137691405419534
14,2006,3,0.151646204470819
14,2007,3,0.152723516685329
14,2008,3,0.0872448209709307
14,2009,3,0.0927268638660602
14,2010,3,0.0649459877639748
14,2011,3,0.0464351387584944
14,2012,3,0.0571658690669823
14,2013,3,0.0705551592354394
14,2014,3,0.0820762365989439
14,2015,3,0.178493335246006
14,2016,3,0.0641247917109061
14,2017,3,0.0433685004982613
14,2018,3,0.0401922324822705
14,2019,3,0.0429605061741086
14,2020,3,0.15478690394606
14,2021,3,0.350832854435366
14,2022,3,0.345890567110467
14,2023,3,0.222266132633059
14,2024,3,0.221719636190749
14,1964,4,3.79532313150677
14,1965,4,3.54052076831217
14,1966,4,2.67414596825531
14,1967,4,2.51291156337046
14,1968,4,1.97012472251734
14,1969,4,1.75090779535274
14,1970,4,1.31347457147046
14,1971,4,1.12411361922187
14,1972,4,1.11987514454999
14,1973,4,1.17080110240369
14,1974,4,1.48711787104683
14,1975,4,1.47291982553491
14,1976,4,1.57563554600682
14,1977,4,1.59226546782385
14,1978,4,1.34889728203337
14,1979,4,1.19079431141476
14,1980,4,1.07512041463757
14,1981,4,0.929283684628778
14,1982,4,0.732528799358289
14,1983,4,0.558498488051299
14,1984,4,0.532380936985199
14,1985,4,0.482261606302929
14,1986,4,0.469022849267569
14,1987,4,0.503416899023988
14,1988,4,0.660460911315354
14,1989,4,0.683562687052529
14,1990,4,0.50238163867771
14,1991,4,0.439492605407122
14,1992,4,0.415944781482781
14,1993,4,0.57784657492571
14,1994,4,0.350596384742098
14,1995,4,0.246913842028997
14,1996,4,0.126486266225077
14,1997,4,0.225322813453053
14,1998,4,0.376631480322152
14,1999,4,0.490643012294368
14,2000,4,0.60178052859454
14,2001,4,0.382137645800464
14,2002,4,0.363809740370912
14,2003,4,0.458036111338434
14,2004,4,0.790753574882561
14,2005,4,0.639303433937248
14,2006,4,0.596034912026151
14,2007,4,0.468619857618349
14,2008,4,0.471629669093419
14,2009,4,0.366921030728797
14,2010,4,0.530301192779013
14,2011,4,0.26782417686627
14,2012,4,0.310803589558803
14,2013,4,0.34184188689691
14,2014,4,0.304681061617444
14,2015,4,0.460827918938143
14,2016,4,0.858234855141638
14,2017,4,0.436233271301551
14,2018,4,0.258872482649151
14,2019,4,0.127835400297741
14,2020,4,0.301735565967202
14,2021,4,0.349826668408137
14,2022,4,0.66230318628337
14,2023,4,0.618082902331617
14,2024,4,0.607651981723443
14,1964,5,1.5055723771335
14,1965,5,1.51932417413869
14,1966,5,1.49915615140864
14,1967,5,1.57638078207092
14,1968,5,1.44192179718408
14,1969,5,1.41348689063067
14,1970,5,1.17652722942796
14,1971,5,1.08246111756398
14,1972,5,0.945144933741286
14,1973,5,0.938222272087862
14,1974,5,1.01162211704931
14,1975,5,0.973088623557906
14,1976,5,1.0434794368823
14,1977,5,1.20667128609878
14,1978,5,1.34849086433189
14,1979,5,1.4165916607072
14,1980,5,1.63716493133215
14,1981,5,1.51193349524659
14,1982,5,1.50777683860215
14,1983,5,1.30704788536242
14,1984,5,1.15378992910025
14,1985,5,1.03330464717389
14,1986,5,0.861130057024961
14,1987,5,0.881426933520014
14,1988,5,0.988933984049096
14,1989,5,0.952680242654809
14,1990,5,0.747383072594607
14,1991,5,0.696376991022013
14,1992,5,0.609901883661156
14,1993,5,0.610363752235891
14,1994,5,0.937776331972602
14,1995,5,0.904645495241166
14,1996,5,0.522695221949496
14,1997,5,0.554666667464307
14,1998,5,0.795493177312498
14,1999,5,0.68459088403954
14,2000,5,0.882622429414327
14,2001,5,0.959852016529878
14,2002,5,0.89755758399472
14,2003,5,0.942924651359744
14,2004,5,1.10869090042085
14,2005,5,1.34632898595147
14,2006,5,1.16938238783813
14,2007,5,1.00611909974502
14,2008,5,0.805796252460685
14,2009,5,0.700571510271696
14,2010,5,0.887056267752199
14,2011,5,1.15213090159727
14,2012,5,0.588950077670276
14,2013,5,0.737492552969075
14,2014,5,0.524240953552578
14,2015,5,0.582733509808698
14,2016,5,0.806899256944913
14,2017,5,1.37359900934146
14,2018,5,1.45264046580996
14,2019,5,0.553881207759673
14,2020,5,0.737608077213465
14,2021,5,0.698048677121346
14,2022,5,0.727224831630631
14,2023,5,1.34732077590105
14,2024,5,1.2853328060425
14,1964,6,0.610772262203118
14,1965,6,0.658177071417104
14,1966,6,0.735660986788683
14,1967,6,0.807821036193209
14,1968,6,0.869763962864162
14,1969,6,0.897498299883559
14,1970,6,0.892368522367939
14,1971,6,0.934804066885305
14,1972,6,0.958591942649196
14,1973,6,1.01492051286435
14,1974,6,1.16226471006821
14,1975,6,1.18274001345406
14,1976,6,1.31720764436962
14,1977,6,1.55872516158997
14,1978,6,1.83326164615941
14,1979,6,1.85952536151245
14,1980,6,1.87846914933005
14,1981,6,1.8081231802955
14,1982,6,1.64090010845514
14,1983,6,1.73233560608308
14,1984,6,1.5864738084057
14,1985,6,1.61033225364031
14,1986,6,1.52526426787891
14,1987,6,1.22224240813804
14,1988,6,1.21445171676224
14,1989,6,1.15908193102341
14,1990,6,0.951222010329005
14,1991,6,0.780763198871125
14,1992,6,0.782948031699164
14,1993,6,0.785863284121473
14,1994,6,1.32733146524617
14,1995,6,2.06814930465013
14,1996,6,1.7095887353732
14,1997,6,1.41663295246515
14,1998,6,1.6566168008026
14,1999,6,1.26119059766136
14,2000,6,1.26951603960821
14,2001,6,1.53399251120829
14,2002,6,1.50623610328961
14,2003,6,1.62991609747772
14,2004,6,1.41485388556293
14,2005,6,1.80994479988592
14,2006,6,1.61070884311688
14,2007,6,1.61589552439931
14,2008,6,1.29904953234219
14,2009,6,1.32572892920953
14,2010,6,1.28047862112277
14,2011,6,1.44815377187022
14,2012,6,1.2874310084807
14,2013,6,0.910701764788372
14,2014,6,1.01207637852636
14,2015,6,0.882919982294187
14,2016,6,1.06638894718014
14,2017,6,1.46152637312139
14,2018,6,1.90495339964502
14,2019,6,1.85478094534281
14,2020,6,1.46703945958885
14,2021,6,1.11118514639502
14,2022,6,0.890939679542768
14,2023,6,1.23481741651849
14,2024,6,1.19572634020664
14,1964,7,0.438686426404033
14,1965,7,0.441582263869772
14,1966,7,0.480807196585032
14,1967,7,0.488914756149467
14,1968,7,0.511401524417149
14,1969,7,0.522538715849403
14,1970,7,0.539490958229405
14,1971,7,0.563005105271249
14,1972,7,0.578726299766184
14,1973,7,0.600710187948683
14,1974,7,0.661105266349051
14,1975,7,0.728863847229558
14,1976,7,0.842670570395593
14,1977,7,0.913151289261334
14,1978,7,1.03298565307823
14,1979,7,1.09092343070475
14,1980,7,1.17490189906062
14,1981,7,1.31713285622835
14,1982,7,1.26606259976636
14,1983,7,1.28678721254268
14,1984,7,1.2594142390912
14,1985,7,1.37322159879387
14,1986,7,1.23893556577716
14,1987,7,1.13903307671169
14,1988,7,1.19626538038396
14,1989,7,1.36832919072932
14,1990,7,1.46565275796599
14,1991,7,1.21239677881249
14,1992,7,1.04973618168
14,1993,7,1.10259322850825
14,1994,7,1.30265508956247
14,1995,7,1.40137305352044
14,1996,7,1.92764198188609
14,1997,7,1.85547493908283
14,1998,7,1.5392509132369
14,1999,7,1.78859876487205
14,2000,7,1.59595814119777
14,2001,7,1.3947298436278
14,2002,7,1.40500576908643
14,2003,7,2.24177709631173
14,2004,7,2.03415283088168
14,2005,7,1.74476384689238
14,2006,7,1.71390797095146
14,2007,7,1.5706671106801
14,2008,7,1.40871860583435
14,2009,7,1.17294528053853
14,2010,7,1.08044149391994
14,2011,7,0.994917787933654
14,2012,7,1.09898390653817
14,2013,7,1.15356540024947
14,2014,7,1.47215529642821
14,2015,7,1.29347042431631
14,2016,7,1.37010164934967
14,2017,7,1.57038180128656
14,2018,7,1.91051958354202
14,2019,7,2.50051790259741
14,2020,7,1.95030807470443
14,2021,7,1.53705762373751
14,2022,7,1.6493686414155
14,2023,7,1.23796505492204
14,2024,7,1.1678704763845
14,1964,8,0.80128518368377
14,1965,8,0.815491356072512
14,1966,8,0.916518839345548
14,1967,8,0.917452576869927
14,1968,8,0.980394128642819
14,1969,8,1.01894316380576
14,1970,8,1.0949658096212
14,1971,8,1.16172852544642
14,1972,8,1.21121831881916
14,1973,8,1.26403341388015
14,1974,8,1.29316129599093
14,1975,8,1.30232201594
14,1976,8,1.29524519002331
14,1977,8,1.2509734646833
14,1978,8,1.24003966899927
14,1979,8,1.20624709660407
14,1980,8,1.10442713588232
14,1981,8,1.06690146887233
14,1982,8,0.994643214057382
14,1983,8,0.946290359060167
14,1984,8,0.886705104097715
14,1985,8,0.833402684246824
14,1986,8,0.841943145292423
14,1987,8,0.957497859804429
14,1988,8,1.01761222143576
14,1989,8,1.25160729437634
14,1990,8,1.45124839979215
14,1991,8,1.18451009477392
14,1992,8,1.29235811000068
14,1993,8,1.53837548102405
14,1994,8,1.53551462819856
14,1995,8,1.75187200390176
14,1996,8,2.01216850979674
14,1997,8,1.91083765402489
14,1998,8,1.75025500831021
14,1999,8,1.89640458244384
14,2000,8,2.05545246107398
14,2001,8,1.93594820826663
14,2002,8,1.84766380737733
14,2003,8,1.75818343752155
14,2004,8,1.97302707915843
14,2005,8,1.63579723506643
14,2006,8,1.55689490349652
14,2007,8,1.49337697851546
14,2008,8,1.3090807366317
14,2009,8,0.983000217563689
14,2010,8,1.29207092711885
14,2011,8,1.2188459944792
14,2012,8,1.3306110981623
14,2013,8,1.72495712809542
14,2014,8,1.99297255547095
14,2015,8,1.71530530962339
14,2016,8,1.70659976390815
14,2017,8,1.47307999493681
14,2018,8,1.80588358601343
14,2019,8,2.00244319512791
14,2020,8,1.42883191083292
14,2021,8,1.83074554540307
14,2022,8,2.16268936754052
14,2023,8,2.04947404368651
14,2024,8,2.06312228063503
15,1964,3,0.386902928930103
15,1965,3,0.390384258713021
15,1966,3,0.448284195440691
15,1967,3,0.559295151024447
15,1968,3,0.594495771789914
15,1969,3,0.825689972642678
15,1970,3,0.861790922551635
15,1971,3,0.843578254995587
15,1972,3,0.956497388682718
15,1973,3,1.20934980164623
15,1974,3,1.41688509045988
15,1975,3,1.4475303618811
15,1976,3,1.45812750982625
15,1977,3,1.16577552983146
15,1978,3,1.02753157319786
15,1979,3,0.774204273132802
15,1980,3,0.533913293092989
15,1981,3,0.408268916972128
15,1982,3,0.343748615922214
15,1983,3,0.246283013202043
15,1984,3,0.235044494744769
15,1985,3,0.256205788856982
15,1986,3,0.292090907682962
15,1987,3,0.319269413381851
15,1988,3,0.303497633130356
15,1989,3,0.26031233232732
15,1990,3,0.212449463808836
15,1991,3,0.156671929286971
15,1992,3,0.161096717382796
15,1993,3,0.165197073220876
15,1994,3,0.117871287782859
15,1995,3,0.0812770829446458
15,1996,3,0.0727550792390369
15,1997,3,0.105326368166857
15,1998,3,0.13674639834591
15,1999,3,0.229726060942767
15,2000,3,0.148137488924971
15,2001,3,0.123470873825687
15,2002,3,0.113783056837348
15,2003,3,0.176240334818288
15,2004,3,0.119628066225917
15,2005,3,0.134096463565131
15,2006,3,0.197510671526753
15,2007,3,0.172992906952123
15,2008,3,0.118805580539768
15,2009,3,0.0905835824861671
15,2010,3,0.0537532286643744
15,2011,3,0.042088896141408
15,2012,3,0.0569274297285538
15,2013,3,0.05867584911723
15,2014,3,0.0589978710768478
15,2015,3,0.188554774902386
15,2016,3,0.0561393133719623
15,2017,3,0.0533258919829671
15,2018,3,0.04156323047351
15,2019,3,0.0490031546908269
15,2020,3,0.148371336976112
15,2021,3,0.29774005848663
15,2022,3,0.271974856923735
15,2023,3,0.219641352773317
15,2024,3,0.225099495731232
15,1964,4,1.35981073128492
15,1965,4,1.36718424932374
15,1966,4,1.42784414022461
15,1967,4,1.47077793365558
15,1968,4,1.41540484417323
15,1969,4,1.85763557026143
15,1970,4,1.63458523620448
15,1971,4,1.25283778127604
15,1972,4,1.14209943649401
15,1973,4,1.19774655375898
15,1974,4,1.34437164208279
15,1975,4,1.52935729590435
15,1976,4,1.41560752284591
15,1977,4,1.29497859851255
15,1978,4,1.02804675810299
15,1979,4,0.91754752444477
15,1980,4,0.994207610087361
15,1981,4,0.776493221736624
15,1982,4,0.734342553080316
15,1983,4,0.711855187156197
15,1984,4,0.639639106736765
15,1985,4,0.619508944944007
15,1986,4,0.582125030284762
15,1987,4,0.628826278754324
15,1988,4,0.722485286589257
15,1989,4,0.739326620857822
15,1990,4,0.599774131190026
15,1991,4,0.427271589583784
15,1992,4,0.349003782465816
15,1993,4,0.565354788925537
15,1994,4,0.53265329596268
15,1995,4,0.244507022591793
15,1996,4,0.121706501000576
15,1997,4,0.213943571434717
15,1998,4,0.236140907245753
15,1999,4,0.322249992986455
15,2000,4,0.529108858890051
15,2001,4,0.440152497147382
15,2002,4,0.349291334374361
15,2003,4,0.505384741524985
15,2004,4,0.693499570086296
15,2005,4,0.585503086899722
15,2006,4,0.517331192921736
15,2007,4,0.554866708096943
15,2008,4,0.366144304561371
15,2009,4,0.469465077555451
15,2010,4,0.622381274746955
15,2011,4,0.274746946641091
15,2012,4,0.359025745996926
15,2013,4,0.325612232876247
15,2014,4,0.279039019395377
15,2015,4,0.419965199478559
15,2016,4,1.1585509984174
15,2017,4,0.429855884137464
15,2018,4,0.253380794074006
15,2019,4,0.125794029081629
15,2020,4,0.283287703057721
15,2021,4,0.288690770506913
15,2022,4,0.598530473879564
15,2023,4,0.598871528790428
15,2024,4,0.606116403905262
15,1964,5,1.75595407320986
15,1965,5,1.8463853209266
15,1966,5,1.94209333240975
15,1967,5,1.85713754301991
15,1968,5,1.53100001424934
15,1969,5,1.41628460017487
15,1970,5,1.27322494625885
15,1971,5,1.24210899979399
15,1972,5,1.30060844240832
15,1973,5,1.25550924943901
15,1974,5,1.35846812834069
15,1975,5,1.32503560094362
15,1976,5,1.28623703189375
15,1977,5,1.21548671907229
15,1978,5,1.18012688582711
15,1979,5,1.32494149721032
15,1980,5,1.59288317326479
15,1981,5,1.55566064883344
15,1982,5,1.46081444281814
15,1983,5,1.30868311052845
15,1984,5,0.946241932789209
15,1985,5,0.736755384649061
15,1986,5,0.794101264782517
15,1987,5,0.976009642159003
15,1988,5,1.12927841762328
15,1989,5,1.13690124161249
15,1990,5,0.770314523961048
15,1991,5,0.524343165521813
15,1992,5,0.37686370784608
15,1993,5,0.483412680000352
15,1994,5,1.0692645580368
15,1995,5,0.725257273601544
15,1996,5,0.530870049967759
15,1997,5,0.321298101124116
15,1998,5,0.400356061900147
15,1999,5,0.470742117938527
15,2000,5,0.894909136282984
15,2001,5,1.0915909208796
15,2002,5,0.874519954178477
15,2003,5,0.894243968654932
15,2004,5,0.993047533640111
15,2005,5,1.61479956723239
15,2006,5,1.06871885055998
15,2007,5,1.14579078066912
15,2008,5,0.955323395208725
15,2009,5,0.959767129715057
15,2010,5,0.924576974400295
15,2011,5,1.20713552178672
15,2012,5,0.519969354604285
15,2013,5,0.589051891322932
15,2014,5,0.58714937467454
15,2015,5,0.547679116751621
15,2016,5,0.745216280359112
15,2017,5,1.4304081372857
15,2018,5,1.44843404605517
15,2019,5,0.343161025876076
15,2020,5,0.572918619347008
15,2021,5,0.511914947803761
15,2022,5,0.751802445076287
15,2023,5,1.22574257759726
15,2024,5,1.24227576447483
15,1964,6,1.15166083793308
15,1965,6,1.280854668709
15,1966,6,1.28361857403177
15,1967,6,1.16807401190845
15,1968,6,1.12531503889485
15,1969,6,1.01603563765389
15,1970,6,0.964077820115237
15,1971,6,0.885964899904504
15,1972,6,0.82777615615075
15,1973,6,0.785552955877789
15,1974,6,0.778152451625765
15,1975,6,0.82414493144173
15,1976,6,0.890948935949968
15,1977,6,0.9933427603365
15,1978,6,1.0783687714399
15,1979,6,1.23262721242517
15,1980,6,1.37435393359665
15,1981,6,1.38680049442796
15,1982,6,1.34293913826516
15,1983,6,1.33454239399026
15,1984,6,1.71781307138108
15,1985,6,1.65759040614567
15,1986,6,1.61301062804034
15,1987,6,1.12147831801179
15,1988,6,0.878086189562227
15,1989,6,1.18681004940053
15,1990,6,1.19097194013733
15,1991,6,1.04176779986057
15,1992,6,0.903991879405227
15,1993,6,1.00205687597437
15,1994,6,1.41266456468892
15,1995,6,1.74879612750241
15,1996,6,1.41295247581506
15,1997,6,0.853933168617451
15,1998,6,0.953802328470723
15,1999,6,0.900021985394572
15,2000,6,0.957068831234883
15,2001,6,1.42036801423116
15,2002,6,1.62498326130372
15,2003,6,1.54471682540705
15,2004,6,1.51963423518865
15,2005,6,1.92847250853844
15,2006,6,1.61040084705494
15,2007,6,1.76296045860773
15,2008,6,1.4419723118911
15,2009,6,1.49383722514601
15,2010,6,1.30355019698014
15,2011,6,1.30634234384301
15,2012,6,1.25842015361845
15,2013,6,0.727207173736593
15,2014,6,0.830376904512601
15,2015,6,0.861217094729336
15,2016,6,0.818775181294142
15,2017,6,1.37027392922375
15,2018,6,1.65918266025797
15,2019,6,1.90267588713772
15,2020,6,1.45116649285571
15,2021,6,0.931459633244999
15,2022,6,1.09293068985875
15,2023,6,1.24709085342273
15,2024,6,1.28496770335381
15,1964,7,2.32496921416009
15,1965,7,2.22107728904086
15,1966,7,1.93464632975292
15,1967,7,1.69922061695528
15,1968,7,1.55324744124208
15,1969,7,1.21893275714482
15,1970,7,1.04050136950399
15,1971,7,0.887409821931644
15,1972,7,0.813801021212516
15,1973,7,0.803639315233489
15,1974,7,0.809318168303304
15,1975,7,0.838548361144325
15,1976,7,0.94305774297174
15,1977,7,1.11297895089626
15,1978,7,1.33426011721342
15,1979,7,1.63261306036949
15,1980,7,1.74009858112511
15,1981,7,1.89099574848434
15,1982,7,2.03261684769489
15,1983,7,2.0518595170828
15,1984,7,1.82155100046028
15,1985,7,1.72479201547496
15,1986,7,1.54592814362519
15,1987,7,1.3331094400033
15,1988,7,1.3694444472781
15,1989,7,1.44872075837039
15,1990,7,1.58799429183702
15,1991,7,1.56708711990194
15,1992,7,1.3946136136222
15,1993,7,1.25768787006219
15,1994,7,1.47639361755579
15,1995,7,1.37520559653529
15,1996,7,1.64239231221521
15,1997,7,1.37195796137413
15,1998,7,1.14721510969675
15,1999,7,1.14991206900721
15,2000,7,1.40328061931567
15,2001,7,1.41879109203885
15,2002,7,1.62885248324703
15,2003,7,2.00455933899443
15,2004,7,1.65674794789035
15,2005,7,1.86468450390942
15,2006,7,1.73431014145672
15,2007,7,1.96564677993749
15,2008,7,1.60353671989878
15,2009,7,1.34485667450765
15,2010,7,1.29932350048973
15,2011,7,1.57318635064789
15,2012,7,1.48071524397309
15,2013,7,0.98567392063154
15,2014,7,1.30564013619562
15,2015,7,1.10268976769247
15,2016,7,1.14643441446042
15,2017,7,1.36115581446442
15,2018,7,1.66956015047394
15,2019,7,2.62007825534984
15,2020,7,1.88940962514541
15,2021,7,1.38336442375859
15,2022,7,1.13718927446409
15,2023,7,0.9330228766159
15,2024,7,0.932802547343143
15,1964,8,1.8860683869487
15,1965,8,1.76617316374035
15,1966,8,1.66116476891411
15,1967,8,1.47972332302992
15,1968,8,1.34921723627781
15,1969,8,1.10702153744292
15,1970,8,0.992733684847704
15,1971,8,0.905383564525424
15,1972,8,0.817899809745805
15,1973,8,0.78916322917535
15,1974,8,0.777269645452436
15,1975,8,0.765647072067133
15,1976,8,0.783715437448983
15,1977,8,0.860951755678487
15,1978,8,0.965122058361933
15,1979,8,1.00022085899573
15,1980,8,0.994838307777976
15,1981,8,1.09087689529631
15,1982,8,1.09684473393116
15,1983,8,1.11622901519425
15,1984,8,1.09665318313922
15,1985,8,1.16950514410357
15,1986,8,1.0312585682166
15,1987,8,1.18895253139079
15,1988,8,1.30887486900992
15,1989,8,1.24792183838805
15,1990,8,1.4682923377918
15,1991,8,1.30788540505022
15,1992,8,1.48691974029658
15,1993,8,1.85567511834878
15,1994,8,1.92155064702517
15,1995,8,1.73573501738364
15,1996,8,1.9640875416472
15,1997,8,1.64313668533787
15,1998,8,1.37857812431518
15,1999,8,1.32218964389937
15,2000,8,1.73242643350593
15,2001,8,1.5616743803947
15,2002,8,1.59855779734336
15,2003,8,1.99861116527639
15,2004,8,2.19998447439858
15,2005,8,1.71486935591634
15,2006,8,1.86232479654249
15,2007,8,1.27829622206363
15,2008,8,1.26396872848309
15,2009,8,1.46821970679029
15,2010,8,1.5638729577582
15,2011,8,1.49023638748472
15,2012,8,1.4754714056465
15,2013,8,1.20586042624794
15,2014,8,1.04966572300176
15,2015,8,1.22187769845239
15,2016,8,1.23133583153733
15,2017,8,1.28236719630941
15,2018,8,1.49518757644719
15,2019,8,1.86820587961452
15,2020,8,1.26662904239679
15,2021,8,1.86154308398062
15,2022,8,1.92324355826432
15,2023,8,1.68499268463758
15,2024,8,1.6144216696699
16,1964,3,0.509182664431472
16,1965,3,0.477587669846378
16,1966,3,0.624960397414874
16,1967,3,0.814679000276345
16,1968,3,1.07465253827996
16,1969,3,1.07163540375296
16,1970,3,1.21452067660683
16,1971,3,1.29563833291353
16,1972,3,1.6203551037468
16,1973,3,1.47453858266587
16,1974,3,1.43290948089478
16,1975,3,1.40422398782473
16,1976,3,1.46635506087439
16,1977,3,1.17964394107599
16,1978,3,0.766259858342305
16,1979,3,0.59831844141227
16,1980,3,0.517635045187502
16,1981,3,0.332413356363814
16,1982,3,0.299979478686553
16,1983,3,0.206942319689434
16,1984,3,0.19784674222412
16,1985,3,0.159548226270656
16,1986,3,0.154851882156634
16,1987,3,0.194612536383914
16,1988,3,0.25584824672777
16,1989,3,0.257284576078475
16,1990,3,0.220725151910834
16,1991,3,0.163037439538657
16,1992,3,0.156664176975368
16,1993,3,0.120474044562207
16,1994,3,0.0769585900110312
16,1995,3,0.0740622483513196
16,1996,3,0.0822899536512828
16,1997,3,0.134493223997273
16,1998,3,0.171762556809845
16,1999,3,0.289168772315455
16,2000,3,0.136231257253227
16,2001,3,0.107921288418156
16,2002,3,0.122407814535882
16,2003,3,0.181780538628958
16,2004,3,0.116775979739538
16,2005,3,0.129384729295913
16,2006,3,0.127053370173354
16,2007,3,0.130460864806514
16,2008,3,0.10487946671791
16,2009,3,0.0921039041535755
16,2010,3,0.0748541194690271
16,2011,3,0.0555879509177586
16,2012,3,0.0569099928748086
16,2013,3,0.0666328336751499
16,2014,3,0.0724230689483197
16,2015,3,0.176900870338293
16,2016,3,0.054415173547365
16,2017,3,0.0379359973514746
16,2018,3,0.0374282983614634
16,2019,3,0.0499071230971749
16,2020,3,0.116043554709729
16,2021,3,0.365857860513726
16,2022,3,0.300233494181693
16,2023,3,0.189546037190402
16,2024,3,0.191274754756373
16,1964,4,1.52274790121613
16,1965,4,1.60983464436755
16,1966,4,1.87518932617645
16,1967,4,1.79288410492354
16,1968,4,1.66178713498934
16,1969,4,1.42312747644408
16,1970,4,1.32791456341332
16,1971,4,1.56060229140642
16,1972,4,1.53040831049712
16,1973,4,1.32089336734757
16,1974,4,1.04238611542736
16,1975,4,0.957283169276447
16,1976,4,0.826176917888682
16,1977,4,0.864231802913366
16,1978,4,0.82124476018052
16,1979,4,0.806769381634931
16,1980,4,0.724437238574624
16,1981,4,0.734783487966324
16,1982,4,0.681381484511696
16,1983,4,0.505254293589388
16,1984,4,0.460704129238869
16,1985,4,0.459837416794711
16,1986,4,0.449525540063737
16,1987,4,0.459449661339911
16,1988,4,0.525023407901614
16,1989,4,0.564552429978548
16,1990,4,0.535846572075378
16,1991,4,0.470291920903291
16,1992,4,0.389032573259749
16,1993,4,0.618974743808488
16,1994,4,0.400014467994469
16,1995,4,0.200059890612779
16,1996,4,0.132284621532881
16,1997,4,0.238562168671343
16,1998,4,0.352884796379024
16,1999,4,0.579370609965168
16,2000,4,0.622647838753389
16,2001,4,0.43448964314779
16,2002,4,0.526107289060279
16,2003,4,0.4757334869832
16,2004,4,0.695622107240261
16,2005,4,0.54135369896496
16,2006,4,0.542886392974704
16,2007,4,0.552453951301312
16,2008,4,0.381129365756998
16,2009,4,0.435227867744636
16,2010,4,0.586788656657893
16,2011,4,0.254874862954709
16,2012,4,0.334552330232143
16,2013,4,0.385575514551965
16,2014,4,0.263107489119363
16,2015,4,0.342368651983935
16,2016,4,0.977000045512136
16,2017,4,0.349669628934439
16,2018,4,0.193111551694925
16,2019,4,0.115254797174015
16,2020,4,0.239331179472798
16,2021,4,0.403325370582945
16,2022,4,0.584229699214464
16,2023,4,0.537649554100977
16,2024,4,0.54824169706847
16,1964,5,3.34529542245885
16,1965,5,3.37609086516849
16,1966,5,2.92402798126348
16,1967,5,2.69846550741474
16,1968,5,2.1604245224361
16,1969,5,1.83109657120385
16,1970,5,1.70287734758735
16,1971,5,1.71160979145076
16,1972,5,1.40695572491286
16,1973,5,1.11450219097797
16,1974,5,0.989027215077147
16,1975,5,0.988432523526623
16,1976,5,0.927397535501671
16,1977,5,0.93647359970819
16,1978,5,1.0041455332909
16,1979,5,1.01770238824217
16,1980,5,0.978897764767999
16,1981,5,1.10860452843941
16,1982,5,0.988256349384014
16,1983,5,1.00899577458413
16,1984,5,0.853344497999997
16,1985,5,0.854319803175907
16,1986,5,0.822956099729078
16,1987,5,0.736950248969807
16,1988,5,0.855498276481295
16,1989,5,0.790497510572198
16,1990,5,0.805529380399373
16,1991,5,0.796240124089892
16,1992,5,0.52675774532083
16,1993,5,0.512361328176257
16,1994,5,0.935237631007194
16,1995,5,0.920797161371708
16,1996,5,0.570585684108877
16,1997,5,0.580401586839045
16,1998,5,0.719379579371623
16,1999,5,0.75260044617885
16,2000,5,1.10131465394978
16,2001,5,1.2643183206087
16,2002,5,1.01153974136208
16,2003,5,1.00528504115857
16,2004,5,0.948651212726287
16,2005,5,1.50694696535292
16,2006,5,1.22139313487808
16,2007,5,1.04233947608505
16,2008,5,0.762575693419159
16,2009,5,0.697691442342532
16,2010,5,0.91715828913045
16,2011,5,1.16612821272749
16,2012,5,0.427775682104032
16,2013,5,0.736804065212835
16,2014,5,0.581618630752407
16,2015,5,0.507247550014516
16,2016,5,0.764979250435958
16,2017,5,1.44125893133783
16,2018,5,1.30075711369781
16,2019,5,0.356013980326782
16,2020,5,0.4337535680384
16,2021,5,0.607814832236092
16,2022,5,0.882702925818559
16,2023,5,1.01144536952101
16,2024,5,0.929193935785349
16,1964,6,1.90972677231743
16,1965,6,2.02873497445087
16,1966,6,2.04853022118092
16,1967,6,2.09944163696383
16,1968,6,1.86324416369078
16,1969,6,1.75272805219983
16,1970,6,1.68629468645809
16,1971,6,1.59245353157597
16,1972,6,1.47751642782585
16,1973,6,1.29845402961426
16,1974,6,1.21609593974342
16,1975,6,1.36546357316282
16,1976,6,1.56456480987262
16,1977,6,1.68074275819203
16,1978,6,1.9117629475836
16,1979,6,1.93759925588957
16,1980,6,1.75760623277793
16,1981,6,1.86041460671993
16,1982,6,1.64748100277042
16,1983,6,1.57120739720832
16,1984,6,1.38055440966255
16,1985,6,1.17172473418725
16,1986,6,1.21534066289946
16,1987,6,0.890249533318568
16,1988,6,0.727855321066195
16,1989,6,0.738886703515404
16,1990,6,0.857339833051983
16,1991,6,0.90234370702772
16,1992,6,0.706490946429801
16,1993,6,0.827198591671671
16,1994,6,1.33670975582884
16,1995,6,1.99165469518607
16,1996,6,1.80712840301677
16,1997,6,1.30285582062424
16,1998,6,1.42277476826805
16,1999,6,1.30022243323405
16,2000,6,1.3308757479099
16,2001,6,1.86912629258808
16,2002,6,1.88615999420189
16,2003,6,1.87609094570222
16,2004,6,1.57196923481481
16,2005,6,1.93776588875388
16,2006,6,1.79957099506191
16,2007,6,1.69736096863017
16,2008,6,1.50746681041998
16,2009,6,1.34204891463756
16,2010,6,1.19520716288868
16,2011,6,1.1841623832034
16,2012,6,1.07086655378032
16,2013,6,0.846692125593361
16,2014,6,0.864025969193608
16,2015,6,0.822457026863814
16,2016,6,0.880706354207281
16,2017,6,1.37279701343586
16,2018,6,1.33108900113044
16,2019,6,1.5284343849705
16,2020,6,1.50495544819831
16,2021,6,0.984797580975855
16,2022,6,0.842721705215865
16,2023,6,1.01110126033212
16,2024,6,0.975576055879375
16,1964,7,1.46536073144815
16,1965,7,1.43901659473652
16,1966,7,1.30944822560037
16,1967,7,1.16974562609561
16,1968,7,1.08728067683352
16,1969,7,1.03688170367766
16,1970,7,0.97560022730319
16,1971,7,0.896602381753878
16,1972,7,0.869216567487281
16,1973,7,0.877847077556627
16,1974,7,0.894745833886183
16,1975,7,0.931293629766658
16,1976,7,0.91933830557502
16,1977,7,0.912028561982504
16,1978,7,0.914207391878782
16,1979,7,0.92989341158723
16,1980,7,0.977232401697494
16,1981,7,1.02850798614594
16,1982,7,1.03495993414079
16,1983,7,1.09671940248774
16,1984,7,1.07516631198824
16,1985,7,1.02095955928323
16,1986,7,0.925026333009205
16,1987,7,1.02251592040572
16,1988,7,1.10867400531437
16,1989,7,1.43203202549901
16,1990,7,1.69220791777613
16,1991,7,1.33801843288608
16,1992,7,1.54400906124414
16,1993,7,1.42473331248179
16,1994,7,1.63958679663577
16,1995,7,1.88961132200435
16,1996,7,2.64824039631186
16,1997,7,1.73624878479926
16,1998,7,1.65738552498339
16,1999,7,1.81900565438571
16,2000,7,1.64736533731178
16,2001,7,2.05853668310755
16,2002,7,1.76641535998688
16,2003,7,1.69545262784102
16,2004,7,1.80112300724383
16,2005,7,1.67315687902793
16,2006,7,1.59773601951162
16,2007,7,1.66766066454259
16,2008,7,1.52564861754789
16,2009,7,1.22966749765843
16,2010,7,1.12692500010612
16,2011,7,1.27378425044141
16,2012,7,1.29612627785204
16,2013,7,1.26708569732692
16,2014,7,1.3955796442084
16,2015,7,1.0918862454458
16,2016,7,1.13948594285409
16,2017,7,1.38927322126877
16,2018,7,1.62652866105044
16,2019,7,2.16829688141282
16,2020,7,1.57632437298054
16,2021,7,1.99507904006178
16,2022,7,1.71402920180933
16,2023,7,1.4424907753843
16,2024,7,1.51683430491734
16,1964,8,0.441079928119465
16,1965,8,0.450192707734332
16,1966,8,0.473054610226586
16,1967,8,0.495734039961464
16,1968,8,0.557007654712081
16,1969,8,0.6245441450266
16,1970,8,0.677930777548761
16,1971,8,0.71567428919569
16,1972,8,0.778002256430582
16,1973,8,0.927790072674033
16,1974,8,1.06915530453163
16,1975,8,1.19901374613405
16,1976,8,1.31753646623967
16,1977,8,1.34666917058806
16,1978,8,1.42365782240769
16,1979,8,1.53996681426407
16,1980,8,1.61726416341407
16,1981,8,1.61075402389941
16,1982,8,1.63919042453332
16,1983,8,1.57828480684605
16,1984,8,1.38077428039483
16,1985,8,1.28717317916922
16,1986,8,1.18810625793316
16,1987,8,1.18072617646875
16,1988,8,1.12376421803968
16,1989,8,1.3720311110164
16,1990,8,1.5689887990563
16,1991,8,1.39857112487077
16,1992,8,1.4642633752541
16,1993,8,1.43279423493129
16,1994,8,1.44378915221019
16,1995,8,1.55561009159066
16,1996,8,1.94257373629271
16,1997,8,2.46768397056158
16,1998,8,2.36144510505173
16,1999,8,2.22040092881973
16,2000,8,2.53462088193079
16,2001,8,1.81843351479173
16,2002,8,2.15698886593144
16,2003,8,2.17885329623603
16,2004,8,2.23356787901982
16,2005,8,1.60007959449635
16,2006,8,1.67234920502765
16,2007,8,1.27014539612581
16,2008,8,1.47894641918583
16,2009,8,1.33282233497027
16,2010,8,1.4379991345755
16,2011,8,1.30669064650675
16,2012,8,1.53568734932085
16,2013,8,1.32896490104912
16,2014,8,1.88338837076426
16,2015,8,1.6971625339054
16,2016,8,1.4551214376323
16,2017,8,1.38437301157212
16,2018,8,1.67137114718641
16,2019,8,1.98526185630424
16,2020,8,1.44694867533623
16,2021,8,1.72707842540851
16,2022,8,1.69765481826505
16,2023,8,1.27836504604009
16,2024,8,1.32744589983279
17,1964,3,0.31030689798139
17,1965,3,0.319107492475345
17,1966,3,0.322388185099708
17,1967,3,0.365529295590999
17,1968,3,0.497715911212522
17,1969,3,0.639599859862026
17,1970,3,0.732613436152433
17,1971,3,0.785366772100801
17,1972,3,0.836263076708801
17,1973,3,0.833397051781423
17,1974,3,0.917147836811566
17,1975,3,1.06836093367047
17,1976,3,0.956250527773173
17,1977,3,0.8020153947591
17,1978,3,0.783888182200355
17,1979,3,0.635960332007785
17,1980,3,0.439237322118136
17,1981,3,0.291703891372493
17,1982,3,0.20916222407384
17,1983,3,0.200086241334054
17,1984,3,0.178873809529233
17,1985,3,0.193338720929129
17,1986,3,0.19809716959866
17,1987,3,0.198743213390999
17,1988,3,0.212074660383303
17,1989,3,0.184274041257491
17,1990,3,0.154301265416955
17,1991,3,0.140802721598263
17,1992,3,0.205290336224681
17,1993,3,0.213305268353804
17,1994,3,0.130604185982406
17,1995,3,0.0758920134115824
17,1996,3,0.0674871731878149
17,1997,3,0.10447035709624
17,1998,3,0.120593369075818
17,1999,3,0.195058779941018
17,2000,3,0.145505331219458
17,2001,3,0.0912406971832746
17,2002,3,0.103497482867176
17,2003,3,0.161033517133594
17,2004,3,0.119149235779345
17,2005,3,0.120852461472821
17,2006,3,0.178854175515451
17,2007,3,0.172943503651442
17,2008,3,0.107142518418815
17,2009,3,0.102613118170535
17,2010,3,0.0615929489951757
17,2011,3,0.0555318726322065
17,2012,3,0.0656916702851861
17,2013,3,0.068043080002294
17,2014,3,0.0899782232402811
17,2015,3,0.207293229703552
17,2016,3,0.0644755213679042
17,2017,3,0.0531055106793985
17,2018,3,0.0526577835790921
17,2019,3,0.059649882628916
17,2020,3,0.121548167680406
17,2021,3,0.293228193519037
17,2022,3,0.205858496176303
17,2023,3,0.193717869631525
17,2024,3,0.195836781387463
17,1964,4,1.81954775173241
17,1965,4,1.85939286042402
17,1966,4,1.93962967551616
17,1967,4,2.04777860213236
17,1968,4,1.96757935696449
17,1969,4,1.61086796266071
17,1970,4,1.56761867591383
17,1971,4,1.41170303133349
17,1972,4,1.56298474844268
17,1973,4,1.45464277771318
17,1974,4,1.41370904804472
17,1975,4,1.4766259466999
17,1976,4,1.20949036395861
17,1977,4,1.20597236476241
17,1978,4,1.14681241973991
17,1979,4,1.05018859737414
17,1980,4,0.872143941955113
17,1981,4,0.732709523611751
17,1982,4,0.619612402812592
17,1983,4,0.469729259369737
17,1984,4,0.427085242305844
17,1985,4,0.331900117696341
17,1986,4,0.318132170007647
17,1987,4,0.305859925281673
17,1988,4,0.31810691594608
17,1989,4,0.407453636111638
17,1990,4,0.442261235940643
17,1991,4,0.393148638169266
17,1992,4,0.350945974772575
17,1993,4,0.634740471768603
17,1994,4,0.563118172966002
17,1995,4,0.205330702724579
17,1996,4,0.136881203047747
17,1997,4,0.252895430330322
17,1998,4,0.31444745233301
17,1999,4,0.449478014012634
17,2000,4,0.512839349855814
17,2001,4,0.38793838829857
17,2002,4,0.348695390868781
17,2003,4,0.378941459554041
17,2004,4,0.760231274794091
17,2005,4,0.530228311024524
17,2006,4,0.591056919532033
17,2007,4,0.547633364831592
17,2008,4,0.472426278844445
17,2009,4,0.430353478531151
17,2010,4,0.594551511968983
17,2011,4,0.238916826441553
17,2012,4,0.425175872434345
17,2013,4,0.354287587564783
17,2014,4,0.334281484303413
17,2015,4,0.439737787356402
17,2016,4,1.09715768065265
17,2017,4,0.415519346065844
17,2018,4,0.238521493197571
17,2019,4,0.144715524555034
17,2020,4,0.294095315732149
17,2021,4,0.287035847748641
17,2022,4,0.514182867336147
17,2023,4,0.46128597687489
17,2024,4,0.479204767875806
17,1964,5,2.63633722191131
17,1965,5,2.58847461709612
17,1966,5,2.47228650826507
17,1967,5,2.12681566588342
17,1968,5,1.93556941495291
17,1969,5,1.8395261921674
17,1970,5,1.95615653769211
17,1971,5,1.89093301878718
17,1972,5,2.07835025379685
17,1973,5,2.00912055695251
17,1974,5,2.00969384695346
17,1975,5,1.85496575942217
17,1976,5,1.87351436806097
17,1977,5,1.72503828352693
17,1978,5,1.47028909172064
17,1979,5,1.71152609764248
17,1980,5,1.35029993359237
17,1981,5,1.4437984652485
17,1982,5,1.45752150231079
17,1983,5,1.38622374363587
17,1984,5,1.19012367960591
17,1985,5,1.03521657616831
17,1986,5,1.07380760872992
17,1987,5,1.00976584905492
17,1988,5,1.16435274933308
17,1989,5,1.34529762575043
17,1990,5,1.19202825773964
17,1991,5,0.847404031126801
17,1992,5,0.610511996225805
17,1993,5,0.622162616006422
17,1994,5,1.45622916611943
17,1995,5,1.02197038511972
17,1996,5,0.559220482118961
17,1997,5,0.471663140298877
17,1998,5,0.535202206822469
17,1999,5,0.64025545598901
17,2000,5,0.792265945567068
17,2001,5,1.1278270883574
17,2002,5,0.928573373769147
17,2003,5,1.01083386336102
17,2004,5,0.98787262647029
17,2005,5,1.46617781218155
17,2006,5,1.07400729329316
17,2007,5,0.965271093591426
17,2008,5,0.874306093724224
17,2009,5,0.85969232333602
17,2010,5,0.961156255610638
17,2011,5,1.06361534394273
17,2012,5,0.500644662362524
17,2013,5,0.74302907257642
17,2014,5,0.741583589549232
17,2015,5,0.628532902495851
17,2016,5,0.742443187469734
17,2017,5,1.46328920426315
17,2018,5,1.33293242458068
17,2019,5,0.426343971833658
17,2020,5,0.689155675502815
17,2021,5,0.552885126800231
17,2022,5,0.709455890730104
17,2023,5,1.02341639630921
17,2024,5,0.987788784004758
17,1964,6,0.615857561771413
17,1965,6,0.569797058993156
17,1966,6,0.554376989753154
17,1967,6,0.53537022938533
17,1968,6,0.562184216367966
17,1969,6,0.610283411333057
17,1970,6,0.640473258422912
17,1971,6,0.61290373240264
17,1972,6,0.615680915955484
17,1973,6,0.654962691888339
17,1974,6,0.698676115968584
17,1975,6,0.738501446714579
17,1976,6,0.800377705841396
17,1977,6,0.889411499269374
17,1978,6,0.947542286369203
17,1979,6,0.972706942279899
17,1980,6,1.14995216963239
17,1981,6,1.20845708811323
17,1982,6,1.10955010382081
17,1983,6,1.1318080159148
17,1984,6,1.0884263441878
17,1985,6,1.06904675760567
17,1986,6,1.23414739302479
17,1987,6,1.42729952134185
17,1988,6,1.1474592849786
17,1989,6,1.11761185889875
17,1990,6,0.928654210823051
17,1991,6,1.06854967411213
17,1992,6,1.29730770936041
17,1993,6,1.2993714842318
17,1994,6,1.37063263139646
17,1995,6,2.07645208243121
17,1996,6,1.37326488095272
17,1997,6,1.1473871768019
17,1998,6,1.14818738394247
17,1999,6,0.982365610738213
17,2000,6,0.905045047130102
17,2001,6,1.54348706320158
17,2002,6,1.69851152737495
17,2003,6,1.71263710630077
17,2004,6,1.51701994057872
17,2005,6,1.81863318893814
17,2006,6,1.77284910917108
17,2007,6,1.61541216921445
17,2008,6,1.67997548378897
17,2009,6,1.57859409826757
17,2010,6,1.2539053884414
17,2011,6,1.35880050909494
17,2012,6,1.325984428404
17,2013,6,0.81148330264155
17,2014,6,0.953075433659305
17,2015,6,1.17797557908555
17,2016,6,0.97399626596498
17,2017,6,1.43160618371739
17,2018,6,1.54837525935162
17,2019,6,1.64807445815763
17,2020,6,1.61843378441028
17,2021,6,1.3409181377093
17,2022,6,1.23390813121398
17,2023,6,1.20347554263859
17,2024,6,1.20645656415014
17,1964,7,0.570532352348646
17,1965,7,0.586836174799617
17,1966,7,0.651349293898023
17,1967,7,0.742435343882304
17,1968,7,0.865143163083734
17,1969,7,1.04984801432028
17,1970,7,1.10991185691784
17,1971,7,1.18657715260118
17,1972,7,1.17293748161327
17,1973,7,1.2952715733906
17,1974,7,1.33816944310706
17,1975,7,1.38441842367772
17,1976,7,1.48334333367046
17,1977,7,1.57797285853328
17,1978,7,1.56085865767927
17,1979,7,1.54002656320548
17,1980,7,1.87834560914045
17,1981,7,1.87983180365901
17,1982,7,1.87652810537159
17,1983,7,1.51550249178191
17,1984,7,1.3265946697013
17,1985,7,1.22142991330181
17,1986,7,1.12403770654902
17,1987,7,1.0100556257408
17,1988,7,1.50049706123302
17,1989,7,1.68141582091725
17,1990,7,1.62748679240225
17,1991,7,1.23544577319119
17,1992,7,1.10342421643995
17,1993,7,1.35729152592743
17,1994,7,1.49697480931628
17,1995,7,2.15207549756802
17,1996,7,2.30122711938488
17,1997,7,1.62025506110796
17,1998,7,1.32196895716771
17,1999,7,1.83677262973268
17,2000,7,1.98943316996228
17,2001,7,1.85697636050422
17,2002,7,1.99024824067635
17,2003,7,1.87379624947376
17,2004,7,1.84290093011918
17,2005,7,1.71313326732573
17,2006,7,1.71375406766276
17,2007,7,1.98202546771104
17,2008,7,1.62277103788567
17,2009,7,1.54579530465876
17,2010,7,1.42486826866199
17,2011,7,1.13300072660161
17,2012,7,1.34183534248776
17,2013,7,1.04053714870291
17,2014,7,1.29570938584408
17,2015,7,1.19051789362871
17,2016,7,1.29235675709368
17,2017,7,1.50996626338279
17,2018,7,1.91278343543253
17,2019,7,2.35407173391788
17,2020,7,1.94066882873223
17,2021,7,1.88218187602584
17,2022,7,1.434183446444
17,2023,7,1.0718501871897
17,2024,7,1.06821879919011
17,1964,8,2.4938916851576
17,1965,8,2.51572434414316
17,1966,8,2.43565854555769
17,1967,8,2.42323641793184
17,1968,8,2.23441339532652
17,1969,8,2.07841924067577
17,1970,8,1.926422827872
17,1971,8,1.88057466188403
17,1972,8,1.72193843046931
17,1973,8,1.68604776628126
17,1974,8,1.519269443935
17,1975,8,1.40492436954285
17,1976,8,1.37521833529794
17,1977,8,1.33123801772442
17,1978,8,1.28507735957215
17,1979,8,1.25660075321228
17,1980,8,1.2964379007455
17,1981,8,1.12781672309785
17,1982,8,1.04160073637285
17,1983,8,0.951677694019569
17,1984,8,0.895048678087763
17,1985,8,0.869481983392221
17,1986,8,0.785918408470017
17,1987,8,0.894627802621621
17,1988,8,0.899731357765367
17,1989,8,0.947965679430509
17,1990,8,1.17165032040995
17,1991,8,1.23983410617615
17,1992,8,1.71818589597564
17,1993,8,1.72285344770657
17,1994,8,1.56474621593135
17,1995,8,1.9670568634418
17,1996,8,2.36114155292632
17,1997,8,2.08765710606443
17,1998,8,1.8025342237044
17,1999,8,1.58471206609996
17,2000,8,1.80012027128032
17,2001,8,1.62902154927385
17,2002,8,1.91469150918437
17,2003,8,2.03762471821987
17,2004,8,2.02751740464772
17,2005,8,1.96273742902962
17,2006,8,2.00736733310283
17,2007,8,1.50902643220112
17,2008,8,1.26682429244838
17,2009,8,1.37634277903028
17,2010,8,1.53246647807332
17,2011,8,1.43216527173685
17,2012,8,1.63270196312981
17,2013,8,1.58999902983318
17,2014,8,1.41526156334418
17,2015,8,1.24871093875981
17,2016,8,1.50009555996828
17,2017,8,1.54151363808374
17,2018,8,2.02395556315667
17,2019,8,1.8811331242706
17,2020,8,1.35362475820137
17,2021,8,1.80175633477976
17,2022,8,1.70393147093385
17,2023,8,1.84918577008915
17,2024,8,1.86650243294275
18,1964,3,0.742409541251419
18,1965,3,0.749190401423355
18,1966,3,0.767397156942666
18,1967,3,0.773932193977333
18,1968,3,0.781935640107693
18,1969,3,0.882848223809069
18,1970,3,1.16962676776372
18,1971,3,1.41251553834927
18,1972,3,1.21201509761272
18,1973,3,1.60969512420775
18,1974,3,1.46159702054487
18,1975,3,1.38131505440225
18,1976,3,1.22200724261344
18,1977,3,1.0916088295238
18,1978,3,0.864756802654681
18,1979,3,0.587013173655259
18,1980,3,0.415939372527207
18,1981,3,0.313972088857266
18,1982,3,0.203672687671364
18,1983,3,0.180049591126243
18,1984,3,0.199900194669745
18,1985,3,0.205044647249629
18,1986,3,0.215312080391429
18,1987,3,0.265016424995252
18,1988,3,0.220305750098256
18,1989,3,0.219290309048314
18,1990,3,0.233633859210674
18,1991,3,0.155696967664292
18,1992,3,0.166368229027395
18,1993,3,0.158448238686926
18,1994,3,0.0818134260453951
18,1995,3,0.0703676429313424
18,1996,3,0.0933023347991158
18,1997,3,0.125199378123063
18,1998,3,0.143311738672616
18,1999,3,0.275824378490854
18,2000,3,0.146463815061572
18,2001,3,0.0949416207103206
18,2002,3,0.10720926330744
18,2003,3,0.220057903717503
18,2004,3,0.133156335954442
18,2005,3,0.10939724995263
18,2006,3,0.167639642073744
18,2007,3,0.182211722663668
18,2008,3,0.102790606296232
18,2009,3,0.090501340133274
18,2010,3,0.0648898924415172
18,2011,3,0.0547398940747116
18,2012,3,0.060374810588303
18,2013,3,0.0790981736583987
18,2014,3,0.0740304689835249
18,2015,3,0.193795973578971
18,2016,3,0.0611871583967517
18,2017,3,0.0412687059421808
18,2018,3,0.0414527574564254
18,2019,3,0.0573872295187636
18,2020,3,0.155205821797278
18,2021,3,0.26607645875256
18,2022,3,0.258396304837302
18,2023,3,0.249618729152379
18,2024,3,0.252297020270617
18,1964,4,2.95663886689542
18,1965,4,2.98505042375979
18,1966,4,2.60867342855932
18,1967,4,2.55170190021389
18,1968,4,2.31896120877054
18,1969,4,2.35201247468271
18,1970,4,2.06746725974131
18,1971,4,1.77932459447262
18,1972,4,1.66598694264504
18,1973,4,1.79732275809186
18,1974,4,1.55012324623241
18,1975,4,1.42053719066479
18,1976,4,1.27989461774211
18,1977,4,1.24749700417764
18,1978,4,1.08780355845736
18,1979,4,1.20176491632324
18,1980,4,1.09423903594078
18,1981,4,0.982681627644796
18,1982,4,0.760606240847931
18,1983,4,0.649944043396335
18,1984,4,0.4660900552931
18,1985,4,0.45699629109395
18,1986,4,0.496768937278494
18,1987,4,0.550483850466078
18,1988,4,0.552322714602938
18,1989,4,0.688944224704368
18,1990,4,0.69461717838093
18,1991,4,0.424518555348853
18,1992,4,0.350350617324234
18,1993,4,0.633173198817683
18,1994,4,0.373594003503151
18,1995,4,0.244916017618697
18,1996,4,0.157810222713181
18,1997,4,0.240837032796089
18,1998,4,0.293826157950278
18,1999,4,0.400972782469355
18,2000,4,0.575133839928576
18,2001,4,0.380428652547635
18,2002,4,0.372895269915267
18,2003,4,0.420587903499825
18,2004,4,0.660514207699183
18,2005,4,0.48865989511397
18,2006,4,0.520259300432902
18,2007,4,0.336163359097513
18,2008,4,0.32259152904672
18,2009,4,0.340214946180031
18,2010,4,0.480114535872298
18,2011,4,0.262618895321396
18,2012,4,0.338090143766965
18,2013,4,0.338738117436095
18,2014,4,0.323834844409385
18,2015,4,0.431682130601949
18,2016,4,1.03502694573892
18,2017,4,0.335891086452821
18,2018,4,0.25339359165685
18,2019,4,0.188913380237937
18,2020,4,0.410471979655077
18,2021,4,0.296077522563771
18,2022,4,0.47070198010831
18,2023,4,0.511350455722482
18,2024,4,0.52911145215447
18,1964,5,2.94318612055732
18,1965,5,3.08724999465107
18,1966,5,3.16206138300686
18,1967,5,3.23870750390707
18,1968,5,2.87749621602526
18,1969,5,2.74120402706834
18,1970,5,2.16603357616791
18,1971,5,1.96961026039938
18,1972,5,2.0131323386433
18,1973,5,1.85520541646269
18,1974,5,1.68690446300676
18,1975,5,1.46844732359433
18,1976,5,1.36096685422301
18,1977,5,1.37092005507977
18,1978,5,1.77917674207036
18,1979,5,2.01079386400109
18,1980,5,1.99202550936387
18,1981,5,1.48491977174003
18,1982,5,1.42414344171515
18,1983,5,1.14426096221669
18,1984,5,1.07390366280757
18,1985,5,0.982003745570338
18,1986,5,0.971342174314044
18,1987,5,0.885441098135038
18,1988,5,1.02459885923939
18,1989,5,0.96916273285707
18,1990,5,0.843589093671669
18,1991,5,0.680323326644257
18,1992,5,0.574466458759665
18,1993,5,0.525059291565241
18,1994,5,1.20908106196079
18,1995,5,1.07955332210275
18,1996,5,0.519584509444884
18,1997,5,0.538582276649431
18,1998,5,0.514124236226737
18,1999,5,0.59386693927023
18,2000,5,0.872305596144063
18,2001,5,1.03522651448909
18,2002,5,0.93325590269975
18,2003,5,0.760998492303305
18,2004,5,0.997919256569906
18,2005,5,1.24772295893152
18,2006,5,1.00701458170395
18,2007,5,0.880927377648642
18,2008,5,0.846848429637089
18,2009,5,0.673238788041879
18,2010,5,0.668833379037221
18,2011,5,1.24162496331535
18,2012,5,0.498421199010976
18,2013,5,0.634310159128674
18,2014,5,0.673615494281649
18,2015,5,0.560050150273218
18,2016,5,0.800222482936065
18,2017,5,1.19693116209675
18,2018,5,1.41674042456003
18,2019,5,0.496776635664385
18,2020,5,0.629854326237497
18,2021,5,0.512172133395458
18,2022,5,0.638733821424829
18,2023,5,1.19902180266973
18,2024,5,1.14990265969258
18,1964,6,1.63786679550968
18,1965,6,1.609254585192
18,1966,6,1.53665634776684
18,1967,6,1.3398902810322
18,1968,6,1.21838035151561
18,1969,6,1.10337752403207
18,1970,6,1.01148307128246
18,1971,6,0.951827759483969
18,1972,6,0.965325976862934
18,1973,6,0.908809688087606
18,1974,6,0.913911899983636
18,1975,6,0.940009087619055
18,1976,6,0.976708456261523
18,1977,6,1.05617546512619
18,1978,6,1.22801990183501
18,1979,6,1.218520456098
18,1980,6,1.27769078286412
18,1981,6,1.52192787067777
18,1982,6,1.62908442939787
18,1983,6,1.23932118547133
18,1984,6,1.21007759220663
18,1985,6,1.1599964313459
18,1986,6,1.20213779603198
18,1987,6,1.24736452398023
18,1988,6,1.6146763323524
18,1989,6,1.68731550388859
18,1990,6,1.69402562389426
18,1991,6,1.24252873575687
18,1992,6,1.10414667119531
18,1993,6,1.19656950831741
18,1994,6,1.48484272129986
18,1995,6,1.75160330261499
18,1996,6,1.37033859335888
18,1997,6,1.23712374079088
18,1998,6,1.3901868985218
18,1999,6,1.05959700593627
18,2000,6,0.986205517259354
18,2001,6,1.32346536323178
18,2002,6,1.73285193684348
18,2003,6,1.6107889261117
18,2004,6,1.39373869022535
18,2005,6,1.59236900470186
18,2006,6,1.72476381312767
18,2007,6,1.67000032371706
18,2008,6,1.4426741973698
18,2009,6,1.07727994242685
18,2010,6,0.996517964342148
18,2011,6,1.3728418750223
18,2012,6,1.1818559544189
18,2013,6,0.7540143178272
18,2014,6,0.968550421520243
18,2015,6,1.07781386413529
18,2016,6,1.06029144882001
18,2017,6,1.36740959104643
18,2018,6,1.70944535615548
18,2019,6,1.88046428421819
18,2020,6,1.45678375839838
18,2021,6,1.26258839974737
18,2022,6,0.877795463418416
18,2023,6,1.27284478271223
18,2024,6,1.23357030910412
18,1964,7,0.418982061515228
18,1965,7,0.409534469283242
18,1966,7,0.4340403990712
18,1967,7,0.439287045917599
18,1968,7,0.472952036484118
18,1969,7,0.490787639885601
18,1970,7,0.535151946304795
18,1971,7,0.569991209731749
18,1972,7,0.615038312485146
18,1973,7,0.654718373919294
18,1974,7,0.760543714377563
18,1975,7,0.867739701495385
18,1976,7,1.00743684170228
18,1977,7,1.1542266193783
18,1978,7,1.20094132693876
18,1979,7,1.03413355605808
18,1980,7,1.18111948727146
18,1981,7,1.37176795731523
18,1982,7,1.51951686286076
18,1983,7,1.54984319476358
18,1984,7,1.54538767145864
18,1985,7,1.67291199247767
18,1986,7,1.75961049739067
18,1987,7,1.55904260126589
18,1988,7,1.44645352426782
18,1989,7,1.60362725784506
18,1990,7,1.42681569066746
18,1991,7,1.34682092520968
18,1992,7,1.25040475513183
18,1993,7,1.23129433428943
18,1994,7,1.28912668161037
18,1995,7,1.73428364419212
18,1996,7,2.43552088824957
18,1997,7,1.99285999131884
18,1998,7,1.73670734163094
18,1999,7,1.23412858470029
18,2000,7,1.3241796898986
18,2001,7,1.67066779850179
18,2002,7,1.82608919785143
18,2003,7,1.69438653481936
18,2004,7,1.34466716297209
18,2005,7,1.11768847077417
18,2006,7,1.35290230408779
18,2007,7,1.42996489570262
18,2008,7,1.28256540855496
18,2009,7,1.02748502857423
18,2010,7,0.95266189805011
18,2011,7,1.11988562428159
18,2012,7,1.18375523354999
18,2013,7,1.18143479572704
18,2014,7,1.51268655001159
18,2015,7,1.28535362013979
18,2016,7,1.10260026095148
18,2017,7,1.4277094880842
18,2018,7,1.58590539288454
18,2019,7,2.31826870170036
18,2020,7,1.47556716609388
18,2021,7,1.83210608855518
18,2022,7,1.48158326848456
18,2023,7,1.46228911915281
18,2024,7,1.35109007001685
18,1964,8,1.07557616598106
18,1965,8,1.05343916675789
18,1966,8,1.12125023049242
18,1967,8,1.12195722279345
18,1968,8,1.21699625104388
18,1969,8,1.24081942775198
18,1970,8,1.35486352069155
18,1971,8,1.41321968604013
18,1972,8,1.48596286044947
18,1973,8,1.47295078296061
18,1974,8,1.51779560161102
18,1975,8,1.43521064438732
18,1976,8,1.34746138531808
18,1977,8,1.26199897774204
18,1978,8,1.13578836771924
18,1979,8,1.02334164207215
18,1980,8,0.996752987597508
18,1981,8,1.02680673450846
18,1982,8,1.0646038474731
18,1983,8,1.18714815488855
18,1984,8,1.25147716971059
18,1985,8,1.27365216383381
18,1986,8,1.13781981563725
18,1987,8,1.113319089036
18,1988,8,1.34920588663446
18,1989,8,1.39251673190183
18,1990,8,1.43510533132309
18,1991,8,1.70049842738552
18,1992,8,1.56945451815781
18,1993,8,1.81310084795743
18,1994,8,2.12901123204422
18,1995,8,1.94288814336349
18,1996,8,2.59918732679682
18,1997,8,1.98868973482282
18,1998,8,1.69905668201428
18,1999,8,1.72803183513912
18,2000,8,2.11266971404803
18,2001,8,1.916576355969
18,2002,8,1.98204027170876
18,2003,8,1.51742335243395
18,2004,8,1.64852939802127
18,2005,8,1.82625853251609
18,2006,8,1.49519194077575
18,2007,8,1.26280762206409
18,2008,8,1.43452260783425
18,2009,8,1.17610505452691
18,2010,8,1.25723358312668
18,2011,8,1.15399183824679
18,2012,8,1.22564499475324
18,2013,8,1.36402472402953
18,2014,8,1.15715189193744
18,2015,8,1.45498346578392
18,2016,8,1.7030282322222
18,2017,8,1.6772055732798
18,2018,8,1.4611279620045
18,2019,8,1.96900257161522
18,2020,8,1.52839589057779
18,2021,8,1.75024617529588
18,2022,8,2.2879871882019
18,2023,8,1.70292854802954
18,2024,8,1.72098241089744
19,1964,3,0.499852097816195
19,1965,3,0.520165017550451
19,1966,3,0.573754668094642
19,1967,3,0.804544904761817
19,1968,3,1.07692530963294
19,1969,3,1.21399994827571
19,1970,3,1.14499290671158
19,1971,3,1.21589151412258
19,1972,3,1.05426659261163
19,1973,3,0.992972753894172
19,1974,3,1.03873287470548
19,1975,3,1.24929708590914
19,1976,3,0.847883165702663
19,1977,3,0.677997281173854
19,1978,3,0.549942713544134
19,1979,3,0.509946599795809
19,1980,3,0.484784345506056
19,1981,3,0.330182648064836
19,1982,3,0.247003588289411
19,1983,3,0.206601774716344
19,1984,3,0.198704225122713
19,1985,3,0.223709228794479
19,1986,3,0.245556707455244
19,1987,3,0.278776774420166
19,1988,3,0.323719242781604
19,1989,3,0.287865385052593
19,1990,3,0.229098243014941
19,1991,3,0.151324635686128
19,1992,3,0.175225680079146
19,1993,3,0.140951254546954
19,1994,3,0.0828962191047308
19,1995,3,0.0631853288161193
19,1996,3,0.0757391055824121
19,1997,3,0.101833737996848
19,1998,3,0.109734705148783
19,1999,3,0.240569102100898
19,2000,3,0.17178328525037
19,2001,3,0.104755092553752
19,2002,3,0.100538798519753
19,2003,3,0.207815914893681
19,2004,3,0.144714433178532
19,2005,3,0.126755764342518
19,2006,3,0.157716387956754
19,2007,3,0.128760773139063
19,2008,3,0.0730423869536274
19,2009,3,0.108953470638515
19,2010,3,0.0740308089979997
19,2011,3,0.0549281104639286
19,2012,3,0.0785320587864888
19,2013,3,0.0844584704269697
19,2014,3,0.107301525499573
19,2015,3,0.213351525308725
19,2016,3,0.0553086902924177
19,2017,3,0.0361980613547708
19,2018,3,0.0368925685760399
19,2019,3,0.0492592940835921
19,2020,3,0.106086610513477
19,2021,3,0.282902618556766
19,2022,3,0.252953021082457
19,2023,3,0.245329441691709
19,2024,3,0.247136766446719
19,1964,4,1.31317009465293
19,1965,4,1.36116181312662
19,1966,4,1.39871098907577
19,1967,4,1.25515812210858
19,1968,4,1.19536956175511
19,1969,4,1.085576900812
19,1970,4,1.11127932111476
19,1971,4,1.24108214472751
19,1972,4,1.20512476787709
19,1973,4,1.41644713456221
19,1974,4,1.5512529396364
19,1975,4,1.49819272979743
19,1976,4,1.56593796853325
19,1977,4,1.62548629606104
19,1978,4,1.25664572990299
19,1979,4,1.06225269153554
19,1980,4,1.04761550344565
19,1981,4,0.977334229634246
19,1982,4,0.921734966115009
19,1983,4,0.841941479531101
19,1984,4,0.660925252249339
19,1985,4,0.597235636089677
19,1986,4,0.484442165890322
19,1987,4,0.505239064036247
19,1988,4,0.59817719776434
19,1989,4,0.732477850730267
19,1990,4,0.710415317475318
19,1991,4,0.563868397254544
19,1992,4,0.383056302934599
19,1993,4,0.639054418631681
19,1994,4,0.533282657739473
19,1995,4,0.236307138340274
19,1996,4,0.167240013091688
19,1997,4,0.245014273798332
19,1998,4,0.291471905805244
19,1999,4,0.502634501068263
19,2000,4,0.586934761933632
19,2001,4,0.487125447697285
19,2002,4,0.373555181135701
19,2003,4,0.44610904555972
19,2004,4,0.90409799702771
19,2005,4,0.714933654917021
19,2006,4,0.606651119743131
19,2007,4,0.530005821105608
19,2008,4,0.418500860543453
19,2009,4,0.433156674601886
19,2010,4,0.737034657516
19,2011,4,0.266065901309557
19,2012,4,0.417776127191472
19,2013,4,0.399465165467511
19,2014,4,0.350908974512726
19,2015,4,0.412213176587397
19,2016,4,1.12468358053827
19,2017,4,0.390661057284378
19,2018,4,0.278594017407606
19,2019,4,0.194978559288529
19,2020,4,0.272730650093877
19,2021,4,0.3530341427285
19,2022,4,0.488514453161143
19,2023,4,0.725783625074586
19,2024,4,0.741136885721222
19,1964,5,1.36991180664688
19,1965,5,1.3883525187204
19,1966,5,1.3926851522298
19,1967,5,1.52165760614685
19,1968,5,1.40024755103933
19,1969,5,1.38265026782831
19,1970,5,1.4609650115217
19,1971,5,1.53507560734888
19,1972,5,1.50182243607328
19,1973,5,1.71878982416046
19,1974,5,1.59661719573565
19,1975,5,1.38198083567873
19,1976,5,1.26520938716602
19,1977,5,1.30401742699581
19,1978,5,1.22029520622436
19,1979,5,1.23151756239144
19,1980,5,1.09572312858345
19,1981,5,0.999219029878349
19,1982,5,0.96899950917602
19,1983,5,1.00846448002943
19,1984,5,0.817866651153097
19,1985,5,0.736172184479627
19,1986,5,0.772344440761435
19,1987,5,0.96973290047627
19,1988,5,1.03411564749423
19,1989,5,1.06420594211604
19,1990,5,1.18619009116305
19,1991,5,0.953172344935931
19,1992,5,0.698097753653593
19,1993,5,0.734726022394247
19,1994,5,1.02424839548926
19,1995,5,0.842783376505383
19,1996,5,0.557752304312237
19,1997,5,0.475934903702208
19,1998,5,0.519637009459039
19,1999,5,0.76896534218756
19,2000,5,0.975082668495935
19,2001,5,1.21550022889692
19,2002,5,1.02625606222783
19,2003,5,0.888224668228789
19,2004,5,1.12113908523535
19,2005,5,1.71176708733413
19,2006,5,1.12544873272899
19,2007,5,1.19912372654884
19,2008,5,1.07531484311073
19,2009,5,0.671527476049256
19,2010,5,0.84359175572278
19,2011,5,1.23825351766734
19,2012,5,0.581372580646644
19,2013,5,0.792808096921224
19,2014,5,0.762538286705
19,2015,5,0.624781091795842
19,2016,5,0.732323327951652
19,2017,5,1.2614397264572
19,2018,5,1.30342718337357
19,2019,5,0.516462224392477
19,2020,5,0.751172158821976
19,2021,5,0.792591609331152
19,2022,5,0.812082676831332
19,2023,5,1.34784291168992
19,2024,5,1.30917356881898
19,1964,6,1.27741788336511
19,1965,6,1.2477665922449
19,1966,6,1.26907179390014
19,1967,6,1.23838726966188
19,1968,6,1.10663923609172
19,1969,6,1.01161468035532
19,1970,6,0.969546034351725
19,1971,6,0.969600691441038
19,1972,6,0.985600828210184
19,1973,6,1.02872790000072
19,1974,6,1.03693710263361
19,1975,6,1.04586588263766
19,1976,6,1.1217706046327
19,1977,6,1.23152174731713
19,1978,6,1.51542123479659
19,1979,6,1.91486140818972
19,1980,6,2.03026047462569
19,1981,6,2.07561816395677
19,1982,6,1.82783074784421
19,1983,6,1.48134811570789
19,1984,6,1.27366619281358
19,1985,6,1.27358596828926
19,1986,6,1.07090880511062
19,1987,6,0.850512967469768
19,1988,6,0.871446911664287
19,1989,6,0.95460772320429
19,1990,6,1.0661829643107
19,1991,6,1.09577501118801
19,1992,6,0.986040752782527
19,1993,6,1.09160890830754
19,1994,6,1.1594357901956
19,1995,6,1.47552892198386
19,1996,6,1.26512051771814
19,1997,6,1.02206560084123
19,1998,6,1.27918437727161
19,1999,6,1.14643018180733
19,2000,6,1.271478497057
19,2001,6,1.81717991930231
19,2002,6,1.81236998287944
19,2003,6,1.64187869853375
19,2004,6,1.44236487980973
19,2005,6,1.92548219643844
19,2006,6,1.82412188984391
19,2007,6,1.71413517234289
19,2008,6,1.59760945900565
19,2009,6,1.55839936389695
19,2010,6,1.45543413643182
19,2011,6,1.59631115815031
19,2012,6,1.53826292034767
19,2013,6,1.0949600702897
19,2014,6,1.30441590197938
19,2015,6,1.28061755341848
19,2016,6,1.04543666478255
19,2017,6,1.33644176258079
19,2018,6,1.41626885390228
19,2019,6,1.8485379906024
19,2020,6,1.50450900486705
19,2021,6,1.02475648343565
19,2022,6,1.1937876469551
19,2023,6,1.39756540314319
19,2024,6,1.34794273298356
19,1964,7,2.53445948248164
19,1965,7,2.40019247604148
19,1966,7,2.40283465147759
19,1967,7,2.24763293183317
19,1968,7,2.16001124928795
19,1969,7,1.96824595792855
19,1970,7,1.81813622844174
19,1971,7,1.53948542498318
19,1972,7,1.35058701551306
19,1973,7,1.14918355562724
19,1974,7,1.0007924013421
19,1975,7,0.941790240821372
19,1976,7,0.907028921410719
19,1977,7,0.877513412078474
19,1978,7,0.890336807780414
19,1979,7,0.882800077734667
19,1980,7,0.967752512670614
19,1981,7,1.10213569221448
19,1982,7,1.14121173138649
19,1983,7,1.22905537376447
19,1984,7,1.36518709524715
19,1985,7,1.16192760818156
19,1986,7,1.18168025275487
19,1987,7,1.0914915037734
19,1988,7,1.09308554512041
19,1989,7,1.58536329918993
19,1990,7,1.39779593433174
19,1991,7,1.55876540548097
19,1992,7,1.84247666261521
19,1993,7,1.32154363246137
19,1994,7,1.32507479204737
19,1995,7,1.58189953214894
19,1996,7,1.87637043629653
19,1997,7,1.70906627449759
19,1998,7,1.28202098665688
19,1999,7,1.82589584610977
19,2000,7,1.74421366248829
19,2001,7,1.69379209836221
19,2002,7,2.03746802780606
19,2003,7,2.10094105868383
19,2004,7,1.94709059790418
19,2005,7,1.52090855371195
19,2006,7,1.55050316167971
19,2007,7,1.74492748760939
19,2008,7,1.63035233548699
19,2009,7,1.48159399759291
19,2010,7,1.53524345983179
19,2011,7,1.74252067828309
19,2012,7,1.77369496569487
19,2013,7,1.46294100158869
19,2014,7,1.6348180683096
19,2015,7,1.43370996109941
19,2016,7,1.30808392965663
19,2017,7,1.33210347884575
19,2018,7,1.23406648790557
19,2019,7,2.06567098568034
19,2020,7,1.88221335075608
19,2021,7,1.85586262179121
19,2022,7,1.82542895498599
19,2023,7,1.4570132210169
19,2024,7,1.42278118060138
19,1964,8,3.32531192382333
19,1965,8,3.3626124597077
19,1966,8,3.29659763491162
19,1967,8,3.04336649791283
19,1968,8,2.96733915397366
19,1969,8,3.0253008372469
19,1970,8,3.0508539331083
19,1971,8,2.98211040368472
19,1972,8,3.12390414411261
19,1973,8,2.84054995575831
19,1974,8,2.69520399736704
19,1975,8,2.63475986389243
19,1976,8,2.58543425495841
19,1977,8,2.39906193550153
19,1978,8,2.43137003912285
19,1979,8,2.29661449018479
19,1980,8,2.01381176469858
19,1981,8,1.79359451509573
19,1982,8,1.64536123956476
19,1983,8,1.5472517156225
19,1984,8,1.55680605808395
19,1985,8,1.52077086041534
19,1986,8,1.62217305611161
19,1987,8,1.80005587516158
19,1988,8,1.71680835347994
19,1989,8,1.46170112169577
19,1990,8,1.60887433310052
19,1991,8,2.03368468756856
19,1992,8,2.05364169982053
19,1993,8,1.67225714554269
19,1994,8,1.51401988716661
19,1995,8,1.64815145717516
19,1996,8,1.6689651252199
19,1997,8,1.52240082239026
19,1998,8,2.08662135932044
19,1999,8,1.96731338714072
19,2000,8,2.32625160887839
19,2001,8,2.36629289518541
19,2002,8,2.26673947299918
19,2003,8,2.05779029609412
19,2004,8,1.97303091826553
19,2005,8,1.59241491779359
19,2006,8,1.71562791895408
19,2007,8,1.25224061962744
19,2008,8,1.41014136025068
19,2009,8,1.44278520816199
19,2010,8,1.60542775393591
19,2011,8,1.77889285780695
19,2012,8,1.96436359484984
19,2013,8,1.8130516616821
19,2014,8,1.45218395112289
19,2015,8,1.82967337327782
19,2016,8,1.53493680415631
19,2017,8,1.36138235394493
19,2018,8,1.45203208976286
19,2019,8,1.52468701297119
19,2020,8,1.59299219746197
19,2021,8,2.02897314122778
19,2022,8,2.10349620846567
19,2023,8,1.45474958010406
19,2024,8,1.47189305778618
20,1964,3,0.703664399220102
20,1965,3,0.63101265430518
20,1966,3,0.627120408350488
20,1967,3,0.59546153731569
20,1968,3,0.750050095263563
20,1969,3,0.806488203730916
20,1970,3,0.85781022448142
20,1971,3,0.806730434699187
20,1972,3,0.742875085665455
20,1973,3,1.01109941667729
20,1974,3,1.45164455189318
20,1975,3,1.06922716008864
20,1976,3,1.04469459650016
20,1977,3,0.988196619381358
20,1978,3,0.910322010862351
20,1979,3,0.566368767262128
20,1980,3,0.405862078110758
20,1981,3,0.239832076151151
20,1982,3,0.18874747494541
20,1983,3,0.155826930904079
20,1984,3,0.156873276635415
20,1985,3,0.169116580580892
20,1986,3,0.157329124173399
20,1987,3,0.183868060787395
20,1988,3,0.235929297069978
20,1989,3,0.234227965457765
20,1990,3,0.181456654658832
20,1991,3,0.123848712054106
20,1992,3,0.161814500082052
20,1993,3,0.124816309736643
20,1994,3,0.0774533798732742
20,1995,3,0.0455492896873785
20,1996,3,0.0573311593656605
20,1997,3,0.0930324547407044
20,1998,3,0.123930029361296
20,1999,3,0.234988924043802
20,2000,3,0.171161080885315
20,2001,3,0.110783704293263
20,2002,3,0.115565612610204
20,2003,3,0.197122416756792
20,2004,3,0.161804985891436
20,2005,3,0.157235442475324
20,2006,3,0.210784062734494
20,2007,3,0.200002209949359
20,2008,3,0.103941041902625
20,2009,3,0.111607461678241
20,2010,3,0.0608819907637233
20,2011,3,0.0547732505438987
20,2012,3,0.0743402128667814
20,2013,3,0.078545773910662
20,2014,3,0.0805320771827265
20,2015,3,0.21132965584762
20,2016,3,0.105311963723702
20,2017,3,0.054510286012626
20,2018,3,0.050736626416233
20,2019,3,0.0518790883986901
20,2020,3,0.115993921290744
20,2021,3,0.318070024514742
20,2022,3,0.218598195313462
20,2023,3,0.179777528242604
20,2024,3,0.180449745106499
20,1964,4,0.798405209347287
20,1965,4,0.931117174210457
20,1966,4,0.892700599222012
20,1967,4,0.861459521001572
20,1968,4,1.16551412960909
20,1969,4,1.10844312186394
20,1970,4,1.07272794760389
20,1971,4,1.17594095379992
20,1972,4,1.22438887092764
20,1973,4,1.22057730362045
20,1974,4,1.39579754355525
20,1975,4,1.05096121120518
20,1976,4,1.10105336653322
20,1977,4,1.22048414025521
20,1978,4,1.19043454805696
20,1979,4,0.842379331634518
20,1980,4,0.538241126002961
20,1981,4,0.512618683845164
20,1982,4,0.570856247686829
20,1983,4,0.418729542420104
20,1984,4,0.296993147475997
20,1985,4,0.250930529715432
20,1986,4,0.274078097875873
20,1987,4,0.284867984573427
20,1988,4,0.371887160204301
20,1989,4,0.421862755888012
20,1990,4,0.422814074384926
20,1991,4,0.387963722904016
20,1992,4,0.292225232688935
20,1993,4,0.515687032019828
20,1994,4,0.415623951817707
20,1995,4,0.189446771433771
20,1996,4,0.107848901380006
20,1997,4,0.236342637178776
20,1998,4,0.287083104245821
20,1999,4,0.450057364735719
20,2000,4,0.684963602165387
20,2001,4,0.472276399126289
20,2002,4,0.413026418511783
20,2003,4,0.445112731468206
20,2004,4,0.797965052617076
20,2005,4,0.724258620631389
20,2006,4,0.523420362775621
20,2007,4,0.571070397585112
20,2008,4,0.403726034799781
20,2009,4,0.486073995110272
20,2010,4,0.515003055355307
20,2011,4,0.241123903099494
20,2012,4,0.376250848700285
20,2013,4,0.430604444091481
20,2014,4,0.328936107543488
20,2015,4,0.534440475688267
20,2016,4,1.35727644204994
20,2017,4,0.338217897149573
20,2018,4,0.177343045013277
20,2019,4,0.117290729580055
20,2020,4,0.20000611743615
20,2021,4,0.302148009503709
20,2022,4,0.515461614867049
20,2023,4,0.5175593110076
20,2024,4,0.509478013928267
20,1964,5,3.39648890213208
20,1965,5,3.46309046579355
20,1966,5,2.45572871623642
20,1967,5,2.30599050188514
20,1968,5,2.32085910649977
20,1969,5,1.87616867481376
20,1970,5,1.68488852036274
20,1971,5,1.68587260370368
20,1972,5,1.50554997702227
20,1973,5,1.39500485785182
20,1974,5,1.55582467730375
20,1975,5,1.27796966631877
20,1976,5,1.35387447649015
20,1977,5,1.33366855762782
20,1978,5,1.34751762812811
20,1979,5,1.28836044897236
20,1980,5,0.989685741588959
20,1981,5,1.07872793181252
20,1982,5,0.976296895040639
20,1983,5,0.983485914432808
20,1984,5,0.795548435024638
20,1985,5,0.630200482585258
20,1986,5,0.67318312933498
20,1987,5,0.76523418943479
20,1988,5,0.561383031452794
20,1989,5,0.510046941297619
20,1990,5,0.542299543939212
20,1991,5,0.488501859591774
20,1992,5,0.364720029151895
20,1993,5,0.552804865053057
20,1994,5,1.13760967890031
20,1995,5,0.696735648982925
20,1996,5,0.306528502828858
20,1997,5,0.456224361533074
20,1998,5,0.438647552007468
20,1999,5,0.558542092584983
20,2000,5,1.13760525437964
20,2001,5,1.02888734090943
20,2002,5,0.846611285036518
20,2003,5,0.883897433091058
20,2004,5,1.2067459433886
20,2005,5,1.70007976982316
20,2006,5,1.08769298000574
20,2007,5,1.02916365795154
20,2008,5,0.832722679807963
20,2009,5,0.716124386073017
20,2010,5,0.82265169362448
20,2011,5,1.12335822200619
20,2012,5,0.497420432211934
20,2013,5,0.834727223050671
20,2014,5,0.681698047035403
20,2015,5,0.711439489915852
20,2016,5,0.916833452818352
20,2017,5,1.29744713155436
20,2018,5,1.21929073981013
20,2019,5,0.380639908443469
20,2020,5,0.615068829214488
20,2021,5,0.562937343641126
20,2022,5,0.795301031309839
20,2023,5,1.40582701325926
20,2024,5,1.33155768017249
20,1964,6,0.737228162056204
20,1965,6,0.672262925317089
20,1966,6,0.584588263975061
20,1967,6,0.557005260548492
20,1968,6,0.593382603803162
20,1969,6,0.600619656882684
20,1970,6,0.628115735277873
20,1971,6,0.652249133673065
20,1972,6,0.662448153053458
20,1973,6,0.728671624229004
20,1974,6,0.791929666381301
20,1975,6,0.71097357698742
20,1976,6,0.764139132723003
20,1977,6,0.792733325554569
20,1978,6,0.844713531322089
20,1979,6,0.960930080102741
20,1980,6,1.08862193620104
20,1981,6,1.14964182675517
20,1982,6,1.10497096518466
20,1983,6,1.06895507229816
20,1984,6,1.24469304774059
20,1985,6,1.18727441737038
20,1986,6,1.01460652470805
20,1987,6,1.17988297205423
20,1988,6,0.986818835030892
20,1989,6,1.04199090016177
20,1990,6,0.998163264495357
20,1991,6,0.953244217472283
20,1992,6,0.718800420315675
20,1993,6,0.903317157705828
20,1994,6,1.37564560323394
20,1995,6,1.69748737517795
20,1996,6,1.00157708569454
20,1997,6,1.3350427312594
20,1998,6,1.19614815805645
20,1999,6,1.14217561530669
20,2000,6,1.34291686496933
20,2001,6,1.5366232795322
20,2002,6,1.7318208027309
20,2003,6,1.39154128917443
20,2004,6,1.47548850532344
20,2005,6,1.90260537538264
20,2006,6,1.65171031768236
20,2007,6,1.44506945209898
20,2008,6,1.30222975957611
20,2009,6,1.27379165019245
20,2010,6,1.1344061406845
20,2011,6,1.4465673772802
20,2012,6,1.27975111087082
20,2013,6,0.900008498712161
20,2014,6,1.03376132343858
20,2015,6,1.1663657801997
20,2016,6,1.29392781502065
20,2017,6,1.4787993709918
20,2018,6,1.2709833581698
20,2019,6,1.50801754642458
20,2020,6,1.64985090380493
20,2021,6,0.928423870419138
20,2022,6,0.971598316436158
20,2023,6,1.38536113203364
20,2024,6,1.26384866774067
20,1964,7,1.07184680433608
20,1965,7,1.0383160756142
20,1966,7,1.09808784291445
20,1967,7,1.1197368980903
20,1968,7,1.17524888237643
20,1969,7,1.18477046470861
20,1970,7,1.05924818348131
20,1971,7,0.988150119204675
20,1972,7,0.939993108370654
20,1973,7,0.934599519741181
20,1974,7,0.966339627256561
20,1975,7,1.0220754767964
20,1976,7,1.10579757241478
20,1977,7,1.09038064253773
20,1978,7,1.11728837236951
20,1979,7,1.28818817113513
20,1980,7,1.64005732161903
20,1981,7,1.4889956369314
20,1982,7,1.22032197530753
20,1983,7,0.979716616064078
20,1984,7,1.05912721160422
20,1985,7,1.4093595302278
20,1986,7,1.4666596587392
20,1987,7,1.28457304939716
20,1988,7,1.3574832509909
20,1989,7,1.41707167166587
20,1990,7,1.43175634395507
20,1991,7,1.20662449666698
20,1992,7,1.32185993851089
20,1993,7,1.13799314245035
20,1994,7,0.980394460181201
20,1995,7,1.19394238635185
20,1996,7,1.56210456575538
20,1997,7,1.37647299420229
20,1998,7,1.59672171376587
20,1999,7,1.47244217199075
20,2000,7,1.3764091443211
20,2001,7,1.64976382667815
20,2002,7,1.8200945117819
20,2003,7,1.85445583225196
20,2004,7,2.07931516837483
20,2005,7,1.80690698641542
20,2006,7,1.90958541812862
20,2007,7,1.4732604828824
20,2008,7,1.3962114805114
20,2009,7,1.25560442549504
20,2010,7,1.483936278592
20,2011,7,1.62489354661215
20,2012,7,1.35647559244286
20,2013,7,1.3562911942984
20,2014,7,1.99466108297294
20,2015,7,1.46115264887539
20,2016,7,1.06061396622183
20,2017,7,1.49333571622556
20,2018,7,1.92443705040788
20,2019,7,2.45999983212872
20,2020,7,1.77725370122847
20,2021,7,1.58341017087617
20,2022,7,1.82423120566866
20,2023,7,2.26746601513309
20,2024,7,2.27499329974869
20,1964,8,1.24825944343303
20,1965,8,1.23380242146223
20,1966,8,1.4044537725443
20,1967,8,1.47749643736192
20,1968,8,1.44021840341081
20,1969,8,1.52681108841158
20,1970,8,1.42153100525783
20,1971,8,1.31884032201654
20,1972,8,1.14769012822598
20,1973,8,1.06046816711205
20,1974,8,0.94161559951571
20,1975,8,1.00734046033852
20,1976,8,0.992519295458074
20,1977,8,0.954748840955814
20,1978,8,0.94505465565479
20,1979,8,1.05824330074715
20,1980,8,1.27691250414617
20,1981,8,1.22872556859627
20,1982,8,1.01649763259901
20,1983,8,0.836550836781439
20,1984,8,0.744085338002987
20,1985,8,0.69120298665705
20,1986,8,0.734419806235554
20,1987,8,0.732988904374712
20,1988,8,0.864790828754151
20,1989,8,0.946102634985653
20,1990,8,1.06757377303309
20,1991,8,0.897879984647027
20,1992,8,1.57985664008333
20,1993,8,1.56368571979645
20,1994,8,1.31137847144092
20,1995,8,1.66211559880608
20,1996,8,2.08000149482719
20,1997,8,1.63428855941935
20,1998,8,1.73502533500908
20,1999,8,1.65326271357986
20,2000,8,2.25101649614044
20,2001,8,2.18752935906335
20,2002,8,2.06487344593141
20,2003,8,2.0399447699586
20,2004,8,1.76902634513932
20,2005,8,1.60391650910993
20,2006,8,1.55104541024976
20,2007,8,1.13228882550264
20,2008,8,1.6166663517619
20,2009,8,1.17264016744431
20,2010,8,1.31359678415798
20,2011,8,1.60594013596791
20,2012,8,1.9436010406525
20,2013,8,2.03208867433419
20,2014,8,2.39364448541037
20,2015,8,1.75801547465988
20,2016,8,1.82051939842852
20,2017,8,1.79851573598558
20,2018,8,2.40819188786225
20,2019,8,2.32321809966278
20,2020,8,1.73597799259989
20,2021,8,2.01385977976929
20,2022,8,1.91894169597858
20,2023,8,1.35988813018314
20,2024,8,1.37625363284045
21,1964,3,0.705159300500128
21,1965,3,0.677728232721696
21,1966,3,0.679081098999338
21,1967,3,0.716703506731874
21,1968,3,0.844696665389279
21,1969,3,0.938846121914558
21,1970,3,0.942303368978415
21,1971,3,0.977651391999873
21,1972,3,1.04681615655254
21,1973,3,1.1105811110899
21,1974,3,1.1789949364207
21,1975,3,1.16052492058551
21,1976,3,1.09551126990025
21,1977,3,0.917817025894874
21,1978,3,0.734080404705479
21,1979,3,0.556083193792869
21,1980,3,0.354788223475187
21,1981,3,0.222617067147029
21,1982,3,0.17442017914206
21,1983,3,0.141535949410432
21,1984,3,0.139143795062274
21,1985,3,0.165799018940634
21,1986,3,0.184072940088518
21,1987,3,0.186998827229865
21,1988,3,0.168528812564934
21,1989,3,0.164295831383677
21,1990,3,0.150129441863503
21,1991,3,0.115577770083358
21,1992,3,0.127846074202531
21,1993,3,0.128175259816357
21,1994,3,0.0877379638142663
21,1995,3,0.064977250440583
21,1996,3,0.0584887265086936
21,1997,3,0.0659707535524107
21,1998,3,0.100892461536382
21,1999,3,0.150157517305045
21,2000,3,0.13642112929884
21,2001,3,0.127254121325963
21,2002,3,0.121037984484011
21,2003,3,0.164233794142309
21,2004,3,0.115967019716768
21,2005,3,0.0992009215142211
21,2006,3,0.110106485966774
21,2007,3,0.102512070481427
21,2008,3,0.077849273993574
21,2009,3,0.0880760745627714
21,2010,3,0.0703874350900134
21,2011,3,0.049222885266178
21,2012,3,0.0468915252452013
21,2013,3,0.0595620130684704
21,2014,3,0.0717109900909202
21,2015,3,0.168472242280253
21,2016,3,0.0647701250048246
21,2017,3,0.0497650147746983
21,2018,3,0.0633514570048791
21,2019,3,0.0696718383208136
21,2020,3,0.181807511229348
21,2021,3,0.362315753095017
21,2022,3,0.276310652310813
21,2023,3,0.232071658462911
21,2024,3,0.233623704450292
21,1964,4,3.03036830416242
21,1965,4,2.74792759223614
21,1966,4,2.30695806970239
21,1967,4,1.85749798599133
21,1968,4,1.78796917300881
21,1969,4,1.6751456326042
21,1970,4,1.45890353617178
21,1971,4,1.34237440211664
21,1972,4,1.34697920979101
21,1973,4,1.48835033605251
21,1974,4,1.51160477105344
21,1975,4,1.56135456666469
21,1976,4,1.59905816487401
21,1977,4,1.23077218123907
21,1978,4,0.925329870747183
21,1979,4,0.893470683674898
21,1980,4,0.821929466677224
21,1981,4,0.609739744610238
21,1982,4,0.484426413470392
21,1983,4,0.441135237068195
21,1984,4,0.475874063923891
21,1985,4,0.599091356917864
21,1986,4,0.702985731006603
21,1987,4,0.65260282597915
21,1988,4,0.49844595722921
21,1989,4,0.499286456163264
21,1990,4,0.443016740075311
21,1991,4,0.334870829269372
21,1992,4,0.330574212465878
21,1993,4,0.518856229654264
21,1994,4,0.394286661397058
21,1995,4,0.211482804051708
21,1996,4,0.122615556011549
21,1997,4,0.148061984955137
21,1998,4,0.261203711409632
21,1999,4,0.344023630722794
21,2000,4,0.462582552967467
21,2001,4,0.543364445690008
21,2002,4,0.388443216656029
21,2003,4,0.429682925870715
21,2004,4,0.691824826113548
21,2005,4,0.550052676183953
21,2006,4,0.502030965898627
21,2007,4,0.629349835137819
21,2008,4,0.451197806825635
21,2009,4,0.427223106236769
21,2010,4,0.57781829609076
21,2011,4,0.285057468660731
21,2012,4,0.383258271032157
21,2013,4,0.384934397060391
21,2014,4,0.322661365520647
21,2015,4,0.520252775054343
21,2016,4,0.958936115580104
21,2017,4,0.353334577234078
21,2018,4,0.244839402766282
21,2019,4,0.201770139070618
21,2020,4,0.398918006222068
21,2021,4,0.438900610542115
21,2022,4,0.535110248804961
21,2023,4,0.443289786436734
21,2024,4,0.441051519423181
21,1964,5,1.99622655775893
21,1965,5,1.94596031697256
21,1966,5,2.0001542451069
21,1967,5,2.07449187283703
21,1968,5,2.13787627301535
21,1969,5,1.87679990181943
21,1970,5,1.6419861132085
21,1971,5,1.56539007251569
21,1972,5,1.53888495785653
21,1973,5,1.62399011484109
21,1974,5,1.62167516751366
21,1975,5,1.64370159430602
21,1976,5,1.65419737664639
21,1977,5,1.73013249402915
21,1978,5,1.33884171076474
21,1979,5,1.24625643277903
21,1980,5,1.15335049665365
21,1981,5,1.09866921295212
21,1982,5,0.97544359483453
21,1983,5,1.0406696249297
21,1984,5,0.843989868871837
21,1985,5,0.671901827437558
21,1986,5,0.537099712271501
21,1987,5,0.544356728374833
21,1988,5,0.644574096690796
21,1989,5,0.765444228153391
21,1990,5,0.737224432630644
21,1991,5,0.557778684277609
21,1992,5,0.511990730930082
21,1993,5,0.534932467650953
21,1994,5,0.935538419425862
21,1995,5,0.785955244413415
21,1996,5,0.456860821599976
21,1997,5,0.352423808851011
21,1998,5,0.432100363299978
21,1999,5,0.507597743072575
21,2000,5,0.655424774096266
21,2001,5,1.28701504886725
21,2002,5,0.884857604804178
21,2003,5,1.02944434555918
21,2004,5,1.06203847272327
21,2005,5,1.489770382594
21,2006,5,1.19298722081663
21,2007,5,1.18975720354604
21,2008,5,0.835588368555623
21,2009,5,0.806787811853064
21,2010,5,0.950184948406713
21,2011,5,1.13510680874947
21,2012,5,0.642659831932741
21,2013,5,0.726401207719829
21,2014,5,0.681451741116811
21,2015,5,0.534409111667037
21,2016,5,0.72261514999962
21,2017,5,1.2403521278465
21,2018,5,1.42777408756519
21,2019,5,0.541425951408743
21,2020,5,0.811445360349148
21,2021,5,0.678266952201268
21,2022,5,0.921417422848463
21,2023,5,1.22745449623939
21,2024,5,1.19266138866438
21,1964,6,1.23501155129812
21,1965,6,1.26897187535486
21,1966,6,1.33110697931874
21,1967,6,1.29848244561293
21,1968,6,1.2276486841376
21,1969,6,1.17092980970302
21,1970,6,1.14494243296162
21,1971,6,1.0868735220152
21,1972,6,1.08345300586091
21,1973,6,1.02222907498074
21,1974,6,0.926590920657329
21,1975,6,0.903401259925562
21,1976,6,0.915085703310102
21,1977,6,0.983903414339107
21,1978,6,0.939153333913075
21,1979,6,1.02266872839218
21,1980,6,1.18629395748702
21,1981,6,1.44589706456448
21,1982,6,1.57392980260862
21,1983,6,1.540826827439
21,1984,6,1.49309821607797
21,1985,6,1.19425938481839
21,1986,6,0.965735093931268
21,1987,6,1.01094080392458
21,1988,6,1.21663606996238
21,1989,6,1.11119975062742
21,1990,6,1.12594817312819
21,1991,6,0.961712638988665
21,1992,6,0.923754186105036
21,1993,6,0.871799712118965
21,1994,6,1.21672902107919
21,1995,6,1.53330572587362
21,1996,6,1.01953078423371
21,1997,6,0.912949169452154
21,1998,6,0.91685227667594
21,1999,6,0.770080136194205
21,2000,6,1.06466845245438
21,2001,6,1.48430290651316
21,2002,6,1.65779662251562
21,2003,6,1.83591682372089
21,2004,6,1.65589717337292
21,2005,6,1.80971377295588
21,2006,6,1.55165727646101
21,2007,6,1.72843651712179
21,2008,6,1.49797205003938
21,2009,6,1.26263125891797
21,2010,6,1.12371007629119
21,2011,6,1.46856056327434
21,2012,6,1.40362364682174
21,2013,6,0.979951661295175
21,2014,6,1.0296111569187
21,2015,6,0.899943003702597
21,2016,6,1.0166617488426
21,2017,6,1.34879564353415
21,2018,6,1.52385490358393
21,2019,6,1.85280641356602
21,2020,6,2.0257538033056
21,2021,6,1.37847170730483
21,2022,6,1.50529771370556
21,2023,6,1.72670230430679
21,2024,6,1.6211689580588
21,1964,7,1.3594561696358
21,1965,7,1.39639127824954
21,1966,7,1.44357957884238
21,1967,7,1.39290502943367
21,1968,7,1.27760016046479
21,1969,7,1.24054686092136
21,1970,7,1.25615458838324
21,1971,7,1.24625508487054
21,1972,7,1.24999866536119
21,1973,7,1.14863348523614
21,1974,7,1.06508517666358
21,1975,7,1.04849845538758
21,1976,7,1.09007972366389
21,1977,7,1.22605833562029
21,1978,7,1.39807041625956
21,1979,7,1.46624853506754
21,1980,7,1.54914789045269
21,1981,7,1.55676464049799
21,1982,7,1.44205133067676
21,1983,7,1.22289941272005
21,1984,7,1.1229235517043
21,1985,7,0.95649577296828
21,1986,7,0.819035237090703
21,1987,7,0.78326948013736
21,1988,7,1.00319457561194
21,1989,7,1.32849224732784
21,1990,7,1.47804380674955
21,1991,7,1.53068242502294
21,1992,7,1.37836904938004
21,1993,7,1.31405504344296
21,1994,7,1.53613737156855
21,1995,7,1.37218392960965
21,1996,7,1.53662388989411
21,1997,7,1.32978841476789
21,1998,7,1.19668038832254
21,1999,7,1.26624263364211
21,2000,7,1.45880450196204
21,2001,7,1.6992216989457
21,2002,7,2.23676729796298
21,2003,7,2.2966338715801
21,2004,7,2.0556936417837
21,2005,7,1.75992523502323
21,2006,7,1.70044858981194
21,2007,7,1.73755203624635
21,2008,7,1.58012336370963
21,2009,7,1.18644128865192
21,2010,7,1.17177925087381
21,2011,7,1.50217098545931
21,2012,7,1.43787692807485
21,2013,7,1.32277638200814
21,2014,7,1.33485214856295
21,2015,7,1.24938509444539
21,2016,7,1.12652529590236
21,2017,7,1.41315777181674
21,2018,7,1.86098373577425
21,2019,7,2.99112040615691
21,2020,7,2.04383315191108
21,2021,7,1.86970900025124
21,2022,7,1.89273148098956
21,2023,7,1.57967191693082
21,2024,7,1.59812777144214
21,1964,8,1.23238648452641
21,1965,8,1.27281547759842
21,1966,8,1.25692191976898
21,1967,8,1.24379097611721
21,1968,8,1.17243949933532
21,1969,8,1.18461712353277
21,1970,8,1.22872032977471
21,1971,8,1.26165848227639
21,1972,8,1.25838599597351
21,1973,8,1.21528730787398
21,1974,8,1.20795310370145
21,1975,8,1.22369110026109
21,1976,8,1.18597241638548
21,1977,8,1.27073894323999
21,1978,8,1.46780897001622
21,1979,8,1.52162101696223
21,1980,8,1.58856885148744
21,1981,8,1.65443510755772
21,1982,8,1.60192449686463
21,1983,8,1.44758565541184
21,1984,8,1.34131650094337
21,1985,8,1.29814184533754
21,1986,8,1.2493949548349
21,1987,8,1.146148952581
21,1988,8,1.17258341494693
21,1989,8,1.04373552431866
21,1990,8,0.952352393567532
21,1991,8,1.03764097999489
21,1992,8,1.20106281122252
21,1993,8,1.26189696032069
21,1994,8,1.30532759048358
21,1995,8,1.50478336734063
21,1996,8,1.90557888301711
21,1997,8,1.99831921921445
21,1998,8,1.81133966697507
21,1999,8,1.55797441756725
21,2000,8,1.65202599007159
21,2001,8,1.35349078611754
21,2002,8,1.56433655603081
21,2003,8,1.62126012976907
21,2004,8,1.72235197239911
21,2005,8,1.64418643630257
21,2006,8,1.99003446046094
21,2007,8,1.59396868481779
21,2008,8,1.41944282650607
21,2009,8,1.30902818933576
21,2010,8,1.22533382662955
21,2011,8,1.29421380650564
21,2012,8,1.57040153261817
21,2013,8,1.6218597422931
21,2014,8,1.61013067282839
21,2015,8,1.6864020708187
21,2016,8,1.92467057650179
21,2017,8,1.84731106342279
21,2018,8,1.90073383930012
21,2019,8,1.84837410715435
21,2020,8,1.55642836608653
21,2021,8,1.73078022300289
21,2022,8,1.84212127229511
21,2023,8,1.80603710005348
21,2024,8,1.84055793750829
22,1964,3,0.448013762283089
22,1965,3,0.44143121237732
22,1966,3,0.496804590137678
22,1967,3,0.546887487878763
22,1968,3,0.569166003499131
22,1969,3,0.679847206868587
22,1970,3,0.690667235703892
22,1971,3,0.650406542526459
22,1972,3,0.709568552125857
22,1973,3,0.97156601379382
22,1974,3,1.2750164802203
22,1975,3,1.31902071607297
22,1976,3,0.9996502593614
22,1977,3,0.852556508502703
22,1978,3,0.711528886441001
22,1979,3,0.5112524783659
22,1980,3,0.420250034754239
22,1981,3,0.281027095445304
22,1982,3,0.250904963804095
22,1983,3,0.264023310994076
22,1984,3,0.279852575023092
22,1985,3,0.242233464057199
22,1986,3,0.202085438840565
22,1987,3,0.196891016827957
22,1988,3,0.163115795227676
22,1989,3,0.157621103563227
22,1990,3,0.144280075060174
22,1991,3,0.1487177069688
22,1992,3,0.215979456170627
22,1993,3,0.233832004517835
22,1994,3,0.109529096296115
22,1995,3,0.067578850812514
22,1996,3,0.0780281980609101
22,1997,3,0.123449711235676
22,1998,3,0.15147894498392
22,1999,3,0.230690829754788
22,2000,3,0.144937759053569
22,2001,3,0.11934177427345
22,2002,3,0.13420585460352
22,2003,3,0.150284600048498
22,2004,3,0.153564695528609
22,2005,3,0.111369835929814
22,2006,3,0.115243149792462
22,2007,3,0.124611497393664
22,2008,3,0.112559953702238
22,2009,3,0.098863978137055
22,2010,3,0.067965941099804
22,2011,3,0.0620853751475818
22,2012,3,0.0653592491311928
22,2013,3,0.06154324993806
22,2014,3,0.0789373866057413
22,2015,3,0.192733957307292
22,2016,3,0.0770474490372475
22,2017,3,0.0404920327086174
22,2018,3,0.0440811413657708
22,2019,3,0.0485693614042318
22,2020,3,0.105324909890957
22,2021,3,0.287292700092439
22,2022,3,0.244722446508323
22,2023,3,0.209827157266018
22,2024,3,0.212409371745493
22,1964,4,2.12325118855392
22,1965,4,2.18028229542565
22,1966,4,2.60732129850988
22,1967,4,2.52375213245584
22,1968,4,2.36481930091663
22,1969,4,2.33573842733041
22,1970,4,1.85008547117103
22,1971,4,1.44316402382426
22,1972,4,1.40586207313024
22,1973,4,1.52556674028375
22,1974,4,1.61203306538407
22,1975,4,1.58359313530039
22,1976,4,1.42721430498869
22,1977,4,1.19850287139288
22,1978,4,1.01507473598036
22,1979,4,0.875441347849371
22,1980,4,0.679197555535418
22,1981,4,0.615439218733632
22,1982,4,0.595578780515915
22,1983,4,0.553146094440051
22,1984,4,0.584981859810576
22,1985,4,0.524406615989532
22,1986,4,0.493280654477866
22,1987,4,0.534324895179638
22,1988,4,0.489240330591578
22,1989,4,0.434158210549986
22,1990,4,0.387188196075259
22,1991,4,0.384606674572061
22,1992,4,0.499011623102957
22,1993,4,0.701677568204037
22,1994,4,0.472015469932823
22,1995,4,0.230783698252264
22,1996,4,0.171212718909735
22,1997,4,0.206128236421203
22,1998,4,0.23246683102114
22,1999,4,0.397642949455512
22,2000,4,0.430434445598497
22,2001,4,0.360723663138039
22,2002,4,0.42795185594454
22,2003,4,0.437422507851912
22,2004,4,0.8542059829901
22,2005,4,0.486022068877458
22,2006,4,0.45633328372423
22,2007,4,0.452142132531644
22,2008,4,0.418225970562236
22,2009,4,0.534873828196252
22,2010,4,0.583063788878158
22,2011,4,0.273659875079241
22,2012,4,0.364785598522632
22,2013,4,0.388137818822698
22,2014,4,0.407041275892223
22,2015,4,0.417163179477187
22,2016,4,1.08606650510986
22,2017,4,0.358928536463559
22,2018,4,0.261635233285012
22,2019,4,0.171942835140589
22,2020,4,0.29482988544074
22,2021,4,0.326766173102136
22,2022,4,0.485714714383958
22,2023,4,0.509910308048399
22,2024,4,0.51153613663769
22,1964,5,2.63521281907993
22,1965,5,2.7058041135817
22,1966,5,2.55938781949327
22,1967,5,2.07607450488378
22,1968,5,1.80820868876511
22,1969,5,1.666843109445
22,1970,5,1.46152680241753
22,1971,5,1.27455067124622
22,1972,5,1.20193305576578
22,1973,5,1.22953341632602
22,1974,5,1.27945961710008
22,1975,5,1.28149817869149
22,1976,5,1.3103361940387
22,1977,5,1.3388437476162
22,1978,5,1.33728507280474
22,1979,5,1.36766562413268
22,1980,5,1.41565743691707
22,1981,5,1.5046220674324
22,1982,5,1.25881576195435
22,1983,5,1.036942339733
22,1984,5,0.887127116348415
22,1985,5,0.831925612361105
22,1986,5,0.778688956610082
22,1987,5,0.833113545433817
22,1988,5,1.02198747598792
22,1989,5,1.07463092935617
22,1990,5,1.03925761586994
22,1991,5,1.08516024722309
22,1992,5,0.886927790173703
22,1993,5,0.784885032043012
22,1994,5,1.16505422273364
22,1995,5,0.645263870613275
22,1996,5,0.466986600702054
22,1997,5,0.451534319772602
22,1998,5,0.488059234114319
22,1999,5,0.625066597065262
22,2000,5,0.834405293290966
22,2001,5,0.973868072505554
22,2002,5,0.936159814790575
22,2003,5,1.11278949546626
22,2004,5,1.01392241807298
22,2005,5,1.47428632936445
22,2006,5,1.26675879657969
22,2007,5,1.20033524031346
22,2008,5,0.967738552043795
22,2009,5,0.835687276155225
22,2010,5,0.875602858866618
22,2011,5,1.04796472181877
22,2012,5,0.520230483786763
22,2013,5,0.747107362609067
22,2014,5,0.750467245615709
22,2015,5,0.65229817031199
22,2016,5,0.752715027544993
22,2017,5,1.32090781052893
22,2018,5,1.45833032782133
22,2019,5,0.471226247475502
22,2020,5,0.560681944458464
22,2021,5,0.565165867613598
22,2022,5,0.67224649200979
22,2023,5,1.06031522893466
22,2024,5,1.09792065778348
22,1964,6,0.70536070348891
22,1965,6,0.72684205273121
22,1966,6,0.664477107660207
22,1967,6,0.620941732107568
22,1968,6,0.608336771573689
22,1969,6,0.606566110676367
22,1970,6,0.616660146290212
22,1971,6,0.652167222969204
22,1972,6,0.692700289834956
22,1973,6,0.695391016137601
22,1974,6,0.754138591519627
22,1975,6,0.840512426600962
22,1976,6,0.981423752067408
22,1977,6,1.17528038784329
22,1978,6,1.3816572794492
22,1979,6,1.70591639330072
22,1980,6,1.71808897887567
22,1981,6,1.78346252457354
22,1982,6,1.75344758851572
22,1983,6,1.51208110677805
22,1984,6,1.25884265955401
22,1985,6,1.3961059727846
22,1986,6,1.47595033481346
22,1987,6,1.55162765949932
22,1988,6,1.55488552262428
22,1989,6,1.37080908232253
22,1990,6,1.18703684305999
22,1991,6,1.13921306450856
22,1992,6,1.0914971527862
22,1993,6,1.05578466860239
22,1994,6,1.3228191885086
22,1995,6,1.54188804671452
22,1996,6,1.23684922034378
22,1997,6,1.14132251314539
22,1998,6,1.19531699732481
22,1999,6,0.987497950579266
22,2000,6,1.26107246428462
22,2001,6,1.78387364908296
22,2002,6,1.77164816508606
22,2003,6,1.75859004581625
22,2004,6,1.64779342382538
22,2005,6,1.74347005928711
22,2006,6,1.75503784874715
22,2007,6,1.71870230179946
22,2008,6,1.4918151633995
22,2009,6,1.59851515512559
22,2010,6,1.28853353309143
22,2011,6,1.38709184799123
22,2012,6,1.19791530187166
22,2013,6,0.975188486215264
22,2014,6,1.00407854752081
22,2015,6,1.08457490865981
22,2016,6,1.22231176621609
22,2017,6,1.96664401178662
22,2018,6,1.96258779480684
22,2019,6,1.84411506588556
22,2020,6,1.52720003166446
22,2021,6,1.03746804895544
22,2022,6,1.07235060533399
22,2023,6,1.46574014066604
22,2024,6,1.36578623403797
22,1964,7,1.46013930325071
22,1965,7,1.46049507981938
22,1966,7,1.31746111792768
22,1967,7,1.29178706531771
22,1968,7,1.2884150023423
22,1969,7,1.30121867018622
22,1970,7,1.38797853552435
22,1971,7,1.49934030702812
22,1972,7,1.52310127891683
22,1973,7,1.514694445471
22,1974,7,1.53691308177058
22,1975,7,1.42381080713607
22,1976,7,1.45918924967085
22,1977,7,1.55378214960883
22,1978,7,1.52279496361409
22,1979,7,1.43985430537456
22,1980,7,1.54237895158352
22,1981,7,1.49362901766268
22,1982,7,1.44847323995062
22,1983,7,1.36606644698448
22,1984,7,1.26989438351621
22,1985,7,1.107757911525
22,1986,7,1.14017245298747
22,1987,7,1.14661318115515
22,1988,7,1.35057591032981
22,1989,7,1.45012054623168
22,1990,7,1.597541851644
22,1991,7,1.53505207857486
22,1992,7,1.72755262156825
22,1993,7,1.80263021617336
22,1994,7,1.90432136391209
22,1995,7,2.23135348091506
22,1996,7,2.42442943866844
22,1997,7,1.73971294401455
22,1998,7,1.64548592939295
22,1999,7,1.40338818057579
22,2000,7,1.55900082084497
22,2001,7,1.79144594681561
22,2002,7,1.75672089075545
22,2003,7,1.79087134221173
22,2004,7,1.7172958211746
22,2005,7,1.58789364998753
22,2006,7,1.7383547129671
22,2007,7,1.56814244534125
22,2008,7,1.49095213878582
22,2009,7,1.40000636074526
22,2010,7,1.38862503265802
22,2011,7,1.56021102039174
22,2012,7,1.47006496730824
22,2013,7,1.29784454818358
22,2014,7,1.5691832799882
22,2015,7,1.51906971778098
22,2016,7,1.38924180363114
22,2017,7,1.64129793188281
22,2018,7,1.68533385437701
22,2019,7,2.58067841466183
22,2020,7,1.69121605631924
22,2021,7,1.25748657195636
22,2022,7,1.14612895787001
22,2023,7,1.08480992720373
22,2024,7,1.05384537738769
22,1964,8,0.523356090030791
22,1965,8,0.517153248756815
22,1966,8,0.493568114429964
22,1967,8,0.508843324168676
22,1968,8,0.525588301790073
22,1969,8,0.535574818509458
22,1970,8,0.573096258351106
22,1971,8,0.615099160024067
22,1972,8,0.635308822357263
22,1973,8,0.647872965294023
22,1974,8,0.659332731940362
22,1975,8,0.673475456531722
22,1976,8,0.713045948479566
22,1977,8,0.780078257358052
22,1978,8,0.856702844784986
22,1979,8,0.920662114503683
22,1980,8,1.03526353958006
22,1981,8,1.01292904760961
22,1982,8,0.993554242739484
22,1983,8,1.00731672171662
22,1984,8,0.976256090559619
22,1985,8,0.920417276888678
22,1986,8,0.936880737282863
22,1987,8,0.892647567421462
22,1988,8,0.919779049745728
22,1989,8,1.09530771848072
22,1990,8,1.24224832247748
22,1991,8,1.24695179432468
22,1992,8,1.38921892305341
22,1993,8,1.58084297275024
22,1994,8,1.5994370487994
22,1995,8,1.80671887654799
22,1996,8,2.00003292651734
22,1997,8,1.69162708620758
22,1998,8,1.74630084172859
22,1999,8,1.62294474992784
22,2000,8,1.51269294293484
22,2001,8,1.70478345677051
22,2002,8,1.61525592073014
22,2003,8,1.92129139588134
22,2004,8,1.83299127212513
22,2005,8,2.14931798918723
22,2006,8,1.89646096851219
22,2007,8,1.83082522221164
22,2008,8,1.78244846105417
22,2009,8,1.55703608065259
22,2010,8,1.39739376147811
22,2011,8,1.25018339996347
22,2012,8,1.59873883018076
22,2013,8,2.0005584025269
22,2014,8,1.66947012425466
22,2015,8,1.62541647514393
22,2016,8,1.54331916291714
22,2017,8,1.80108877704173
22,2018,8,1.77390081122391
22,2019,8,2.14502847733123
22,2020,8,1.72169327871174
22,2021,8,1.73015027101026
22,2022,8,1.50621111140809
22,2023,8,1.28987722969936
22,2024,8,1.26474795526105
23,1964,3,0.930336403992029
23,1965,3,0.956621159228146
23,1966,3,0.840843550257352
23,1967,3,0.816408730113731
23,1968,3,0.87379087383547
23,1969,3,1.18940437570238
23,1970,3,1.19452276274113
23,1971,3,0.949920673445371
23,1972,3,0.971007972120683
23,1973,3,1.12652425129404
23,1974,3,1.34913462894688
23,1975,3,1.13741175950131
23,1976,3,0.82863517353996
23,1977,3,0.845976120866619
23,1978,3,0.887992016461539
23,1979,3,0.732231639472369
23,1980,3,0.472994162658914
23,1981,3,0.314642580412315
23,1982,3,0.282510983517099
23,1983,3,0.241186981983898
23,1984,3,0.24172918954087
23,1985,3,0.201462567791386
23,1986,3,0.204829442684397
23,1987,3,0.195101903298088
23,1988,3,0.260750731201116
23,1989,3,0.268558467599397
23,1990,3,0.231308493356599
23,1991,3,0.156777236125083
23,1992,3,0.225911021032004
23,1993,3,0.170803955281493
23,1994,3,0.0926850264231181
23,1995,3,0.0700677057812909
23,1996,3,0.0802559227941997
23,1997,3,0.125383768104348
23,1998,3,0.118325665490023
23,1999,3,0.25420927103747
23,2000,3,0.14301861517131
23,2001,3,0.0828633729476166
23,2002,3,0.117188881881724
23,2003,3,0.204390415206657
23,2004,3,0.120702275346192
23,2005,3,0.114308557023209
23,2006,3,0.188888626343585
23,2007,3,0.142566310991689
23,2008,3,0.0914795474551715
23,2009,3,0.0850248442323625
23,2010,3,0.0602159107721621
23,2011,3,0.0439628473782746
23,2012,3,0.0546789499392379
23,2013,3,0.0606487093144706
23,2014,3,0.0711870370194464
23,2015,3,0.167810833416159
23,2016,3,0.0433852308648658
23,2017,3,0.0455177585436207
23,2018,3,0.0635723465663502
23,2019,3,0.0554986435479515
23,2020,3,0.121688620257282
23,2021,3,0.335804723952645
23,2022,3,0.282610632414088
23,2023,3,0.226185614859294
23,2024,3,0.232310097167607
23,1964,4,2.42224069167951
23,1965,4,2.35705037100655
23,1966,4,2.50723059501513
23,1967,4,2.4257269224552
23,1968,4,2.25506182655087
23,1969,4,1.88967638007242
23,1970,4,1.77641177861565
23,1971,4,1.43518708861579
23,1972,4,1.60307394130361
23,1973,4,2.08416125021649
23,1974,4,2.13518110401768
23,1975,4,1.77512768754125
23,1976,4,1.57126264132723
23,1977,4,1.45756532803842
23,1978,4,1.16918918911658
23,1979,4,1.22766224630481
23,1980,4,1.15851134308117
23,1981,4,0.860738825426088
23,1982,4,0.641181668444074
23,1983,4,0.589848908140502
23,1984,4,0.514141827216527
23,1985,4,0.357701745355141
23,1986,4,0.43002035505569
23,1987,4,0.404036438971602
23,1988,4,0.413863656473797
23,1989,4,0.517015613899505
23,1990,4,0.73398916121595
23,1991,4,0.417864520688101
23,1992,4,0.376648069906592
23,1993,4,0.517133002708096
23,1994,4,0.431323269919571
23,1995,4,0.210543898485938
23,1996,4,0.112409825852622
23,1997,4,0.237525058763783
23,1998,4,0.256124145453746
23,1999,4,0.426715197418542
23,2000,4,0.444489499874641
23,2001,4,0.37884516338947
23,2002,4,0.349747517429717
23,2003,4,0.418538607829375
23,2004,4,0.882598688313146
23,2005,4,0.66278686076144
23,2006,4,0.641205355210862
23,2007,4,0.495195291984903
23,2008,4,0.456390336671253
23,2009,4,0.335628275931646
23,2010,4,0.415617150907444
23,2011,4,0.23266194086668
23,2012,4,0.406512475833315
23,2013,4,0.342592707821994
23,2014,4,0.264852330638835
23,2015,4,0.368913408749696
23,2016,4,0.909182909169073
23,2017,4,0.363135583190358
23,2018,4,0.189657654842345
23,2019,4,0.110066659644275
23,2020,4,0.257737802408108
23,2021,4,0.282797865905349
23,2022,4,0.630647500544148
23,2023,4,0.627470260377738
23,2024,4,0.648502408101697
23,1964,5,4.55622855867898
23,1965,5,4.55652534557946
23,1966,5,4.42723977819747
23,1967,5,3.75265738631878
23,1968,5,3.2913929248996
23,1969,5,2.77950417249113
23,1970,5,2.5758236945599
23,1971,5,2.38349093893252
23,1972,5,2.29336865585461
23,1973,5,2.04461749867747
23,1974,5,1.71176090319087
23,1975,5,1.48341411538679
23,1976,5,1.41937767304779
23,1977,5,1.38100249384574
23,1978,5,1.3751659362615
23,1979,5,1.55587944774007
23,1980,5,1.20124402196141
23,1981,5,1.10257345898079
23,1982,5,0.919118123744703
23,1983,5,0.962221763656319
23,1984,5,0.882061659394812
23,1985,5,0.82113371797175
23,1986,5,0.751731925479994
23,1987,5,0.78533792433383
23,1988,5,0.923123804328155
23,1989,5,1.00108241814243
23,1990,5,0.995075134483779
23,1991,5,0.757911425832368
23,1992,5,0.58185669591328
23,1993,5,0.485643339065604
23,1994,5,1.32681805702418
23,1995,5,0.962328396052102
23,1996,5,0.437748461843569
23,1997,5,0.398713540605709
23,1998,5,0.555864741050909
23,1999,5,0.57061653790576
23,2000,5,0.91767481308575
23,2001,5,0.9545462464472
23,2002,5,0.987325192532998
23,2003,5,1.11922652774255
23,2004,5,1.22633743046073
23,2005,5,1.54142202766367
23,2006,5,1.15215734516778
23,2007,5,1.15677899216863
23,2008,5,0.911791980268797
23,2009,5,0.659445493530455
23,2010,5,0.744814296610051
23,2011,5,1.13311559235273
23,2012,5,0.515258206751816
23,2013,5,0.57914102405281
23,2014,5,0.563421335504221
23,2015,5,0.609704523384559
23,2016,5,0.820543976983757
23,2017,5,1.09978164736953
23,2018,5,1.19013729946663
23,2019,5,0.337559012626912
23,2020,5,0.568330722479033
23,2021,5,0.556930938319275
23,2022,5,0.647146098939418
23,2023,5,1.08377527264046
23,2024,5,1.16416401269255
23,1964,6,0.716968039491623
23,1965,6,0.70888284217524
23,1966,6,0.706347951772428
23,1967,6,0.723879331915969
23,1968,6,0.759181868600826
23,1969,6,0.795922570375138
23,1970,6,0.836858161416347
23,1971,6,0.796679255582496
23,1972,6,0.78217563016266
23,1973,6,0.736207409156016
23,1974,6,0.704277285013049
23,1975,6,0.740899996249679
23,1976,6,0.799729068576634
23,1977,6,0.754426234844149
23,1978,6,0.72775251738883
23,1979,6,0.794031411643023
23,1980,6,0.872777475937645
23,1981,6,1.05730330806789
23,1982,6,1.34963886263871
23,1983,6,1.35185021144447
23,1984,6,1.18352788318802
23,1985,6,1.24321305426836
23,1986,6,0.970270947420003
23,1987,6,1.01844461068927
23,1988,6,1.24225204243574
23,1989,6,1.14737010737577
23,1990,6,0.956632205924519
23,1991,6,0.995265516081846
23,1992,6,1.50300823285156
23,1993,6,1.02726494000846
23,1994,6,1.18439073437999
23,1995,6,1.86909946646759
23,1996,6,1.1752282030853
23,1997,6,0.903529671147009
23,1998,6,1.05247641590135
23,1999,6,1.00661907934501
23,2000,6,1.00474530230147
23,2001,6,1.60415657759642
23,2002,6,1.37359293603128
23,2003,6,1.48803191163302
23,2004,6,1.41964392546651
23,2005,6,1.85240475557162
23,2006,6,2.04115516166506
23,2007,6,1.4655784124662
23,2008,6,1.5342138735723
23,2009,6,1.06968619081364
23,2010,6,1.22313171663263
23,2011,6,1.32684020216324
23,2012,6,1.45450707689663
23,2013,6,0.86474977447662
23,2014,6,1.02120812755178
23,2015,6,0.96017711449761
23,2016,6,0.926398564744932
23,2017,6,1.19189301357888
23,2018,6,1.51090540134208
23,2019,6,1.64745380897742
23,2020,6,1.46888666793818
23,2021,6,1.12015984470873
23,2022,6,0.935755888759017
23,2023,6,0.936623611891891
23,2024,6,0.961315113729862
23,1964,7,0.761326480895913
23,1965,7,0.742086986929135
23,1966,7,0.763972174439546
23,1967,7,0.853102481858185
23,1968,7,0.948981935536346
23,1969,7,1.05596634044602
23,1970,7,1.15479171593348
23,1971,7,1.30456394195996
23,1972,7,1.39062288536655
23,1973,7,1.31293922208943
23,1974,7,1.2975178174818
23,1975,7,1.3995649055345
23,1976,7,1.59589458988971
23,1977,7,1.74273388420438
23,1978,7,1.91076220741552
23,1979,7,1.95494451694936
23,1980,7,2.00957281396862
23,1981,7,1.95179760815998
23,1982,7,2.04857477420779
23,1983,7,1.78916931101698
23,1984,7,1.68049939853072
23,1985,7,1.615909086312
23,1986,7,1.375015114918
23,1987,7,1.03759482278698
23,1988,7,1.02046133875736
23,1989,7,0.920617692185893
23,1990,7,0.966309993303987
23,1991,7,1.2863798926819
23,1992,7,1.35245675314342
23,1993,7,1.3734724918709
23,1994,7,1.74108504481748
23,1995,7,2.06216943377389
23,1996,7,2.524567682776
23,1997,7,1.39761714808095
23,1998,7,1.16242007890861
23,1999,7,1.17836032614007
23,2000,7,1.42379677944251
23,2001,7,1.39801243327772
23,2002,7,1.68494204274476
23,2003,7,1.66884921801487
23,2004,7,1.66759765927649
23,2005,7,1.76600042137549
23,2006,7,1.77366046773812
23,2007,7,1.49528579392386
23,2008,7,1.48512019685396
23,2009,7,1.35289477106133
23,2010,7,0.917864257781876
23,2011,7,1.11386923449745
23,2012,7,1.38617573389567
23,2013,7,1.06998912753816
23,2014,7,1.35681763818594
23,2015,7,1.01007038170764
23,2016,7,1.09957397734035
23,2017,7,1.24407471239157
23,2018,7,1.43157021131456
23,2019,7,2.46743424654308
23,2020,7,1.82600430386436
23,2021,7,1.74538417944829
23,2022,7,1.17429501769378
23,2023,7,0.981093694951665
23,2024,7,0.939867558858615
23,1964,8,1.81915763543112
23,1965,8,1.7497191293202
23,1966,8,1.62494604752509
23,1967,8,1.7514027017486
23,1968,8,1.82507254383792
23,1969,8,1.86048349670921
23,1970,8,1.86478217372658
23,1971,8,2.05137826142991
23,1972,8,1.92801436635748
23,1973,8,1.74215312964944
23,1974,8,1.6670301478781
23,1975,8,1.77586498918721
23,1976,8,1.83187664282686
23,1977,8,1.68060246918497
23,1978,8,1.57978897162613
23,1979,8,1.46434754792873
23,1980,8,1.44966646874768
23,1981,8,1.33260739611269
23,1982,8,1.25572242465631
23,1983,8,1.26041320247429
23,1984,8,1.31938151272676
23,1985,8,1.41034049745059
23,1986,8,1.39863189779603
23,1987,8,1.69859303706854
23,1988,8,1.77059719171609
23,1989,8,1.99142195391317
23,1990,8,1.50344395054561
23,1991,8,1.43057797546876
23,1992,8,1.3164620674551
23,1993,8,1.63586514610144
23,1994,8,1.38516532838019
23,1995,8,1.45392340870701
23,1996,8,1.75758530550044
23,1997,8,1.50593579842958
23,1998,8,1.35405843236361
23,1999,8,1.47221647988815
23,2000,8,1.56389869790997
23,2001,8,1.70309115258126
23,2002,8,2.05703947458942
23,2003,8,2.00019759752161
23,2004,8,2.16058807763071
23,2005,8,1.62787747440571
23,2006,8,1.53742568790272
23,2007,8,1.10244693168554
23,2008,8,1.0710575316887
23,2009,8,1.06885438599359
23,2010,8,1.23622972570472
23,2011,8,1.4541763496628
23,2012,8,1.5430459056372
23,2013,8,1.55241529211725
23,2014,8,1.30418935071089
23,2015,8,1.07093702353841
23,2016,8,1.28072876478357
23,2017,8,1.26146098091515
23,2018,8,1.49282132134194
23,2019,8,1.78277753912878
23,2020,8,1.73472216314362
23,2021,8,1.7993959597946
23,2022,8,2.39266399540952
23,2023,8,2.40555462953847
23,2024,8,2.25870064527143
24,1964,3,1.14872988757024
24,1965,3,0.844112074415348
24,1966,3,0.693915249009716
24,1967,3,0.581251261191937
24,1968,3,0.655215407582903
24,1969,3,0.799000072858313
24,1970,3,0.748318897161253
24,1971,3,0.844521214827579
24,1972,3,0.853286397178539
24,1973,3,0.874254027368266
24,1974,3,0.969083828277356
24,1975,3,1.03766151664023
24,1976,3,0.84709863181259
24,1977,3,0.79360492423824
24,1978,3,0.782709536360624
24,1979,3,0.62996417118062
24,1980,3,0.532793655038237
24,1981,3,0.325104889764434
24,1982,3,0.25679136330061
24,1983,3,0.27720452040384
24,1984,3,0.274164003375849
24,1985,3,0.333589757675352
24,1986,3,0.300681734424829
24,1987,3,0.29189768311639
24,1988,3,0.265971960571881
24,1989,3,0.229368063883325
24,1990,3,0.193539822212843
24,1991,3,0.135236741200627
24,1992,3,0.172346789376776
24,1993,3,0.156238364188919
24,1994,3,0.0901855746104586
24,1995,3,0.0605760480287862
24,1996,3,0.092786314101149
24,1997,3,0.0943370057305787
24,1998,3,0.15815858890043
24,1999,3,0.309223206846602
24,2000,3,0.1947078006206
24,2001,3,0.115796676386835
24,2002,3,0.127931683105355
24,2003,3,0.191405712047659
24,2004,3,0.110719224118562
24,2005,3,0.096413184908744
24,2006,3,0.12784836258235
24,2007,3,0.115074238722928
24,2008,3,0.103673014824637
24,2009,3,0.0895376509917818
24,2010,3,0.0722678875519441
24,2011,3,0.0577305061693962
24,2012,3,0.0682524293378824
24,2013,3,0.0631712080367607
24,2014,3,0.070837415072486
24,2015,3,0.186265307976975
24,2016,3,0.0464566900511699
24,2017,3,0.0422504163803913
24,2018,3,0.0430128298608642
24,2019,3,0.0480795447444544
24,2020,3,0.114092855981595
24,2021,3,0.365443033630684
24,2022,3,0.348123892439795
24,2023,3,0.261728570189932
24,2024,3,0.267288228596871
24,1964,4,1.99488292314704
24,1965,4,2.01672238659966
24,1966,4,2.74751666551225
24,1967,4,2.72920226153443
24,1968,4,2.37205386793813
24,1969,4,1.47924205302603
24,1970,4,0.988650652011991
24,1971,4,0.918156686027382
24,1972,4,0.991817960330013
24,1973,4,0.903164131451451
24,1974,4,1.04765044839928
24,1975,4,1.28636961253237
24,1976,4,1.42804666368318
24,1977,4,1.34205318454477
24,1978,4,1.18673566922071
24,1979,4,1.14267418617697
24,1980,4,0.967172549577391
24,1981,4,0.768331573088342
24,1982,4,0.612625258465184
24,1983,4,0.684036234133775
24,1984,4,0.427129829792395
24,1985,4,0.384942435201491
24,1986,4,0.371819717768386
24,1987,4,0.360795335761921
24,1988,4,0.466326228775277
24,1989,4,0.564591765961582
24,1990,4,0.563907465107793
24,1991,4,0.393277772850335
24,1992,4,0.400967457675398
24,1993,4,0.581103744777866
24,1994,4,0.517404727267978
24,1995,4,0.229983019346748
24,1996,4,0.148534423807461
24,1997,4,0.216830953748458
24,1998,4,0.297175803231374
24,1999,4,0.446380178047331
24,2000,4,0.630531427961159
24,2001,4,0.411570481459667
24,2002,4,0.331844703943037
24,2003,4,0.442074165547855
24,2004,4,0.680859460008302
24,2005,4,0.538447025092469
24,2006,4,0.527812256952796
24,2007,4,0.464112366448993
24,2008,4,0.37271298269806
24,2009,4,0.404531087994041
24,2010,4,0.50167357943253
24,2011,4,0.197740902472216
24,2012,4,0.364916737954462
24,2013,4,0.305268066715958
24,2014,4,0.232004603324228
24,2015,4,0.413355176329079
24,2016,4,0.860275005608298
24,2017,4,0.339145819659764
24,2018,4,0.232806584351546
24,2019,4,0.174586351021345
24,2020,4,0.275021536023064
24,2021,4,0.293939463210155
24,2022,4,0.698491015742679
24,2023,4,0.60816526760656
24,2024,4,0.606827486349931
24,1964,5,2.11048354962179
24,1965,5,2.28091251786103
24,1966,5,2.30047226214426
24,1967,5,1.98150811310468
24,1968,5,1.80465186379113
24,1969,5,1.732111094725
24,1970,5,1.59328092075126
24,1971,5,1.54005009943457
24,1972,5,1.50624190993859
24,1973,5,1.44708340008808
24,1974,5,1.61007667681776
24,1975,5,1.73038279926308
24,1976,5,1.79114313482895
24,1977,5,1.70318038189146
24,1978,5,1.76757101140183
24,1979,5,1.53458507331964
24,1980,5,1.841818179293
24,1981,5,1.73950712498496
24,1982,5,1.26103168897905
24,1983,5,0.874528426015014
24,1984,5,0.950272950869038
24,1985,5,0.878690103929257
24,1986,5,0.796566077765578
24,1987,5,0.733896768853228
24,1988,5,1.03251692477225
24,1989,5,0.978142885062416
24,1990,5,0.77797611817718
24,1991,5,0.4884436931075
24,1992,5,0.536204902183359
24,1993,5,0.48673310943918
24,1994,5,1.08254568211723
24,1995,5,0.787343794268505
24,1996,5,0.384930245229143
24,1997,5,0.500462787365407
24,1998,5,0.485823734356492
24,1999,5,0.550402442605131
24,2000,5,0.917297781926151
24,2001,5,1.1623282769475
24,2002,5,0.999665029573527
24,2003,5,0.969370366539956
24,2004,5,0.878744949591319
24,2005,5,1.35799552307915
24,2006,5,1.10867067360634
24,2007,5,1.06769557252212
24,2008,5,0.862489121674231
24,2009,5,0.761772922877407
24,2010,5,0.708430028840262
24,2011,5,1.11408311332978
24,2012,5,0.513290403111327
24,2013,5,0.656307025716022
24,2014,5,0.583077013762188
24,2015,5,0.434256737773164
24,2016,5,0.639630136336846
24,2017,5,1.39014653332021
24,2018,5,1.38414458491488
24,2019,5,0.41799796086231
24,2020,5,0.629303645960562
24,2021,5,0.690883207151071
24,2022,5,0.730257799556306
24,2023,5,1.40177330367364
24,2024,5,1.33686455405012
24,1964,6,0.774372353319795
24,1965,6,0.734295815646947
24,1966,6,0.674149427989467
24,1967,6,0.659144794000625
24,1968,6,0.690067427534664
24,1969,6,0.761453634422145
24,1970,6,0.835304638066306
24,1971,6,0.969368122650285
24,1972,6,1.09367233097031
24,1973,6,0.986502842820976
24,1974,6,0.972577864035202
24,1975,6,0.992637673270651
24,1976,6,0.914256012968939
24,1977,6,0.876233263412491
24,1978,6,0.836436418832398
24,1979,6,0.972958377306393
24,1980,6,1.09458208725483
24,1981,6,1.27445443986287
24,1982,6,1.1619770485856
24,1983,6,1.15614621578796
24,1984,6,1.29092023382426
24,1985,6,1.315058728686
24,1986,6,1.17198877668408
24,1987,6,1.00352862008818
24,1988,6,0.945442080384632
24,1989,6,1.18972087847583
24,1990,6,1.21651610726712
24,1991,6,1.14675340624729
24,1992,6,1.29659197297985
24,1993,6,1.25637938052653
24,1994,6,1.23819051685811
24,1995,6,1.60083582203126
24,1996,6,1.41892171916694
24,1997,6,1.10073494157437
24,1998,6,1.20083912778228
24,1999,6,1.2423874894086
24,2000,6,1.51483826227679
24,2001,6,1.624279607924
24,2002,6,1.65972519863453
24,2003,6,1.13819035577107
24,2004,6,1.08774233079866
24,2005,6,1.53004061904193
24,2006,6,1.58342126910439
24,2007,6,1.5852920245194
24,2008,6,1.40462710812231
24,2009,6,1.49111027498092
24,2010,6,1.07667574099962
24,2011,6,1.76524087539367
24,2012,6,1.15075152602429
24,2013,6,0.879162050467637
24,2014,6,0.906479281797259
24,2015,6,0.929785482429896
24,2016,6,0.939482329917752
24,2017,6,1.41984316331527
24,2018,6,1.61648576212587
24,2019,6,1.67878643764437
24,2020,6,1.24656355630165
24,2021,6,1.16919384710046
24,2022,6,1.21444672416412
24,2023,6,1.30183954543634
24,2024,6,1.32869224582878
24,1964,7,1.13055907804565
24,1965,7,1.06938072116714
24,1966,7,1.04428555187372
24,1967,7,1.03491751983362
24,1968,7,1.08784548289117
24,1969,7,1.19481661154605
24,1970,7,1.31880751277052
24,1971,7,1.44126234810771
24,1972,7,1.59067352377213
24,1973,7,1.60200599425714
24,1974,7,1.62261319749924
24,1975,7,1.52622825142345
24,1976,7,1.54079980186497
24,1977,7,1.58032310066164
24,1978,7,1.43676383761223
24,1979,7,1.49502432219418
24,1980,7,1.376319374007
24,1981,7,1.4853677526115
24,1982,7,1.70156823986275
24,1983,7,1.46745215247033
24,1984,7,1.25623449814888
24,1985,7,1.0060005350434
24,1986,7,1.4489268561955
24,1987,7,1.82730304028993
24,1988,7,1.76460446986342
24,1989,7,1.40837605260256
24,1990,7,1.2562477962483
24,1991,7,1.65850793363364
24,1992,7,1.53338446109631
24,1993,7,1.25691863739403
24,1994,7,1.16771309611616
24,1995,7,1.19427423472595
24,1996,7,1.85792042149733
24,1997,7,1.42573687944505
24,1998,7,1.51972462795925
24,1999,7,1.84699071026042
24,2000,7,1.44680551929379
24,2001,7,2.03331849802901
24,2002,7,1.59565246274952
24,2003,7,1.65790321600647
24,2004,7,1.92823217471967
24,2005,7,1.37479434258931
24,2006,7,1.35719513497444
24,2007,7,1.71549282005875
24,2008,7,1.57067180567369
24,2009,7,1.20064647627904
24,2010,7,1.0742743070841
24,2011,7,1.14528704612943
24,2012,7,1.50980162126656
24,2013,7,1.20758045801838
24,2014,7,1.16760407077866
24,2015,7,1.18327330374652
24,2016,7,1.07906856642415
24,2017,7,1.21681929751257
24,2018,7,1.7662355436949
24,2019,7,2.40964559934314
24,2020,7,1.85825789345618
24,2021,7,1.72775156702236
24,2022,7,1.46950829499677
24,2023,7,1.3645322373167
24,2024,7,1.31667005587699
24,1964,8,0.334280690541994
24,1965,8,0.338472443716527
24,1966,8,0.331157843402499
24,1967,8,0.353906251596572
24,1968,8,0.384926954518909
24,1969,8,0.432536680466973
24,1970,8,0.47377758455035
24,1971,8,0.504536253103067
24,1972,8,0.535734220896654
24,1973,8,0.575929819326988
24,1974,8,0.594042040012067
24,1975,8,0.604106587225874
24,1976,8,0.636230901406437
24,1977,8,0.694946379826402
24,1978,8,0.743753095037885
24,1979,8,0.812103055204209
24,1980,8,0.773758724033499
24,1981,8,0.819992864157947
24,1982,8,0.823651460489483
24,1983,8,0.822997556765258
24,1984,8,0.796250698901197
24,1985,8,0.80992394413531
24,1986,8,0.852887583426841
24,1987,8,0.839096169590218
24,1988,8,0.704754735270873
24,1989,8,0.670029612334124
24,1990,8,0.700741140629736
24,1991,8,0.821375753755903
24,1992,8,1.01683179907982
24,1993,8,0.954332176137095
24,1994,8,1.10320348107462
24,1995,8,1.52449121262595
24,1996,8,2.05241844352547
24,1997,8,1.8721044872087
24,1998,8,2.12852876573282
24,1999,8,1.79764763749238
24,2000,8,1.86328356083672
24,2001,8,1.70882260224971
24,2002,8,2.01606366161129
24,2003,8,1.54025894770339
24,2004,8,1.77185172698178
24,2005,8,1.48080828027095
24,2006,8,1.698212687877
24,2007,8,1.28486441567906
24,2008,8,1.53605640906284
24,2009,8,1.13524259267376
24,2010,8,1.52161448427762
24,2011,8,0.888395814903115
24,2012,8,1.2105777109129
24,2013,8,1.39136461275845
24,2014,8,1.5044252963716
24,2015,8,1.14416323444874
24,2016,8,1.2386098012644
24,2017,8,1.59578710428376
24,2018,8,1.65541960163781
24,2019,8,2.18418838122655
24,2020,8,1.71004820692955
24,2021,8,2.26032925720604
24,2022,8,2.21833719050882
24,2023,8,2.00468918808497
24,2024,8,2.10337331548575
25,1964,3,0.435465042796832
25,1965,3,0.446869592186418
25,1966,3,0.49656268770375
25,1967,3,0.43542817423186
25,1968,3,0.478178377624771
25,1969,3,0.605702710500319
25,1970,3,0.8745377658316
25,1971,3,0.843718621955205
25,1972,3,1.26404631563717
25,1973,3,1.40395745536871
25,1974,3,1.44577775506764
25,1975,3,1.6985005563048
25,1976,3,1.13766163423593
25,1977,3,0.923368416155925
25,1978,3,0.705103802287169
25,1979,3,0.564742368162864
25,1980,3,0.43915365891239
25,1981,3,0.336410173062694
25,1982,3,0.240335383899987
25,1983,3,0.247733215063966
25,1984,3,0.217471066955339
25,1985,3,0.219435049777363
25,1986,3,0.24257221667951
25,1987,3,0.273989045583861
25,1988,3,0.27471164244712
25,1989,3,0.260579369160299
25,1990,3,0.199715468253819
25,1991,3,0.141000546665857
25,1992,3,0.163780487679746
25,1993,3,0.176602734533338
25,1994,3,0.092077573525823
25,1995,3,0.056187920357256
25,1996,3,0.0452613063605858
25,1997,3,0.0607747245598767
25,1998,3,0.0947288982756565
25,1999,3,0.239072100878685
25,2000,3,0.140049956957942
25,2001,3,0.109490863858559
25,2002,3,0.15519274879123
25,2003,3,0.26593964509151
25,2004,3,0.124430166333783
25,2005,3,0.131749419598088
25,2006,3,0.115808478057634
25,2007,3,0.104033728335356
25,2008,3,0.0823937250447887
25,2009,3,0.0844655156822887
25,2010,3,0.0551529314378647
25,2011,3,0.050041796628905
25,2012,3,0.0640791991957098
25,2013,3,0.0704397410644498
25,2014,3,0.0875634363610967
25,2015,3,0.215321813218972
25,2016,3,0.0604753376349366
25,2017,3,0.0427460309876663
25,2018,3,0.0400476911630664
25,2019,3,0.0550803472470265
25,2020,3,0.133785681103902
25,2021,3,0.375259947312289
25,2022,3,0.292215176798785
25,2023,3,0.187897806983047
25,2024,3,0.189600932757631
25,1964,4,1.23087230026969
25,1965,4,1.2036502790008
25,1966,4,1.41251766358167
25,1967,4,1.13049464712183
25,1968,4,1.03331406047426
25,1969,4,0.866621841374897
25,1970,4,0.851541541034984
25,1971,4,0.689185960639434
25,1972,4,0.74908441357498
25,1973,4,0.827109670357491
25,1974,4,0.857438566585116
25,1975,4,1.06356453439361
25,1976,4,0.89969773273887
25,1977,4,0.903563453531014
25,1978,4,0.843015724779712
25,1979,4,0.957345183790454
25,1980,4,1.03736606364976
25,1981,4,0.919106393110153
25,1982,4,0.84416888275011
25,1983,4,0.649832608005701
25,1984,4,0.6658602096067
25,1985,4,0.52513394456019
25,1986,4,0.619509286244092
25,1987,4,0.565509810153956
25,1988,4,0.639006197247416
25,1989,4,0.802819264392879
25,1990,4,0.863982398877859
25,1991,4,0.616872933027683
25,1992,4,0.444918154339351
25,1993,4,0.613191461671443
25,1994,4,0.46162515363754
25,1995,4,0.205564415573525
25,1996,4,0.101194036874499
25,1997,4,0.118334271570891
25,1998,4,0.185587155776751
25,1999,4,0.316547237259602
25,2000,4,0.530753473284323
25,2001,4,0.371009507573463
25,2002,4,0.385030515423721
25,2003,4,0.443029080409334
25,2004,4,0.701468307621536
25,2005,4,0.592535444187963
25,2006,4,0.477471715015876
25,2007,4,0.593022900843654
25,2008,4,0.414530321394436
25,2009,4,0.446684231828871
25,2010,4,0.555579214710472
25,2011,4,0.249469790273433
25,2012,4,0.426647504842639
25,2013,4,0.337763577758794
25,2014,4,0.357742217858799
25,2015,4,0.440868741326364
25,2016,4,0.967146499564709
25,2017,4,0.37641944846618
25,2018,4,0.180958894716346
25,2019,4,0.151288042471925
25,2020,4,0.29986508633037
25,2021,4,0.260787116442118
25,2022,4,0.602716796209802
25,2023,4,0.514194362741637
25,2024,4,0.509973596971226
25,1964,5,2.59031567926411
25,1965,5,2.49193328386875
25,1966,5,2.24173623414869
25,1967,5,1.85717790873444
25,1968,5,1.46443272435697
25,1969,5,1.28527964035005
25,1970,5,1.25852774619305
25,1971,5,1.29486430140511
25,1972,5,1.47660670626783
25,1973,5,2.06434781576417
25,1974,5,2.22987402391249
25,1975,5,2.25771602212117
25,1976,5,2.00682347118101
25,1977,5,2.08209730823444
25,1978,5,2.36249255618381
25,1979,5,2.13820894087175
25,1980,5,2.13601007512884
25,1981,5,1.92211549066853
25,1982,5,1.52955791599851
25,1983,5,1.49006976489547
25,1984,5,1.33216890214727
25,1985,5,1.24052067161647
25,1986,5,1.42406498054452
25,1987,5,1.1046699568162
25,1988,5,1.43226854542252
25,1989,5,1.07555799940298
25,1990,5,1.09008668037725
25,1991,5,1.02859618540943
25,1992,5,0.58620070623802
25,1993,5,0.67036112548722
25,1994,5,1.07354229699067
25,1995,5,0.920096933613932
25,1996,5,0.437058223516259
25,1997,5,0.424632643769123
25,1998,5,0.370995653494456
25,1999,5,0.494319596974775
25,2000,5,0.850420231011552
25,2001,5,1.08836785511964
25,2002,5,1.09931755641044
25,2003,5,1.27219430974103
25,2004,5,0.988493345805006
25,2005,5,1.34606942327723
25,2006,5,1.14701238314704
25,2007,5,1.02547163053659
25,2008,5,1.00643755177426
25,2009,5,0.722938012831822
25,2010,5,0.855443144511065
25,2011,5,0.984537810656794
25,2012,5,0.494487079361125
25,2013,5,0.736723928027505
25,2014,5,0.724281605127964
25,2015,5,0.533814160841714
25,2016,5,0.620065095204139
25,2017,5,1.44499678713654
25,2018,5,1.33350124146364
25,2019,5,0.434212495542361
25,2020,5,0.69186624690556
25,2021,5,0.58737727472365
25,2022,5,0.74127630602028
25,2023,5,1.35660700857308
25,2024,5,1.39536869569601
25,1964,6,0.707258036435174
25,1965,6,0.76131031127897
25,1966,6,0.823418108452633
25,1967,6,0.890792706730501
25,1968,6,0.786751277778622
25,1969,6,0.720482872775671
25,1970,6,0.766047583521012
25,1971,6,0.890607889758279
25,1972,6,0.949493668916984
25,1973,6,1.02305483062812
25,1974,6,1.02633366794981
25,1975,6,1.01524959661953
25,1976,6,1.06430413218987
25,1977,6,1.08787789638175
25,1978,6,1.14391827802769
25,1979,6,1.15734120933801
25,1980,6,1.06870052115944
25,1981,6,1.04818597185119
25,1982,6,1.09480499610691
25,1983,6,1.21094764220954
25,1984,6,1.5578347254771
25,1985,6,1.42334776984608
25,1986,6,1.65687709289275
25,1987,6,1.96015877495465
25,1988,6,1.7871211395349
25,1989,6,2.17365637749242
25,1990,6,1.45906198094384
25,1991,6,1.18820374494852
25,1992,6,1.2809581850952
25,1993,6,1.03733076965628
25,1994,6,1.18652750152087
25,1995,6,1.56500233275522
25,1996,6,1.508747958174
25,1997,6,1.02676683146654
25,1998,6,1.20376860387104
25,1999,6,1.04123418751502
25,2000,6,1.1842278566539
25,2001,6,1.95106114598217
25,2002,6,1.98277186577759
25,2003,6,1.77595113988362
25,2004,6,1.45127432746374
25,2005,6,1.66030002211693
25,2006,6,1.75773157618653
25,2007,6,1.62239733003344
25,2008,6,1.51910752582791
25,2009,6,0.997529687927975
25,2010,6,0.954271263956508
25,2011,6,1.34872860899265
25,2012,6,1.38019039212639
25,2013,6,0.923725050436306
25,2014,6,1.05394224129236
25,2015,6,1.04635503421359
25,2016,6,0.879869444058212
25,2017,6,1.36359026814628
25,2018,6,1.29022729498536
25,2019,6,1.91703937927984
25,2020,6,1.51533291494777
25,2021,6,1.31378892302601
25,2022,6,1.12880699449396
25,2023,6,0.976991060651554
25,2024,6,0.890966703870039
25,1964,7,0.767176688150218
25,1965,7,0.793848647465205
25,1966,7,0.80721515171732
25,1967,7,0.825358560980389
25,1968,7,0.820209978511813
25,1969,7,0.836684538820464
25,1970,7,0.954364956269554
25,1971,7,0.960341771342798
25,1972,7,1.06333459379159
25,1973,7,1.20249494976779
25,1974,7,1.39292602270182
25,1975,7,1.46148845035471
25,1976,7,1.77685774343539
25,1977,7,1.95893916726583
25,1978,7,2.1120772128004
25,1979,7,2.23466097541389
25,1980,7,2.1663315017499
25,1981,7,2.152156837225
25,1982,7,2.17014029906
25,1983,7,1.74014836214474
25,1984,7,1.24940693529249
25,1985,7,1.1932356679095
25,1986,7,0.990883850971533
25,1987,7,1.1775634411439
25,1988,7,1.43101570550547
25,1989,7,1.50435661992022
25,1990,7,1.67086755747406
25,1991,7,1.41908509186415
25,1992,7,1.37805051006681
25,1993,7,1.59986317344118
25,1994,7,1.49859407121095
25,1995,7,1.33531527365636
25,1996,7,1.97995635808666
25,1997,7,1.46470810117893
25,1998,7,1.51834364171547
25,1999,7,1.25853037334119
25,2000,7,1.52602136215039
25,2001,7,1.64087754869091
25,2002,7,1.72694255504158
25,2003,7,1.90440209109083
25,2004,7,2.22978336681301
25,2005,7,1.65561502818382
25,2006,7,1.45466820902022
25,2007,7,1.22081051605973
25,2008,7,1.39823288630939
25,2009,7,1.55564936823763
25,2010,7,1.29425577413913
25,2011,7,1.28933494443483
25,2012,7,1.51877224526233
25,2013,7,1.3407137841906
25,2014,7,1.61081186493511
25,2015,7,1.35758587735384
25,2016,7,1.2193780351045
25,2017,7,1.58995145225677
25,2018,7,1.42008501790683
25,2019,7,2.69593818640323
25,2020,7,1.78094750451068
25,2021,7,1.82273835278933
25,2022,7,1.55514603377467
25,2023,7,1.47268734137227
25,2024,7,1.45531254178733
25,1964,8,0.437401251877673
25,1965,8,0.447529269064038
25,1966,8,0.464595563285099
25,1967,8,0.486597085102656
25,1968,8,0.507236796119146
25,1969,8,0.524719021695868
25,1970,8,0.593039531589647
25,1971,8,0.646491607499478
25,1972,8,0.732116585317312
25,1973,8,0.73633469009836
25,1974,8,0.796612568821188
25,1975,8,0.837632897018024
25,1976,8,0.986532603912561
25,1977,8,1.06340033294393
25,1978,8,1.11860745136704
25,1979,8,1.22387207009997
25,1980,8,1.33822677417112
25,1981,8,1.53063684373247
25,1982,8,1.72477595283683
25,1983,8,1.72762182107965
25,1984,8,1.68717420969129
25,1985,8,1.8876409340135
25,1986,8,1.59649976966803
25,1987,8,1.46943935202414
25,1988,8,1.36028103997193
25,1989,8,1.44648479554484
25,1990,8,1.27228195686293
25,1991,8,1.18406320736498
25,1992,8,1.40980436606118
25,1993,8,1.68918027101284
25,1994,8,1.7014080360905
25,1995,8,2.13795847168842
25,1996,8,2.26921948943034
25,1997,8,1.89483203846118
25,1998,8,1.57640440272393
25,1999,8,1.8978430150563
25,2000,8,2.00194360994219
25,2001,8,1.63670172288549
25,2002,8,1.74612714965627
25,2003,8,1.6790396901304
25,2004,8,2.0071368527043
25,2005,8,1.72931990681196
25,2006,8,1.25190180899893
25,2007,8,1.01934165147981
25,2008,8,1.43550550932577
25,2009,8,1.53119953857232
25,2010,8,1.40941328595256
25,2011,8,1.39768475807334
25,2012,8,1.50927506154229
25,2013,8,1.61274311048083
25,2014,8,1.77853881954618
25,2015,8,1.77327675103288
25,2016,8,1.68714656321858
25,2017,8,1.53433819839908
25,2018,8,1.60449852041605
25,2019,8,1.80817511056495
25,2020,8,1.43836846602287
25,2021,8,2.09954191530999
25,2022,8,2.09435283226445
25,2023,8,2.08199117465282
25,2024,8,2.17674467816985
26,1964,3,0.595268526594956
26,1965,3,0.675007916104931
26,1966,3,0.582679380816918
26,1967,3,0.508542527872959
26,1968,3,0.630440063347245
26,1969,3,0.70923990502469
26,1970,3,0.723005350171879
26,1971,3,0.959639732388219
26,1972,3,0.912828224277871
26,1973,3,0.935058589729945
26,1974,3,1.0568166762348
26,1975,3,1.19496830436308
26,1976,3,0.935784824778888
26,1977,3,0.910006148692583
26,1978,3,0.883401054395741
26,1979,3,0.782518533453582
26,1980,3,0.501759963390502
26,1981,3,0.281948181051978
26,1982,3,0.205859311862275
26,1983,3,0.210736805377797
26,1984,3,0.181042001966881
26,1985,3,0.166979284980748
26,1986,3,0.216356135442034
26,1987,3,0.245740181198773
26,1988,3,0.317049508854336
26,1989,3,0.22320399713062
26,1990,3,0.171219547724699
26,1991,3,0.149357900699152
26,1992,3,0.188733432824211
26,1993,3,0.140464932636677
26,1994,3,0.119222224279977
26,1995,3,0.0469796168919169
26,1996,3,0.0527867142016074
26,1997,3,0.089032631088822
26,1998,3,0.131973563516386
26,1999,3,0.262608782560641
26,2000,3,0.153594575891951
26,2001,3,0.09051395759135
26,2002,3,0.111622651685119
26,2003,3,0.184102096528945
26,2004,3,0.102437977570201
26,2005,3,0.12013722074969
26,2006,3,0.155789691534161
26,2007,3,0.178073080841515
26,2008,3,0.0978175455341639
26,2009,3,0.0865475715665175
26,2010,3,0.0528265142433405
26,2011,3,0.0511401177579349
26,2012,3,0.0576290922818264
26,2013,3,0.0712834366910871
26,2014,3,0.0811740668732342
26,2015,3,0.171584939254344
26,2016,3,0.0577611008962317
26,2017,3,0.0314115537317354
26,2018,3,0.0375368260903006
26,2019,3,0.0540616300075698
26,2020,3,0.130272691815359
26,2021,3,0.298473709992191
26,2022,3,0.26734533061715
26,2023,3,0.178911662348092
26,2024,3,0.180865581514347
26,1964,4,3.52744404520276
26,1965,4,3.51608846755523
26,1966,4,2.36487397256294
26,1967,4,1.77650016797887
26,1968,4,1.9152630495388
26,1969,4,1.61143484120037
26,1970,4,1.22405957971038
26,1971,4,1.26417787077274
26,1972,4,1.32288009135833
26,1973,4,1.68578360968364
26,1974,4,1.66538460872517
26,1975,4,1.51542984529966
26,1976,4,1.26629372033857
26,1977,4,1.26740307328689
26,1978,4,1.2454448085507
26,1979,4,1.20159137664911
26,1980,4,1.15839616143006
26,1981,4,0.779635849443124
26,1982,4,0.728815119787554
26,1983,4,0.646396170284398
26,1984,4,0.576971411282615
26,1985,4,0.559853664089004
26,1986,4,0.723463594356524
26,1987,4,0.578598217114134
26,1988,4,0.524763844884954
26,1989,4,0.464935892969823
26,1990,4,0.428256554565926
26,1991,4,0.440471030351354
26,1992,4,0.433687950510921
26,1993,4,0.659898080041987
26,1994,4,0.510892688404839
26,1995,4,0.1946462016012
26,1996,4,0.118767995087497
26,1997,4,0.274879662829192
26,1998,4,0.318699779338241
26,1999,4,0.444791452827802
26,2000,4,0.512085543136736
26,2001,4,0.469831031659214
26,2002,4,0.350293169295455
26,2003,4,0.537222269612151
26,2004,4,0.798417933646301
26,2005,4,0.649169681498012
26,2006,4,0.652173564699748
26,2007,4,0.637672963405164
26,2008,4,0.383256768649704
26,2009,4,0.455807087722586
26,2010,4,0.500638448927497
26,2011,4,0.190821160112861
26,2012,4,0.348520097186385
26,2013,4,0.328999244013571
26,2014,4,0.256701533873207
26,2015,4,0.348953896947694
26,2016,4,1.12403162867909
26,2017,4,0.358568236332802
26,2018,4,0.206408870557481
26,2019,4,0.122808922117192
26,2020,4,0.315023251382301
26,2021,4,0.305087886654386
26,2022,4,0.615717301885946
26,2023,4,0.504929841310494
26,2024,4,0.499188280683439
26,1964,5,1.22835745690742
26,1965,5,1.10901956451907
26,1966,5,1.03325820890159
26,1967,5,0.995886102021393
26,1968,5,1.17566905377894
26,1969,5,1.1901813075452
26,1970,5,1.08716276046338
26,1971,5,1.07227234485447
26,1972,5,0.994916474086441
26,1973,5,1.06057849111457
26,1974,5,1.10912449761366
26,1975,5,1.1645074150701
26,1976,5,0.941725640575896
26,1977,5,0.798409209741163
26,1978,5,0.775101022468586
26,1979,5,0.804410273292155
26,1980,5,1.37999759641394
26,1981,5,1.7123467712953
26,1982,5,1.68734330189096
26,1983,5,1.46960420799211
26,1984,5,1.57723703999283
26,1985,5,1.25738646259505
26,1986,5,0.959786405121183
26,1987,5,0.832290368709664
26,1988,5,0.950015728488562
26,1989,5,0.893239609831959
26,1990,5,1.08135223589973
26,1991,5,0.649486205843771
26,1992,5,0.493074964833825
26,1993,5,0.737777773300786
26,1994,5,1.33563160689351
26,1995,5,0.715990501808291
26,1996,5,0.397593522895093
26,1997,5,0.507648210535317
26,1998,5,0.547120858190921
26,1999,5,0.672328844342955
26,2000,5,1.00191348502411
26,2001,5,1.17799248497779
26,2002,5,0.989359637591015
26,2003,5,1.31100297620092
26,2004,5,1.226636345071
26,2005,5,1.63198314976187
26,2006,5,1.1908741531941
26,2007,5,1.17898986175941
26,2008,5,0.752825784887489
26,2009,5,0.647232357386573
26,2010,5,0.811684892494769
26,2011,5,1.04690147564844
26,2012,5,0.469526205174279
26,2013,5,0.642837314563813
26,2014,5,0.588355959780822
26,2015,5,0.595972837354828
26,2016,5,0.778229781110855
26,2017,5,1.26021996389794
26,2018,5,1.41224100188326
26,2019,5,0.390947891186545
26,2020,5,0.572751020873516
26,2021,5,0.650095579654189
26,2022,5,0.737940682811426
26,2023,5,1.1450744533304
26,2024,5,1.1107075228566
26,1964,6,1.18826272134616
26,1965,6,1.11456139871063
26,1966,6,1.173011455433
26,1967,6,1.05388768965191
26,1968,6,1.01754565895843
26,1969,6,0.892155778058648
26,1970,6,0.779503697467695
26,1971,6,0.806413746641807
26,1972,6,0.844974739987604
26,1973,6,0.881249970894182
26,1974,6,0.92037684618181
26,1975,6,1.02706825082682
26,1976,6,1.08473593556058
26,1977,6,1.16851815347354
26,1978,6,1.32592818248857
26,1979,6,1.54102273330492
26,1980,6,1.35206209640203
26,1981,6,1.76843393321338
26,1982,6,1.89780763998828
26,1983,6,1.59605341764941
26,1984,6,1.4439502275438
26,1985,6,1.8661715652689
26,1986,6,1.35508697341502
26,1987,6,1.1063439087859
26,1988,6,1.22129498857509
26,1989,6,1.15001923319221
26,1990,6,1.36768908286154
26,1991,6,1.03704940526162
26,1992,6,0.883156933956718
26,1993,6,1.03746857915672
26,1994,6,1.18601388614065
26,1995,6,1.49471710871964
26,1996,6,1.47460349618886
26,1997,6,1.30147887456411
26,1998,6,1.31423983100317
26,1999,6,0.983022418055622
26,2000,6,1.05851924522788
26,2001,6,1.63189196703194
26,2002,6,1.93679183767934
26,2003,6,1.86676499747251
26,2004,6,1.4949225820224
26,2005,6,2.06639393121333
26,2006,6,1.98243486863783
26,2007,6,1.70979757083058
26,2008,6,1.4684573044132
26,2009,6,1.21771809242126
26,2010,6,1.05909773324144
26,2011,6,1.36709813954121
26,2012,6,1.14757310059014
26,2013,6,0.683079988482397
26,2014,6,0.919615324288059
26,2015,6,1.06555402461585
26,2016,6,0.887064928476196
26,2017,6,1.42124701194232
26,2018,6,1.59009019218373
26,2019,6,1.73965661105267
26,2020,6,1.39604068151241
26,2021,6,1.00430881979085
26,2022,6,0.896307914346266
26,2023,6,0.979957895739896
26,2024,6,0.918277097316337
26,1964,7,0.98715822958281
26,1965,7,0.904381164517489
26,1966,7,0.952452244116513
26,1967,7,0.932479659031051
26,1968,7,0.873221381639247
26,1969,7,0.845044602747973
26,1970,7,0.849004809056812
26,1971,7,0.848501027058879
26,1972,7,0.935429760879274
26,1973,7,0.999454883706229
26,1974,7,1.17971714553789
26,1975,7,1.2957739171462
26,1976,7,1.35529103788194
26,1977,7,1.36800724453798
26,1978,7,1.4069525424828
26,1979,7,1.5629055959802
26,1980,7,1.71378086793744
26,1981,7,1.91026990858144
26,1982,7,1.93866709098015
26,1983,7,2.04608567477778
26,1984,7,1.88548447673944
26,1985,7,1.61745397412644
26,1986,7,1.37486495694006
26,1987,7,1.57110981889183
26,1988,7,1.43662543789123
26,1989,7,1.34739399381691
26,1990,7,1.41935343532104
26,1991,7,1.20601735436838
26,1992,7,1.30450692645902
26,1993,7,1.40641439501424
26,1994,7,1.18979865773728
26,1995,7,1.36121701617755
26,1996,7,2.06416313530196
26,1997,7,1.45340690836651
26,1998,7,1.60161549129623
26,1999,7,1.45745679863002
26,2000,7,1.83136413115998
26,2001,7,1.70367503392321
26,2002,7,1.90958711836169
26,2003,7,1.87801570533448
26,2004,7,1.72104838339071
26,2005,7,1.65955420395211
26,2006,7,1.81738585625258
26,2007,7,1.69397055762504
26,2008,7,1.27249243561105
26,2009,7,1.22592489342191
26,2010,7,1.01905454933159
26,2011,7,1.07898637488686
26,2012,7,1.37052823338574
26,2013,7,1.06793924414167
26,2014,7,1.24969179337686
26,2015,7,1.23291850316809
26,2016,7,1.14549810047969
26,2017,7,1.4646125418975
26,2018,7,1.5833575034032
26,2019,7,2.61462799128293
26,2020,7,1.63498757878327
26,2021,7,1.80453138306131
26,2022,7,1.536816154171
26,2023,7,1.07344557208214
26,2024,7,1.10670957057217
26,1964,8,2.04421286990537
26,1965,8,2.02579551405153
26,1966,8,2.39384130879273
26,1967,8,2.79805164666373
26,1968,8,2.7722770582788
26,1969,8,3.0245097141335
26,1970,8,3.49642304152797
26,1971,8,3.42220247801598
26,1972,8,3.50251171704848
26,1973,8,3.12327704011287
26,1974,8,2.89554633141376
26,1975,8,2.59615971504716
26,1976,8,2.58108370812076
26,1977,8,2.55673855822915
26,1978,8,2.51244352751572
26,1979,8,2.36761555198267
26,1980,8,2.12406065136378
26,1981,8,1.93895641305153
26,1982,8,1.78223837511176
26,1983,8,1.71310185899632
26,1984,8,1.61557750930947
26,1985,8,1.51055231598313
26,1986,8,1.75174910235803
26,1987,8,1.84230716549349
26,1988,8,1.62630177412365
26,1989,8,2.06813321938455
26,1990,8,1.57825654070638
26,1991,8,1.44888028147507
26,1992,8,1.24303465066091
26,1993,8,1.37720174054894
26,1994,8,1.39777549537315
26,1995,8,1.89777692520254
26,1996,8,1.95032849328486
26,1997,8,1.95593804004689
26,1998,8,1.82242740711372
26,1999,8,1.89362484082051
26,2000,8,1.91840674407687
26,2001,8,1.64945022145591
26,2002,8,1.79160798712236
26,2003,8,1.42589237035921
26,2004,8,2.22418986514788
26,2005,8,1.64388182855551
26,2006,8,1.3515630722063
26,2007,8,1.33910848497909
26,2008,8,1.44694501545595
26,2009,8,1.22389426036422
26,2010,8,0.924625719996699
26,2011,8,1.0860493625089
26,2012,8,1.50906743176
26,2013,8,1.44771302186771
26,2014,8,1.3518489315568
26,2015,8,1.55551487303605
26,2016,8,1.55148467099049
26,2017,8,1.27471783168386
26,2018,8,1.22747506483775
26,2019,8,1.60744758199398
26,2020,8,1.61646471003602
26,2021,8,2.26343781882987
26,2022,8,2.57315844067538
26,2023,8,2.3033237428806
26,2024,8,2.37781652723849
27,1964,3,1.19322885775314
27,1965,3,1.17122168814349
27,1966,3,1.08018238570621
27,1967,3,1.15563148228139
27,1968,3,0.986355343289765
27,1969,3,0.958640605455001
27,1970,3,0.860966393399768
27,1971,3,0.847317141988795
27,1972,3,0.850553775371045
27,1973,3,0.936532921161665
27,1974,3,1.01919559869482
27,1975,3,1.06031182943717
27,1976,3,1.34284233755949
27,1977,3,1.30797892216273
27,1978,3,0.999659310078666
27,1979,3,0.603588491315676
27,1980,3,0.411029143145211
27,1981,3,0.284252849013724
27,1982,3,0.281648324167252
27,1983,3,0.267448318050844
27,1984,3,0.210959473644961
27,1985,3,0.197293445170371
27,1986,3,0.206032380809989
27,1987,3,0.228204797892101
27,1988,3,0.242235685484043
27,1989,3,0.263447371925304
27,1990,3,0.224953466294326
27,1991,3,0.163420255273938
27,1992,3,0.196389351038512
27,1993,3,0.189993361051758
27,1994,3,0.0862215580460966
27,1995,3,0.062192075288962
27,1996,3,0.0703711775133883
27,1997,3,0.113769627521304
27,1998,3,0.14686523037249
27,1999,3,0.265331162757513
27,2000,3,0.220789147809539
27,2001,3,0.117135533467898
27,2002,3,0.109654935452925
27,2003,3,0.137804235616206
27,2004,3,0.117138719603425
27,2005,3,0.0819828767729362
27,2006,3,0.124748147639899
27,2007,3,0.0854125874851888
27,2008,3,0.0726125918761828
27,2009,3,0.0789559996458376
27,2010,3,0.0524628937809611
27,2011,3,0.0417292254115934
27,2012,3,0.0584751958088742
27,2013,3,0.0539995166941171
27,2014,3,0.0854751348469353
27,2015,3,0.18017072047249
27,2016,3,0.0693920258973329
27,2017,3,0.0368932713397848
27,2018,3,0.0399039547569752
27,2019,3,0.0450064846529598
27,2020,3,0.105401009813335
27,2021,3,0.297429000960034
27,2022,3,0.290571011095868
27,2023,3,0.226769902680948
27,2024,3,0.228350687493845
27,1964,4,2.44269013465666
27,1965,4,2.41161413597609
27,1966,4,2.21698540763106
27,1967,4,2.05230791361034
27,1968,4,2.05904343927966
27,1969,4,1.97306533436213
27,1970,4,1.61789088648684
27,1971,4,1.52765171660149
27,1972,4,1.24266306878427
27,1973,4,1.36448245993583
27,1974,4,1.2918140290504
27,1975,4,1.37446008513839
27,1976,4,1.48765882051664
27,1977,4,1.10446816229815
27,1978,4,0.918302920668324
27,1979,4,0.87664806304395
27,1980,4,0.93537853396909
27,1981,4,0.933189292832616
27,1982,4,0.876018262001718
27,1983,4,0.707687826713378
27,1984,4,0.539823350942809
27,1985,4,0.480390983062778
27,1986,4,0.456127572082594
27,1987,4,0.485423641052241
27,1988,4,0.48355910880009
27,1989,4,0.625032933391869
27,1990,4,0.607091814457526
27,1991,4,0.461618224405217
27,1992,4,0.373483384918234
27,1993,4,0.622193128646974
27,1994,4,0.419600639678224
27,1995,4,0.249420126192741
27,1996,4,0.138040482787543
27,1997,4,0.196359435557863
27,1998,4,0.326554728573898
27,1999,4,0.403025774870519
27,2000,4,0.510031952617005
27,2001,4,0.426188152411576
27,2002,4,0.405263906744057
27,2003,4,0.43585442895274
27,2004,4,0.751661211813939
27,2005,4,0.476913911542232
27,2006,4,0.579298664331479
27,2007,4,0.475577838417387
27,2008,4,0.356853109677289
27,2009,4,0.363473439742723
27,2010,4,0.493212587977509
27,2011,4,0.202583237565526
27,2012,4,0.300719047485686
27,2013,4,0.268893195420336
27,2014,4,0.259289743926127
27,2015,4,0.397920554422298
27,2016,4,1.03016429303654
27,2017,4,0.298938738006435
27,2018,4,0.188395596764547
27,2019,4,0.114327804449968
27,2020,4,0.203030062381181
27,2021,4,0.266763914729669
27,2022,4,0.504166143334906
27,2023,4,0.606029281012905
27,2024,4,0.601944505043712
27,1964,5,2.40120232615239
27,1965,5,2.33898918685528
27,1966,5,2.3129994926408
27,1967,5,2.28746148992344
27,1968,5,2.11023038753844
27,1969,5,1.71919586216782
27,1970,5,1.58591968853655
27,1971,5,1.6732276128983
27,1972,5,1.39839378253123
27,1973,5,1.45344890479293
27,1974,5,1.36239191997555
27,1975,5,1.42704404262642
27,1976,5,1.45415387504953
27,1977,5,1.2774851006782
27,1978,5,1.36029773824397
27,1979,5,1.33138895478546
27,1980,5,1.32394613488109
27,1981,5,1.34250248456573
27,1982,5,1.28828306503342
27,1983,5,0.987212024951259
27,1984,5,0.905524963997844
27,1985,5,0.780549967492759
27,1986,5,0.738876909620388
27,1987,5,0.853142852422476
27,1988,5,0.833714861763282
27,1989,5,1.05861416089802
27,1990,5,1.01318369924267
27,1991,5,0.80491157873516
27,1992,5,0.474678737768748
27,1993,5,0.692617775407533
27,1994,5,1.11071208499256
27,1995,5,0.763463304850881
27,1996,5,0.449719040517905
27,1997,5,0.457192037058905
27,1998,5,0.620574277770565
27,1999,5,0.691170952872861
27,2000,5,0.768378499768475
27,2001,5,0.968475666466963
27,2002,5,0.886988578149152
27,2003,5,1.05830089758918
27,2004,5,1.10578175404128
27,2005,5,1.49407415082388
27,2006,5,1.24105797455065
27,2007,5,1.06261761076288
27,2008,5,0.827125334249625
27,2009,5,0.71223786681602
27,2010,5,0.866471870081481
27,2011,5,1.07139349901272
27,2012,5,0.423442359044334
27,2013,5,0.567294337491838
27,2014,5,0.616086588377234
27,2015,5,0.51111160833572
27,2016,5,0.718759237982029
27,2017,5,1.1989192790979
27,2018,5,1.25651497405832
27,2019,5,0.425698862155853
27,2020,5,0.500230800695209
27,2021,5,0.459210281342578
27,2022,5,0.756364877832871
27,2023,5,1.48757980516841
27,2024,5,1.41136282316663
27,1964,6,1.38504206403635
27,1965,6,1.30746551050096
27,1966,6,1.29189231382452
27,1967,6,1.17362681265892
27,1968,6,1.09681853186602
27,1969,6,1.01132559588101
27,1970,6,1.00124485727932
27,1971,6,1.15839169170364
27,1972,6,1.24052198533565
27,1973,6,1.4114640879425
27,1974,6,1.47107126469361
27,1975,6,1.59486845847704
27,1976,6,1.58894961154198
27,1977,6,1.65762002434669
27,1978,6,1.77105974536995
27,1979,6,1.74535606137978
27,1980,6,1.72952161454525
27,1981,6,1.70875100485168
27,1982,6,1.57296882889212
27,1983,6,1.62389335068871
27,1984,6,1.48863480377858
27,1985,6,1.46569694621952
27,1986,6,1.4029292810369
27,1987,6,1.28266406535898
27,1988,6,1.36827616252894
27,1989,6,1.24135776173066
27,1990,6,1.19786241933904
27,1991,6,1.09154297917137
27,1992,6,0.783784819839991
27,1993,6,1.06874873508092
27,1994,6,1.23662937467862
27,1995,6,1.5947690496608
27,1996,6,1.20693994265441
27,1997,6,0.840708419438564
27,1998,6,1.02177017784149
27,1999,6,1.15572505528329
27,2000,6,1.3573257757332
27,2001,6,1.37694645971572
27,2002,6,1.71603720561572
27,2003,6,1.39730893765629
27,2004,6,1.3114362389046
27,2005,6,1.76615154980285
27,2006,6,1.59795994523897
27,2007,6,1.5578377612091
27,2008,6,1.30830502620341
27,2009,6,1.1327447039203
27,2010,6,1.34889918964449
27,2011,6,1.28814840312447
27,2012,6,1.01798799603834
27,2013,6,0.812211730365681
27,2014,6,1.06472118221464
27,2015,6,0.96818320713318
27,2016,6,0.858170116430601
27,2017,6,1.36158917946276
27,2018,6,1.59005317746263
27,2019,6,1.66516962603253
27,2020,6,1.44628612643277
27,2021,6,0.987399333016649
27,2022,6,1.08605244763071
27,2023,6,1.4904134973474
27,2024,6,1.50625329518468
27,1964,7,0.599566826152363
27,1965,7,0.600294920383075
27,1966,7,0.633871209619444
27,1967,7,0.647657856487151
27,1968,7,0.677757608410653
27,1969,7,0.726969367592217
27,1970,7,0.793391458772837
27,1971,7,0.884717695596761
27,1972,7,0.943602560572273
27,1973,7,0.967221821981618
27,1974,7,0.986344963751195
27,1975,7,0.997945519572201
27,1976,7,0.998677773050637
27,1977,7,1.09499711215325
27,1978,7,1.21029959738677
27,1979,7,1.36126997781514
27,1980,7,1.41054735031827
27,1981,7,1.37366588986666
27,1982,7,1.1692345452909
27,1983,7,1.1068971469393
27,1984,7,1.09839563368304
27,1985,7,1.12558172367697
27,1986,7,1.20358834789193
27,1987,7,1.1339318178919
27,1988,7,1.39774365074019
27,1989,7,1.32500028722703
27,1990,7,1.54851024742601
27,1991,7,1.53490539617187
27,1992,7,1.12739629409949
27,1993,7,1.19145898133891
27,1994,7,1.47870706071341
27,1995,7,1.6015866250213
27,1996,7,1.76827348859679
27,1997,7,1.42775402068177
27,1998,7,1.57301363251071
27,1999,7,1.64736777933516
27,2000,7,1.69950501504301
27,2001,7,2.06293249837683
27,2002,7,1.76537427846565
27,2003,7,1.61839602151393
27,2004,7,1.66312453251326
27,2005,7,1.82872651380643
27,2006,7,1.22727608408604
27,2007,7,1.54606939799012
27,2008,7,1.42406563633886
27,2009,7,1.02601762351182
27,2010,7,1.00905517098251
27,2011,7,1.11380019249447
27,2012,7,1.30219443039503
27,2013,7,1.4017091518983
27,2014,7,1.68840380152622
27,2015,7,1.14774640959499
27,2016,7,1.03028170414665
27,2017,7,1.2052042272051
27,2018,7,1.47961352330597
27,2019,7,2.51842634689461
27,2020,7,1.68624436896146
27,2021,7,1.72977703603986
27,2022,7,1.63286432794143
27,2023,7,1.52391856554006
27,2024,7,1.43140767963145
27,1964,8,0.818372707421602
27,1965,8,0.86454562463902
27,1966,8,0.93016564094692
27,1967,8,1.01357231035395
27,1968,8,1.13627580352953
27,1969,8,1.29831299420213
27,1970,8,1.40027252026457
27,1971,8,1.42643645216173
27,1972,8,1.52772322480279
27,1973,8,1.43027728869
27,1974,8,1.39963150351581
27,1975,8,1.32435276282154
27,1976,8,1.22786159769543
27,1977,8,1.32348986736466
27,1978,8,1.404413925787
27,1979,8,1.599753775078
27,1980,8,1.73772261406665
27,1981,8,1.72847105765808
27,1982,8,1.69768893687985
27,1983,8,1.72131135707793
27,1984,8,1.86009055397565
27,1985,8,1.77291808911025
27,1986,8,1.61792445939669
27,1987,8,1.29357182871608
27,1988,8,1.18576218119167
27,1989,8,1.08024322886542
27,1990,8,1.18354968639055
27,1991,8,1.40806212905552
27,1992,8,1.68460419194376
27,1993,8,1.77831635703149
27,1994,8,1.99914188543123
27,1995,8,2.24831285863611
27,1996,8,2.56601648329216
27,1997,8,1.92870842078819
27,1998,8,1.83961308984388
27,1999,8,1.66353105469988
27,2000,8,1.73374200732101
27,2001,8,1.66378953168223
27,2002,8,2.05555145610194
27,2003,8,2.02963944712977
27,2004,8,1.79342530172944
27,2005,8,1.57988265658586
27,2006,8,1.42613665951871
27,2007,8,1.2600148905141
27,2008,8,1.29134866238157
27,2009,8,1.31426126636875
27,2010,8,1.20542553639649
27,2011,8,1.11228719362124
27,2012,8,1.26816315499204
27,2013,8,1.5866339245297
27,2014,8,1.34921272179878
27,2015,8,1.23297291633179
27,2016,8,1.51362430285645
27,2017,8,1.55763749594647
27,2018,8,1.83471173413655
27,2019,8,2.09281547389142
27,2020,8,1.56071912609988
27,2021,8,1.68937112492342
27,2022,8,1.67285466026247
27,2023,8,1.49326288131312
27,2024,8,1.49333210694798
28,1964,3,0.397705378862187
28,1965,3,0.42437074716688
28,1966,3,0.50490395669623
28,1967,3,0.534749520365881
28,1968,3,0.684044732459075
28,1969,3,0.69715846495245
28,1970,3,0.644646940342843
28,1971,3,0.859280227449247
28,1972,3,1.29301531518457
28,1973,3,1.45330205213401
28,1974,3,1.70267560739945
28,1975,3,1.90256525182141
28,1976,3,1.590588430533
28,1977,3,1.17738513455364
28,1978,3,0.831851589219427
28,1979,3,0.59796134762414
28,1980,3,0.480251857927868
28,1981,3,0.430729817564889
28,1982,3,0.266701266173426
28,1983,3,0.231836622522226
28,1984,3,0.18018933681617
28,1985,3,0.147408174241403
28,1986,3,0.159944952577209
28,1987,3,0.21700505107229
28,1988,3,0.259370442578712
28,1989,3,0.253759758845487
28,1990,3,0.220048460714234
28,1991,3,0.134753770210665
28,1992,3,0.177486426460388
28,1993,3,0.175681810616806
28,1994,3,0.0720954697604371
28,1995,3,0.0485887924592267
28,1996,3,0.0578170405115383
28,1997,3,0.099779556947101
28,1998,3,0.16070141130446
28,1999,3,0.256684544971473
28,2000,3,0.191264466602702
28,2001,3,0.102061274137142
28,2002,3,0.126899316313986
28,2003,3,0.193264817648673
28,2004,3,0.108758499848706
28,2005,3,0.124201018765287
28,2006,3,0.156298735282496
28,2007,3,0.162199164122097
28,2008,3,0.1137949157538
28,2009,3,0.115083848476147
28,2010,3,0.0789852781045275
28,2011,3,0.0602021672176441
28,2012,3,0.0642070939298431
28,2013,3,0.0629547748325484
28,2014,3,0.0833674781131629
28,2015,3,0.237446329790879
28,2016,3,0.0725466149373789
28,2017,3,0.0428942236662342
28,2018,3,0.0463205964859549
28,2019,3,0.0426996105828
28,2020,3,0.106853005812991
28,2021,3,0.27397438626948
28,2022,3,0.318610860929794
28,2023,3,0.269909409231545
28,2024,3,0.274704979149192
28,1964,4,2.88965618865325
28,1965,4,3.24494399776107
28,1966,4,2.94548357237314
28,1967,4,2.18380497837723
28,1968,4,1.7370237707311
28,1969,4,1.43164209153696
28,1970,4,1.11117540019104
28,1971,4,1.11242278145575
28,1972,4,1.07982701555335
28,1973,4,1.02131247348986
28,1974,4,1.10109446017843
28,1975,4,1.32169000255284
28,1976,4,1.25713868459585
28,1977,4,1.46820747454035
28,1978,4,1.04220182729035
28,1979,4,0.914909438721201
28,1980,4,0.936041419071761
28,1981,4,0.844431050917813
28,1982,4,0.729358218553738
28,1983,4,0.656961223111274
28,1984,4,0.647062535034187
28,1985,4,0.553130119339833
28,1986,4,0.536102487920239
28,1987,4,0.467602588181304
28,1988,4,0.64580595470232
28,1989,4,0.708657678213866
28,1990,4,0.562257753072419
28,1991,4,0.346808951243647
28,1992,4,0.412358346821925
28,1993,4,0.648649021979817
28,1994,4,0.359272814866076
28,1995,4,0.216628265785447
28,1996,4,0.105038705454307
28,1997,4,0.180071886730878
28,1998,4,0.26776289092134
28,1999,4,0.390939715736749
28,2000,4,0.593523819821679
28,2001,4,0.440850960102714
28,2002,4,0.42040194017486
28,2003,4,0.442301399268781
28,2004,4,0.652928882111879
28,2005,4,0.561599303905681
28,2006,4,0.483444147069242
28,2007,4,0.596824499159042
28,2008,4,0.513973351532019
28,2009,4,0.503702318269768
28,2010,4,0.654658363416841
28,2011,4,0.26833603449737
28,2012,4,0.381137508364482
28,2013,4,0.363903397224115
28,2014,4,0.36596609503776
28,2015,4,0.48498913441101
28,2016,4,1.16085633042074
28,2017,4,0.387211555159887
28,2018,4,0.218517769590133
28,2019,4,0.130232503900348
28,2020,4,0.301737087566172
28,2021,4,0.310570538475418
28,2022,4,0.57998831100493
28,2023,4,0.568772154878897
28,2024,4,0.576696074080092
28,1964,5,3.53979961790321
28,1965,5,3.35835852146607
28,1966,5,3.11048147471425
28,1967,5,3.33183399362941
28,1968,5,2.95642924959503
28,1969,5,2.84490856349658
28,1970,5,1.87204442064632
28,1971,5,1.43277659316908
28,1972,5,1.51243662887944
28,1973,5,1.45029974053774
28,1974,5,1.31517372918289
28,1975,5,1.25838715352459
28,1976,5,1.24362373332615
28,1977,5,1.36546616219363
28,1978,5,1.42618329137618
28,1979,5,1.35944991108939
28,1980,5,1.27751207849766
28,1981,5,1.3048442540195
28,1982,5,1.27596702262374
28,1983,5,1.15259296206722
28,1984,5,1.05531559265249
28,1985,5,1.09163072881911
28,1986,5,0.795490541815548
28,1987,5,0.680468020999028
28,1988,5,0.818831493571499
28,1989,5,1.02563375440262
28,1990,5,1.01435005308463
28,1991,5,0.610484192836473
28,1992,5,0.53752182524947
28,1993,5,0.61452750984531
28,1994,5,1.0807289430059
28,1995,5,0.650578785577578
28,1996,5,0.393331468944308
28,1997,5,0.29261846448986
28,1998,5,0.460974918474765
28,1999,5,0.694702111645725
28,2000,5,0.91937387207865
28,2001,5,1.20484560405446
28,2002,5,0.89873748378389
28,2003,5,0.823172586724486
28,2004,5,0.93528204920466
28,2005,5,1.53354961689832
28,2006,5,1.14583882879366
28,2007,5,1.11620996935055
28,2008,5,1.08064539982018
28,2009,5,0.794455114411639
28,2010,5,0.830567204974699
28,2011,5,1.3935349170651
28,2012,5,0.61419589787687
28,2013,5,0.762161634945094
28,2014,5,0.758091044493206
28,2015,5,0.621475093866534
28,2016,5,0.695162350073827
28,2017,5,1.46156065413228
28,2018,5,1.21035365598771
28,2019,5,0.392597438664369
28,2020,5,0.643286043844701
28,2021,5,0.747977542896535
28,2022,5,0.914187797671941
28,2023,5,1.18282534429881
28,2024,5,1.216795126355
28,1964,6,2.66078367285884
28,1965,6,2.3093758320103
28,1966,6,2.12965352426075
28,1967,6,2.10542226319742
28,1968,6,1.95903360654912
28,1969,6,1.89454953038806
28,1970,6,1.83206414157077
28,1971,6,1.88657285412614
28,1972,6,1.94871205851858
28,1973,6,1.80645731826769
28,1974,6,1.6905022813289
28,1975,6,1.46984530980702
28,1976,6,1.2549609826652
28,1977,6,1.20341195331458
28,1978,6,1.21688211829025
28,1979,6,1.33064392634906
28,1980,6,1.41065180004869
28,1981,6,1.36088406972224
28,1982,6,1.4513217754579
28,1983,6,1.43733565258231
28,1984,6,1.40098912213375
28,1985,6,1.46078162906707
28,1986,6,1.54744868473434
28,1987,6,1.16955448390343
28,1988,6,0.965841068270152
28,1989,6,0.834624221723755
28,1990,6,0.910594240903638
28,1991,6,0.793587596472165
28,1992,6,0.834740942630553
28,1993,6,1.06069646917506
28,1994,6,1.20621216963329
28,1995,6,1.56036300896175
28,1996,6,1.27676982322198
28,1997,6,0.79170522067927
28,1998,6,1.08912832059122
28,1999,6,1.00729758119415
28,2000,6,1.23145351228567
28,2001,6,2.0663509947712
28,2002,6,2.0525334260286
28,2003,6,1.55449269847111
28,2004,6,1.20743848502457
28,2005,6,1.66782597773021
28,2006,6,1.72312701019336
28,2007,6,1.6777346130261
28,2008,6,1.79277525220712
28,2009,6,1.62147609890071
28,2010,6,1.45576539593664
28,2011,6,1.88437638385014
28,2012,6,1.63005395312566
28,2013,6,1.20067889698534
28,2014,6,1.16698025598771
28,2015,6,1.08835399220863
28,2016,6,1.06877721561943
28,2017,6,1.62768083463196
28,2018,6,1.71161895372676
28,2019,6,1.7657217196461
28,2020,6,1.58517268183465
28,2021,6,0.978842805810158
28,2022,6,1.12540050997959
28,2023,6,1.52709002801208
28,2024,6,1.52355025762325
28,1964,7,0.594625625641727
28,1965,7,0.577984765921069
28,1966,7,0.611292076801084
28,1967,7,0.65556102839159
28,1968,7,0.727943814820065
28,1969,7,0.785704629821483
28,1970,7,0.915242625558837
28,1971,7,0.982570288093712
28,1972,7,1.0242142241174
28,1973,7,1.09108435126156
28,1974,7,1.06672786779841
28,1975,7,1.04666214833683
28,1976,7,1.08543049400407
28,1977,7,1.17147608832741
28,1978,7,1.44731437841806
28,1979,7,1.6580808258636
28,1980,7,1.52383005196416
28,1981,7,1.3475034672271
28,1982,7,1.25008363092915
28,1983,7,1.11586893573226
28,1984,7,1.08176383213788
28,1985,7,1.23667168341785
28,1986,7,1.12259790253551
28,1987,7,1.11811908646618
28,1988,7,1.15297460442838
28,1989,7,1.63651249204946
28,1990,7,1.39904162413936
28,1991,7,1.2286476647807
28,1992,7,1.11876237274568
28,1993,7,1.47280612041245
28,1994,7,1.32747952042437
28,1995,7,1.50986995001562
28,1996,7,1.57116714935202
28,1997,7,1.15375870716732
28,1998,7,1.11564665097054
28,1999,7,1.36863387906962
28,2000,7,1.50467263688967
28,2001,7,1.96190378810888
28,2002,7,1.92238388462262
28,2003,7,1.84732602180574
28,2004,7,2.38592311868429
28,2005,7,1.68268780972084
28,2006,7,1.6667828382473
28,2007,7,1.58510047544987
28,2008,7,1.41411525813076
28,2009,7,1.62593187185838
28,2010,7,1.63658381625877
28,2011,7,1.82928638545906
28,2012,7,1.70771990170984
28,2013,7,1.45342581994959
28,2014,7,1.75049915125318
28,2015,7,1.24905139741838
28,2016,7,1.1886463636687
28,2017,7,1.4870907817586
28,2018,7,1.74430706998929
28,2019,7,2.42833054686919
28,2020,7,1.91487032468765
28,2021,7,1.62003252396604
28,2022,7,1.43369485925844
28,2023,7,1.37458245245769
28,2024,7,1.35167485382364
28,1964,8,1.35722796760962
28,1965,8,1.32527040668073
28,1966,8,1.39712025232686
28,1967,8,1.49554788139819
28,1968,8,1.70175714672312
28,1969,8,1.73312063304127
28,1970,8,2.00243260418205
28,1971,8,1.97577301556813
28,1972,8,1.78748848259593
28,1973,8,1.74694695284608
28,1974,8,1.65346873319707
28,1975,8,1.57649412965543
28,1976,8,1.6899304859952
28,1977,8,1.72316838450337
28,1978,8,1.96568209492215
28,1979,8,1.89198795814228
28,1980,8,1.76606503715098
28,1981,8,1.62802413157939
28,1982,8,1.47656882838683
28,1983,8,1.32843553110029
28,1984,8,1.26672179412772
28,1985,8,1.19065003325659
28,1986,8,1.21711765833319
28,1987,8,1.30079604143622
28,1988,8,1.29766056546222
28,1989,8,1.26543130826823
28,1990,8,1.5635048321191
28,1991,8,1.64990199762137
28,1992,8,1.49133680138013
28,1993,8,1.09384013123956
28,1994,8,1.13886617736493
28,1995,8,1.38444912420425
28,1996,8,2.06849164688644
28,1997,8,1.91942419910351
28,1998,8,2.03005903695668
28,1999,8,1.74937529477933
28,2000,8,1.6554238784156
28,2001,8,1.82679992344659
28,2002,8,1.68790112104969
28,2003,8,2.17172895795802
28,2004,8,1.98520912502143
28,2005,8,1.66818046400927
28,2006,8,1.77779927438793
28,2007,8,1.53752176368884
28,2008,8,1.53464963744361
28,2009,8,1.62017446354735
28,2010,8,1.44272649230362
28,2011,8,2.09083553246898
28,2012,8,1.94129830801254
28,2013,8,1.48750858030705
28,2014,8,1.42700869592112
28,2015,8,1.26542971389885
28,2016,8,1.3877458865945
28,2017,8,1.40017072843095
28,2018,8,1.79667859125291
28,2019,8,2.1330384038058
28,2020,8,1.58876803436077
28,2021,8,1.83612135865287
28,2022,8,1.86377706180478
28,2023,8,1.78454646360289
28,2024,8,1.71310911466127
29,1964,3,0.774668717860674
29,1965,3,0.82367809324075
29,1966,3,0.844570452457321
29,1967,3,0.889391729236939
29,1968,3,0.717282065228782
29,1969,3,0.817469966849178
29,1970,3,1.07799316738676
29,1971,3,1.13614191690416
29,1972,3,1.2517893451649
29,1973,3,1.29467427281427
29,1974,3,1.13312780266999
29,1975,3,1.22195644931074
29,1976,3,1.19446678807096
29,1977,3,0.91595160185813
29,1978,3,0.939537357195666
29,1979,3,0.607018464032011
29,1980,3,0.476567564684142
29,1981,3,0.350234287241135
29,1982,3,0.29172174027426
29,1983,3,0.238389936262963
29,1984,3,0.227415127663009
29,1985,3,0.227713804659109
29,1986,3,0.244684895517923
29,1987,3,0.307143696028841
29,1988,3,0.317245412601334
29,1989,3,0.268784094191721
29,1990,3,0.245961449329651
29,1991,3,0.170212251434572
29,1992,3,0.194075872387377
29,1993,3,0.169528562589152
29,1994,3,0.088152834393048
29,1995,3,0.0683441934226549
29,1996,3,0.076400996096692
29,1997,3,0.0795556295277023
29,1998,3,0.106289539637728
29,1999,3,0.238904138775859
29,2000,3,0.16569781189883
29,2001,3,0.103872663833561
29,2002,3,0.11985896805331
29,2003,3,0.195974682869999
29,2004,3,0.100182021373835
29,2005,3,0.118441685050282
29,2006,3,0.172018287877707
29,2007,3,0.174129317296
29,2008,3,0.108495686975719
29,2009,3,0.115068367646295
29,2010,3,0.0592340300791954
29,2011,3,0.0553553041000511
29,2012,3,0.0569498601637207
29,2013,3,0.0855223496933289
29,2014,3,0.073175355446889
29,2015,3,0.176935448220426
29,2016,3,0.0457198332018126
29,2017,3,0.0292601989600397
29,2018,3,0.0389214628511812
29,2019,3,0.0543285502635001
29,2020,3,0.128323706763752
29,2021,3,0.328054674580537
29,2022,3,0.264267340673568
29,2023,3,0.164617197113374
29,2024,3,0.164652265713966
29,1964,4,1.35742844282595
29,1965,4,1.44002004839195
29,1966,4,1.18141885010159
29,1967,4,1.05092778024647
29,1968,4,0.835879692575226
29,1969,4,0.88706676784239
29,1970,4,0.981512738794516
29,1971,4,0.912869699600507
29,1972,4,0.726777660006033
29,1973,4,0.779215479353525
29,1974,4,0.837626328688159
29,1975,4,0.896379744798283
29,1976,4,1.07192975166204
29,1977,4,1.1062202837231
29,1978,4,1.00963692767897
29,1979,4,1.01693794164998
29,1980,4,0.978659142019349
29,1981,4,0.84477676241044
29,1982,4,0.630882863735775
29,1983,4,0.51445638136661
29,1984,4,0.379627105945277
29,1985,4,0.442347919462355
29,1986,4,0.485451758418875
29,1987,4,0.502167922292661
29,1988,4,0.562184463882644
29,1989,4,0.593013675510619
29,1990,4,0.760033985282421
29,1991,4,0.500986373569352
29,1992,4,0.398559943775201
29,1993,4,0.570297000278016
29,1994,4,0.349971713079498
29,1995,4,0.252194216361033
29,1996,4,0.135660605777663
29,1997,4,0.181781743780009
29,1998,4,0.293702540765161
29,1999,4,0.472622483352272
29,2000,4,0.593528924294922
29,2001,4,0.472111821920398
29,2002,4,0.462713234101714
29,2003,4,0.43391072905462
29,2004,4,0.749161257997647
29,2005,4,0.612886110932171
29,2006,4,0.605399697018413
29,2007,4,0.546663064638225
29,2008,4,0.587854661118458
29,2009,4,0.419184401114152
29,2010,4,0.44177107135107
29,2011,4,0.260604825782742
29,2012,4,0.342701857341652
29,2013,4,0.350802280505472
29,2014,4,0.297921914078588
29,2015,4,0.419005803747267
29,2016,4,0.886999962161814
29,2017,4,0.363316227172089
29,2018,4,0.203099105791397
29,2019,4,0.157704162009638
29,2020,4,0.223150509983897
29,2021,4,0.267552017348399
29,2022,4,0.653907021374336
29,2023,4,0.482207924166392
29,2024,4,0.47484351046328
29,1964,5,4.7217915090555
29,1965,5,4.66595591624717
29,1966,5,3.97119001164353
29,1967,5,3.64583845840282
29,1968,5,3.65182029635039
29,1969,5,3.71394394753899
29,1970,5,3.15494084276946
29,1971,5,2.51147152318875
29,1972,5,1.86922026847473
29,1973,5,1.51189165726833
29,1974,5,1.3468542935765
29,1975,5,1.2390476801522
29,1976,5,1.1795758470077
29,1977,5,1.26118951545784
29,1978,5,1.31113248976245
29,1979,5,1.24646826751866
29,1980,5,1.49672443056376
29,1981,5,1.88819305009964
29,1982,5,1.84391619046851
29,1983,5,1.35208827337788
29,1984,5,1.17516615604159
29,1985,5,1.13810602978092
29,1986,5,1.14231242518155
29,1987,5,0.955655602275561
29,1988,5,1.13784274007715
29,1989,5,1.27208852936605
29,1990,5,1.38501817365218
29,1991,5,0.976918327212481
29,1992,5,0.761279213425765
29,1993,5,0.669704498587582
29,1994,5,1.23307382409277
29,1995,5,0.978148322969719
29,1996,5,0.488370469706652
29,1997,5,0.444711804983755
29,1998,5,0.485743095084953
29,1999,5,0.633000357394264
29,2000,5,0.932344941203504
29,2001,5,1.11536622848866
29,2002,5,1.00784797842924
29,2003,5,0.78163166871192
29,2004,5,0.983098256793683
29,2005,5,1.56651476635136
29,2006,5,1.20734771272878
29,2007,5,1.12501882836298
29,2008,5,1.00979597327443
29,2009,5,0.661270195817853
29,2010,5,0.691215045521291
29,2011,5,1.1374577291257
29,2012,5,0.444906435412126
29,2013,5,0.69199318333663
29,2014,5,0.637738105446168
29,2015,5,0.58323249186518
29,2016,5,0.497303578825549
29,2017,5,1.11514146484142
29,2018,5,1.39755149065248
29,2019,5,0.419578511597646
29,2020,5,0.552430953941912
29,2021,5,0.625547368793986
29,2022,5,0.905738216778291
29,2023,5,1.19171949162143
29,2024,5,1.13031214427062
29,1964,6,2.57527016615516
29,1965,6,2.38215225658935
29,1966,6,2.48974381790285
29,1967,6,2.54511833030271
29,1968,6,2.82295456072952
29,1969,6,2.52383205903783
29,1970,6,2.32311464700513
29,1971,6,2.24791424319138
29,1972,6,2.25303088001436
29,1973,6,2.10467268634188
29,1974,6,2.02442970932664
29,1975,6,1.83440451938831
29,1976,6,1.5332775671184
29,1977,6,1.35117727904371
29,1978,6,1.14315755267521
29,1979,6,1.07637722166733
29,1980,6,1.21150755336287
29,1981,6,1.27741178496887
29,1982,6,1.28507838250607
29,1983,6,1.61561534167153
29,1984,6,1.68003085503871
29,1985,6,1.64561850784869
29,1986,6,1.51951711798341
29,1987,6,1.31958770779193
29,1988,6,1.14002176560168
29,1989,6,1.21392296547672
29,1990,6,1.13970335727124
29,1991,6,1.07151872592552
29,1992,6,1.29141617639891
29,1993,6,1.13957956519955
29,1994,6,1.45212261868704
29,1995,6,2.06268890896024
29,1996,6,1.60590535157318
29,1997,6,1.03453876865635
29,1998,6,1.05549496109955
29,1999,6,0.9372050105072
29,2000,6,1.05324376496141
29,2001,6,1.34803462331348
29,2002,6,1.51316056103827
29,2003,6,1.23107606043617
29,2004,6,1.26229379957445
29,2005,6,1.84476597243272
29,2006,6,1.72588836392419
29,2007,6,2.01819772729501
29,2008,6,1.47264211826416
29,2009,6,1.48863796144426
29,2010,6,1.28732084433176
29,2011,6,1.26630750067193
29,2012,6,1.19412127567023
29,2013,6,0.798446704057919
29,2014,6,1.02518992786685
29,2015,6,0.913859981546628
29,2016,6,0.858828511249172
29,2017,6,1.35698797911414
29,2018,6,1.71265571182248
29,2019,6,1.85028023445292
29,2020,6,1.38857565597436
29,2021,6,1.09171128540251
29,2022,6,0.881468114023701
29,2023,6,0.730974781277244
29,2024,6,0.777430508472719
29,1964,7,0.945646770034305
29,1965,7,0.945917368062094
29,1966,7,1.10170249088574
29,1967,7,1.16795428902777
29,1968,7,1.22660756758773
29,1969,7,1.11086983034357
29,1970,7,1.05311933796946
29,1971,7,1.07592166767559
29,1972,7,1.10576282311202
29,1973,7,1.10620842947418
29,1974,7,1.10945044435456
29,1975,7,1.07329501305107
29,1976,7,1.05388459465353
29,1977,7,1.05207682639619
29,1978,7,0.913737862503773
29,1979,7,0.930489845937895
29,1980,7,0.842675798633737
29,1981,7,0.729634033730627
29,1982,7,0.75616794629379
29,1983,7,0.855857246593542
29,1984,7,1.0602687550281
29,1985,7,1.22470794310555
29,1986,7,1.39787869410895
29,1987,7,1.61090822248697
29,1988,7,1.61261632152208
29,1989,7,1.73298235705221
29,1990,7,1.55305617134746
29,1991,7,1.53910107901674
29,1992,7,1.80727971347129
29,1993,7,1.93135806261494
29,1994,7,1.80327479317003
29,1995,7,1.90371653732418
29,1996,7,2.02636676569101
29,1997,7,1.67454428688554
29,1998,7,1.19068059773188
29,1999,7,1.40118235824251
29,2000,7,1.32444835791138
29,2001,7,1.5486569709571
29,2002,7,1.96664941268463
29,2003,7,1.82403594996058
29,2004,7,1.65347745387885
29,2005,7,1.51860907317115
29,2006,7,1.97876485655687
29,2007,7,1.8853667906766
29,2008,7,1.76311677633123
29,2009,7,1.18341100305943
29,2010,7,1.15060770463854
29,2011,7,1.16720127254707
29,2012,7,1.30926233445074
29,2013,7,1.07240748840537
29,2014,7,1.25640142762941
29,2015,7,1.15628051248491
29,2016,7,1.300660667139
29,2017,7,1.29822956133233
29,2018,7,1.7336421219043
29,2019,7,2.30740486940231
29,2020,7,1.93063659716915
29,2021,7,1.95790415656253
29,2022,7,1.7739987844422
29,2023,7,1.57709391157568
29,2024,7,1.57126468354434
29,1964,8,1.57942917320963
29,1965,8,1.55091742690132
29,1966,8,1.76619689794625
29,1967,8,1.74705206226866
29,1968,8,1.67651572960397
29,1969,8,1.5371943115986
29,1970,8,1.48672898373055
29,1971,8,1.58359124733723
29,1972,8,1.68109303870827
29,1973,8,1.70594434586978
29,1974,8,1.78155445579387
29,1975,8,1.79734076004034
29,1976,8,1.84426699044751
29,1977,8,2.00472397447071
29,1978,8,2.12167919542863
29,1979,8,2.36911603211008
29,1980,8,2.06517700865803
29,1981,8,1.71573316123366
29,1982,8,1.63960368551655
29,1983,8,1.6219710846053
29,1984,8,1.67599027617692
29,1985,8,1.38056108376198
29,1986,8,1.22613866954344
29,1987,8,1.1965992146623
29,1988,8,1.06777828852431
29,1989,8,1.04704065090877
29,1990,8,1.01821582668552
29,1991,8,1.41960238043984
29,1992,8,1.82051627862851
29,1993,8,1.21695203049532
29,1994,8,1.31156278617011
29,1995,8,1.49588322759362
29,1996,8,2.0657832587203
29,1997,8,1.89576213321421
29,1998,8,1.57342988629577
29,1999,8,1.34832490920305
29,2000,8,1.74963661977057
29,2001,8,1.902486428092
29,2002,8,1.71535675339459
29,2003,8,2.29070032491099
29,2004,8,1.92534135446433
29,2005,8,1.76102124749424
29,2006,8,1.98559076266089
29,2007,8,1.81773464909228
29,2008,8,1.4151814471198
29,2009,8,1.21250836677144
29,2010,8,1.37370884118979
29,2011,8,1.30936383965747
29,2012,8,1.51106811167872
29,2013,8,1.35899165359432
29,2014,8,1.30162025155682
29,2015,8,0.989311811967169
29,2016,8,1.42544247368198
29,2017,8,1.52752526495304
29,2018,8,1.5837454572378
29,2019,8,1.87761649304159
29,2020,8,1.52019260077312
29,2021,8,1.92843201037699
29,2022,8,1.95184390228198
29,2023,8,1.66383127974334
29,2024,8,1.73862477276664
30,1964,3,0.668265051710817
30,1965,3,0.692523541853298
30,1966,3,0.609471756659869
30,1967,3,0.612918592273139
30,1968,3,0.586794972812904
30,1969,3,0.612500441101476
30,1970,3,0.655370194584363
30,1971,3,0.57973402714655
30,1972,3,0.710840836231609
30,1973,3,0.825455130311611
30,1974,3,0.834163221326284
30,1975,3,0.853387251910114
30,1976,3,0.886347572170814
30,1977,3,0.725204565156668
30,1978,3,0.761104079378471
30,1979,3,0.567235490883625
30,1980,3,0.447783168390342
30,1981,3,0.399102952504873
30,1982,3,0.374150344660668
30,1983,3,0.317382030211284
30,1984,3,0.29144388464953
30,1985,3,0.260751547251245
30,1986,3,0.226723226302624
30,1987,3,0.226426549779068
30,1988,3,0.181422667347079
30,1989,3,0.173803814068304
30,1990,3,0.172776439073166
30,1991,3,0.146365108839025
30,1992,3,0.184919852507725
30,1993,3,0.212867283151996
30,1994,3,0.0899646160968822
30,1995,3,0.0615640617567864
30,1996,3,0.0881126000204669
30,1997,3,0.11954187948789
30,1998,3,0.167794113318529
30,1999,3,0.263599837750136
30,2000,3,0.19871299340146
30,2001,3,0.121552930292389
30,2002,3,0.12614841691629
30,2003,3,0.213255501146837
30,2004,3,0.134182626596182
30,2005,3,0.135894740674343
30,2006,3,0.169459661594141
30,2007,3,0.169908136140459
30,2008,3,0.133238616107688
30,2009,3,0.0965432521082801
30,2010,3,0.0476331897159744
30,2011,3,0.0525449576274751
30,2012,3,0.0765128621243725
30,2013,3,0.0780135816731116
30,2014,3,0.0904238334261101
30,2015,3,0.201799294094545
30,2016,3,0.0489539334667567
30,2017,3,0.0326644050992581
30,2018,3,0.0426464693659241
30,2019,3,0.0523431717668966
30,2020,3,0.109886651342886
30,2021,3,0.3198920313449
30,2022,3,0.262572811701185
30,2023,3,0.223521025581604
30,2024,3,0.226944030556916
30,1964,4,3.04590801048796
30,1965,4,2.85745044554132
30,1966,4,2.95852064809165
30,1967,4,3.01454190842967
30,1968,4,2.28817858143281
30,1969,4,1.88974343940012
30,1970,4,1.65871327089829
30,1971,4,1.6503917375128
30,1972,4,1.70021313373563
30,1973,4,1.4523167995797
30,1974,4,1.6118349584555
30,1975,4,1.58045846323613
30,1976,4,1.23652072465512
30,1977,4,1.45266252627151
30,1978,4,1.31879269586466
30,1979,4,1.19535609490375
30,1980,4,1.03800084483986
30,1981,4,0.975811827863632
30,1982,4,0.827464570029073
30,1983,4,0.500310475296624
30,1984,4,0.427777511405607
30,1985,4,0.397364280149483
30,1986,4,0.414795374618368
30,1987,4,0.311261870353446
30,1988,4,0.281596603885189
30,1989,4,0.3311643794098
30,1990,4,0.426135560742429
30,1991,4,0.472299128887777
30,1992,4,0.358063384174552
30,1993,4,0.691427277993304
30,1994,4,0.465073879665668
30,1995,4,0.240849653276332
30,1996,4,0.144720726030756
30,1997,4,0.167945100843647
30,1998,4,0.230156826327491
30,1999,4,0.456830089122715
30,2000,4,0.698746154256074
30,2001,4,0.512174890728425
30,2002,4,0.39375812049976
30,2003,4,0.409660936081295
30,2004,4,0.813762817254574
30,2005,4,0.693589486534491
30,2006,4,0.557827381199026
30,2007,4,0.656148044087561
30,2008,4,0.44520455681842
30,2009,4,0.502708999656055
30,2010,4,0.572046873793853
30,2011,4,0.257074224827838
30,2012,4,0.423056666062427
30,2013,4,0.39910991902022
30,2014,4,0.365469097386616
30,2015,4,0.475167801700822
30,2016,4,1.00526621072244
30,2017,4,0.375443031087819
30,2018,4,0.280731638303008
30,2019,4,0.153259870591939
30,2020,4,0.300011577073394
30,2021,4,0.28526954519361
30,2022,4,0.565554885028013
30,2023,4,0.601342566422724
30,2024,4,0.6149831130264
30,1964,5,1.53984628263544
30,1965,5,1.72306286492387
30,1966,5,1.862037810085
30,1967,5,1.81651977144213
30,1968,5,1.7179379404439
30,1969,5,1.73707758082647
30,1970,5,1.56592436148031
30,1971,5,1.43990035567558
30,1972,5,1.21120019941911
30,1973,5,1.21940175268003
30,1974,5,1.1689682898558
30,1975,5,1.15903027601085
30,1976,5,1.09487697732394
30,1977,5,1.15396782403077
30,1978,5,1.07597661313164
30,1979,5,1.16154436373811
30,1980,5,1.22265355647535
30,1981,5,1.317482135406
30,1982,5,1.2812484192713
30,1983,5,1.45486957625986
30,1984,5,1.50604864911524
30,1985,5,0.970335760572783
30,1986,5,0.819364871775069
30,1987,5,1.06430913808307
30,1988,5,1.02250844933898
30,1989,5,0.861924054710134
30,1990,5,0.913479360753744
30,1991,5,0.788973314242464
30,1992,5,0.546426828178937
30,1993,5,0.68950288303922
30,1994,5,1.6285761283218
30,1995,5,0.88865904397387
30,1996,5,0.700291012850857
30,1997,5,0.557466773200187
30,1998,5,0.729509713626846
30,1999,5,0.745119616635926
30,2000,5,1.04175973845434
30,2001,5,1.16071233402377
30,2002,5,0.954031625222528
30,2003,5,0.930922493492748
30,2004,5,1.05389611445557
30,2005,5,1.5050369369266
30,2006,5,1.15158700910242
30,2007,5,1.02854809979921
30,2008,5,1.04459655665588
30,2009,5,0.871156891748327
30,2010,5,0.912580634511044
30,2011,5,1.25074741392883
30,2012,5,0.55473962817958
30,2013,5,0.895710371468147
30,2014,5,0.842581557214159
30,2015,5,0.744719806835205
30,2016,5,0.817548238377027
30,2017,5,1.46957672712643
30,2018,5,1.38284638443741
30,2019,5,0.472193586925902
30,2020,5,0.513646182238061
30,2021,5,0.475680249829203
30,2022,5,0.648533769126879
30,2023,5,1.18332975568353
30,2024,5,1.14391972890741
30,1964,6,1.91798609347699
30,1965,6,1.88546491743054
30,1966,6,1.78858485578096
30,1967,6,1.74690793257239
30,1968,6,1.94529155531221
30,1969,6,2.15599217411959
30,1970,6,2.40403909265856
30,1971,6,2.50802539335984
30,1972,6,2.67408708931276
30,1973,6,2.79416401376329
30,1974,6,2.61521888797179
30,1975,6,2.46427876771367
30,1976,6,2.54628049936828
30,1977,6,2.567728068173
30,1978,6,2.38098258822824
30,1979,6,2.20150163242711
30,1980,6,2.28884955181248
30,1981,6,2.00342531794083
30,1982,6,1.88179049002573
30,1983,6,1.67534977292156
30,1984,6,1.4757956060584
30,1985,6,1.34336477844315
30,1986,6,1.23733359644088
30,1987,6,1.253146713683
30,1988,6,1.18281738209003
30,1989,6,1.06675563024807
30,1990,6,1.16915680041255
30,1991,6,1.17027094591145
30,1992,6,1.54166001331806
30,1993,6,1.16937481569449
30,1994,6,1.51806620821511
30,1995,6,1.887734175584
30,1996,6,1.63594423881956
30,1997,6,1.25453098478043
30,1998,6,1.34018539942283
30,1999,6,1.44866448200061
30,2000,6,1.3468125133476
30,2001,6,1.43731259300267
30,2002,6,1.8056776444062
30,2003,6,1.65344762328134
30,2004,6,1.61014030302519
30,2005,6,1.9098342374012
30,2006,6,1.79464317945584
30,2007,6,2.21478974649195
30,2008,6,1.55164185157142
30,2009,6,1.25778666237234
30,2010,6,1.17365789977786
30,2011,6,1.39119486769071
30,2012,6,1.39937887178171
30,2013,6,1.05479567848548
30,2014,6,1.37059335396561
30,2015,6,1.10813210484271
30,2016,6,0.994472941632789
30,2017,6,1.32437132718223
30,2018,6,1.3946563944977
30,2019,6,1.81897130432928
30,2020,6,1.54936572340226
30,2021,6,1.03199177291965
30,2022,6,1.01881208441937
30,2023,6,1.20849725677185
30,2024,6,1.21926806309284
30,1964,7,2.07474263144636
30,1965,7,2.14613866460968
30,1966,7,2.18846357917294
30,1967,7,2.11735305821165
30,1968,7,2.29561253881918
30,1969,7,2.14224040872119
30,1970,7,1.98644640422085
30,1971,7,1.86282709585461
30,1972,7,1.71584561172863
30,1973,7,1.69379772154239
30,1974,7,1.66032458059377
30,1975,7,1.73346025103684
30,1976,7,1.87049257073842
30,1977,7,1.77907486138892
30,1978,7,1.74740508644647
30,1979,7,1.75081848332802
30,1980,7,1.77446952537957
30,1981,7,1.68933423004004
30,1982,7,1.50618765058199
30,1983,7,1.41349131075501
30,1984,7,1.15443944986367
30,1985,7,1.10809002548488
30,1986,7,1.13118467783826
30,1987,7,1.01303091478411
30,1988,7,1.16043072580808
30,1989,7,1.29532812762263
30,1990,7,1.40625834993345
30,1991,7,1.38643384976279
30,1992,7,1.51462194048613
30,1993,7,1.57258749978081
30,1994,7,1.83038230344209
30,1995,7,2.39723328909682
30,1996,7,2.31289531789283
30,1997,7,1.95978397408026
30,1998,7,1.67453094193843
30,1999,7,1.42614438189141
30,2000,7,1.41406678169508
30,2001,7,2.20528246453475
30,2002,7,1.7583344206547
30,2003,7,1.96355971972034
30,2004,7,1.78327322588248
30,2005,7,1.64057562009913
30,2006,7,1.80888932525342
30,2007,7,1.91568604311788
30,2008,7,1.83608521696864
30,2009,7,1.39079426599292
30,2010,7,1.43498478278909
30,2011,7,1.44470684360002
30,2012,7,1.78656447080111
30,2013,7,1.53623557761663
30,2014,7,1.65194391178347
30,2015,7,1.7340753773511
30,2016,7,1.35194537635801
30,2017,7,1.46727088592179
30,2018,7,1.74099143259948
30,2019,7,2.51072693505862
30,2020,7,1.66483784272857
30,2021,7,1.83244818541483
30,2022,7,1.37564184200217
30,2023,7,0.963866570678746
30,2024,7,0.971465942550938
30,1964,8,1.14890398731324
30,1965,8,1.15745185310912
30,1966,8,1.0672698341204
30,1967,8,1.04792174708486
30,1968,8,1.11523730900871
30,1969,8,1.12027850324994
30,1970,8,1.10902178086604
30,1971,8,1.10334366507179
30,1972,8,1.06456321343067
30,1973,8,1.03759858157337
30,1974,8,1.06212825564439
30,1975,8,1.12996092615276
30,1976,8,1.2302776165777
30,1977,8,1.27282727045786
30,1978,8,1.38848616296133
30,1979,8,1.52907616188003
30,1980,8,1.6479973723214
30,1981,8,1.66150540611625
30,1982,8,1.68634845523468
30,1983,8,1.74634424745001
30,1984,8,1.82640112959709
30,1985,8,2.05444962463406
30,1986,8,1.79703981320663
30,1987,8,1.38542894277596
30,1988,8,1.27957083947274
30,1989,8,1.03789409771893
30,1990,8,0.808249310559044
30,1991,8,0.900161082410045
30,1992,8,1.28273251123958
30,1993,8,1.71493209260776
30,1994,8,1.65932229393446
30,1995,8,1.66337852060762
30,1996,8,1.69883927804451
30,1997,8,1.94031975069842
30,1998,8,2.00781125804117
30,1999,8,1.82563616048363
30,2000,8,1.5529721307549
30,2001,8,1.85517176122921
30,2002,8,1.72229516583815
30,2003,8,1.77069221791695
30,2004,8,2.02701873739055
30,2005,8,1.71517517658329
30,2006,8,1.6223221142838
30,2007,8,1.51536488409525
30,2008,8,1.53432067165607
30,2009,8,1.52697190787365
30,2010,8,1.43799696580242
30,2011,8,1.27067974499038
30,2012,8,1.54010482556403
30,2013,8,1.9388491537663
30,2014,8,1.74703001949065
30,2015,8,1.56225229473793
30,2016,8,1.6230453071584
30,2017,8,1.70211840019419
30,2018,8,1.73857447514544
30,2019,8,1.80892012429449
30,2020,8,1.55551530467722
30,2021,8,1.87435847724052
30,2022,8,1.53933370889576
30,2023,8,1.5062651311865
30,2024,8,1.49298459559802
